--
-- PostgreSQL database dump
--

-- Dumped from database version 17.5
-- Dumped by pg_dump version 17.5 (Debian 17.5-1.pgdg120+1)

SET statement_timeout = 0;
SET lock_timeout = 0;
SET idle_in_transaction_session_timeout = 0;
SET transaction_timeout = 0;
SET client_encoding = 'UTF8';
SET standard_conforming_strings = on;
SELECT pg_catalog.set_config('search_path', '', false);
SET check_function_bodies = false;
SET xmloption = content;
SET client_min_messages = warning;
SET row_security = off;

ALTER TABLE IF EXISTS ONLY "public"."users_sessions" DROP CONSTRAINT IF EXISTS "users_sessions_parent_id_fk";
ALTER TABLE IF EXISTS ONLY "public"."users_locales" DROP CONSTRAINT IF EXISTS "users_locales_parent_id_fk";
ALTER TABLE IF EXISTS ONLY "public"."users" DROP CONSTRAINT IF EXISTS "users_avatar_id_media_id_fk";
ALTER TABLE IF EXISTS ONLY "public"."testimonialsBlock" DROP CONSTRAINT IF EXISTS "testimonialsBlock_parent_id_fk";
ALTER TABLE IF EXISTS ONLY "public"."testimonialsBlock_locales" DROP CONSTRAINT IF EXISTS "testimonialsBlock_locales_parent_id_fk";
ALTER TABLE IF EXISTS ONLY "public"."testimonialsBlock_block_header_links" DROP CONSTRAINT IF EXISTS "testimonialsBlock_block_header_links_parent_id_fk";
ALTER TABLE IF EXISTS ONLY "public"."testimonialsBlock_block_header_links_locales" DROP CONSTRAINT IF EXISTS "testimonialsBlock_block_header_links_locales_parent_id_fk";
ALTER TABLE IF EXISTS ONLY "public"."teamBlock_team" DROP CONSTRAINT IF EXISTS "teamBlock_team_parent_id_fk";
ALTER TABLE IF EXISTS ONLY "public"."teamBlock_team_locales" DROP CONSTRAINT IF EXISTS "teamBlock_team_locales_parent_id_fk";
ALTER TABLE IF EXISTS ONLY "public"."teamBlock_team" DROP CONSTRAINT IF EXISTS "teamBlock_team_image_id_media_id_fk";
ALTER TABLE IF EXISTS ONLY "public"."teamBlock" DROP CONSTRAINT IF EXISTS "teamBlock_parent_id_fk";
ALTER TABLE IF EXISTS ONLY "public"."teamBlock_locales" DROP CONSTRAINT IF EXISTS "teamBlock_locales_parent_id_fk";
ALTER TABLE IF EXISTS ONLY "public"."teamBlock_block_header_links" DROP CONSTRAINT IF EXISTS "teamBlock_block_header_links_parent_id_fk";
ALTER TABLE IF EXISTS ONLY "public"."teamBlock_block_header_links_locales" DROP CONSTRAINT IF EXISTS "teamBlock_block_header_links_locales_parent_id_fk";
ALTER TABLE IF EXISTS ONLY "public"."settings_rels" DROP CONSTRAINT IF EXISTS "settings_rels_parent_fk";
ALTER TABLE IF EXISTS ONLY "public"."settings_rels" DROP CONSTRAINT IF EXISTS "settings_rels_pages_fk";
ALTER TABLE IF EXISTS ONLY "public"."settings_rels" DROP CONSTRAINT IF EXISTS "settings_rels_blog_posts_fk";
ALTER TABLE IF EXISTS ONLY "public"."settings_locales" DROP CONSTRAINT IF EXISTS "settings_locales_parent_id_fk";
ALTER TABLE IF EXISTS ONLY "public"."settings_locales" DROP CONSTRAINT IF EXISTS "settings_locales_meta_image_id_media_id_fk";
ALTER TABLE IF EXISTS ONLY "public"."search_rels" DROP CONSTRAINT IF EXISTS "search_rels_parent_fk";
ALTER TABLE IF EXISTS ONLY "public"."search_rels" DROP CONSTRAINT IF EXISTS "search_rels_blog_posts_fk";
ALTER TABLE IF EXISTS ONLY "public"."search" DROP CONSTRAINT IF EXISTS "search_meta_image_id_media_id_fk";
ALTER TABLE IF EXISTS ONLY "public"."search_locales" DROP CONSTRAINT IF EXISTS "search_locales_parent_id_fk";
ALTER TABLE IF EXISTS ONLY "public"."search_categories" DROP CONSTRAINT IF EXISTS "search_categories_parent_id_fk";
ALTER TABLE IF EXISTS ONLY "public"."richTextBlock" DROP CONSTRAINT IF EXISTS "richTextBlock_parent_id_fk";
ALTER TABLE IF EXISTS ONLY "public"."richTextBlock_locales" DROP CONSTRAINT IF EXISTS "richTextBlock_locales_parent_id_fk";
ALTER TABLE IF EXISTS ONLY "public"."richTextBlock_block_header_links" DROP CONSTRAINT IF EXISTS "richTextBlock_block_header_links_parent_id_fk";
ALTER TABLE IF EXISTS ONLY "public"."richTextBlock_block_header_links_locales" DROP CONSTRAINT IF EXISTS "richTextBlock_block_header_links_locales_parent_id_fk";
ALTER TABLE IF EXISTS ONLY "public"."redirects_rels" DROP CONSTRAINT IF EXISTS "redirects_rels_parent_fk";
ALTER TABLE IF EXISTS ONLY "public"."redirects_rels" DROP CONSTRAINT IF EXISTS "redirects_rels_pages_fk";
ALTER TABLE IF EXISTS ONLY "public"."redirects_rels" DROP CONSTRAINT IF EXISTS "redirects_rels_blog_posts_fk";
ALTER TABLE IF EXISTS ONLY "public"."payload_preferences_rels" DROP CONSTRAINT IF EXISTS "payload_preferences_rels_users_fk";
ALTER TABLE IF EXISTS ONLY "public"."payload_preferences_rels" DROP CONSTRAINT IF EXISTS "payload_preferences_rels_parent_fk";
ALTER TABLE IF EXISTS ONLY "public"."payload_locked_documents_rels" DROP CONSTRAINT IF EXISTS "payload_locked_documents_rels_users_fk";
ALTER TABLE IF EXISTS ONLY "public"."payload_locked_documents_rels" DROP CONSTRAINT IF EXISTS "payload_locked_documents_rels_search_fk";
ALTER TABLE IF EXISTS ONLY "public"."payload_locked_documents_rels" DROP CONSTRAINT IF EXISTS "payload_locked_documents_rels_redirects_fk";
ALTER TABLE IF EXISTS ONLY "public"."payload_locked_documents_rels" DROP CONSTRAINT IF EXISTS "payload_locked_documents_rels_payload_jobs_fk";
ALTER TABLE IF EXISTS ONLY "public"."payload_locked_documents_rels" DROP CONSTRAINT IF EXISTS "payload_locked_documents_rels_payload_folders_fk";
ALTER TABLE IF EXISTS ONLY "public"."payload_locked_documents_rels" DROP CONSTRAINT IF EXISTS "payload_locked_documents_rels_parent_fk";
ALTER TABLE IF EXISTS ONLY "public"."payload_locked_documents_rels" DROP CONSTRAINT IF EXISTS "payload_locked_documents_rels_pages_fk";
ALTER TABLE IF EXISTS ONLY "public"."payload_locked_documents_rels" DROP CONSTRAINT IF EXISTS "payload_locked_documents_rels_media_fk";
ALTER TABLE IF EXISTS ONLY "public"."payload_locked_documents_rels" DROP CONSTRAINT IF EXISTS "payload_locked_documents_rels_forms_fk";
ALTER TABLE IF EXISTS ONLY "public"."payload_locked_documents_rels" DROP CONSTRAINT IF EXISTS "payload_locked_documents_rels_form_submissions_fk";
ALTER TABLE IF EXISTS ONLY "public"."payload_locked_documents_rels" DROP CONSTRAINT IF EXISTS "payload_locked_documents_rels_faq_fk";
ALTER TABLE IF EXISTS ONLY "public"."payload_locked_documents_rels" DROP CONSTRAINT IF EXISTS "payload_locked_documents_rels_customers_fk";
ALTER TABLE IF EXISTS ONLY "public"."payload_locked_documents_rels" DROP CONSTRAINT IF EXISTS "payload_locked_documents_rels_categories_fk";
ALTER TABLE IF EXISTS ONLY "public"."payload_locked_documents_rels" DROP CONSTRAINT IF EXISTS "payload_locked_documents_rels_blog_posts_fk";
ALTER TABLE IF EXISTS ONLY "public"."payload_jobs_log" DROP CONSTRAINT IF EXISTS "payload_jobs_log_parent_id_fk";
ALTER TABLE IF EXISTS ONLY "public"."payload_folders_folder_type" DROP CONSTRAINT IF EXISTS "payload_folders_folder_type_parent_fk";
ALTER TABLE IF EXISTS ONLY "public"."payload_folders" DROP CONSTRAINT IF EXISTS "payload_folders_folder_id_payload_folders_id_fk";
ALTER TABLE IF EXISTS ONLY "public"."pages_rels" DROP CONSTRAINT IF EXISTS "pages_rels_parent_fk";
ALTER TABLE IF EXISTS ONLY "public"."pages_rels" DROP CONSTRAINT IF EXISTS "pages_rels_pages_fk";
ALTER TABLE IF EXISTS ONLY "public"."pages_rels" DROP CONSTRAINT IF EXISTS "pages_rels_media_fk";
ALTER TABLE IF EXISTS ONLY "public"."pages_rels" DROP CONSTRAINT IF EXISTS "pages_rels_faq_fk";
ALTER TABLE IF EXISTS ONLY "public"."pages_rels" DROP CONSTRAINT IF EXISTS "pages_rels_customers_fk";
ALTER TABLE IF EXISTS ONLY "public"."pages_rels" DROP CONSTRAINT IF EXISTS "pages_rels_blog_posts_fk";
ALTER TABLE IF EXISTS ONLY "public"."pages_locales" DROP CONSTRAINT IF EXISTS "pages_locales_parent_id_fk";
ALTER TABLE IF EXISTS ONLY "public"."pages_locales" DROP CONSTRAINT IF EXISTS "pages_locales_meta_image_id_media_id_fk";
ALTER TABLE IF EXISTS ONLY "public"."pages_locales" DROP CONSTRAINT IF EXISTS "pages_locales_hero_media_mobile_light_id_media_id_fk";
ALTER TABLE IF EXISTS ONLY "public"."pages_locales" DROP CONSTRAINT IF EXISTS "pages_locales_hero_media_mobile_dark_id_media_id_fk";
ALTER TABLE IF EXISTS ONLY "public"."pages_locales" DROP CONSTRAINT IF EXISTS "pages_locales_hero_media_desktop_light_id_media_id_fk";
ALTER TABLE IF EXISTS ONLY "public"."pages_locales" DROP CONSTRAINT IF EXISTS "pages_locales_hero_media_desktop_dark_id_media_id_fk";
ALTER TABLE IF EXISTS ONLY "public"."pages_hero_list_items" DROP CONSTRAINT IF EXISTS "pages_hero_list_items_parent_id_fk";
ALTER TABLE IF EXISTS ONLY "public"."pages_hero_list_items_locales" DROP CONSTRAINT IF EXISTS "pages_hero_list_items_locales_parent_id_fk";
ALTER TABLE IF EXISTS ONLY "public"."pages_hero_links" DROP CONSTRAINT IF EXISTS "pages_hero_links_parent_id_fk";
ALTER TABLE IF EXISTS ONLY "public"."pages_hero_links_locales" DROP CONSTRAINT IF EXISTS "pages_hero_links_locales_parent_id_fk";
ALTER TABLE IF EXISTS ONLY "public"."metricsBlock_table_rows" DROP CONSTRAINT IF EXISTS "metricsBlock_table_rows_parent_id_fk";
ALTER TABLE IF EXISTS ONLY "public"."metricsBlock_table_rows_children" DROP CONSTRAINT IF EXISTS "metricsBlock_table_rows_children_parent_id_fk";
ALTER TABLE IF EXISTS ONLY "public"."metricsBlock_table_rows_children_cells" DROP CONSTRAINT IF EXISTS "metricsBlock_table_rows_children_cells_parent_id_fk";
ALTER TABLE IF EXISTS ONLY "public"."metricsBlock_table_rows_cells" DROP CONSTRAINT IF EXISTS "metricsBlock_table_rows_cells_parent_id_fk";
ALTER TABLE IF EXISTS ONLY "public"."metricsBlock_table_headers" DROP CONSTRAINT IF EXISTS "metricsBlock_table_headers_parent_id_fk";
ALTER TABLE IF EXISTS ONLY "public"."metricsBlock_stats" DROP CONSTRAINT IF EXISTS "metricsBlock_stats_parent_id_fk";
ALTER TABLE IF EXISTS ONLY "public"."metricsBlock_stats_locales" DROP CONSTRAINT IF EXISTS "metricsBlock_stats_locales_parent_id_fk";
ALTER TABLE IF EXISTS ONLY "public"."metricsBlock" DROP CONSTRAINT IF EXISTS "metricsBlock_parent_id_fk";
ALTER TABLE IF EXISTS ONLY "public"."metricsBlock_locales" DROP CONSTRAINT IF EXISTS "metricsBlock_locales_parent_id_fk";
ALTER TABLE IF EXISTS ONLY "public"."metricsBlock_locales" DROP CONSTRAINT IF EXISTS "metricsBlock_locales_block_image_media_id_media_id_fk";
ALTER TABLE IF EXISTS ONLY "public"."metricsBlock_block_header_links" DROP CONSTRAINT IF EXISTS "metricsBlock_block_header_links_parent_id_fk";
ALTER TABLE IF EXISTS ONLY "public"."metricsBlock_block_header_links_locales" DROP CONSTRAINT IF EXISTS "metricsBlock_block_header_links_locales_parent_id_fk";
ALTER TABLE IF EXISTS ONLY "public"."media_rels" DROP CONSTRAINT IF EXISTS "media_rels_parent_fk";
ALTER TABLE IF EXISTS ONLY "public"."media_rels" DROP CONSTRAINT IF EXISTS "media_rels_categories_fk";
ALTER TABLE IF EXISTS ONLY "public"."media" DROP CONSTRAINT IF EXISTS "media_folder_id_payload_folders_id_fk";
ALTER TABLE IF EXISTS ONLY "public"."logosBlock" DROP CONSTRAINT IF EXISTS "logosBlock_parent_id_fk";
ALTER TABLE IF EXISTS ONLY "public"."logosBlock_locales" DROP CONSTRAINT IF EXISTS "logosBlock_locales_parent_id_fk";
ALTER TABLE IF EXISTS ONLY "public"."logosBlock_block_header_links" DROP CONSTRAINT IF EXISTS "logosBlock_block_header_links_parent_id_fk";
ALTER TABLE IF EXISTS ONLY "public"."logosBlock_block_header_links_locales" DROP CONSTRAINT IF EXISTS "logosBlock_block_header_links_locales_parent_id_fk";
ALTER TABLE IF EXISTS ONLY "public"."header_tabs" DROP CONSTRAINT IF EXISTS "header_tabs_parent_id_fk";
ALTER TABLE IF EXISTS ONLY "public"."header_tabs_nav_items" DROP CONSTRAINT IF EXISTS "header_tabs_nav_items_parent_id_fk";
ALTER TABLE IF EXISTS ONLY "public"."header_tabs_nav_items_locales" DROP CONSTRAINT IF EXISTS "header_tabs_nav_items_locales_parent_id_fk";
ALTER TABLE IF EXISTS ONLY "public"."header_tabs_nav_items_list_links_links" DROP CONSTRAINT IF EXISTS "header_tabs_nav_items_list_links_links_parent_id_fk";
ALTER TABLE IF EXISTS ONLY "public"."header_tabs_nav_items_list_links_links_locales" DROP CONSTRAINT IF EXISTS "header_tabs_nav_items_list_links_links_locales_parent_id_fk";
ALTER TABLE IF EXISTS ONLY "public"."header_tabs_nav_items_featured_link_links" DROP CONSTRAINT IF EXISTS "header_tabs_nav_items_featured_link_links_parent_id_fk";
ALTER TABLE IF EXISTS ONLY "public"."header_tabs_nav_items_featured_link_links_locales" DROP CONSTRAINT IF EXISTS "header_tabs_nav_items_featured_link_links_locales_parent_id_fk";
ALTER TABLE IF EXISTS ONLY "public"."header_tabs_locales" DROP CONSTRAINT IF EXISTS "header_tabs_locales_parent_id_fk";
ALTER TABLE IF EXISTS ONLY "public"."header_tabs_description_links" DROP CONSTRAINT IF EXISTS "header_tabs_description_links_parent_id_fk";
ALTER TABLE IF EXISTS ONLY "public"."header_tabs_description_links_locales" DROP CONSTRAINT IF EXISTS "header_tabs_description_links_locales_parent_id_fk";
ALTER TABLE IF EXISTS ONLY "public"."header_rels" DROP CONSTRAINT IF EXISTS "header_rels_parent_fk";
ALTER TABLE IF EXISTS ONLY "public"."header_rels" DROP CONSTRAINT IF EXISTS "header_rels_pages_fk";
ALTER TABLE IF EXISTS ONLY "public"."header_rels" DROP CONSTRAINT IF EXISTS "header_rels_blog_posts_fk";
ALTER TABLE IF EXISTS ONLY "public"."header_cta" DROP CONSTRAINT IF EXISTS "header_cta_parent_id_fk";
ALTER TABLE IF EXISTS ONLY "public"."header_cta_locales" DROP CONSTRAINT IF EXISTS "header_cta_locales_parent_id_fk";
ALTER TABLE IF EXISTS ONLY "public"."galleryBlock" DROP CONSTRAINT IF EXISTS "galleryBlock_parent_id_fk";
ALTER TABLE IF EXISTS ONLY "public"."galleryBlock_locales" DROP CONSTRAINT IF EXISTS "galleryBlock_locales_parent_id_fk";
ALTER TABLE IF EXISTS ONLY "public"."galleryBlock_interactive_gallery" DROP CONSTRAINT IF EXISTS "galleryBlock_interactive_gallery_parent_id_fk";
ALTER TABLE IF EXISTS ONLY "public"."galleryBlock_interactive_gallery_locales" DROP CONSTRAINT IF EXISTS "galleryBlock_interactive_gallery_locales_parent_id_fk";
ALTER TABLE IF EXISTS ONLY "public"."galleryBlock_interactive_gallery_locales" DROP CONSTRAINT IF EXISTS "galleryBlock_interactive_gallery_locales_image_id_media_id_fk";
ALTER TABLE IF EXISTS ONLY "public"."galleryBlock_block_header_links" DROP CONSTRAINT IF EXISTS "galleryBlock_block_header_links_parent_id_fk";
ALTER TABLE IF EXISTS ONLY "public"."galleryBlock_block_header_links_locales" DROP CONSTRAINT IF EXISTS "galleryBlock_block_header_links_locales_parent_id_fk";
ALTER TABLE IF EXISTS ONLY "public"."forms_locales" DROP CONSTRAINT IF EXISTS "forms_locales_parent_id_fk";
ALTER TABLE IF EXISTS ONLY "public"."forms_emails" DROP CONSTRAINT IF EXISTS "forms_emails_parent_id_fk";
ALTER TABLE IF EXISTS ONLY "public"."forms_emails_locales" DROP CONSTRAINT IF EXISTS "forms_emails_locales_parent_id_fk";
ALTER TABLE IF EXISTS ONLY "public"."forms_blocks_textarea" DROP CONSTRAINT IF EXISTS "forms_blocks_textarea_parent_id_fk";
ALTER TABLE IF EXISTS ONLY "public"."forms_blocks_textarea_locales" DROP CONSTRAINT IF EXISTS "forms_blocks_textarea_locales_parent_id_fk";
ALTER TABLE IF EXISTS ONLY "public"."forms_blocks_text" DROP CONSTRAINT IF EXISTS "forms_blocks_text_parent_id_fk";
ALTER TABLE IF EXISTS ONLY "public"."forms_blocks_text_locales" DROP CONSTRAINT IF EXISTS "forms_blocks_text_locales_parent_id_fk";
ALTER TABLE IF EXISTS ONLY "public"."forms_blocks_state" DROP CONSTRAINT IF EXISTS "forms_blocks_state_parent_id_fk";
ALTER TABLE IF EXISTS ONLY "public"."forms_blocks_state_locales" DROP CONSTRAINT IF EXISTS "forms_blocks_state_locales_parent_id_fk";
ALTER TABLE IF EXISTS ONLY "public"."forms_blocks_select" DROP CONSTRAINT IF EXISTS "forms_blocks_select_parent_id_fk";
ALTER TABLE IF EXISTS ONLY "public"."forms_blocks_select_options" DROP CONSTRAINT IF EXISTS "forms_blocks_select_options_parent_id_fk";
ALTER TABLE IF EXISTS ONLY "public"."forms_blocks_select_options_locales" DROP CONSTRAINT IF EXISTS "forms_blocks_select_options_locales_parent_id_fk";
ALTER TABLE IF EXISTS ONLY "public"."forms_blocks_select_locales" DROP CONSTRAINT IF EXISTS "forms_blocks_select_locales_parent_id_fk";
ALTER TABLE IF EXISTS ONLY "public"."forms_blocks_number" DROP CONSTRAINT IF EXISTS "forms_blocks_number_parent_id_fk";
ALTER TABLE IF EXISTS ONLY "public"."forms_blocks_number_locales" DROP CONSTRAINT IF EXISTS "forms_blocks_number_locales_parent_id_fk";
ALTER TABLE IF EXISTS ONLY "public"."forms_blocks_message" DROP CONSTRAINT IF EXISTS "forms_blocks_message_parent_id_fk";
ALTER TABLE IF EXISTS ONLY "public"."forms_blocks_message_locales" DROP CONSTRAINT IF EXISTS "forms_blocks_message_locales_parent_id_fk";
ALTER TABLE IF EXISTS ONLY "public"."forms_blocks_email" DROP CONSTRAINT IF EXISTS "forms_blocks_email_parent_id_fk";
ALTER TABLE IF EXISTS ONLY "public"."forms_blocks_email_locales" DROP CONSTRAINT IF EXISTS "forms_blocks_email_locales_parent_id_fk";
ALTER TABLE IF EXISTS ONLY "public"."forms_blocks_country" DROP CONSTRAINT IF EXISTS "forms_blocks_country_parent_id_fk";
ALTER TABLE IF EXISTS ONLY "public"."forms_blocks_country_locales" DROP CONSTRAINT IF EXISTS "forms_blocks_country_locales_parent_id_fk";
ALTER TABLE IF EXISTS ONLY "public"."forms_blocks_checkbox" DROP CONSTRAINT IF EXISTS "forms_blocks_checkbox_parent_id_fk";
ALTER TABLE IF EXISTS ONLY "public"."forms_blocks_checkbox_locales" DROP CONSTRAINT IF EXISTS "forms_blocks_checkbox_locales_parent_id_fk";
ALTER TABLE IF EXISTS ONLY "public"."form_submissions_submission_data" DROP CONSTRAINT IF EXISTS "form_submissions_submission_data_parent_id_fk";
ALTER TABLE IF EXISTS ONLY "public"."form_submissions" DROP CONSTRAINT IF EXISTS "form_submissions_form_id_forms_id_fk";
ALTER TABLE IF EXISTS ONLY "public"."formBlock" DROP CONSTRAINT IF EXISTS "formBlock_parent_id_fk";
ALTER TABLE IF EXISTS ONLY "public"."formBlock" DROP CONSTRAINT IF EXISTS "formBlock_form_id_forms_id_fk";
ALTER TABLE IF EXISTS ONLY "public"."footer_rels" DROP CONSTRAINT IF EXISTS "footer_rels_parent_fk";
ALTER TABLE IF EXISTS ONLY "public"."footer_rels" DROP CONSTRAINT IF EXISTS "footer_rels_pages_fk";
ALTER TABLE IF EXISTS ONLY "public"."footer_rels" DROP CONSTRAINT IF EXISTS "footer_rels_blog_posts_fk";
ALTER TABLE IF EXISTS ONLY "public"."footer_columns" DROP CONSTRAINT IF EXISTS "footer_columns_parent_id_fk";
ALTER TABLE IF EXISTS ONLY "public"."footer_columns_nav_items" DROP CONSTRAINT IF EXISTS "footer_columns_nav_items_parent_id_fk";
ALTER TABLE IF EXISTS ONLY "public"."footer_columns_nav_items_locales" DROP CONSTRAINT IF EXISTS "footer_columns_nav_items_locales_parent_id_fk";
ALTER TABLE IF EXISTS ONLY "public"."featuresBlock" DROP CONSTRAINT IF EXISTS "featuresBlock_parent_id_fk";
ALTER TABLE IF EXISTS ONLY "public"."featuresBlock_locales" DROP CONSTRAINT IF EXISTS "featuresBlock_locales_parent_id_fk";
ALTER TABLE IF EXISTS ONLY "public"."featuresBlock_locales" DROP CONSTRAINT IF EXISTS "featuresBlock_locales_block_image_id_media_id_fk";
ALTER TABLE IF EXISTS ONLY "public"."featuresBlock_columns" DROP CONSTRAINT IF EXISTS "featuresBlock_columns_parent_id_fk";
ALTER TABLE IF EXISTS ONLY "public"."featuresBlock_columns_locales" DROP CONSTRAINT IF EXISTS "featuresBlock_columns_locales_parent_id_fk";
ALTER TABLE IF EXISTS ONLY "public"."featuresBlock_columns_locales" DROP CONSTRAINT IF EXISTS "featuresBlock_columns_locales_image_id_media_id_fk";
ALTER TABLE IF EXISTS ONLY "public"."featuresBlock_block_header_links" DROP CONSTRAINT IF EXISTS "featuresBlock_block_header_links_parent_id_fk";
ALTER TABLE IF EXISTS ONLY "public"."featuresBlock_block_header_links_locales" DROP CONSTRAINT IF EXISTS "featuresBlock_block_header_links_locales_parent_id_fk";
ALTER TABLE IF EXISTS ONLY "public"."faq_locales" DROP CONSTRAINT IF EXISTS "faq_locales_parent_id_fk";
ALTER TABLE IF EXISTS ONLY "public"."faq" DROP CONSTRAINT IF EXISTS "faq_category_id_categories_id_fk";
ALTER TABLE IF EXISTS ONLY "public"."faqBlock" DROP CONSTRAINT IF EXISTS "faqBlock_parent_id_fk";
ALTER TABLE IF EXISTS ONLY "public"."faqBlock_locales" DROP CONSTRAINT IF EXISTS "faqBlock_locales_parent_id_fk";
ALTER TABLE IF EXISTS ONLY "public"."faqBlock_block_header_links" DROP CONSTRAINT IF EXISTS "faqBlock_block_header_links_parent_id_fk";
ALTER TABLE IF EXISTS ONLY "public"."faqBlock_block_header_links_locales" DROP CONSTRAINT IF EXISTS "faqBlock_block_header_links_locales_parent_id_fk";
ALTER TABLE IF EXISTS ONLY "public"."dividerBlock" DROP CONSTRAINT IF EXISTS "dividerBlock_parent_id_fk";
ALTER TABLE IF EXISTS ONLY "public"."customers_testimonial_stats" DROP CONSTRAINT IF EXISTS "customers_testimonial_stats_parent_id_fk";
ALTER TABLE IF EXISTS ONLY "public"."customers_testimonial_stats_locales" DROP CONSTRAINT IF EXISTS "customers_testimonial_stats_locales_parent_id_fk";
ALTER TABLE IF EXISTS ONLY "public"."customers" DROP CONSTRAINT IF EXISTS "customers_testimonial_featured_image_id_media_id_fk";
ALTER TABLE IF EXISTS ONLY "public"."customers" DROP CONSTRAINT IF EXISTS "customers_testimonial_company_company_logo_id_media_id_fk";
ALTER TABLE IF EXISTS ONLY "public"."customers" DROP CONSTRAINT IF EXISTS "customers_testimonial_author_info_avatar_id_media_id_fk";
ALTER TABLE IF EXISTS ONLY "public"."customers_rels" DROP CONSTRAINT IF EXISTS "customers_rels_parent_fk";
ALTER TABLE IF EXISTS ONLY "public"."customers_rels" DROP CONSTRAINT IF EXISTS "customers_rels_pages_fk";
ALTER TABLE IF EXISTS ONLY "public"."customers_rels" DROP CONSTRAINT IF EXISTS "customers_rels_categories_fk";
ALTER TABLE IF EXISTS ONLY "public"."customers_rels" DROP CONSTRAINT IF EXISTS "customers_rels_blog_posts_fk";
ALTER TABLE IF EXISTS ONLY "public"."customers_locales" DROP CONSTRAINT IF EXISTS "customers_locales_parent_id_fk";
ALTER TABLE IF EXISTS ONLY "public"."customHtmlBlock" DROP CONSTRAINT IF EXISTS "customHtmlBlock_parent_id_fk";
ALTER TABLE IF EXISTS ONLY "public"."customHtmlBlock_locales" DROP CONSTRAINT IF EXISTS "customHtmlBlock_locales_parent_id_fk";
ALTER TABLE IF EXISTS ONLY "public"."customHtmlBlock_block_header_links" DROP CONSTRAINT IF EXISTS "customHtmlBlock_block_header_links_parent_id_fk";
ALTER TABLE IF EXISTS ONLY "public"."customHtmlBlock_block_header_links_locales" DROP CONSTRAINT IF EXISTS "customHtmlBlock_block_header_links_locales_parent_id_fk";
ALTER TABLE IF EXISTS ONLY "public"."categories" DROP CONSTRAINT IF EXISTS "categories_parent_id_categories_id_fk";
ALTER TABLE IF EXISTS ONLY "public"."categories_locales" DROP CONSTRAINT IF EXISTS "categories_locales_parent_id_fk";
ALTER TABLE IF EXISTS ONLY "public"."categories_breadcrumbs" DROP CONSTRAINT IF EXISTS "categories_breadcrumbs_parent_id_fk";
ALTER TABLE IF EXISTS ONLY "public"."categories_breadcrumbs" DROP CONSTRAINT IF EXISTS "categories_breadcrumbs_doc_id_categories_id_fk";
ALTER TABLE IF EXISTS ONLY "public"."callToActionBlock" DROP CONSTRAINT IF EXISTS "callToActionBlock_parent_id_fk";
ALTER TABLE IF EXISTS ONLY "public"."callToActionBlock_locales" DROP CONSTRAINT IF EXISTS "callToActionBlock_locales_parent_id_fk";
ALTER TABLE IF EXISTS ONLY "public"."callToActionBlock_locales" DROP CONSTRAINT IF EXISTS "callToActionBlock_locales_media_mobile_light_id_media_id_fk";
ALTER TABLE IF EXISTS ONLY "public"."callToActionBlock_locales" DROP CONSTRAINT IF EXISTS "callToActionBlock_locales_media_mobile_dark_id_media_id_fk";
ALTER TABLE IF EXISTS ONLY "public"."callToActionBlock_locales" DROP CONSTRAINT IF EXISTS "callToActionBlock_locales_media_desktop_light_id_media_id_fk";
ALTER TABLE IF EXISTS ONLY "public"."callToActionBlock_locales" DROP CONSTRAINT IF EXISTS "callToActionBlock_locales_media_desktop_dark_id_media_id_fk";
ALTER TABLE IF EXISTS ONLY "public"."callToActionBlock_list" DROP CONSTRAINT IF EXISTS "callToActionBlock_list_parent_id_fk";
ALTER TABLE IF EXISTS ONLY "public"."callToActionBlock_links" DROP CONSTRAINT IF EXISTS "callToActionBlock_links_parent_id_fk";
ALTER TABLE IF EXISTS ONLY "public"."callToActionBlock_links_locales" DROP CONSTRAINT IF EXISTS "callToActionBlock_links_locales_parent_id_fk";
ALTER TABLE IF EXISTS ONLY "public"."callToActionBlock" DROP CONSTRAINT IF EXISTS "callToActionBlock_form_id_forms_id_fk";
ALTER TABLE IF EXISTS ONLY "public"."blog_posts_rels" DROP CONSTRAINT IF EXISTS "blog_posts_rels_users_fk";
ALTER TABLE IF EXISTS ONLY "public"."blog_posts_rels" DROP CONSTRAINT IF EXISTS "blog_posts_rels_parent_fk";
ALTER TABLE IF EXISTS ONLY "public"."blog_posts_rels" DROP CONSTRAINT IF EXISTS "blog_posts_rels_categories_fk";
ALTER TABLE IF EXISTS ONLY "public"."blog_posts_rels" DROP CONSTRAINT IF EXISTS "blog_posts_rels_blog_posts_fk";
ALTER TABLE IF EXISTS ONLY "public"."blog_posts_populated_authors" DROP CONSTRAINT IF EXISTS "blog_posts_populated_authors_parent_id_fk";
ALTER TABLE IF EXISTS ONLY "public"."blog_posts_locales" DROP CONSTRAINT IF EXISTS "blog_posts_locales_parent_id_fk";
ALTER TABLE IF EXISTS ONLY "public"."blog_posts_locales" DROP CONSTRAINT IF EXISTS "blog_posts_locales_meta_image_id_media_id_fk";
ALTER TABLE IF EXISTS ONLY "public"."blog_posts_locales" DROP CONSTRAINT IF EXISTS "blog_posts_locales_hero_image_id_media_id_fk";
ALTER TABLE IF EXISTS ONLY "public"."archiveBlock" DROP CONSTRAINT IF EXISTS "archiveBlock_parent_id_fk";
ALTER TABLE IF EXISTS ONLY "public"."archiveBlock_locales" DROP CONSTRAINT IF EXISTS "archiveBlock_locales_parent_id_fk";
ALTER TABLE IF EXISTS ONLY "public"."archiveBlock_block_header_links" DROP CONSTRAINT IF EXISTS "archiveBlock_block_header_links_parent_id_fk";
ALTER TABLE IF EXISTS ONLY "public"."archiveBlock_block_header_links_locales" DROP CONSTRAINT IF EXISTS "archiveBlock_block_header_links_locales_parent_id_fk";
ALTER TABLE IF EXISTS ONLY "public"."_testimonialsBlock_v" DROP CONSTRAINT IF EXISTS "_testimonialsBlock_v_parent_id_fk";
ALTER TABLE IF EXISTS ONLY "public"."_testimonialsBlock_v_locales" DROP CONSTRAINT IF EXISTS "_testimonialsBlock_v_locales_parent_id_fk";
ALTER TABLE IF EXISTS ONLY "public"."_testimonialsBlock_v_block_header_links" DROP CONSTRAINT IF EXISTS "_testimonialsBlock_v_block_header_links_parent_id_fk";
ALTER TABLE IF EXISTS ONLY "public"."_testimonialsBlock_v_block_header_links_locales" DROP CONSTRAINT IF EXISTS "_testimonialsBlock_v_block_header_links_locales_parent_id_fk";
ALTER TABLE IF EXISTS ONLY "public"."_teamBlock_v_team" DROP CONSTRAINT IF EXISTS "_teamBlock_v_team_parent_id_fk";
ALTER TABLE IF EXISTS ONLY "public"."_teamBlock_v_team_locales" DROP CONSTRAINT IF EXISTS "_teamBlock_v_team_locales_parent_id_fk";
ALTER TABLE IF EXISTS ONLY "public"."_teamBlock_v_team" DROP CONSTRAINT IF EXISTS "_teamBlock_v_team_image_id_media_id_fk";
ALTER TABLE IF EXISTS ONLY "public"."_teamBlock_v" DROP CONSTRAINT IF EXISTS "_teamBlock_v_parent_id_fk";
ALTER TABLE IF EXISTS ONLY "public"."_teamBlock_v_locales" DROP CONSTRAINT IF EXISTS "_teamBlock_v_locales_parent_id_fk";
ALTER TABLE IF EXISTS ONLY "public"."_teamBlock_v_block_header_links" DROP CONSTRAINT IF EXISTS "_teamBlock_v_block_header_links_parent_id_fk";
ALTER TABLE IF EXISTS ONLY "public"."_teamBlock_v_block_header_links_locales" DROP CONSTRAINT IF EXISTS "_teamBlock_v_block_header_links_locales_parent_id_fk";
ALTER TABLE IF EXISTS ONLY "public"."_richTextBlock_v" DROP CONSTRAINT IF EXISTS "_richTextBlock_v_parent_id_fk";
ALTER TABLE IF EXISTS ONLY "public"."_richTextBlock_v_locales" DROP CONSTRAINT IF EXISTS "_richTextBlock_v_locales_parent_id_fk";
ALTER TABLE IF EXISTS ONLY "public"."_richTextBlock_v_block_header_links" DROP CONSTRAINT IF EXISTS "_richTextBlock_v_block_header_links_parent_id_fk";
ALTER TABLE IF EXISTS ONLY "public"."_richTextBlock_v_block_header_links_locales" DROP CONSTRAINT IF EXISTS "_richTextBlock_v_block_header_links_locales_parent_id_fk";
ALTER TABLE IF EXISTS ONLY "public"."_pages_v_version_hero_list_items" DROP CONSTRAINT IF EXISTS "_pages_v_version_hero_list_items_parent_id_fk";
ALTER TABLE IF EXISTS ONLY "public"."_pages_v_version_hero_list_items_locales" DROP CONSTRAINT IF EXISTS "_pages_v_version_hero_list_items_locales_parent_id_fk";
ALTER TABLE IF EXISTS ONLY "public"."_pages_v_version_hero_links" DROP CONSTRAINT IF EXISTS "_pages_v_version_hero_links_parent_id_fk";
ALTER TABLE IF EXISTS ONLY "public"."_pages_v_version_hero_links_locales" DROP CONSTRAINT IF EXISTS "_pages_v_version_hero_links_locales_parent_id_fk";
ALTER TABLE IF EXISTS ONLY "public"."_pages_v_rels" DROP CONSTRAINT IF EXISTS "_pages_v_rels_parent_fk";
ALTER TABLE IF EXISTS ONLY "public"."_pages_v_rels" DROP CONSTRAINT IF EXISTS "_pages_v_rels_pages_fk";
ALTER TABLE IF EXISTS ONLY "public"."_pages_v_rels" DROP CONSTRAINT IF EXISTS "_pages_v_rels_media_fk";
ALTER TABLE IF EXISTS ONLY "public"."_pages_v_rels" DROP CONSTRAINT IF EXISTS "_pages_v_rels_faq_fk";
ALTER TABLE IF EXISTS ONLY "public"."_pages_v_rels" DROP CONSTRAINT IF EXISTS "_pages_v_rels_customers_fk";
ALTER TABLE IF EXISTS ONLY "public"."_pages_v_rels" DROP CONSTRAINT IF EXISTS "_pages_v_rels_blog_posts_fk";
ALTER TABLE IF EXISTS ONLY "public"."_pages_v" DROP CONSTRAINT IF EXISTS "_pages_v_parent_id_pages_id_fk";
ALTER TABLE IF EXISTS ONLY "public"."_pages_v_locales" DROP CONSTRAINT IF EXISTS "_pages_v_locales_version_meta_image_id_media_id_fk";
ALTER TABLE IF EXISTS ONLY "public"."_pages_v_locales" DROP CONSTRAINT IF EXISTS "_pages_v_locales_version_hero_media_mobile_light_id_media_id_fk";
ALTER TABLE IF EXISTS ONLY "public"."_pages_v_locales" DROP CONSTRAINT IF EXISTS "_pages_v_locales_version_hero_media_mobile_dark_id_media_id_fk";
ALTER TABLE IF EXISTS ONLY "public"."_pages_v_locales" DROP CONSTRAINT IF EXISTS "_pages_v_locales_version_hero_media_desktop_light_id_media_id_f";
ALTER TABLE IF EXISTS ONLY "public"."_pages_v_locales" DROP CONSTRAINT IF EXISTS "_pages_v_locales_version_hero_media_desktop_dark_id_media_id_fk";
ALTER TABLE IF EXISTS ONLY "public"."_pages_v_locales" DROP CONSTRAINT IF EXISTS "_pages_v_locales_parent_id_fk";
ALTER TABLE IF EXISTS ONLY "public"."_metricsBlock_v_table_rows" DROP CONSTRAINT IF EXISTS "_metricsBlock_v_table_rows_parent_id_fk";
ALTER TABLE IF EXISTS ONLY "public"."_metricsBlock_v_table_rows_children" DROP CONSTRAINT IF EXISTS "_metricsBlock_v_table_rows_children_parent_id_fk";
ALTER TABLE IF EXISTS ONLY "public"."_metricsBlock_v_table_rows_children_cells" DROP CONSTRAINT IF EXISTS "_metricsBlock_v_table_rows_children_cells_parent_id_fk";
ALTER TABLE IF EXISTS ONLY "public"."_metricsBlock_v_table_rows_cells" DROP CONSTRAINT IF EXISTS "_metricsBlock_v_table_rows_cells_parent_id_fk";
ALTER TABLE IF EXISTS ONLY "public"."_metricsBlock_v_table_headers" DROP CONSTRAINT IF EXISTS "_metricsBlock_v_table_headers_parent_id_fk";
ALTER TABLE IF EXISTS ONLY "public"."_metricsBlock_v_stats" DROP CONSTRAINT IF EXISTS "_metricsBlock_v_stats_parent_id_fk";
ALTER TABLE IF EXISTS ONLY "public"."_metricsBlock_v_stats_locales" DROP CONSTRAINT IF EXISTS "_metricsBlock_v_stats_locales_parent_id_fk";
ALTER TABLE IF EXISTS ONLY "public"."_metricsBlock_v" DROP CONSTRAINT IF EXISTS "_metricsBlock_v_parent_id_fk";
ALTER TABLE IF EXISTS ONLY "public"."_metricsBlock_v_locales" DROP CONSTRAINT IF EXISTS "_metricsBlock_v_locales_parent_id_fk";
ALTER TABLE IF EXISTS ONLY "public"."_metricsBlock_v_locales" DROP CONSTRAINT IF EXISTS "_metricsBlock_v_locales_block_image_media_id_media_id_fk";
ALTER TABLE IF EXISTS ONLY "public"."_metricsBlock_v_block_header_links" DROP CONSTRAINT IF EXISTS "_metricsBlock_v_block_header_links_parent_id_fk";
ALTER TABLE IF EXISTS ONLY "public"."_metricsBlock_v_block_header_links_locales" DROP CONSTRAINT IF EXISTS "_metricsBlock_v_block_header_links_locales_parent_id_fk";
ALTER TABLE IF EXISTS ONLY "public"."_logosBlock_v" DROP CONSTRAINT IF EXISTS "_logosBlock_v_parent_id_fk";
ALTER TABLE IF EXISTS ONLY "public"."_logosBlock_v_locales" DROP CONSTRAINT IF EXISTS "_logosBlock_v_locales_parent_id_fk";
ALTER TABLE IF EXISTS ONLY "public"."_logosBlock_v_block_header_links" DROP CONSTRAINT IF EXISTS "_logosBlock_v_block_header_links_parent_id_fk";
ALTER TABLE IF EXISTS ONLY "public"."_logosBlock_v_block_header_links_locales" DROP CONSTRAINT IF EXISTS "_logosBlock_v_block_header_links_locales_parent_id_fk";
ALTER TABLE IF EXISTS ONLY "public"."_galleryBlock_v" DROP CONSTRAINT IF EXISTS "_galleryBlock_v_parent_id_fk";
ALTER TABLE IF EXISTS ONLY "public"."_galleryBlock_v_locales" DROP CONSTRAINT IF EXISTS "_galleryBlock_v_locales_parent_id_fk";
ALTER TABLE IF EXISTS ONLY "public"."_galleryBlock_v_interactive_gallery" DROP CONSTRAINT IF EXISTS "_galleryBlock_v_interactive_gallery_parent_id_fk";
ALTER TABLE IF EXISTS ONLY "public"."_galleryBlock_v_interactive_gallery_locales" DROP CONSTRAINT IF EXISTS "_galleryBlock_v_interactive_gallery_locales_parent_id_fk";
ALTER TABLE IF EXISTS ONLY "public"."_galleryBlock_v_interactive_gallery_locales" DROP CONSTRAINT IF EXISTS "_galleryBlock_v_interactive_gallery_locales_image_id_media_id_f";
ALTER TABLE IF EXISTS ONLY "public"."_galleryBlock_v_block_header_links" DROP CONSTRAINT IF EXISTS "_galleryBlock_v_block_header_links_parent_id_fk";
ALTER TABLE IF EXISTS ONLY "public"."_galleryBlock_v_block_header_links_locales" DROP CONSTRAINT IF EXISTS "_galleryBlock_v_block_header_links_locales_parent_id_fk";
ALTER TABLE IF EXISTS ONLY "public"."_formBlock_v" DROP CONSTRAINT IF EXISTS "_formBlock_v_parent_id_fk";
ALTER TABLE IF EXISTS ONLY "public"."_formBlock_v" DROP CONSTRAINT IF EXISTS "_formBlock_v_form_id_forms_id_fk";
ALTER TABLE IF EXISTS ONLY "public"."_featuresBlock_v" DROP CONSTRAINT IF EXISTS "_featuresBlock_v_parent_id_fk";
ALTER TABLE IF EXISTS ONLY "public"."_featuresBlock_v_locales" DROP CONSTRAINT IF EXISTS "_featuresBlock_v_locales_parent_id_fk";
ALTER TABLE IF EXISTS ONLY "public"."_featuresBlock_v_locales" DROP CONSTRAINT IF EXISTS "_featuresBlock_v_locales_block_image_id_media_id_fk";
ALTER TABLE IF EXISTS ONLY "public"."_featuresBlock_v_columns" DROP CONSTRAINT IF EXISTS "_featuresBlock_v_columns_parent_id_fk";
ALTER TABLE IF EXISTS ONLY "public"."_featuresBlock_v_columns_locales" DROP CONSTRAINT IF EXISTS "_featuresBlock_v_columns_locales_parent_id_fk";
ALTER TABLE IF EXISTS ONLY "public"."_featuresBlock_v_columns_locales" DROP CONSTRAINT IF EXISTS "_featuresBlock_v_columns_locales_image_id_media_id_fk";
ALTER TABLE IF EXISTS ONLY "public"."_featuresBlock_v_block_header_links" DROP CONSTRAINT IF EXISTS "_featuresBlock_v_block_header_links_parent_id_fk";
ALTER TABLE IF EXISTS ONLY "public"."_featuresBlock_v_block_header_links_locales" DROP CONSTRAINT IF EXISTS "_featuresBlock_v_block_header_links_locales_parent_id_fk";
ALTER TABLE IF EXISTS ONLY "public"."_faq_v" DROP CONSTRAINT IF EXISTS "_faq_v_version_category_id_categories_id_fk";
ALTER TABLE IF EXISTS ONLY "public"."_faq_v" DROP CONSTRAINT IF EXISTS "_faq_v_parent_id_faq_id_fk";
ALTER TABLE IF EXISTS ONLY "public"."_faq_v_locales" DROP CONSTRAINT IF EXISTS "_faq_v_locales_parent_id_fk";
ALTER TABLE IF EXISTS ONLY "public"."_faqBlock_v" DROP CONSTRAINT IF EXISTS "_faqBlock_v_parent_id_fk";
ALTER TABLE IF EXISTS ONLY "public"."_faqBlock_v_locales" DROP CONSTRAINT IF EXISTS "_faqBlock_v_locales_parent_id_fk";
ALTER TABLE IF EXISTS ONLY "public"."_faqBlock_v_block_header_links" DROP CONSTRAINT IF EXISTS "_faqBlock_v_block_header_links_parent_id_fk";
ALTER TABLE IF EXISTS ONLY "public"."_faqBlock_v_block_header_links_locales" DROP CONSTRAINT IF EXISTS "_faqBlock_v_block_header_links_locales_parent_id_fk";
ALTER TABLE IF EXISTS ONLY "public"."_dividerBlock_v" DROP CONSTRAINT IF EXISTS "_dividerBlock_v_parent_id_fk";
ALTER TABLE IF EXISTS ONLY "public"."_customers_v_version_testimonial_stats" DROP CONSTRAINT IF EXISTS "_customers_v_version_testimonial_stats_parent_id_fk";
ALTER TABLE IF EXISTS ONLY "public"."_customers_v_version_testimonial_stats_locales" DROP CONSTRAINT IF EXISTS "_customers_v_version_testimonial_stats_locales_parent_id_fk";
ALTER TABLE IF EXISTS ONLY "public"."_customers_v" DROP CONSTRAINT IF EXISTS "_customers_v_version_testimonial_featured_image_id_media_id_fk";
ALTER TABLE IF EXISTS ONLY "public"."_customers_v" DROP CONSTRAINT IF EXISTS "_customers_v_version_testimonial_company_company_logo_id_media_";
ALTER TABLE IF EXISTS ONLY "public"."_customers_v" DROP CONSTRAINT IF EXISTS "_customers_v_version_testimonial_author_info_avatar_id_media_id";
ALTER TABLE IF EXISTS ONLY "public"."_customers_v_rels" DROP CONSTRAINT IF EXISTS "_customers_v_rels_parent_fk";
ALTER TABLE IF EXISTS ONLY "public"."_customers_v_rels" DROP CONSTRAINT IF EXISTS "_customers_v_rels_pages_fk";
ALTER TABLE IF EXISTS ONLY "public"."_customers_v_rels" DROP CONSTRAINT IF EXISTS "_customers_v_rels_categories_fk";
ALTER TABLE IF EXISTS ONLY "public"."_customers_v_rels" DROP CONSTRAINT IF EXISTS "_customers_v_rels_blog_posts_fk";
ALTER TABLE IF EXISTS ONLY "public"."_customers_v" DROP CONSTRAINT IF EXISTS "_customers_v_parent_id_customers_id_fk";
ALTER TABLE IF EXISTS ONLY "public"."_customers_v_locales" DROP CONSTRAINT IF EXISTS "_customers_v_locales_parent_id_fk";
ALTER TABLE IF EXISTS ONLY "public"."_customHtmlBlock_v" DROP CONSTRAINT IF EXISTS "_customHtmlBlock_v_parent_id_fk";
ALTER TABLE IF EXISTS ONLY "public"."_customHtmlBlock_v_locales" DROP CONSTRAINT IF EXISTS "_customHtmlBlock_v_locales_parent_id_fk";
ALTER TABLE IF EXISTS ONLY "public"."_customHtmlBlock_v_block_header_links" DROP CONSTRAINT IF EXISTS "_customHtmlBlock_v_block_header_links_parent_id_fk";
ALTER TABLE IF EXISTS ONLY "public"."_customHtmlBlock_v_block_header_links_locales" DROP CONSTRAINT IF EXISTS "_customHtmlBlock_v_block_header_links_locales_parent_id_fk";
ALTER TABLE IF EXISTS ONLY "public"."_callToActionBlock_v" DROP CONSTRAINT IF EXISTS "_callToActionBlock_v_parent_id_fk";
ALTER TABLE IF EXISTS ONLY "public"."_callToActionBlock_v_locales" DROP CONSTRAINT IF EXISTS "_callToActionBlock_v_locales_parent_id_fk";
ALTER TABLE IF EXISTS ONLY "public"."_callToActionBlock_v_locales" DROP CONSTRAINT IF EXISTS "_callToActionBlock_v_locales_media_mobile_light_id_media_id_fk";
ALTER TABLE IF EXISTS ONLY "public"."_callToActionBlock_v_locales" DROP CONSTRAINT IF EXISTS "_callToActionBlock_v_locales_media_mobile_dark_id_media_id_fk";
ALTER TABLE IF EXISTS ONLY "public"."_callToActionBlock_v_locales" DROP CONSTRAINT IF EXISTS "_callToActionBlock_v_locales_media_desktop_light_id_media_id_fk";
ALTER TABLE IF EXISTS ONLY "public"."_callToActionBlock_v_locales" DROP CONSTRAINT IF EXISTS "_callToActionBlock_v_locales_media_desktop_dark_id_media_id_fk";
ALTER TABLE IF EXISTS ONLY "public"."_callToActionBlock_v_list" DROP CONSTRAINT IF EXISTS "_callToActionBlock_v_list_parent_id_fk";
ALTER TABLE IF EXISTS ONLY "public"."_callToActionBlock_v_links" DROP CONSTRAINT IF EXISTS "_callToActionBlock_v_links_parent_id_fk";
ALTER TABLE IF EXISTS ONLY "public"."_callToActionBlock_v_links_locales" DROP CONSTRAINT IF EXISTS "_callToActionBlock_v_links_locales_parent_id_fk";
ALTER TABLE IF EXISTS ONLY "public"."_callToActionBlock_v" DROP CONSTRAINT IF EXISTS "_callToActionBlock_v_form_id_forms_id_fk";
ALTER TABLE IF EXISTS ONLY "public"."_blog_posts_v_version_populated_authors" DROP CONSTRAINT IF EXISTS "_blog_posts_v_version_populated_authors_parent_id_fk";
ALTER TABLE IF EXISTS ONLY "public"."_blog_posts_v_rels" DROP CONSTRAINT IF EXISTS "_blog_posts_v_rels_users_fk";
ALTER TABLE IF EXISTS ONLY "public"."_blog_posts_v_rels" DROP CONSTRAINT IF EXISTS "_blog_posts_v_rels_parent_fk";
ALTER TABLE IF EXISTS ONLY "public"."_blog_posts_v_rels" DROP CONSTRAINT IF EXISTS "_blog_posts_v_rels_categories_fk";
ALTER TABLE IF EXISTS ONLY "public"."_blog_posts_v_rels" DROP CONSTRAINT IF EXISTS "_blog_posts_v_rels_blog_posts_fk";
ALTER TABLE IF EXISTS ONLY "public"."_blog_posts_v" DROP CONSTRAINT IF EXISTS "_blog_posts_v_parent_id_blog_posts_id_fk";
ALTER TABLE IF EXISTS ONLY "public"."_blog_posts_v_locales" DROP CONSTRAINT IF EXISTS "_blog_posts_v_locales_version_meta_image_id_media_id_fk";
ALTER TABLE IF EXISTS ONLY "public"."_blog_posts_v_locales" DROP CONSTRAINT IF EXISTS "_blog_posts_v_locales_version_hero_image_id_media_id_fk";
ALTER TABLE IF EXISTS ONLY "public"."_blog_posts_v_locales" DROP CONSTRAINT IF EXISTS "_blog_posts_v_locales_parent_id_fk";
ALTER TABLE IF EXISTS ONLY "public"."_archiveBlock_v" DROP CONSTRAINT IF EXISTS "_archiveBlock_v_parent_id_fk";
ALTER TABLE IF EXISTS ONLY "public"."_archiveBlock_v_locales" DROP CONSTRAINT IF EXISTS "_archiveBlock_v_locales_parent_id_fk";
ALTER TABLE IF EXISTS ONLY "public"."_archiveBlock_v_block_header_links" DROP CONSTRAINT IF EXISTS "_archiveBlock_v_block_header_links_parent_id_fk";
ALTER TABLE IF EXISTS ONLY "public"."_archiveBlock_v_block_header_links_locales" DROP CONSTRAINT IF EXISTS "_archiveBlock_v_block_header_links_locales_parent_id_fk";
DROP INDEX IF EXISTS "public"."users_updated_at_idx";
DROP INDEX IF EXISTS "public"."users_sessions_parent_id_idx";
DROP INDEX IF EXISTS "public"."users_sessions_order_idx";
DROP INDEX IF EXISTS "public"."users_locales_locale_parent_id_unique";
DROP INDEX IF EXISTS "public"."users_email_idx";
DROP INDEX IF EXISTS "public"."users_created_at_idx";
DROP INDEX IF EXISTS "public"."users_avatar_idx";
DROP INDEX IF EXISTS "public"."testimonialsBlock_path_idx";
DROP INDEX IF EXISTS "public"."testimonialsBlock_parent_id_idx";
DROP INDEX IF EXISTS "public"."testimonialsBlock_order_idx";
DROP INDEX IF EXISTS "public"."testimonialsBlock_locales_locale_parent_id_unique";
DROP INDEX IF EXISTS "public"."testimonialsBlock_block_header_links_parent_id_idx";
DROP INDEX IF EXISTS "public"."testimonialsBlock_block_header_links_order_idx";
DROP INDEX IF EXISTS "public"."testimonialsBlock_block_header_links_locales_locale_parent_id_u";
DROP INDEX IF EXISTS "public"."teamBlock_team_parent_id_idx";
DROP INDEX IF EXISTS "public"."teamBlock_team_order_idx";
DROP INDEX IF EXISTS "public"."teamBlock_team_locales_locale_parent_id_unique";
DROP INDEX IF EXISTS "public"."teamBlock_team_image_idx";
DROP INDEX IF EXISTS "public"."teamBlock_path_idx";
DROP INDEX IF EXISTS "public"."teamBlock_parent_id_idx";
DROP INDEX IF EXISTS "public"."teamBlock_order_idx";
DROP INDEX IF EXISTS "public"."teamBlock_locales_locale_parent_id_unique";
DROP INDEX IF EXISTS "public"."teamBlock_block_header_links_parent_id_idx";
DROP INDEX IF EXISTS "public"."teamBlock_block_header_links_order_idx";
DROP INDEX IF EXISTS "public"."teamBlock_block_header_links_locales_locale_parent_id_unique";
DROP INDEX IF EXISTS "public"."settings_rels_path_idx";
DROP INDEX IF EXISTS "public"."settings_rels_parent_idx";
DROP INDEX IF EXISTS "public"."settings_rels_pages_id_idx";
DROP INDEX IF EXISTS "public"."settings_rels_order_idx";
DROP INDEX IF EXISTS "public"."settings_rels_blog_posts_id_idx";
DROP INDEX IF EXISTS "public"."settings_meta_meta_image_idx";
DROP INDEX IF EXISTS "public"."settings_locales_locale_parent_id_unique";
DROP INDEX IF EXISTS "public"."search_updated_at_idx";
DROP INDEX IF EXISTS "public"."search_slug_idx";
DROP INDEX IF EXISTS "public"."search_rels_path_idx";
DROP INDEX IF EXISTS "public"."search_rels_parent_idx";
DROP INDEX IF EXISTS "public"."search_rels_order_idx";
DROP INDEX IF EXISTS "public"."search_rels_blog_posts_id_idx";
DROP INDEX IF EXISTS "public"."search_meta_meta_image_idx";
DROP INDEX IF EXISTS "public"."search_locales_locale_parent_id_unique";
DROP INDEX IF EXISTS "public"."search_created_at_idx";
DROP INDEX IF EXISTS "public"."search_categories_parent_id_idx";
DROP INDEX IF EXISTS "public"."search_categories_order_idx";
DROP INDEX IF EXISTS "public"."richTextBlock_path_idx";
DROP INDEX IF EXISTS "public"."richTextBlock_parent_id_idx";
DROP INDEX IF EXISTS "public"."richTextBlock_order_idx";
DROP INDEX IF EXISTS "public"."richTextBlock_locales_locale_parent_id_unique";
DROP INDEX IF EXISTS "public"."richTextBlock_block_header_links_parent_id_idx";
DROP INDEX IF EXISTS "public"."richTextBlock_block_header_links_order_idx";
DROP INDEX IF EXISTS "public"."richTextBlock_block_header_links_locales_locale_parent_id_uniqu";
DROP INDEX IF EXISTS "public"."redirects_updated_at_idx";
DROP INDEX IF EXISTS "public"."redirects_rels_path_idx";
DROP INDEX IF EXISTS "public"."redirects_rels_parent_idx";
DROP INDEX IF EXISTS "public"."redirects_rels_pages_id_idx";
DROP INDEX IF EXISTS "public"."redirects_rels_order_idx";
DROP INDEX IF EXISTS "public"."redirects_rels_blog_posts_id_idx";
DROP INDEX IF EXISTS "public"."redirects_from_idx";
DROP INDEX IF EXISTS "public"."redirects_created_at_idx";
DROP INDEX IF EXISTS "public"."payload_preferences_updated_at_idx";
DROP INDEX IF EXISTS "public"."payload_preferences_rels_users_id_idx";
DROP INDEX IF EXISTS "public"."payload_preferences_rels_path_idx";
DROP INDEX IF EXISTS "public"."payload_preferences_rels_parent_idx";
DROP INDEX IF EXISTS "public"."payload_preferences_rels_order_idx";
DROP INDEX IF EXISTS "public"."payload_preferences_key_idx";
DROP INDEX IF EXISTS "public"."payload_preferences_created_at_idx";
DROP INDEX IF EXISTS "public"."payload_migrations_updated_at_idx";
DROP INDEX IF EXISTS "public"."payload_migrations_created_at_idx";
DROP INDEX IF EXISTS "public"."payload_locked_documents_updated_at_idx";
DROP INDEX IF EXISTS "public"."payload_locked_documents_rels_users_id_idx";
DROP INDEX IF EXISTS "public"."payload_locked_documents_rels_search_id_idx";
DROP INDEX IF EXISTS "public"."payload_locked_documents_rels_redirects_id_idx";
DROP INDEX IF EXISTS "public"."payload_locked_documents_rels_payload_jobs_id_idx";
DROP INDEX IF EXISTS "public"."payload_locked_documents_rels_payload_folders_id_idx";
DROP INDEX IF EXISTS "public"."payload_locked_documents_rels_path_idx";
DROP INDEX IF EXISTS "public"."payload_locked_documents_rels_parent_idx";
DROP INDEX IF EXISTS "public"."payload_locked_documents_rels_pages_id_idx";
DROP INDEX IF EXISTS "public"."payload_locked_documents_rels_order_idx";
DROP INDEX IF EXISTS "public"."payload_locked_documents_rels_media_id_idx";
DROP INDEX IF EXISTS "public"."payload_locked_documents_rels_forms_id_idx";
DROP INDEX IF EXISTS "public"."payload_locked_documents_rels_form_submissions_id_idx";
DROP INDEX IF EXISTS "public"."payload_locked_documents_rels_faq_id_idx";
DROP INDEX IF EXISTS "public"."payload_locked_documents_rels_customers_id_idx";
DROP INDEX IF EXISTS "public"."payload_locked_documents_rels_categories_id_idx";
DROP INDEX IF EXISTS "public"."payload_locked_documents_rels_blog_posts_id_idx";
DROP INDEX IF EXISTS "public"."payload_locked_documents_global_slug_idx";
DROP INDEX IF EXISTS "public"."payload_locked_documents_created_at_idx";
DROP INDEX IF EXISTS "public"."payload_jobs_wait_until_idx";
DROP INDEX IF EXISTS "public"."payload_jobs_updated_at_idx";
DROP INDEX IF EXISTS "public"."payload_jobs_total_tried_idx";
DROP INDEX IF EXISTS "public"."payload_jobs_task_slug_idx";
DROP INDEX IF EXISTS "public"."payload_jobs_queue_idx";
DROP INDEX IF EXISTS "public"."payload_jobs_processing_idx";
DROP INDEX IF EXISTS "public"."payload_jobs_log_parent_id_idx";
DROP INDEX IF EXISTS "public"."payload_jobs_log_order_idx";
DROP INDEX IF EXISTS "public"."payload_jobs_has_error_idx";
DROP INDEX IF EXISTS "public"."payload_jobs_created_at_idx";
DROP INDEX IF EXISTS "public"."payload_jobs_completed_at_idx";
DROP INDEX IF EXISTS "public"."payload_folders_updated_at_idx";
DROP INDEX IF EXISTS "public"."payload_folders_name_idx";
DROP INDEX IF EXISTS "public"."payload_folders_folder_type_parent_idx";
DROP INDEX IF EXISTS "public"."payload_folders_folder_type_order_idx";
DROP INDEX IF EXISTS "public"."payload_folders_folder_idx";
DROP INDEX IF EXISTS "public"."payload_folders_created_at_idx";
DROP INDEX IF EXISTS "public"."pages_updated_at_idx";
DROP INDEX IF EXISTS "public"."pages_slug_idx";
DROP INDEX IF EXISTS "public"."pages_rels_path_idx";
DROP INDEX IF EXISTS "public"."pages_rels_parent_idx";
DROP INDEX IF EXISTS "public"."pages_rels_pages_id_idx";
DROP INDEX IF EXISTS "public"."pages_rels_order_idx";
DROP INDEX IF EXISTS "public"."pages_rels_media_id_idx";
DROP INDEX IF EXISTS "public"."pages_rels_locale_idx";
DROP INDEX IF EXISTS "public"."pages_rels_faq_id_idx";
DROP INDEX IF EXISTS "public"."pages_rels_customers_id_idx";
DROP INDEX IF EXISTS "public"."pages_rels_blog_posts_id_idx";
DROP INDEX IF EXISTS "public"."pages_meta_meta_image_idx";
DROP INDEX IF EXISTS "public"."pages_locales_locale_parent_id_unique";
DROP INDEX IF EXISTS "public"."pages_hero_media_mobile_hero_media_mobile_light_idx";
DROP INDEX IF EXISTS "public"."pages_hero_media_mobile_hero_media_mobile_dark_idx";
DROP INDEX IF EXISTS "public"."pages_hero_media_desktop_hero_media_desktop_light_idx";
DROP INDEX IF EXISTS "public"."pages_hero_media_desktop_hero_media_desktop_dark_idx";
DROP INDEX IF EXISTS "public"."pages_hero_list_items_parent_id_idx";
DROP INDEX IF EXISTS "public"."pages_hero_list_items_order_idx";
DROP INDEX IF EXISTS "public"."pages_hero_list_items_locales_locale_parent_id_unique";
DROP INDEX IF EXISTS "public"."pages_hero_links_parent_id_idx";
DROP INDEX IF EXISTS "public"."pages_hero_links_order_idx";
DROP INDEX IF EXISTS "public"."pages_hero_links_locales_locale_parent_id_unique";
DROP INDEX IF EXISTS "public"."pages_created_at_idx";
DROP INDEX IF EXISTS "public"."pages__status_idx";
DROP INDEX IF EXISTS "public"."metricsBlock_table_rows_parent_id_idx";
DROP INDEX IF EXISTS "public"."metricsBlock_table_rows_order_idx";
DROP INDEX IF EXISTS "public"."metricsBlock_table_rows_locale_idx";
DROP INDEX IF EXISTS "public"."metricsBlock_table_rows_children_parent_id_idx";
DROP INDEX IF EXISTS "public"."metricsBlock_table_rows_children_order_idx";
DROP INDEX IF EXISTS "public"."metricsBlock_table_rows_children_locale_idx";
DROP INDEX IF EXISTS "public"."metricsBlock_table_rows_children_cells_parent_id_idx";
DROP INDEX IF EXISTS "public"."metricsBlock_table_rows_children_cells_order_idx";
DROP INDEX IF EXISTS "public"."metricsBlock_table_rows_children_cells_locale_idx";
DROP INDEX IF EXISTS "public"."metricsBlock_table_rows_cells_parent_id_idx";
DROP INDEX IF EXISTS "public"."metricsBlock_table_rows_cells_order_idx";
DROP INDEX IF EXISTS "public"."metricsBlock_table_rows_cells_locale_idx";
DROP INDEX IF EXISTS "public"."metricsBlock_table_headers_parent_id_idx";
DROP INDEX IF EXISTS "public"."metricsBlock_table_headers_order_idx";
DROP INDEX IF EXISTS "public"."metricsBlock_table_headers_locale_idx";
DROP INDEX IF EXISTS "public"."metricsBlock_stats_parent_id_idx";
DROP INDEX IF EXISTS "public"."metricsBlock_stats_order_idx";
DROP INDEX IF EXISTS "public"."metricsBlock_stats_locales_locale_parent_id_unique";
DROP INDEX IF EXISTS "public"."metricsBlock_path_idx";
DROP INDEX IF EXISTS "public"."metricsBlock_parent_id_idx";
DROP INDEX IF EXISTS "public"."metricsBlock_order_idx";
DROP INDEX IF EXISTS "public"."metricsBlock_locales_locale_parent_id_unique";
DROP INDEX IF EXISTS "public"."metricsBlock_block_image_block_image_media_idx";
DROP INDEX IF EXISTS "public"."metricsBlock_block_header_links_parent_id_idx";
DROP INDEX IF EXISTS "public"."metricsBlock_block_header_links_order_idx";
DROP INDEX IF EXISTS "public"."metricsBlock_block_header_links_locales_locale_parent_id_unique";
DROP INDEX IF EXISTS "public"."media_updated_at_idx";
DROP INDEX IF EXISTS "public"."media_sizes_xlarge_sizes_xlarge_filename_idx";
DROP INDEX IF EXISTS "public"."media_sizes_thumbnail_sizes_thumbnail_filename_idx";
DROP INDEX IF EXISTS "public"."media_sizes_square_sizes_square_filename_idx";
DROP INDEX IF EXISTS "public"."media_sizes_small_sizes_small_filename_idx";
DROP INDEX IF EXISTS "public"."media_sizes_og_sizes_og_filename_idx";
DROP INDEX IF EXISTS "public"."media_sizes_medium_sizes_medium_filename_idx";
DROP INDEX IF EXISTS "public"."media_sizes_large_sizes_large_filename_idx";
DROP INDEX IF EXISTS "public"."media_rels_path_idx";
DROP INDEX IF EXISTS "public"."media_rels_parent_idx";
DROP INDEX IF EXISTS "public"."media_rels_order_idx";
DROP INDEX IF EXISTS "public"."media_rels_categories_id_idx";
DROP INDEX IF EXISTS "public"."media_folder_idx";
DROP INDEX IF EXISTS "public"."media_filename_idx";
DROP INDEX IF EXISTS "public"."media_created_at_idx";
DROP INDEX IF EXISTS "public"."logosBlock_path_idx";
DROP INDEX IF EXISTS "public"."logosBlock_parent_id_idx";
DROP INDEX IF EXISTS "public"."logosBlock_order_idx";
DROP INDEX IF EXISTS "public"."logosBlock_locales_locale_parent_id_unique";
DROP INDEX IF EXISTS "public"."logosBlock_block_header_links_parent_id_idx";
DROP INDEX IF EXISTS "public"."logosBlock_block_header_links_order_idx";
DROP INDEX IF EXISTS "public"."logosBlock_block_header_links_locales_locale_parent_id_unique";
DROP INDEX IF EXISTS "public"."header_tabs_parent_id_idx";
DROP INDEX IF EXISTS "public"."header_tabs_order_idx";
DROP INDEX IF EXISTS "public"."header_tabs_nav_items_parent_id_idx";
DROP INDEX IF EXISTS "public"."header_tabs_nav_items_order_idx";
DROP INDEX IF EXISTS "public"."header_tabs_nav_items_locales_locale_parent_id_unique";
DROP INDEX IF EXISTS "public"."header_tabs_nav_items_list_links_links_parent_id_idx";
DROP INDEX IF EXISTS "public"."header_tabs_nav_items_list_links_links_order_idx";
DROP INDEX IF EXISTS "public"."header_tabs_nav_items_list_links_links_locales_locale_parent_id";
DROP INDEX IF EXISTS "public"."header_tabs_nav_items_featured_link_links_parent_id_idx";
DROP INDEX IF EXISTS "public"."header_tabs_nav_items_featured_link_links_order_idx";
DROP INDEX IF EXISTS "public"."header_tabs_nav_items_featured_link_links_locales_locale_parent";
DROP INDEX IF EXISTS "public"."header_tabs_locales_locale_parent_id_unique";
DROP INDEX IF EXISTS "public"."header_tabs_description_links_parent_id_idx";
DROP INDEX IF EXISTS "public"."header_tabs_description_links_order_idx";
DROP INDEX IF EXISTS "public"."header_tabs_description_links_locales_locale_parent_id_unique";
DROP INDEX IF EXISTS "public"."header_rels_path_idx";
DROP INDEX IF EXISTS "public"."header_rels_parent_idx";
DROP INDEX IF EXISTS "public"."header_rels_pages_id_idx";
DROP INDEX IF EXISTS "public"."header_rels_order_idx";
DROP INDEX IF EXISTS "public"."header_rels_blog_posts_id_idx";
DROP INDEX IF EXISTS "public"."header_cta_parent_id_idx";
DROP INDEX IF EXISTS "public"."header_cta_order_idx";
DROP INDEX IF EXISTS "public"."header_cta_locales_locale_parent_id_unique";
DROP INDEX IF EXISTS "public"."galleryBlock_path_idx";
DROP INDEX IF EXISTS "public"."galleryBlock_parent_id_idx";
DROP INDEX IF EXISTS "public"."galleryBlock_order_idx";
DROP INDEX IF EXISTS "public"."galleryBlock_locales_locale_parent_id_unique";
DROP INDEX IF EXISTS "public"."galleryBlock_interactive_gallery_parent_id_idx";
DROP INDEX IF EXISTS "public"."galleryBlock_interactive_gallery_order_idx";
DROP INDEX IF EXISTS "public"."galleryBlock_interactive_gallery_locales_locale_parent_id_uniqu";
DROP INDEX IF EXISTS "public"."galleryBlock_interactive_gallery_image_idx";
DROP INDEX IF EXISTS "public"."galleryBlock_block_header_links_parent_id_idx";
DROP INDEX IF EXISTS "public"."galleryBlock_block_header_links_order_idx";
DROP INDEX IF EXISTS "public"."galleryBlock_block_header_links_locales_locale_parent_id_unique";
DROP INDEX IF EXISTS "public"."forms_updated_at_idx";
DROP INDEX IF EXISTS "public"."forms_locales_locale_parent_id_unique";
DROP INDEX IF EXISTS "public"."forms_emails_parent_id_idx";
DROP INDEX IF EXISTS "public"."forms_emails_order_idx";
DROP INDEX IF EXISTS "public"."forms_emails_locales_locale_parent_id_unique";
DROP INDEX IF EXISTS "public"."forms_created_at_idx";
DROP INDEX IF EXISTS "public"."forms_blocks_textarea_path_idx";
DROP INDEX IF EXISTS "public"."forms_blocks_textarea_parent_id_idx";
DROP INDEX IF EXISTS "public"."forms_blocks_textarea_order_idx";
DROP INDEX IF EXISTS "public"."forms_blocks_textarea_locales_locale_parent_id_unique";
DROP INDEX IF EXISTS "public"."forms_blocks_text_path_idx";
DROP INDEX IF EXISTS "public"."forms_blocks_text_parent_id_idx";
DROP INDEX IF EXISTS "public"."forms_blocks_text_order_idx";
DROP INDEX IF EXISTS "public"."forms_blocks_text_locales_locale_parent_id_unique";
DROP INDEX IF EXISTS "public"."forms_blocks_state_path_idx";
DROP INDEX IF EXISTS "public"."forms_blocks_state_parent_id_idx";
DROP INDEX IF EXISTS "public"."forms_blocks_state_order_idx";
DROP INDEX IF EXISTS "public"."forms_blocks_state_locales_locale_parent_id_unique";
DROP INDEX IF EXISTS "public"."forms_blocks_select_path_idx";
DROP INDEX IF EXISTS "public"."forms_blocks_select_parent_id_idx";
DROP INDEX IF EXISTS "public"."forms_blocks_select_order_idx";
DROP INDEX IF EXISTS "public"."forms_blocks_select_options_parent_id_idx";
DROP INDEX IF EXISTS "public"."forms_blocks_select_options_order_idx";
DROP INDEX IF EXISTS "public"."forms_blocks_select_options_locales_locale_parent_id_unique";
DROP INDEX IF EXISTS "public"."forms_blocks_select_locales_locale_parent_id_unique";
DROP INDEX IF EXISTS "public"."forms_blocks_number_path_idx";
DROP INDEX IF EXISTS "public"."forms_blocks_number_parent_id_idx";
DROP INDEX IF EXISTS "public"."forms_blocks_number_order_idx";
DROP INDEX IF EXISTS "public"."forms_blocks_number_locales_locale_parent_id_unique";
DROP INDEX IF EXISTS "public"."forms_blocks_message_path_idx";
DROP INDEX IF EXISTS "public"."forms_blocks_message_parent_id_idx";
DROP INDEX IF EXISTS "public"."forms_blocks_message_order_idx";
DROP INDEX IF EXISTS "public"."forms_blocks_message_locales_locale_parent_id_unique";
DROP INDEX IF EXISTS "public"."forms_blocks_email_path_idx";
DROP INDEX IF EXISTS "public"."forms_blocks_email_parent_id_idx";
DROP INDEX IF EXISTS "public"."forms_blocks_email_order_idx";
DROP INDEX IF EXISTS "public"."forms_blocks_email_locales_locale_parent_id_unique";
DROP INDEX IF EXISTS "public"."forms_blocks_country_path_idx";
DROP INDEX IF EXISTS "public"."forms_blocks_country_parent_id_idx";
DROP INDEX IF EXISTS "public"."forms_blocks_country_order_idx";
DROP INDEX IF EXISTS "public"."forms_blocks_country_locales_locale_parent_id_unique";
DROP INDEX IF EXISTS "public"."forms_blocks_checkbox_path_idx";
DROP INDEX IF EXISTS "public"."forms_blocks_checkbox_parent_id_idx";
DROP INDEX IF EXISTS "public"."forms_blocks_checkbox_order_idx";
DROP INDEX IF EXISTS "public"."forms_blocks_checkbox_locales_locale_parent_id_unique";
DROP INDEX IF EXISTS "public"."form_submissions_updated_at_idx";
DROP INDEX IF EXISTS "public"."form_submissions_submission_data_parent_id_idx";
DROP INDEX IF EXISTS "public"."form_submissions_submission_data_order_idx";
DROP INDEX IF EXISTS "public"."form_submissions_form_idx";
DROP INDEX IF EXISTS "public"."form_submissions_created_at_idx";
DROP INDEX IF EXISTS "public"."formBlock_path_idx";
DROP INDEX IF EXISTS "public"."formBlock_parent_id_idx";
DROP INDEX IF EXISTS "public"."formBlock_order_idx";
DROP INDEX IF EXISTS "public"."formBlock_form_idx";
DROP INDEX IF EXISTS "public"."footer_rels_path_idx";
DROP INDEX IF EXISTS "public"."footer_rels_parent_idx";
DROP INDEX IF EXISTS "public"."footer_rels_pages_id_idx";
DROP INDEX IF EXISTS "public"."footer_rels_order_idx";
DROP INDEX IF EXISTS "public"."footer_rels_blog_posts_id_idx";
DROP INDEX IF EXISTS "public"."footer_columns_parent_id_idx";
DROP INDEX IF EXISTS "public"."footer_columns_order_idx";
DROP INDEX IF EXISTS "public"."footer_columns_nav_items_parent_id_idx";
DROP INDEX IF EXISTS "public"."footer_columns_nav_items_order_idx";
DROP INDEX IF EXISTS "public"."footer_columns_nav_items_locales_locale_parent_id_unique";
DROP INDEX IF EXISTS "public"."featuresBlock_path_idx";
DROP INDEX IF EXISTS "public"."featuresBlock_parent_id_idx";
DROP INDEX IF EXISTS "public"."featuresBlock_order_idx";
DROP INDEX IF EXISTS "public"."featuresBlock_locales_locale_parent_id_unique";
DROP INDEX IF EXISTS "public"."featuresBlock_columns_parent_id_idx";
DROP INDEX IF EXISTS "public"."featuresBlock_columns_order_idx";
DROP INDEX IF EXISTS "public"."featuresBlock_columns_locales_locale_parent_id_unique";
DROP INDEX IF EXISTS "public"."featuresBlock_columns_image_idx";
DROP INDEX IF EXISTS "public"."featuresBlock_block_image_idx";
DROP INDEX IF EXISTS "public"."featuresBlock_block_header_links_parent_id_idx";
DROP INDEX IF EXISTS "public"."featuresBlock_block_header_links_order_idx";
DROP INDEX IF EXISTS "public"."featuresBlock_block_header_links_locales_locale_parent_id_uniqu";
DROP INDEX IF EXISTS "public"."faq_updated_at_idx";
DROP INDEX IF EXISTS "public"."faq_locales_locale_parent_id_unique";
DROP INDEX IF EXISTS "public"."faq_created_at_idx";
DROP INDEX IF EXISTS "public"."faq_category_idx";
DROP INDEX IF EXISTS "public"."faq__status_idx";
DROP INDEX IF EXISTS "public"."faqBlock_path_idx";
DROP INDEX IF EXISTS "public"."faqBlock_parent_id_idx";
DROP INDEX IF EXISTS "public"."faqBlock_order_idx";
DROP INDEX IF EXISTS "public"."faqBlock_locales_locale_parent_id_unique";
DROP INDEX IF EXISTS "public"."faqBlock_block_header_links_parent_id_idx";
DROP INDEX IF EXISTS "public"."faqBlock_block_header_links_order_idx";
DROP INDEX IF EXISTS "public"."faqBlock_block_header_links_locales_locale_parent_id_unique";
DROP INDEX IF EXISTS "public"."dividerBlock_path_idx";
DROP INDEX IF EXISTS "public"."dividerBlock_parent_id_idx";
DROP INDEX IF EXISTS "public"."dividerBlock_order_idx";
DROP INDEX IF EXISTS "public"."customers_updated_at_idx";
DROP INDEX IF EXISTS "public"."customers_testimonial_testimonial_featured_image_idx";
DROP INDEX IF EXISTS "public"."customers_testimonial_stats_parent_id_idx";
DROP INDEX IF EXISTS "public"."customers_testimonial_stats_order_idx";
DROP INDEX IF EXISTS "public"."customers_testimonial_stats_locales_locale_parent_id_unique";
DROP INDEX IF EXISTS "public"."customers_testimonial_company_testimonial_company_compan_idx";
DROP INDEX IF EXISTS "public"."customers_testimonial_author_info_testimonial_author_inf_idx";
DROP INDEX IF EXISTS "public"."customers_slug_idx";
DROP INDEX IF EXISTS "public"."customers_rels_path_idx";
DROP INDEX IF EXISTS "public"."customers_rels_parent_idx";
DROP INDEX IF EXISTS "public"."customers_rels_pages_id_idx";
DROP INDEX IF EXISTS "public"."customers_rels_order_idx";
DROP INDEX IF EXISTS "public"."customers_rels_categories_id_idx";
DROP INDEX IF EXISTS "public"."customers_rels_blog_posts_id_idx";
DROP INDEX IF EXISTS "public"."customers_locales_locale_parent_id_unique";
DROP INDEX IF EXISTS "public"."customers_created_at_idx";
DROP INDEX IF EXISTS "public"."customers__status_idx";
DROP INDEX IF EXISTS "public"."customHtmlBlock_path_idx";
DROP INDEX IF EXISTS "public"."customHtmlBlock_parent_id_idx";
DROP INDEX IF EXISTS "public"."customHtmlBlock_order_idx";
DROP INDEX IF EXISTS "public"."customHtmlBlock_locales_locale_parent_id_unique";
DROP INDEX IF EXISTS "public"."customHtmlBlock_block_header_links_parent_id_idx";
DROP INDEX IF EXISTS "public"."customHtmlBlock_block_header_links_order_idx";
DROP INDEX IF EXISTS "public"."customHtmlBlock_block_header_links_locales_locale_parent_id_uni";
DROP INDEX IF EXISTS "public"."categories_updated_at_idx";
DROP INDEX IF EXISTS "public"."categories_slug_idx";
DROP INDEX IF EXISTS "public"."categories_parent_idx";
DROP INDEX IF EXISTS "public"."categories_locales_locale_parent_id_unique";
DROP INDEX IF EXISTS "public"."categories_created_at_idx";
DROP INDEX IF EXISTS "public"."categories_breadcrumbs_parent_id_idx";
DROP INDEX IF EXISTS "public"."categories_breadcrumbs_order_idx";
DROP INDEX IF EXISTS "public"."categories_breadcrumbs_locale_idx";
DROP INDEX IF EXISTS "public"."categories_breadcrumbs_doc_idx";
DROP INDEX IF EXISTS "public"."callToActionBlock_path_idx";
DROP INDEX IF EXISTS "public"."callToActionBlock_parent_id_idx";
DROP INDEX IF EXISTS "public"."callToActionBlock_order_idx";
DROP INDEX IF EXISTS "public"."callToActionBlock_media_mobile_media_mobile_light_idx";
DROP INDEX IF EXISTS "public"."callToActionBlock_media_mobile_media_mobile_dark_idx";
DROP INDEX IF EXISTS "public"."callToActionBlock_media_desktop_media_desktop_light_idx";
DROP INDEX IF EXISTS "public"."callToActionBlock_media_desktop_media_desktop_dark_idx";
DROP INDEX IF EXISTS "public"."callToActionBlock_locales_locale_parent_id_unique";
DROP INDEX IF EXISTS "public"."callToActionBlock_list_parent_id_idx";
DROP INDEX IF EXISTS "public"."callToActionBlock_list_order_idx";
DROP INDEX IF EXISTS "public"."callToActionBlock_list_locale_idx";
DROP INDEX IF EXISTS "public"."callToActionBlock_links_parent_id_idx";
DROP INDEX IF EXISTS "public"."callToActionBlock_links_order_idx";
DROP INDEX IF EXISTS "public"."callToActionBlock_links_locales_locale_parent_id_unique";
DROP INDEX IF EXISTS "public"."callToActionBlock_form_idx";
DROP INDEX IF EXISTS "public"."blog_posts_updated_at_idx";
DROP INDEX IF EXISTS "public"."blog_posts_slug_idx";
DROP INDEX IF EXISTS "public"."blog_posts_rels_users_id_idx";
DROP INDEX IF EXISTS "public"."blog_posts_rels_path_idx";
DROP INDEX IF EXISTS "public"."blog_posts_rels_parent_idx";
DROP INDEX IF EXISTS "public"."blog_posts_rels_order_idx";
DROP INDEX IF EXISTS "public"."blog_posts_rels_locale_idx";
DROP INDEX IF EXISTS "public"."blog_posts_rels_categories_id_idx";
DROP INDEX IF EXISTS "public"."blog_posts_rels_blog_posts_id_idx";
DROP INDEX IF EXISTS "public"."blog_posts_populated_authors_parent_id_idx";
DROP INDEX IF EXISTS "public"."blog_posts_populated_authors_order_idx";
DROP INDEX IF EXISTS "public"."blog_posts_meta_meta_image_idx";
DROP INDEX IF EXISTS "public"."blog_posts_locales_locale_parent_id_unique";
DROP INDEX IF EXISTS "public"."blog_posts_hero_image_idx";
DROP INDEX IF EXISTS "public"."blog_posts_created_at_idx";
DROP INDEX IF EXISTS "public"."blog_posts__status_idx";
DROP INDEX IF EXISTS "public"."archiveBlock_path_idx";
DROP INDEX IF EXISTS "public"."archiveBlock_parent_id_idx";
DROP INDEX IF EXISTS "public"."archiveBlock_order_idx";
DROP INDEX IF EXISTS "public"."archiveBlock_locales_locale_parent_id_unique";
DROP INDEX IF EXISTS "public"."archiveBlock_block_header_links_parent_id_idx";
DROP INDEX IF EXISTS "public"."archiveBlock_block_header_links_order_idx";
DROP INDEX IF EXISTS "public"."archiveBlock_block_header_links_locales_locale_parent_id_unique";
DROP INDEX IF EXISTS "public"."_testimonialsBlock_v_path_idx";
DROP INDEX IF EXISTS "public"."_testimonialsBlock_v_parent_id_idx";
DROP INDEX IF EXISTS "public"."_testimonialsBlock_v_order_idx";
DROP INDEX IF EXISTS "public"."_testimonialsBlock_v_locales_locale_parent_id_unique";
DROP INDEX IF EXISTS "public"."_testimonialsBlock_v_block_header_links_parent_id_idx";
DROP INDEX IF EXISTS "public"."_testimonialsBlock_v_block_header_links_order_idx";
DROP INDEX IF EXISTS "public"."_testimonialsBlock_v_block_header_links_locales_locale_parent_i";
DROP INDEX IF EXISTS "public"."_teamBlock_v_team_parent_id_idx";
DROP INDEX IF EXISTS "public"."_teamBlock_v_team_order_idx";
DROP INDEX IF EXISTS "public"."_teamBlock_v_team_locales_locale_parent_id_unique";
DROP INDEX IF EXISTS "public"."_teamBlock_v_team_image_idx";
DROP INDEX IF EXISTS "public"."_teamBlock_v_path_idx";
DROP INDEX IF EXISTS "public"."_teamBlock_v_parent_id_idx";
DROP INDEX IF EXISTS "public"."_teamBlock_v_order_idx";
DROP INDEX IF EXISTS "public"."_teamBlock_v_locales_locale_parent_id_unique";
DROP INDEX IF EXISTS "public"."_teamBlock_v_block_header_links_parent_id_idx";
DROP INDEX IF EXISTS "public"."_teamBlock_v_block_header_links_order_idx";
DROP INDEX IF EXISTS "public"."_teamBlock_v_block_header_links_locales_locale_parent_id_unique";
DROP INDEX IF EXISTS "public"."_richTextBlock_v_path_idx";
DROP INDEX IF EXISTS "public"."_richTextBlock_v_parent_id_idx";
DROP INDEX IF EXISTS "public"."_richTextBlock_v_order_idx";
DROP INDEX IF EXISTS "public"."_richTextBlock_v_locales_locale_parent_id_unique";
DROP INDEX IF EXISTS "public"."_richTextBlock_v_block_header_links_parent_id_idx";
DROP INDEX IF EXISTS "public"."_richTextBlock_v_block_header_links_order_idx";
DROP INDEX IF EXISTS "public"."_richTextBlock_v_block_header_links_locales_locale_parent_id_un";
DROP INDEX IF EXISTS "public"."_pages_v_version_version_updated_at_idx";
DROP INDEX IF EXISTS "public"."_pages_v_version_version_slug_idx";
DROP INDEX IF EXISTS "public"."_pages_v_version_version_created_at_idx";
DROP INDEX IF EXISTS "public"."_pages_v_version_version__status_idx";
DROP INDEX IF EXISTS "public"."_pages_v_version_meta_version_meta_image_idx";
DROP INDEX IF EXISTS "public"."_pages_v_version_hero_media_mobile_version_hero_media_mo_idx";
DROP INDEX IF EXISTS "public"."_pages_v_version_hero_media_mobile_version_hero_media__1_idx";
DROP INDEX IF EXISTS "public"."_pages_v_version_hero_media_desktop_version_hero_media_d_idx";
DROP INDEX IF EXISTS "public"."_pages_v_version_hero_media_desktop_version_hero_media_1_idx";
DROP INDEX IF EXISTS "public"."_pages_v_version_hero_list_items_parent_id_idx";
DROP INDEX IF EXISTS "public"."_pages_v_version_hero_list_items_order_idx";
DROP INDEX IF EXISTS "public"."_pages_v_version_hero_list_items_locales_locale_parent_id_uniqu";
DROP INDEX IF EXISTS "public"."_pages_v_version_hero_links_parent_id_idx";
DROP INDEX IF EXISTS "public"."_pages_v_version_hero_links_order_idx";
DROP INDEX IF EXISTS "public"."_pages_v_version_hero_links_locales_locale_parent_id_unique";
DROP INDEX IF EXISTS "public"."_pages_v_updated_at_idx";
DROP INDEX IF EXISTS "public"."_pages_v_snapshot_idx";
DROP INDEX IF EXISTS "public"."_pages_v_rels_path_idx";
DROP INDEX IF EXISTS "public"."_pages_v_rels_parent_idx";
DROP INDEX IF EXISTS "public"."_pages_v_rels_pages_id_idx";
DROP INDEX IF EXISTS "public"."_pages_v_rels_order_idx";
DROP INDEX IF EXISTS "public"."_pages_v_rels_media_id_idx";
DROP INDEX IF EXISTS "public"."_pages_v_rels_locale_idx";
DROP INDEX IF EXISTS "public"."_pages_v_rels_faq_id_idx";
DROP INDEX IF EXISTS "public"."_pages_v_rels_customers_id_idx";
DROP INDEX IF EXISTS "public"."_pages_v_rels_blog_posts_id_idx";
DROP INDEX IF EXISTS "public"."_pages_v_published_locale_idx";
DROP INDEX IF EXISTS "public"."_pages_v_parent_idx";
DROP INDEX IF EXISTS "public"."_pages_v_locales_locale_parent_id_unique";
DROP INDEX IF EXISTS "public"."_pages_v_latest_idx";
DROP INDEX IF EXISTS "public"."_pages_v_created_at_idx";
DROP INDEX IF EXISTS "public"."_pages_v_autosave_idx";
DROP INDEX IF EXISTS "public"."_metricsBlock_v_table_rows_parent_id_idx";
DROP INDEX IF EXISTS "public"."_metricsBlock_v_table_rows_order_idx";
DROP INDEX IF EXISTS "public"."_metricsBlock_v_table_rows_locale_idx";
DROP INDEX IF EXISTS "public"."_metricsBlock_v_table_rows_children_parent_id_idx";
DROP INDEX IF EXISTS "public"."_metricsBlock_v_table_rows_children_order_idx";
DROP INDEX IF EXISTS "public"."_metricsBlock_v_table_rows_children_locale_idx";
DROP INDEX IF EXISTS "public"."_metricsBlock_v_table_rows_children_cells_parent_id_idx";
DROP INDEX IF EXISTS "public"."_metricsBlock_v_table_rows_children_cells_order_idx";
DROP INDEX IF EXISTS "public"."_metricsBlock_v_table_rows_children_cells_locale_idx";
DROP INDEX IF EXISTS "public"."_metricsBlock_v_table_rows_cells_parent_id_idx";
DROP INDEX IF EXISTS "public"."_metricsBlock_v_table_rows_cells_order_idx";
DROP INDEX IF EXISTS "public"."_metricsBlock_v_table_rows_cells_locale_idx";
DROP INDEX IF EXISTS "public"."_metricsBlock_v_table_headers_parent_id_idx";
DROP INDEX IF EXISTS "public"."_metricsBlock_v_table_headers_order_idx";
DROP INDEX IF EXISTS "public"."_metricsBlock_v_table_headers_locale_idx";
DROP INDEX IF EXISTS "public"."_metricsBlock_v_stats_parent_id_idx";
DROP INDEX IF EXISTS "public"."_metricsBlock_v_stats_order_idx";
DROP INDEX IF EXISTS "public"."_metricsBlock_v_stats_locales_locale_parent_id_unique";
DROP INDEX IF EXISTS "public"."_metricsBlock_v_path_idx";
DROP INDEX IF EXISTS "public"."_metricsBlock_v_parent_id_idx";
DROP INDEX IF EXISTS "public"."_metricsBlock_v_order_idx";
DROP INDEX IF EXISTS "public"."_metricsBlock_v_locales_locale_parent_id_unique";
DROP INDEX IF EXISTS "public"."_metricsBlock_v_block_image_block_image_media_idx";
DROP INDEX IF EXISTS "public"."_metricsBlock_v_block_header_links_parent_id_idx";
DROP INDEX IF EXISTS "public"."_metricsBlock_v_block_header_links_order_idx";
DROP INDEX IF EXISTS "public"."_metricsBlock_v_block_header_links_locales_locale_parent_id_uni";
DROP INDEX IF EXISTS "public"."_logosBlock_v_path_idx";
DROP INDEX IF EXISTS "public"."_logosBlock_v_parent_id_idx";
DROP INDEX IF EXISTS "public"."_logosBlock_v_order_idx";
DROP INDEX IF EXISTS "public"."_logosBlock_v_locales_locale_parent_id_unique";
DROP INDEX IF EXISTS "public"."_logosBlock_v_block_header_links_parent_id_idx";
DROP INDEX IF EXISTS "public"."_logosBlock_v_block_header_links_order_idx";
DROP INDEX IF EXISTS "public"."_logosBlock_v_block_header_links_locales_locale_parent_id_uniqu";
DROP INDEX IF EXISTS "public"."_galleryBlock_v_path_idx";
DROP INDEX IF EXISTS "public"."_galleryBlock_v_parent_id_idx";
DROP INDEX IF EXISTS "public"."_galleryBlock_v_order_idx";
DROP INDEX IF EXISTS "public"."_galleryBlock_v_locales_locale_parent_id_unique";
DROP INDEX IF EXISTS "public"."_galleryBlock_v_interactive_gallery_parent_id_idx";
DROP INDEX IF EXISTS "public"."_galleryBlock_v_interactive_gallery_order_idx";
DROP INDEX IF EXISTS "public"."_galleryBlock_v_interactive_gallery_locales_locale_parent_id_un";
DROP INDEX IF EXISTS "public"."_galleryBlock_v_interactive_gallery_image_idx";
DROP INDEX IF EXISTS "public"."_galleryBlock_v_block_header_links_parent_id_idx";
DROP INDEX IF EXISTS "public"."_galleryBlock_v_block_header_links_order_idx";
DROP INDEX IF EXISTS "public"."_galleryBlock_v_block_header_links_locales_locale_parent_id_uni";
DROP INDEX IF EXISTS "public"."_formBlock_v_path_idx";
DROP INDEX IF EXISTS "public"."_formBlock_v_parent_id_idx";
DROP INDEX IF EXISTS "public"."_formBlock_v_order_idx";
DROP INDEX IF EXISTS "public"."_formBlock_v_form_idx";
DROP INDEX IF EXISTS "public"."_featuresBlock_v_path_idx";
DROP INDEX IF EXISTS "public"."_featuresBlock_v_parent_id_idx";
DROP INDEX IF EXISTS "public"."_featuresBlock_v_order_idx";
DROP INDEX IF EXISTS "public"."_featuresBlock_v_locales_locale_parent_id_unique";
DROP INDEX IF EXISTS "public"."_featuresBlock_v_columns_parent_id_idx";
DROP INDEX IF EXISTS "public"."_featuresBlock_v_columns_order_idx";
DROP INDEX IF EXISTS "public"."_featuresBlock_v_columns_locales_locale_parent_id_unique";
DROP INDEX IF EXISTS "public"."_featuresBlock_v_columns_image_idx";
DROP INDEX IF EXISTS "public"."_featuresBlock_v_block_image_idx";
DROP INDEX IF EXISTS "public"."_featuresBlock_v_block_header_links_parent_id_idx";
DROP INDEX IF EXISTS "public"."_featuresBlock_v_block_header_links_order_idx";
DROP INDEX IF EXISTS "public"."_featuresBlock_v_block_header_links_locales_locale_parent_id_un";
DROP INDEX IF EXISTS "public"."_faq_v_version_version_updated_at_idx";
DROP INDEX IF EXISTS "public"."_faq_v_version_version_created_at_idx";
DROP INDEX IF EXISTS "public"."_faq_v_version_version_category_idx";
DROP INDEX IF EXISTS "public"."_faq_v_version_version__status_idx";
DROP INDEX IF EXISTS "public"."_faq_v_updated_at_idx";
DROP INDEX IF EXISTS "public"."_faq_v_snapshot_idx";
DROP INDEX IF EXISTS "public"."_faq_v_published_locale_idx";
DROP INDEX IF EXISTS "public"."_faq_v_parent_idx";
DROP INDEX IF EXISTS "public"."_faq_v_locales_locale_parent_id_unique";
DROP INDEX IF EXISTS "public"."_faq_v_latest_idx";
DROP INDEX IF EXISTS "public"."_faq_v_created_at_idx";
DROP INDEX IF EXISTS "public"."_faq_v_autosave_idx";
DROP INDEX IF EXISTS "public"."_faqBlock_v_path_idx";
DROP INDEX IF EXISTS "public"."_faqBlock_v_parent_id_idx";
DROP INDEX IF EXISTS "public"."_faqBlock_v_order_idx";
DROP INDEX IF EXISTS "public"."_faqBlock_v_locales_locale_parent_id_unique";
DROP INDEX IF EXISTS "public"."_faqBlock_v_block_header_links_parent_id_idx";
DROP INDEX IF EXISTS "public"."_faqBlock_v_block_header_links_order_idx";
DROP INDEX IF EXISTS "public"."_faqBlock_v_block_header_links_locales_locale_parent_id_unique";
DROP INDEX IF EXISTS "public"."_dividerBlock_v_path_idx";
DROP INDEX IF EXISTS "public"."_dividerBlock_v_parent_id_idx";
DROP INDEX IF EXISTS "public"."_dividerBlock_v_order_idx";
DROP INDEX IF EXISTS "public"."_customers_v_version_version_updated_at_idx";
DROP INDEX IF EXISTS "public"."_customers_v_version_version_slug_idx";
DROP INDEX IF EXISTS "public"."_customers_v_version_version_created_at_idx";
DROP INDEX IF EXISTS "public"."_customers_v_version_version__status_idx";
DROP INDEX IF EXISTS "public"."_customers_v_version_testimonial_version_testimonial_fea_idx";
DROP INDEX IF EXISTS "public"."_customers_v_version_testimonial_stats_parent_id_idx";
DROP INDEX IF EXISTS "public"."_customers_v_version_testimonial_stats_order_idx";
DROP INDEX IF EXISTS "public"."_customers_v_version_testimonial_stats_locales_locale_parent_id";
DROP INDEX IF EXISTS "public"."_customers_v_version_testimonial_company_version_testimo_idx";
DROP INDEX IF EXISTS "public"."_customers_v_version_testimonial_author_info_version_tes_idx";
DROP INDEX IF EXISTS "public"."_customers_v_updated_at_idx";
DROP INDEX IF EXISTS "public"."_customers_v_snapshot_idx";
DROP INDEX IF EXISTS "public"."_customers_v_rels_path_idx";
DROP INDEX IF EXISTS "public"."_customers_v_rels_parent_idx";
DROP INDEX IF EXISTS "public"."_customers_v_rels_pages_id_idx";
DROP INDEX IF EXISTS "public"."_customers_v_rels_order_idx";
DROP INDEX IF EXISTS "public"."_customers_v_rels_categories_id_idx";
DROP INDEX IF EXISTS "public"."_customers_v_rels_blog_posts_id_idx";
DROP INDEX IF EXISTS "public"."_customers_v_published_locale_idx";
DROP INDEX IF EXISTS "public"."_customers_v_parent_idx";
DROP INDEX IF EXISTS "public"."_customers_v_locales_locale_parent_id_unique";
DROP INDEX IF EXISTS "public"."_customers_v_latest_idx";
DROP INDEX IF EXISTS "public"."_customers_v_created_at_idx";
DROP INDEX IF EXISTS "public"."_customers_v_autosave_idx";
DROP INDEX IF EXISTS "public"."_customHtmlBlock_v_path_idx";
DROP INDEX IF EXISTS "public"."_customHtmlBlock_v_parent_id_idx";
DROP INDEX IF EXISTS "public"."_customHtmlBlock_v_order_idx";
DROP INDEX IF EXISTS "public"."_customHtmlBlock_v_locales_locale_parent_id_unique";
DROP INDEX IF EXISTS "public"."_customHtmlBlock_v_block_header_links_parent_id_idx";
DROP INDEX IF EXISTS "public"."_customHtmlBlock_v_block_header_links_order_idx";
DROP INDEX IF EXISTS "public"."_customHtmlBlock_v_block_header_links_locales_locale_parent_id_";
DROP INDEX IF EXISTS "public"."_callToActionBlock_v_path_idx";
DROP INDEX IF EXISTS "public"."_callToActionBlock_v_parent_id_idx";
DROP INDEX IF EXISTS "public"."_callToActionBlock_v_order_idx";
DROP INDEX IF EXISTS "public"."_callToActionBlock_v_media_mobile_media_mobile_light_idx";
DROP INDEX IF EXISTS "public"."_callToActionBlock_v_media_mobile_media_mobile_dark_idx";
DROP INDEX IF EXISTS "public"."_callToActionBlock_v_media_desktop_media_desktop_light_idx";
DROP INDEX IF EXISTS "public"."_callToActionBlock_v_media_desktop_media_desktop_dark_idx";
DROP INDEX IF EXISTS "public"."_callToActionBlock_v_locales_locale_parent_id_unique";
DROP INDEX IF EXISTS "public"."_callToActionBlock_v_list_parent_id_idx";
DROP INDEX IF EXISTS "public"."_callToActionBlock_v_list_order_idx";
DROP INDEX IF EXISTS "public"."_callToActionBlock_v_list_locale_idx";
DROP INDEX IF EXISTS "public"."_callToActionBlock_v_links_parent_id_idx";
DROP INDEX IF EXISTS "public"."_callToActionBlock_v_links_order_idx";
DROP INDEX IF EXISTS "public"."_callToActionBlock_v_links_locales_locale_parent_id_unique";
DROP INDEX IF EXISTS "public"."_callToActionBlock_v_form_idx";
DROP INDEX IF EXISTS "public"."_blog_posts_v_version_version_updated_at_idx";
DROP INDEX IF EXISTS "public"."_blog_posts_v_version_version_slug_idx";
DROP INDEX IF EXISTS "public"."_blog_posts_v_version_version_hero_image_idx";
DROP INDEX IF EXISTS "public"."_blog_posts_v_version_version_created_at_idx";
DROP INDEX IF EXISTS "public"."_blog_posts_v_version_version__status_idx";
DROP INDEX IF EXISTS "public"."_blog_posts_v_version_populated_authors_parent_id_idx";
DROP INDEX IF EXISTS "public"."_blog_posts_v_version_populated_authors_order_idx";
DROP INDEX IF EXISTS "public"."_blog_posts_v_version_meta_version_meta_image_idx";
DROP INDEX IF EXISTS "public"."_blog_posts_v_updated_at_idx";
DROP INDEX IF EXISTS "public"."_blog_posts_v_snapshot_idx";
DROP INDEX IF EXISTS "public"."_blog_posts_v_rels_users_id_idx";
DROP INDEX IF EXISTS "public"."_blog_posts_v_rels_path_idx";
DROP INDEX IF EXISTS "public"."_blog_posts_v_rels_parent_idx";
DROP INDEX IF EXISTS "public"."_blog_posts_v_rels_order_idx";
DROP INDEX IF EXISTS "public"."_blog_posts_v_rels_locale_idx";
DROP INDEX IF EXISTS "public"."_blog_posts_v_rels_categories_id_idx";
DROP INDEX IF EXISTS "public"."_blog_posts_v_rels_blog_posts_id_idx";
DROP INDEX IF EXISTS "public"."_blog_posts_v_published_locale_idx";
DROP INDEX IF EXISTS "public"."_blog_posts_v_parent_idx";
DROP INDEX IF EXISTS "public"."_blog_posts_v_locales_locale_parent_id_unique";
DROP INDEX IF EXISTS "public"."_blog_posts_v_latest_idx";
DROP INDEX IF EXISTS "public"."_blog_posts_v_created_at_idx";
DROP INDEX IF EXISTS "public"."_archiveBlock_v_path_idx";
DROP INDEX IF EXISTS "public"."_archiveBlock_v_parent_id_idx";
DROP INDEX IF EXISTS "public"."_archiveBlock_v_order_idx";
DROP INDEX IF EXISTS "public"."_archiveBlock_v_locales_locale_parent_id_unique";
DROP INDEX IF EXISTS "public"."_archiveBlock_v_block_header_links_parent_id_idx";
DROP INDEX IF EXISTS "public"."_archiveBlock_v_block_header_links_order_idx";
DROP INDEX IF EXISTS "public"."_archiveBlock_v_block_header_links_locales_locale_parent_id_uni";
ALTER TABLE IF EXISTS ONLY "public"."users_sessions" DROP CONSTRAINT IF EXISTS "users_sessions_pkey";
ALTER TABLE IF EXISTS ONLY "public"."users" DROP CONSTRAINT IF EXISTS "users_pkey";
ALTER TABLE IF EXISTS ONLY "public"."users_locales" DROP CONSTRAINT IF EXISTS "users_locales_pkey";
ALTER TABLE IF EXISTS ONLY "public"."testimonialsBlock" DROP CONSTRAINT IF EXISTS "testimonialsBlock_pkey";
ALTER TABLE IF EXISTS ONLY "public"."testimonialsBlock_locales" DROP CONSTRAINT IF EXISTS "testimonialsBlock_locales_pkey";
ALTER TABLE IF EXISTS ONLY "public"."testimonialsBlock_block_header_links" DROP CONSTRAINT IF EXISTS "testimonialsBlock_block_header_links_pkey";
ALTER TABLE IF EXISTS ONLY "public"."testimonialsBlock_block_header_links_locales" DROP CONSTRAINT IF EXISTS "testimonialsBlock_block_header_links_locales_pkey";
ALTER TABLE IF EXISTS ONLY "public"."teamBlock_team" DROP CONSTRAINT IF EXISTS "teamBlock_team_pkey";
ALTER TABLE IF EXISTS ONLY "public"."teamBlock_team_locales" DROP CONSTRAINT IF EXISTS "teamBlock_team_locales_pkey";
ALTER TABLE IF EXISTS ONLY "public"."teamBlock" DROP CONSTRAINT IF EXISTS "teamBlock_pkey";
ALTER TABLE IF EXISTS ONLY "public"."teamBlock_locales" DROP CONSTRAINT IF EXISTS "teamBlock_locales_pkey";
ALTER TABLE IF EXISTS ONLY "public"."teamBlock_block_header_links" DROP CONSTRAINT IF EXISTS "teamBlock_block_header_links_pkey";
ALTER TABLE IF EXISTS ONLY "public"."teamBlock_block_header_links_locales" DROP CONSTRAINT IF EXISTS "teamBlock_block_header_links_locales_pkey";
ALTER TABLE IF EXISTS ONLY "public"."settings_rels" DROP CONSTRAINT IF EXISTS "settings_rels_pkey";
ALTER TABLE IF EXISTS ONLY "public"."settings" DROP CONSTRAINT IF EXISTS "settings_pkey";
ALTER TABLE IF EXISTS ONLY "public"."settings_locales" DROP CONSTRAINT IF EXISTS "settings_locales_pkey";
ALTER TABLE IF EXISTS ONLY "public"."search_rels" DROP CONSTRAINT IF EXISTS "search_rels_pkey";
ALTER TABLE IF EXISTS ONLY "public"."search" DROP CONSTRAINT IF EXISTS "search_pkey";
ALTER TABLE IF EXISTS ONLY "public"."search_locales" DROP CONSTRAINT IF EXISTS "search_locales_pkey";
ALTER TABLE IF EXISTS ONLY "public"."search_categories" DROP CONSTRAINT IF EXISTS "search_categories_pkey";
ALTER TABLE IF EXISTS ONLY "public"."richTextBlock" DROP CONSTRAINT IF EXISTS "richTextBlock_pkey";
ALTER TABLE IF EXISTS ONLY "public"."richTextBlock_locales" DROP CONSTRAINT IF EXISTS "richTextBlock_locales_pkey";
ALTER TABLE IF EXISTS ONLY "public"."richTextBlock_block_header_links" DROP CONSTRAINT IF EXISTS "richTextBlock_block_header_links_pkey";
ALTER TABLE IF EXISTS ONLY "public"."richTextBlock_block_header_links_locales" DROP CONSTRAINT IF EXISTS "richTextBlock_block_header_links_locales_pkey";
ALTER TABLE IF EXISTS ONLY "public"."redirects_rels" DROP CONSTRAINT IF EXISTS "redirects_rels_pkey";
ALTER TABLE IF EXISTS ONLY "public"."redirects" DROP CONSTRAINT IF EXISTS "redirects_pkey";
ALTER TABLE IF EXISTS ONLY "public"."payload_preferences_rels" DROP CONSTRAINT IF EXISTS "payload_preferences_rels_pkey";
ALTER TABLE IF EXISTS ONLY "public"."payload_preferences" DROP CONSTRAINT IF EXISTS "payload_preferences_pkey";
ALTER TABLE IF EXISTS ONLY "public"."payload_migrations" DROP CONSTRAINT IF EXISTS "payload_migrations_pkey";
ALTER TABLE IF EXISTS ONLY "public"."payload_locked_documents_rels" DROP CONSTRAINT IF EXISTS "payload_locked_documents_rels_pkey";
ALTER TABLE IF EXISTS ONLY "public"."payload_locked_documents" DROP CONSTRAINT IF EXISTS "payload_locked_documents_pkey";
ALTER TABLE IF EXISTS ONLY "public"."payload_jobs" DROP CONSTRAINT IF EXISTS "payload_jobs_pkey";
ALTER TABLE IF EXISTS ONLY "public"."payload_jobs_log" DROP CONSTRAINT IF EXISTS "payload_jobs_log_pkey";
ALTER TABLE IF EXISTS ONLY "public"."payload_folders" DROP CONSTRAINT IF EXISTS "payload_folders_pkey";
ALTER TABLE IF EXISTS ONLY "public"."payload_folders_folder_type" DROP CONSTRAINT IF EXISTS "payload_folders_folder_type_pkey";
ALTER TABLE IF EXISTS ONLY "public"."pages_rels" DROP CONSTRAINT IF EXISTS "pages_rels_pkey";
ALTER TABLE IF EXISTS ONLY "public"."pages" DROP CONSTRAINT IF EXISTS "pages_pkey";
ALTER TABLE IF EXISTS ONLY "public"."pages_locales" DROP CONSTRAINT IF EXISTS "pages_locales_pkey";
ALTER TABLE IF EXISTS ONLY "public"."pages_hero_list_items" DROP CONSTRAINT IF EXISTS "pages_hero_list_items_pkey";
ALTER TABLE IF EXISTS ONLY "public"."pages_hero_list_items_locales" DROP CONSTRAINT IF EXISTS "pages_hero_list_items_locales_pkey";
ALTER TABLE IF EXISTS ONLY "public"."pages_hero_links" DROP CONSTRAINT IF EXISTS "pages_hero_links_pkey";
ALTER TABLE IF EXISTS ONLY "public"."pages_hero_links_locales" DROP CONSTRAINT IF EXISTS "pages_hero_links_locales_pkey";
ALTER TABLE IF EXISTS ONLY "public"."metricsBlock_table_rows" DROP CONSTRAINT IF EXISTS "metricsBlock_table_rows_pkey";
ALTER TABLE IF EXISTS ONLY "public"."metricsBlock_table_rows_children" DROP CONSTRAINT IF EXISTS "metricsBlock_table_rows_children_pkey";
ALTER TABLE IF EXISTS ONLY "public"."metricsBlock_table_rows_children_cells" DROP CONSTRAINT IF EXISTS "metricsBlock_table_rows_children_cells_pkey";
ALTER TABLE IF EXISTS ONLY "public"."metricsBlock_table_rows_cells" DROP CONSTRAINT IF EXISTS "metricsBlock_table_rows_cells_pkey";
ALTER TABLE IF EXISTS ONLY "public"."metricsBlock_table_headers" DROP CONSTRAINT IF EXISTS "metricsBlock_table_headers_pkey";
ALTER TABLE IF EXISTS ONLY "public"."metricsBlock_stats" DROP CONSTRAINT IF EXISTS "metricsBlock_stats_pkey";
ALTER TABLE IF EXISTS ONLY "public"."metricsBlock_stats_locales" DROP CONSTRAINT IF EXISTS "metricsBlock_stats_locales_pkey";
ALTER TABLE IF EXISTS ONLY "public"."metricsBlock" DROP CONSTRAINT IF EXISTS "metricsBlock_pkey";
ALTER TABLE IF EXISTS ONLY "public"."metricsBlock_locales" DROP CONSTRAINT IF EXISTS "metricsBlock_locales_pkey";
ALTER TABLE IF EXISTS ONLY "public"."metricsBlock_block_header_links" DROP CONSTRAINT IF EXISTS "metricsBlock_block_header_links_pkey";
ALTER TABLE IF EXISTS ONLY "public"."metricsBlock_block_header_links_locales" DROP CONSTRAINT IF EXISTS "metricsBlock_block_header_links_locales_pkey";
ALTER TABLE IF EXISTS ONLY "public"."media_rels" DROP CONSTRAINT IF EXISTS "media_rels_pkey";
ALTER TABLE IF EXISTS ONLY "public"."media" DROP CONSTRAINT IF EXISTS "media_pkey";
ALTER TABLE IF EXISTS ONLY "public"."logosBlock" DROP CONSTRAINT IF EXISTS "logosBlock_pkey";
ALTER TABLE IF EXISTS ONLY "public"."logosBlock_locales" DROP CONSTRAINT IF EXISTS "logosBlock_locales_pkey";
ALTER TABLE IF EXISTS ONLY "public"."logosBlock_block_header_links" DROP CONSTRAINT IF EXISTS "logosBlock_block_header_links_pkey";
ALTER TABLE IF EXISTS ONLY "public"."logosBlock_block_header_links_locales" DROP CONSTRAINT IF EXISTS "logosBlock_block_header_links_locales_pkey";
ALTER TABLE IF EXISTS ONLY "public"."header_tabs" DROP CONSTRAINT IF EXISTS "header_tabs_pkey";
ALTER TABLE IF EXISTS ONLY "public"."header_tabs_nav_items" DROP CONSTRAINT IF EXISTS "header_tabs_nav_items_pkey";
ALTER TABLE IF EXISTS ONLY "public"."header_tabs_nav_items_locales" DROP CONSTRAINT IF EXISTS "header_tabs_nav_items_locales_pkey";
ALTER TABLE IF EXISTS ONLY "public"."header_tabs_nav_items_list_links_links" DROP CONSTRAINT IF EXISTS "header_tabs_nav_items_list_links_links_pkey";
ALTER TABLE IF EXISTS ONLY "public"."header_tabs_nav_items_list_links_links_locales" DROP CONSTRAINT IF EXISTS "header_tabs_nav_items_list_links_links_locales_pkey";
ALTER TABLE IF EXISTS ONLY "public"."header_tabs_nav_items_featured_link_links" DROP CONSTRAINT IF EXISTS "header_tabs_nav_items_featured_link_links_pkey";
ALTER TABLE IF EXISTS ONLY "public"."header_tabs_nav_items_featured_link_links_locales" DROP CONSTRAINT IF EXISTS "header_tabs_nav_items_featured_link_links_locales_pkey";
ALTER TABLE IF EXISTS ONLY "public"."header_tabs_locales" DROP CONSTRAINT IF EXISTS "header_tabs_locales_pkey";
ALTER TABLE IF EXISTS ONLY "public"."header_tabs_description_links" DROP CONSTRAINT IF EXISTS "header_tabs_description_links_pkey";
ALTER TABLE IF EXISTS ONLY "public"."header_tabs_description_links_locales" DROP CONSTRAINT IF EXISTS "header_tabs_description_links_locales_pkey";
ALTER TABLE IF EXISTS ONLY "public"."header_rels" DROP CONSTRAINT IF EXISTS "header_rels_pkey";
ALTER TABLE IF EXISTS ONLY "public"."header" DROP CONSTRAINT IF EXISTS "header_pkey";
ALTER TABLE IF EXISTS ONLY "public"."header_cta" DROP CONSTRAINT IF EXISTS "header_cta_pkey";
ALTER TABLE IF EXISTS ONLY "public"."header_cta_locales" DROP CONSTRAINT IF EXISTS "header_cta_locales_pkey";
ALTER TABLE IF EXISTS ONLY "public"."galleryBlock" DROP CONSTRAINT IF EXISTS "galleryBlock_pkey";
ALTER TABLE IF EXISTS ONLY "public"."galleryBlock_locales" DROP CONSTRAINT IF EXISTS "galleryBlock_locales_pkey";
ALTER TABLE IF EXISTS ONLY "public"."galleryBlock_interactive_gallery" DROP CONSTRAINT IF EXISTS "galleryBlock_interactive_gallery_pkey";
ALTER TABLE IF EXISTS ONLY "public"."galleryBlock_interactive_gallery_locales" DROP CONSTRAINT IF EXISTS "galleryBlock_interactive_gallery_locales_pkey";
ALTER TABLE IF EXISTS ONLY "public"."galleryBlock_block_header_links" DROP CONSTRAINT IF EXISTS "galleryBlock_block_header_links_pkey";
ALTER TABLE IF EXISTS ONLY "public"."galleryBlock_block_header_links_locales" DROP CONSTRAINT IF EXISTS "galleryBlock_block_header_links_locales_pkey";
ALTER TABLE IF EXISTS ONLY "public"."forms" DROP CONSTRAINT IF EXISTS "forms_pkey";
ALTER TABLE IF EXISTS ONLY "public"."forms_locales" DROP CONSTRAINT IF EXISTS "forms_locales_pkey";
ALTER TABLE IF EXISTS ONLY "public"."forms_emails" DROP CONSTRAINT IF EXISTS "forms_emails_pkey";
ALTER TABLE IF EXISTS ONLY "public"."forms_emails_locales" DROP CONSTRAINT IF EXISTS "forms_emails_locales_pkey";
ALTER TABLE IF EXISTS ONLY "public"."forms_blocks_textarea" DROP CONSTRAINT IF EXISTS "forms_blocks_textarea_pkey";
ALTER TABLE IF EXISTS ONLY "public"."forms_blocks_textarea_locales" DROP CONSTRAINT IF EXISTS "forms_blocks_textarea_locales_pkey";
ALTER TABLE IF EXISTS ONLY "public"."forms_blocks_text" DROP CONSTRAINT IF EXISTS "forms_blocks_text_pkey";
ALTER TABLE IF EXISTS ONLY "public"."forms_blocks_text_locales" DROP CONSTRAINT IF EXISTS "forms_blocks_text_locales_pkey";
ALTER TABLE IF EXISTS ONLY "public"."forms_blocks_state" DROP CONSTRAINT IF EXISTS "forms_blocks_state_pkey";
ALTER TABLE IF EXISTS ONLY "public"."forms_blocks_state_locales" DROP CONSTRAINT IF EXISTS "forms_blocks_state_locales_pkey";
ALTER TABLE IF EXISTS ONLY "public"."forms_blocks_select" DROP CONSTRAINT IF EXISTS "forms_blocks_select_pkey";
ALTER TABLE IF EXISTS ONLY "public"."forms_blocks_select_options" DROP CONSTRAINT IF EXISTS "forms_blocks_select_options_pkey";
ALTER TABLE IF EXISTS ONLY "public"."forms_blocks_select_options_locales" DROP CONSTRAINT IF EXISTS "forms_blocks_select_options_locales_pkey";
ALTER TABLE IF EXISTS ONLY "public"."forms_blocks_select_locales" DROP CONSTRAINT IF EXISTS "forms_blocks_select_locales_pkey";
ALTER TABLE IF EXISTS ONLY "public"."forms_blocks_number" DROP CONSTRAINT IF EXISTS "forms_blocks_number_pkey";
ALTER TABLE IF EXISTS ONLY "public"."forms_blocks_number_locales" DROP CONSTRAINT IF EXISTS "forms_blocks_number_locales_pkey";
ALTER TABLE IF EXISTS ONLY "public"."forms_blocks_message" DROP CONSTRAINT IF EXISTS "forms_blocks_message_pkey";
ALTER TABLE IF EXISTS ONLY "public"."forms_blocks_message_locales" DROP CONSTRAINT IF EXISTS "forms_blocks_message_locales_pkey";
ALTER TABLE IF EXISTS ONLY "public"."forms_blocks_email" DROP CONSTRAINT IF EXISTS "forms_blocks_email_pkey";
ALTER TABLE IF EXISTS ONLY "public"."forms_blocks_email_locales" DROP CONSTRAINT IF EXISTS "forms_blocks_email_locales_pkey";
ALTER TABLE IF EXISTS ONLY "public"."forms_blocks_country" DROP CONSTRAINT IF EXISTS "forms_blocks_country_pkey";
ALTER TABLE IF EXISTS ONLY "public"."forms_blocks_country_locales" DROP CONSTRAINT IF EXISTS "forms_blocks_country_locales_pkey";
ALTER TABLE IF EXISTS ONLY "public"."forms_blocks_checkbox" DROP CONSTRAINT IF EXISTS "forms_blocks_checkbox_pkey";
ALTER TABLE IF EXISTS ONLY "public"."forms_blocks_checkbox_locales" DROP CONSTRAINT IF EXISTS "forms_blocks_checkbox_locales_pkey";
ALTER TABLE IF EXISTS ONLY "public"."form_submissions_submission_data" DROP CONSTRAINT IF EXISTS "form_submissions_submission_data_pkey";
ALTER TABLE IF EXISTS ONLY "public"."form_submissions" DROP CONSTRAINT IF EXISTS "form_submissions_pkey";
ALTER TABLE IF EXISTS ONLY "public"."formBlock" DROP CONSTRAINT IF EXISTS "formBlock_pkey";
ALTER TABLE IF EXISTS ONLY "public"."footer_rels" DROP CONSTRAINT IF EXISTS "footer_rels_pkey";
ALTER TABLE IF EXISTS ONLY "public"."footer" DROP CONSTRAINT IF EXISTS "footer_pkey";
ALTER TABLE IF EXISTS ONLY "public"."footer_columns" DROP CONSTRAINT IF EXISTS "footer_columns_pkey";
ALTER TABLE IF EXISTS ONLY "public"."footer_columns_nav_items" DROP CONSTRAINT IF EXISTS "footer_columns_nav_items_pkey";
ALTER TABLE IF EXISTS ONLY "public"."footer_columns_nav_items_locales" DROP CONSTRAINT IF EXISTS "footer_columns_nav_items_locales_pkey";
ALTER TABLE IF EXISTS ONLY "public"."featuresBlock" DROP CONSTRAINT IF EXISTS "featuresBlock_pkey";
ALTER TABLE IF EXISTS ONLY "public"."featuresBlock_locales" DROP CONSTRAINT IF EXISTS "featuresBlock_locales_pkey";
ALTER TABLE IF EXISTS ONLY "public"."featuresBlock_columns" DROP CONSTRAINT IF EXISTS "featuresBlock_columns_pkey";
ALTER TABLE IF EXISTS ONLY "public"."featuresBlock_columns_locales" DROP CONSTRAINT IF EXISTS "featuresBlock_columns_locales_pkey";
ALTER TABLE IF EXISTS ONLY "public"."featuresBlock_block_header_links" DROP CONSTRAINT IF EXISTS "featuresBlock_block_header_links_pkey";
ALTER TABLE IF EXISTS ONLY "public"."featuresBlock_block_header_links_locales" DROP CONSTRAINT IF EXISTS "featuresBlock_block_header_links_locales_pkey";
ALTER TABLE IF EXISTS ONLY "public"."faq" DROP CONSTRAINT IF EXISTS "faq_pkey";
ALTER TABLE IF EXISTS ONLY "public"."faq_locales" DROP CONSTRAINT IF EXISTS "faq_locales_pkey";
ALTER TABLE IF EXISTS ONLY "public"."faqBlock" DROP CONSTRAINT IF EXISTS "faqBlock_pkey";
ALTER TABLE IF EXISTS ONLY "public"."faqBlock_locales" DROP CONSTRAINT IF EXISTS "faqBlock_locales_pkey";
ALTER TABLE IF EXISTS ONLY "public"."faqBlock_block_header_links" DROP CONSTRAINT IF EXISTS "faqBlock_block_header_links_pkey";
ALTER TABLE IF EXISTS ONLY "public"."faqBlock_block_header_links_locales" DROP CONSTRAINT IF EXISTS "faqBlock_block_header_links_locales_pkey";
ALTER TABLE IF EXISTS ONLY "public"."dividerBlock" DROP CONSTRAINT IF EXISTS "dividerBlock_pkey";
ALTER TABLE IF EXISTS ONLY "public"."customers_testimonial_stats" DROP CONSTRAINT IF EXISTS "customers_testimonial_stats_pkey";
ALTER TABLE IF EXISTS ONLY "public"."customers_testimonial_stats_locales" DROP CONSTRAINT IF EXISTS "customers_testimonial_stats_locales_pkey";
ALTER TABLE IF EXISTS ONLY "public"."customers_rels" DROP CONSTRAINT IF EXISTS "customers_rels_pkey";
ALTER TABLE IF EXISTS ONLY "public"."customers" DROP CONSTRAINT IF EXISTS "customers_pkey";
ALTER TABLE IF EXISTS ONLY "public"."customers_locales" DROP CONSTRAINT IF EXISTS "customers_locales_pkey";
ALTER TABLE IF EXISTS ONLY "public"."customHtmlBlock" DROP CONSTRAINT IF EXISTS "customHtmlBlock_pkey";
ALTER TABLE IF EXISTS ONLY "public"."customHtmlBlock_locales" DROP CONSTRAINT IF EXISTS "customHtmlBlock_locales_pkey";
ALTER TABLE IF EXISTS ONLY "public"."customHtmlBlock_block_header_links" DROP CONSTRAINT IF EXISTS "customHtmlBlock_block_header_links_pkey";
ALTER TABLE IF EXISTS ONLY "public"."customHtmlBlock_block_header_links_locales" DROP CONSTRAINT IF EXISTS "customHtmlBlock_block_header_links_locales_pkey";
ALTER TABLE IF EXISTS ONLY "public"."categories" DROP CONSTRAINT IF EXISTS "categories_pkey";
ALTER TABLE IF EXISTS ONLY "public"."categories_locales" DROP CONSTRAINT IF EXISTS "categories_locales_pkey";
ALTER TABLE IF EXISTS ONLY "public"."categories_breadcrumbs" DROP CONSTRAINT IF EXISTS "categories_breadcrumbs_pkey";
ALTER TABLE IF EXISTS ONLY "public"."callToActionBlock" DROP CONSTRAINT IF EXISTS "callToActionBlock_pkey";
ALTER TABLE IF EXISTS ONLY "public"."callToActionBlock_locales" DROP CONSTRAINT IF EXISTS "callToActionBlock_locales_pkey";
ALTER TABLE IF EXISTS ONLY "public"."callToActionBlock_list" DROP CONSTRAINT IF EXISTS "callToActionBlock_list_pkey";
ALTER TABLE IF EXISTS ONLY "public"."callToActionBlock_links" DROP CONSTRAINT IF EXISTS "callToActionBlock_links_pkey";
ALTER TABLE IF EXISTS ONLY "public"."callToActionBlock_links_locales" DROP CONSTRAINT IF EXISTS "callToActionBlock_links_locales_pkey";
ALTER TABLE IF EXISTS ONLY "public"."blog_posts_rels" DROP CONSTRAINT IF EXISTS "blog_posts_rels_pkey";
ALTER TABLE IF EXISTS ONLY "public"."blog_posts_populated_authors" DROP CONSTRAINT IF EXISTS "blog_posts_populated_authors_pkey";
ALTER TABLE IF EXISTS ONLY "public"."blog_posts" DROP CONSTRAINT IF EXISTS "blog_posts_pkey";
ALTER TABLE IF EXISTS ONLY "public"."blog_posts_locales" DROP CONSTRAINT IF EXISTS "blog_posts_locales_pkey";
ALTER TABLE IF EXISTS ONLY "public"."archiveBlock" DROP CONSTRAINT IF EXISTS "archiveBlock_pkey";
ALTER TABLE IF EXISTS ONLY "public"."archiveBlock_locales" DROP CONSTRAINT IF EXISTS "archiveBlock_locales_pkey";
ALTER TABLE IF EXISTS ONLY "public"."archiveBlock_block_header_links" DROP CONSTRAINT IF EXISTS "archiveBlock_block_header_links_pkey";
ALTER TABLE IF EXISTS ONLY "public"."archiveBlock_block_header_links_locales" DROP CONSTRAINT IF EXISTS "archiveBlock_block_header_links_locales_pkey";
ALTER TABLE IF EXISTS ONLY "public"."_testimonialsBlock_v" DROP CONSTRAINT IF EXISTS "_testimonialsBlock_v_pkey";
ALTER TABLE IF EXISTS ONLY "public"."_testimonialsBlock_v_locales" DROP CONSTRAINT IF EXISTS "_testimonialsBlock_v_locales_pkey";
ALTER TABLE IF EXISTS ONLY "public"."_testimonialsBlock_v_block_header_links" DROP CONSTRAINT IF EXISTS "_testimonialsBlock_v_block_header_links_pkey";
ALTER TABLE IF EXISTS ONLY "public"."_testimonialsBlock_v_block_header_links_locales" DROP CONSTRAINT IF EXISTS "_testimonialsBlock_v_block_header_links_locales_pkey";
ALTER TABLE IF EXISTS ONLY "public"."_teamBlock_v_team" DROP CONSTRAINT IF EXISTS "_teamBlock_v_team_pkey";
ALTER TABLE IF EXISTS ONLY "public"."_teamBlock_v_team_locales" DROP CONSTRAINT IF EXISTS "_teamBlock_v_team_locales_pkey";
ALTER TABLE IF EXISTS ONLY "public"."_teamBlock_v" DROP CONSTRAINT IF EXISTS "_teamBlock_v_pkey";
ALTER TABLE IF EXISTS ONLY "public"."_teamBlock_v_locales" DROP CONSTRAINT IF EXISTS "_teamBlock_v_locales_pkey";
ALTER TABLE IF EXISTS ONLY "public"."_teamBlock_v_block_header_links" DROP CONSTRAINT IF EXISTS "_teamBlock_v_block_header_links_pkey";
ALTER TABLE IF EXISTS ONLY "public"."_teamBlock_v_block_header_links_locales" DROP CONSTRAINT IF EXISTS "_teamBlock_v_block_header_links_locales_pkey";
ALTER TABLE IF EXISTS ONLY "public"."_richTextBlock_v" DROP CONSTRAINT IF EXISTS "_richTextBlock_v_pkey";
ALTER TABLE IF EXISTS ONLY "public"."_richTextBlock_v_locales" DROP CONSTRAINT IF EXISTS "_richTextBlock_v_locales_pkey";
ALTER TABLE IF EXISTS ONLY "public"."_richTextBlock_v_block_header_links" DROP CONSTRAINT IF EXISTS "_richTextBlock_v_block_header_links_pkey";
ALTER TABLE IF EXISTS ONLY "public"."_richTextBlock_v_block_header_links_locales" DROP CONSTRAINT IF EXISTS "_richTextBlock_v_block_header_links_locales_pkey";
ALTER TABLE IF EXISTS ONLY "public"."_pages_v_version_hero_list_items" DROP CONSTRAINT IF EXISTS "_pages_v_version_hero_list_items_pkey";
ALTER TABLE IF EXISTS ONLY "public"."_pages_v_version_hero_list_items_locales" DROP CONSTRAINT IF EXISTS "_pages_v_version_hero_list_items_locales_pkey";
ALTER TABLE IF EXISTS ONLY "public"."_pages_v_version_hero_links" DROP CONSTRAINT IF EXISTS "_pages_v_version_hero_links_pkey";
ALTER TABLE IF EXISTS ONLY "public"."_pages_v_version_hero_links_locales" DROP CONSTRAINT IF EXISTS "_pages_v_version_hero_links_locales_pkey";
ALTER TABLE IF EXISTS ONLY "public"."_pages_v_rels" DROP CONSTRAINT IF EXISTS "_pages_v_rels_pkey";
ALTER TABLE IF EXISTS ONLY "public"."_pages_v" DROP CONSTRAINT IF EXISTS "_pages_v_pkey";
ALTER TABLE IF EXISTS ONLY "public"."_pages_v_locales" DROP CONSTRAINT IF EXISTS "_pages_v_locales_pkey";
ALTER TABLE IF EXISTS ONLY "public"."_metricsBlock_v_table_rows" DROP CONSTRAINT IF EXISTS "_metricsBlock_v_table_rows_pkey";
ALTER TABLE IF EXISTS ONLY "public"."_metricsBlock_v_table_rows_children" DROP CONSTRAINT IF EXISTS "_metricsBlock_v_table_rows_children_pkey";
ALTER TABLE IF EXISTS ONLY "public"."_metricsBlock_v_table_rows_children_cells" DROP CONSTRAINT IF EXISTS "_metricsBlock_v_table_rows_children_cells_pkey";
ALTER TABLE IF EXISTS ONLY "public"."_metricsBlock_v_table_rows_cells" DROP CONSTRAINT IF EXISTS "_metricsBlock_v_table_rows_cells_pkey";
ALTER TABLE IF EXISTS ONLY "public"."_metricsBlock_v_table_headers" DROP CONSTRAINT IF EXISTS "_metricsBlock_v_table_headers_pkey";
ALTER TABLE IF EXISTS ONLY "public"."_metricsBlock_v_stats" DROP CONSTRAINT IF EXISTS "_metricsBlock_v_stats_pkey";
ALTER TABLE IF EXISTS ONLY "public"."_metricsBlock_v_stats_locales" DROP CONSTRAINT IF EXISTS "_metricsBlock_v_stats_locales_pkey";
ALTER TABLE IF EXISTS ONLY "public"."_metricsBlock_v" DROP CONSTRAINT IF EXISTS "_metricsBlock_v_pkey";
ALTER TABLE IF EXISTS ONLY "public"."_metricsBlock_v_locales" DROP CONSTRAINT IF EXISTS "_metricsBlock_v_locales_pkey";
ALTER TABLE IF EXISTS ONLY "public"."_metricsBlock_v_block_header_links" DROP CONSTRAINT IF EXISTS "_metricsBlock_v_block_header_links_pkey";
ALTER TABLE IF EXISTS ONLY "public"."_metricsBlock_v_block_header_links_locales" DROP CONSTRAINT IF EXISTS "_metricsBlock_v_block_header_links_locales_pkey";
ALTER TABLE IF EXISTS ONLY "public"."_logosBlock_v" DROP CONSTRAINT IF EXISTS "_logosBlock_v_pkey";
ALTER TABLE IF EXISTS ONLY "public"."_logosBlock_v_locales" DROP CONSTRAINT IF EXISTS "_logosBlock_v_locales_pkey";
ALTER TABLE IF EXISTS ONLY "public"."_logosBlock_v_block_header_links" DROP CONSTRAINT IF EXISTS "_logosBlock_v_block_header_links_pkey";
ALTER TABLE IF EXISTS ONLY "public"."_logosBlock_v_block_header_links_locales" DROP CONSTRAINT IF EXISTS "_logosBlock_v_block_header_links_locales_pkey";
ALTER TABLE IF EXISTS ONLY "public"."_galleryBlock_v" DROP CONSTRAINT IF EXISTS "_galleryBlock_v_pkey";
ALTER TABLE IF EXISTS ONLY "public"."_galleryBlock_v_locales" DROP CONSTRAINT IF EXISTS "_galleryBlock_v_locales_pkey";
ALTER TABLE IF EXISTS ONLY "public"."_galleryBlock_v_interactive_gallery" DROP CONSTRAINT IF EXISTS "_galleryBlock_v_interactive_gallery_pkey";
ALTER TABLE IF EXISTS ONLY "public"."_galleryBlock_v_interactive_gallery_locales" DROP CONSTRAINT IF EXISTS "_galleryBlock_v_interactive_gallery_locales_pkey";
ALTER TABLE IF EXISTS ONLY "public"."_galleryBlock_v_block_header_links" DROP CONSTRAINT IF EXISTS "_galleryBlock_v_block_header_links_pkey";
ALTER TABLE IF EXISTS ONLY "public"."_galleryBlock_v_block_header_links_locales" DROP CONSTRAINT IF EXISTS "_galleryBlock_v_block_header_links_locales_pkey";
ALTER TABLE IF EXISTS ONLY "public"."_formBlock_v" DROP CONSTRAINT IF EXISTS "_formBlock_v_pkey";
ALTER TABLE IF EXISTS ONLY "public"."_featuresBlock_v" DROP CONSTRAINT IF EXISTS "_featuresBlock_v_pkey";
ALTER TABLE IF EXISTS ONLY "public"."_featuresBlock_v_locales" DROP CONSTRAINT IF EXISTS "_featuresBlock_v_locales_pkey";
ALTER TABLE IF EXISTS ONLY "public"."_featuresBlock_v_columns" DROP CONSTRAINT IF EXISTS "_featuresBlock_v_columns_pkey";
ALTER TABLE IF EXISTS ONLY "public"."_featuresBlock_v_columns_locales" DROP CONSTRAINT IF EXISTS "_featuresBlock_v_columns_locales_pkey";
ALTER TABLE IF EXISTS ONLY "public"."_featuresBlock_v_block_header_links" DROP CONSTRAINT IF EXISTS "_featuresBlock_v_block_header_links_pkey";
ALTER TABLE IF EXISTS ONLY "public"."_featuresBlock_v_block_header_links_locales" DROP CONSTRAINT IF EXISTS "_featuresBlock_v_block_header_links_locales_pkey";
ALTER TABLE IF EXISTS ONLY "public"."_faq_v" DROP CONSTRAINT IF EXISTS "_faq_v_pkey";
ALTER TABLE IF EXISTS ONLY "public"."_faq_v_locales" DROP CONSTRAINT IF EXISTS "_faq_v_locales_pkey";
ALTER TABLE IF EXISTS ONLY "public"."_faqBlock_v" DROP CONSTRAINT IF EXISTS "_faqBlock_v_pkey";
ALTER TABLE IF EXISTS ONLY "public"."_faqBlock_v_locales" DROP CONSTRAINT IF EXISTS "_faqBlock_v_locales_pkey";
ALTER TABLE IF EXISTS ONLY "public"."_faqBlock_v_block_header_links" DROP CONSTRAINT IF EXISTS "_faqBlock_v_block_header_links_pkey";
ALTER TABLE IF EXISTS ONLY "public"."_faqBlock_v_block_header_links_locales" DROP CONSTRAINT IF EXISTS "_faqBlock_v_block_header_links_locales_pkey";
ALTER TABLE IF EXISTS ONLY "public"."_dividerBlock_v" DROP CONSTRAINT IF EXISTS "_dividerBlock_v_pkey";
ALTER TABLE IF EXISTS ONLY "public"."_customers_v_version_testimonial_stats" DROP CONSTRAINT IF EXISTS "_customers_v_version_testimonial_stats_pkey";
ALTER TABLE IF EXISTS ONLY "public"."_customers_v_version_testimonial_stats_locales" DROP CONSTRAINT IF EXISTS "_customers_v_version_testimonial_stats_locales_pkey";
ALTER TABLE IF EXISTS ONLY "public"."_customers_v_rels" DROP CONSTRAINT IF EXISTS "_customers_v_rels_pkey";
ALTER TABLE IF EXISTS ONLY "public"."_customers_v" DROP CONSTRAINT IF EXISTS "_customers_v_pkey";
ALTER TABLE IF EXISTS ONLY "public"."_customers_v_locales" DROP CONSTRAINT IF EXISTS "_customers_v_locales_pkey";
ALTER TABLE IF EXISTS ONLY "public"."_customHtmlBlock_v" DROP CONSTRAINT IF EXISTS "_customHtmlBlock_v_pkey";
ALTER TABLE IF EXISTS ONLY "public"."_customHtmlBlock_v_locales" DROP CONSTRAINT IF EXISTS "_customHtmlBlock_v_locales_pkey";
ALTER TABLE IF EXISTS ONLY "public"."_customHtmlBlock_v_block_header_links" DROP CONSTRAINT IF EXISTS "_customHtmlBlock_v_block_header_links_pkey";
ALTER TABLE IF EXISTS ONLY "public"."_customHtmlBlock_v_block_header_links_locales" DROP CONSTRAINT IF EXISTS "_customHtmlBlock_v_block_header_links_locales_pkey";
ALTER TABLE IF EXISTS ONLY "public"."_callToActionBlock_v" DROP CONSTRAINT IF EXISTS "_callToActionBlock_v_pkey";
ALTER TABLE IF EXISTS ONLY "public"."_callToActionBlock_v_locales" DROP CONSTRAINT IF EXISTS "_callToActionBlock_v_locales_pkey";
ALTER TABLE IF EXISTS ONLY "public"."_callToActionBlock_v_list" DROP CONSTRAINT IF EXISTS "_callToActionBlock_v_list_pkey";
ALTER TABLE IF EXISTS ONLY "public"."_callToActionBlock_v_links" DROP CONSTRAINT IF EXISTS "_callToActionBlock_v_links_pkey";
ALTER TABLE IF EXISTS ONLY "public"."_callToActionBlock_v_links_locales" DROP CONSTRAINT IF EXISTS "_callToActionBlock_v_links_locales_pkey";
ALTER TABLE IF EXISTS ONLY "public"."_blog_posts_v_version_populated_authors" DROP CONSTRAINT IF EXISTS "_blog_posts_v_version_populated_authors_pkey";
ALTER TABLE IF EXISTS ONLY "public"."_blog_posts_v_rels" DROP CONSTRAINT IF EXISTS "_blog_posts_v_rels_pkey";
ALTER TABLE IF EXISTS ONLY "public"."_blog_posts_v" DROP CONSTRAINT IF EXISTS "_blog_posts_v_pkey";
ALTER TABLE IF EXISTS ONLY "public"."_blog_posts_v_locales" DROP CONSTRAINT IF EXISTS "_blog_posts_v_locales_pkey";
ALTER TABLE IF EXISTS ONLY "public"."_archiveBlock_v" DROP CONSTRAINT IF EXISTS "_archiveBlock_v_pkey";
ALTER TABLE IF EXISTS ONLY "public"."_archiveBlock_v_locales" DROP CONSTRAINT IF EXISTS "_archiveBlock_v_locales_pkey";
ALTER TABLE IF EXISTS ONLY "public"."_archiveBlock_v_block_header_links" DROP CONSTRAINT IF EXISTS "_archiveBlock_v_block_header_links_pkey";
ALTER TABLE IF EXISTS ONLY "public"."_archiveBlock_v_block_header_links_locales" DROP CONSTRAINT IF EXISTS "_archiveBlock_v_block_header_links_locales_pkey";
ALTER TABLE IF EXISTS "public"."users_locales" ALTER COLUMN "id" DROP DEFAULT;
ALTER TABLE IF EXISTS "public"."testimonialsBlock_locales" ALTER COLUMN "id" DROP DEFAULT;
ALTER TABLE IF EXISTS "public"."testimonialsBlock_block_header_links_locales" ALTER COLUMN "id" DROP DEFAULT;
ALTER TABLE IF EXISTS "public"."teamBlock_team_locales" ALTER COLUMN "id" DROP DEFAULT;
ALTER TABLE IF EXISTS "public"."teamBlock_locales" ALTER COLUMN "id" DROP DEFAULT;
ALTER TABLE IF EXISTS "public"."teamBlock_block_header_links_locales" ALTER COLUMN "id" DROP DEFAULT;
ALTER TABLE IF EXISTS "public"."settings_rels" ALTER COLUMN "id" DROP DEFAULT;
ALTER TABLE IF EXISTS "public"."settings_locales" ALTER COLUMN "id" DROP DEFAULT;
ALTER TABLE IF EXISTS "public"."search_rels" ALTER COLUMN "id" DROP DEFAULT;
ALTER TABLE IF EXISTS "public"."search_locales" ALTER COLUMN "id" DROP DEFAULT;
ALTER TABLE IF EXISTS "public"."richTextBlock_locales" ALTER COLUMN "id" DROP DEFAULT;
ALTER TABLE IF EXISTS "public"."richTextBlock_block_header_links_locales" ALTER COLUMN "id" DROP DEFAULT;
ALTER TABLE IF EXISTS "public"."redirects_rels" ALTER COLUMN "id" DROP DEFAULT;
ALTER TABLE IF EXISTS "public"."payload_preferences_rels" ALTER COLUMN "id" DROP DEFAULT;
ALTER TABLE IF EXISTS "public"."payload_locked_documents_rels" ALTER COLUMN "id" DROP DEFAULT;
ALTER TABLE IF EXISTS "public"."pages_rels" ALTER COLUMN "id" DROP DEFAULT;
ALTER TABLE IF EXISTS "public"."pages_locales" ALTER COLUMN "id" DROP DEFAULT;
ALTER TABLE IF EXISTS "public"."pages_hero_list_items_locales" ALTER COLUMN "id" DROP DEFAULT;
ALTER TABLE IF EXISTS "public"."pages_hero_links_locales" ALTER COLUMN "id" DROP DEFAULT;
ALTER TABLE IF EXISTS "public"."metricsBlock_stats_locales" ALTER COLUMN "id" DROP DEFAULT;
ALTER TABLE IF EXISTS "public"."metricsBlock_locales" ALTER COLUMN "id" DROP DEFAULT;
ALTER TABLE IF EXISTS "public"."metricsBlock_block_header_links_locales" ALTER COLUMN "id" DROP DEFAULT;
ALTER TABLE IF EXISTS "public"."media_rels" ALTER COLUMN "id" DROP DEFAULT;
ALTER TABLE IF EXISTS "public"."logosBlock_locales" ALTER COLUMN "id" DROP DEFAULT;
ALTER TABLE IF EXISTS "public"."logosBlock_block_header_links_locales" ALTER COLUMN "id" DROP DEFAULT;
ALTER TABLE IF EXISTS "public"."header_tabs_nav_items_locales" ALTER COLUMN "id" DROP DEFAULT;
ALTER TABLE IF EXISTS "public"."header_tabs_nav_items_list_links_links_locales" ALTER COLUMN "id" DROP DEFAULT;
ALTER TABLE IF EXISTS "public"."header_tabs_nav_items_featured_link_links_locales" ALTER COLUMN "id" DROP DEFAULT;
ALTER TABLE IF EXISTS "public"."header_tabs_locales" ALTER COLUMN "id" DROP DEFAULT;
ALTER TABLE IF EXISTS "public"."header_tabs_description_links_locales" ALTER COLUMN "id" DROP DEFAULT;
ALTER TABLE IF EXISTS "public"."header_rels" ALTER COLUMN "id" DROP DEFAULT;
ALTER TABLE IF EXISTS "public"."header_cta_locales" ALTER COLUMN "id" DROP DEFAULT;
ALTER TABLE IF EXISTS "public"."galleryBlock_locales" ALTER COLUMN "id" DROP DEFAULT;
ALTER TABLE IF EXISTS "public"."galleryBlock_interactive_gallery_locales" ALTER COLUMN "id" DROP DEFAULT;
ALTER TABLE IF EXISTS "public"."galleryBlock_block_header_links_locales" ALTER COLUMN "id" DROP DEFAULT;
ALTER TABLE IF EXISTS "public"."forms_locales" ALTER COLUMN "id" DROP DEFAULT;
ALTER TABLE IF EXISTS "public"."forms_emails_locales" ALTER COLUMN "id" DROP DEFAULT;
ALTER TABLE IF EXISTS "public"."forms_blocks_textarea_locales" ALTER COLUMN "id" DROP DEFAULT;
ALTER TABLE IF EXISTS "public"."forms_blocks_text_locales" ALTER COLUMN "id" DROP DEFAULT;
ALTER TABLE IF EXISTS "public"."forms_blocks_state_locales" ALTER COLUMN "id" DROP DEFAULT;
ALTER TABLE IF EXISTS "public"."forms_blocks_select_options_locales" ALTER COLUMN "id" DROP DEFAULT;
ALTER TABLE IF EXISTS "public"."forms_blocks_select_locales" ALTER COLUMN "id" DROP DEFAULT;
ALTER TABLE IF EXISTS "public"."forms_blocks_number_locales" ALTER COLUMN "id" DROP DEFAULT;
ALTER TABLE IF EXISTS "public"."forms_blocks_message_locales" ALTER COLUMN "id" DROP DEFAULT;
ALTER TABLE IF EXISTS "public"."forms_blocks_email_locales" ALTER COLUMN "id" DROP DEFAULT;
ALTER TABLE IF EXISTS "public"."forms_blocks_country_locales" ALTER COLUMN "id" DROP DEFAULT;
ALTER TABLE IF EXISTS "public"."forms_blocks_checkbox_locales" ALTER COLUMN "id" DROP DEFAULT;
ALTER TABLE IF EXISTS "public"."footer_rels" ALTER COLUMN "id" DROP DEFAULT;
ALTER TABLE IF EXISTS "public"."footer_columns_nav_items_locales" ALTER COLUMN "id" DROP DEFAULT;
ALTER TABLE IF EXISTS "public"."featuresBlock_locales" ALTER COLUMN "id" DROP DEFAULT;
ALTER TABLE IF EXISTS "public"."featuresBlock_columns_locales" ALTER COLUMN "id" DROP DEFAULT;
ALTER TABLE IF EXISTS "public"."featuresBlock_block_header_links_locales" ALTER COLUMN "id" DROP DEFAULT;
ALTER TABLE IF EXISTS "public"."faq_locales" ALTER COLUMN "id" DROP DEFAULT;
ALTER TABLE IF EXISTS "public"."faqBlock_locales" ALTER COLUMN "id" DROP DEFAULT;
ALTER TABLE IF EXISTS "public"."faqBlock_block_header_links_locales" ALTER COLUMN "id" DROP DEFAULT;
ALTER TABLE IF EXISTS "public"."customers_testimonial_stats_locales" ALTER COLUMN "id" DROP DEFAULT;
ALTER TABLE IF EXISTS "public"."customers_rels" ALTER COLUMN "id" DROP DEFAULT;
ALTER TABLE IF EXISTS "public"."customers_locales" ALTER COLUMN "id" DROP DEFAULT;
ALTER TABLE IF EXISTS "public"."customHtmlBlock_locales" ALTER COLUMN "id" DROP DEFAULT;
ALTER TABLE IF EXISTS "public"."customHtmlBlock_block_header_links_locales" ALTER COLUMN "id" DROP DEFAULT;
ALTER TABLE IF EXISTS "public"."categories_locales" ALTER COLUMN "id" DROP DEFAULT;
ALTER TABLE IF EXISTS "public"."callToActionBlock_locales" ALTER COLUMN "id" DROP DEFAULT;
ALTER TABLE IF EXISTS "public"."callToActionBlock_links_locales" ALTER COLUMN "id" DROP DEFAULT;
ALTER TABLE IF EXISTS "public"."blog_posts_rels" ALTER COLUMN "id" DROP DEFAULT;
ALTER TABLE IF EXISTS "public"."blog_posts_locales" ALTER COLUMN "id" DROP DEFAULT;
ALTER TABLE IF EXISTS "public"."archiveBlock_locales" ALTER COLUMN "id" DROP DEFAULT;
ALTER TABLE IF EXISTS "public"."archiveBlock_block_header_links_locales" ALTER COLUMN "id" DROP DEFAULT;
ALTER TABLE IF EXISTS "public"."_testimonialsBlock_v_locales" ALTER COLUMN "id" DROP DEFAULT;
ALTER TABLE IF EXISTS "public"."_testimonialsBlock_v_block_header_links_locales" ALTER COLUMN "id" DROP DEFAULT;
ALTER TABLE IF EXISTS "public"."_teamBlock_v_team_locales" ALTER COLUMN "id" DROP DEFAULT;
ALTER TABLE IF EXISTS "public"."_teamBlock_v_locales" ALTER COLUMN "id" DROP DEFAULT;
ALTER TABLE IF EXISTS "public"."_teamBlock_v_block_header_links_locales" ALTER COLUMN "id" DROP DEFAULT;
ALTER TABLE IF EXISTS "public"."_richTextBlock_v_locales" ALTER COLUMN "id" DROP DEFAULT;
ALTER TABLE IF EXISTS "public"."_richTextBlock_v_block_header_links_locales" ALTER COLUMN "id" DROP DEFAULT;
ALTER TABLE IF EXISTS "public"."_pages_v_version_hero_list_items_locales" ALTER COLUMN "id" DROP DEFAULT;
ALTER TABLE IF EXISTS "public"."_pages_v_version_hero_links_locales" ALTER COLUMN "id" DROP DEFAULT;
ALTER TABLE IF EXISTS "public"."_pages_v_rels" ALTER COLUMN "id" DROP DEFAULT;
ALTER TABLE IF EXISTS "public"."_pages_v_locales" ALTER COLUMN "id" DROP DEFAULT;
ALTER TABLE IF EXISTS "public"."_metricsBlock_v_stats_locales" ALTER COLUMN "id" DROP DEFAULT;
ALTER TABLE IF EXISTS "public"."_metricsBlock_v_locales" ALTER COLUMN "id" DROP DEFAULT;
ALTER TABLE IF EXISTS "public"."_metricsBlock_v_block_header_links_locales" ALTER COLUMN "id" DROP DEFAULT;
ALTER TABLE IF EXISTS "public"."_logosBlock_v_locales" ALTER COLUMN "id" DROP DEFAULT;
ALTER TABLE IF EXISTS "public"."_logosBlock_v_block_header_links_locales" ALTER COLUMN "id" DROP DEFAULT;
ALTER TABLE IF EXISTS "public"."_galleryBlock_v_locales" ALTER COLUMN "id" DROP DEFAULT;
ALTER TABLE IF EXISTS "public"."_galleryBlock_v_interactive_gallery_locales" ALTER COLUMN "id" DROP DEFAULT;
ALTER TABLE IF EXISTS "public"."_galleryBlock_v_block_header_links_locales" ALTER COLUMN "id" DROP DEFAULT;
ALTER TABLE IF EXISTS "public"."_featuresBlock_v_locales" ALTER COLUMN "id" DROP DEFAULT;
ALTER TABLE IF EXISTS "public"."_featuresBlock_v_columns_locales" ALTER COLUMN "id" DROP DEFAULT;
ALTER TABLE IF EXISTS "public"."_featuresBlock_v_block_header_links_locales" ALTER COLUMN "id" DROP DEFAULT;
ALTER TABLE IF EXISTS "public"."_faq_v_locales" ALTER COLUMN "id" DROP DEFAULT;
ALTER TABLE IF EXISTS "public"."_faqBlock_v_locales" ALTER COLUMN "id" DROP DEFAULT;
ALTER TABLE IF EXISTS "public"."_faqBlock_v_block_header_links_locales" ALTER COLUMN "id" DROP DEFAULT;
ALTER TABLE IF EXISTS "public"."_customers_v_version_testimonial_stats_locales" ALTER COLUMN "id" DROP DEFAULT;
ALTER TABLE IF EXISTS "public"."_customers_v_rels" ALTER COLUMN "id" DROP DEFAULT;
ALTER TABLE IF EXISTS "public"."_customers_v_locales" ALTER COLUMN "id" DROP DEFAULT;
ALTER TABLE IF EXISTS "public"."_customHtmlBlock_v_locales" ALTER COLUMN "id" DROP DEFAULT;
ALTER TABLE IF EXISTS "public"."_customHtmlBlock_v_block_header_links_locales" ALTER COLUMN "id" DROP DEFAULT;
ALTER TABLE IF EXISTS "public"."_callToActionBlock_v_locales" ALTER COLUMN "id" DROP DEFAULT;
ALTER TABLE IF EXISTS "public"."_callToActionBlock_v_links_locales" ALTER COLUMN "id" DROP DEFAULT;
ALTER TABLE IF EXISTS "public"."_blog_posts_v_rels" ALTER COLUMN "id" DROP DEFAULT;
ALTER TABLE IF EXISTS "public"."_blog_posts_v_locales" ALTER COLUMN "id" DROP DEFAULT;
ALTER TABLE IF EXISTS "public"."_archiveBlock_v_locales" ALTER COLUMN "id" DROP DEFAULT;
ALTER TABLE IF EXISTS "public"."_archiveBlock_v_block_header_links_locales" ALTER COLUMN "id" DROP DEFAULT;
DROP TABLE IF EXISTS "public"."users_sessions";
DROP SEQUENCE IF EXISTS "public"."users_locales_id_seq";
DROP TABLE IF EXISTS "public"."users_locales";
DROP TABLE IF EXISTS "public"."users";
DROP SEQUENCE IF EXISTS "public"."testimonialsBlock_locales_id_seq";
DROP TABLE IF EXISTS "public"."testimonialsBlock_locales";
DROP SEQUENCE IF EXISTS "public"."testimonialsBlock_block_header_links_locales_id_seq";
DROP TABLE IF EXISTS "public"."testimonialsBlock_block_header_links_locales";
DROP TABLE IF EXISTS "public"."testimonialsBlock_block_header_links";
DROP TABLE IF EXISTS "public"."testimonialsBlock";
DROP SEQUENCE IF EXISTS "public"."teamBlock_team_locales_id_seq";
DROP TABLE IF EXISTS "public"."teamBlock_team_locales";
DROP TABLE IF EXISTS "public"."teamBlock_team";
DROP SEQUENCE IF EXISTS "public"."teamBlock_locales_id_seq";
DROP TABLE IF EXISTS "public"."teamBlock_locales";
DROP SEQUENCE IF EXISTS "public"."teamBlock_block_header_links_locales_id_seq";
DROP TABLE IF EXISTS "public"."teamBlock_block_header_links_locales";
DROP TABLE IF EXISTS "public"."teamBlock_block_header_links";
DROP TABLE IF EXISTS "public"."teamBlock";
DROP SEQUENCE IF EXISTS "public"."settings_rels_id_seq";
DROP TABLE IF EXISTS "public"."settings_rels";
DROP SEQUENCE IF EXISTS "public"."settings_locales_id_seq";
DROP TABLE IF EXISTS "public"."settings_locales";
DROP TABLE IF EXISTS "public"."settings";
DROP SEQUENCE IF EXISTS "public"."search_rels_id_seq";
DROP TABLE IF EXISTS "public"."search_rels";
DROP SEQUENCE IF EXISTS "public"."search_locales_id_seq";
DROP TABLE IF EXISTS "public"."search_locales";
DROP TABLE IF EXISTS "public"."search_categories";
DROP TABLE IF EXISTS "public"."search";
DROP SEQUENCE IF EXISTS "public"."richTextBlock_locales_id_seq";
DROP TABLE IF EXISTS "public"."richTextBlock_locales";
DROP SEQUENCE IF EXISTS "public"."richTextBlock_block_header_links_locales_id_seq";
DROP TABLE IF EXISTS "public"."richTextBlock_block_header_links_locales";
DROP TABLE IF EXISTS "public"."richTextBlock_block_header_links";
DROP TABLE IF EXISTS "public"."richTextBlock";
DROP SEQUENCE IF EXISTS "public"."redirects_rels_id_seq";
DROP TABLE IF EXISTS "public"."redirects_rels";
DROP TABLE IF EXISTS "public"."redirects";
DROP SEQUENCE IF EXISTS "public"."payload_preferences_rels_id_seq";
DROP TABLE IF EXISTS "public"."payload_preferences_rels";
DROP TABLE IF EXISTS "public"."payload_preferences";
DROP TABLE IF EXISTS "public"."payload_migrations";
DROP SEQUENCE IF EXISTS "public"."payload_locked_documents_rels_id_seq";
DROP TABLE IF EXISTS "public"."payload_locked_documents_rels";
DROP TABLE IF EXISTS "public"."payload_locked_documents";
DROP TABLE IF EXISTS "public"."payload_jobs_log";
DROP TABLE IF EXISTS "public"."payload_jobs";
DROP TABLE IF EXISTS "public"."payload_folders_folder_type";
DROP TABLE IF EXISTS "public"."payload_folders";
DROP SEQUENCE IF EXISTS "public"."pages_rels_id_seq";
DROP TABLE IF EXISTS "public"."pages_rels";
DROP SEQUENCE IF EXISTS "public"."pages_locales_id_seq";
DROP TABLE IF EXISTS "public"."pages_locales";
DROP SEQUENCE IF EXISTS "public"."pages_hero_list_items_locales_id_seq";
DROP TABLE IF EXISTS "public"."pages_hero_list_items_locales";
DROP TABLE IF EXISTS "public"."pages_hero_list_items";
DROP SEQUENCE IF EXISTS "public"."pages_hero_links_locales_id_seq";
DROP TABLE IF EXISTS "public"."pages_hero_links_locales";
DROP TABLE IF EXISTS "public"."pages_hero_links";
DROP TABLE IF EXISTS "public"."pages";
DROP TABLE IF EXISTS "public"."metricsBlock_table_rows_children_cells";
DROP TABLE IF EXISTS "public"."metricsBlock_table_rows_children";
DROP TABLE IF EXISTS "public"."metricsBlock_table_rows_cells";
DROP TABLE IF EXISTS "public"."metricsBlock_table_rows";
DROP TABLE IF EXISTS "public"."metricsBlock_table_headers";
DROP SEQUENCE IF EXISTS "public"."metricsBlock_stats_locales_id_seq";
DROP TABLE IF EXISTS "public"."metricsBlock_stats_locales";
DROP TABLE IF EXISTS "public"."metricsBlock_stats";
DROP SEQUENCE IF EXISTS "public"."metricsBlock_locales_id_seq";
DROP TABLE IF EXISTS "public"."metricsBlock_locales";
DROP SEQUENCE IF EXISTS "public"."metricsBlock_block_header_links_locales_id_seq";
DROP TABLE IF EXISTS "public"."metricsBlock_block_header_links_locales";
DROP TABLE IF EXISTS "public"."metricsBlock_block_header_links";
DROP TABLE IF EXISTS "public"."metricsBlock";
DROP SEQUENCE IF EXISTS "public"."media_rels_id_seq";
DROP TABLE IF EXISTS "public"."media_rels";
DROP TABLE IF EXISTS "public"."media";
DROP SEQUENCE IF EXISTS "public"."logosBlock_locales_id_seq";
DROP TABLE IF EXISTS "public"."logosBlock_locales";
DROP SEQUENCE IF EXISTS "public"."logosBlock_block_header_links_locales_id_seq";
DROP TABLE IF EXISTS "public"."logosBlock_block_header_links_locales";
DROP TABLE IF EXISTS "public"."logosBlock_block_header_links";
DROP TABLE IF EXISTS "public"."logosBlock";
DROP SEQUENCE IF EXISTS "public"."header_tabs_nav_items_locales_id_seq";
DROP TABLE IF EXISTS "public"."header_tabs_nav_items_locales";
DROP SEQUENCE IF EXISTS "public"."header_tabs_nav_items_list_links_links_locales_id_seq";
DROP TABLE IF EXISTS "public"."header_tabs_nav_items_list_links_links_locales";
DROP TABLE IF EXISTS "public"."header_tabs_nav_items_list_links_links";
DROP SEQUENCE IF EXISTS "public"."header_tabs_nav_items_featured_link_links_locales_id_seq";
DROP TABLE IF EXISTS "public"."header_tabs_nav_items_featured_link_links_locales";
DROP TABLE IF EXISTS "public"."header_tabs_nav_items_featured_link_links";
DROP TABLE IF EXISTS "public"."header_tabs_nav_items";
DROP SEQUENCE IF EXISTS "public"."header_tabs_locales_id_seq";
DROP TABLE IF EXISTS "public"."header_tabs_locales";
DROP SEQUENCE IF EXISTS "public"."header_tabs_description_links_locales_id_seq";
DROP TABLE IF EXISTS "public"."header_tabs_description_links_locales";
DROP TABLE IF EXISTS "public"."header_tabs_description_links";
DROP TABLE IF EXISTS "public"."header_tabs";
DROP SEQUENCE IF EXISTS "public"."header_rels_id_seq";
DROP TABLE IF EXISTS "public"."header_rels";
DROP SEQUENCE IF EXISTS "public"."header_cta_locales_id_seq";
DROP TABLE IF EXISTS "public"."header_cta_locales";
DROP TABLE IF EXISTS "public"."header_cta";
DROP TABLE IF EXISTS "public"."header";
DROP SEQUENCE IF EXISTS "public"."galleryBlock_locales_id_seq";
DROP TABLE IF EXISTS "public"."galleryBlock_locales";
DROP SEQUENCE IF EXISTS "public"."galleryBlock_interactive_gallery_locales_id_seq";
DROP TABLE IF EXISTS "public"."galleryBlock_interactive_gallery_locales";
DROP TABLE IF EXISTS "public"."galleryBlock_interactive_gallery";
DROP SEQUENCE IF EXISTS "public"."galleryBlock_block_header_links_locales_id_seq";
DROP TABLE IF EXISTS "public"."galleryBlock_block_header_links_locales";
DROP TABLE IF EXISTS "public"."galleryBlock_block_header_links";
DROP TABLE IF EXISTS "public"."galleryBlock";
DROP SEQUENCE IF EXISTS "public"."forms_locales_id_seq";
DROP TABLE IF EXISTS "public"."forms_locales";
DROP SEQUENCE IF EXISTS "public"."forms_emails_locales_id_seq";
DROP TABLE IF EXISTS "public"."forms_emails_locales";
DROP TABLE IF EXISTS "public"."forms_emails";
DROP SEQUENCE IF EXISTS "public"."forms_blocks_textarea_locales_id_seq";
DROP TABLE IF EXISTS "public"."forms_blocks_textarea_locales";
DROP TABLE IF EXISTS "public"."forms_blocks_textarea";
DROP SEQUENCE IF EXISTS "public"."forms_blocks_text_locales_id_seq";
DROP TABLE IF EXISTS "public"."forms_blocks_text_locales";
DROP TABLE IF EXISTS "public"."forms_blocks_text";
DROP SEQUENCE IF EXISTS "public"."forms_blocks_state_locales_id_seq";
DROP TABLE IF EXISTS "public"."forms_blocks_state_locales";
DROP TABLE IF EXISTS "public"."forms_blocks_state";
DROP SEQUENCE IF EXISTS "public"."forms_blocks_select_options_locales_id_seq";
DROP TABLE IF EXISTS "public"."forms_blocks_select_options_locales";
DROP TABLE IF EXISTS "public"."forms_blocks_select_options";
DROP SEQUENCE IF EXISTS "public"."forms_blocks_select_locales_id_seq";
DROP TABLE IF EXISTS "public"."forms_blocks_select_locales";
DROP TABLE IF EXISTS "public"."forms_blocks_select";
DROP SEQUENCE IF EXISTS "public"."forms_blocks_number_locales_id_seq";
DROP TABLE IF EXISTS "public"."forms_blocks_number_locales";
DROP TABLE IF EXISTS "public"."forms_blocks_number";
DROP SEQUENCE IF EXISTS "public"."forms_blocks_message_locales_id_seq";
DROP TABLE IF EXISTS "public"."forms_blocks_message_locales";
DROP TABLE IF EXISTS "public"."forms_blocks_message";
DROP SEQUENCE IF EXISTS "public"."forms_blocks_email_locales_id_seq";
DROP TABLE IF EXISTS "public"."forms_blocks_email_locales";
DROP TABLE IF EXISTS "public"."forms_blocks_email";
DROP SEQUENCE IF EXISTS "public"."forms_blocks_country_locales_id_seq";
DROP TABLE IF EXISTS "public"."forms_blocks_country_locales";
DROP TABLE IF EXISTS "public"."forms_blocks_country";
DROP SEQUENCE IF EXISTS "public"."forms_blocks_checkbox_locales_id_seq";
DROP TABLE IF EXISTS "public"."forms_blocks_checkbox_locales";
DROP TABLE IF EXISTS "public"."forms_blocks_checkbox";
DROP TABLE IF EXISTS "public"."forms";
DROP TABLE IF EXISTS "public"."form_submissions_submission_data";
DROP TABLE IF EXISTS "public"."form_submissions";
DROP TABLE IF EXISTS "public"."formBlock";
DROP SEQUENCE IF EXISTS "public"."footer_rels_id_seq";
DROP TABLE IF EXISTS "public"."footer_rels";
DROP SEQUENCE IF EXISTS "public"."footer_columns_nav_items_locales_id_seq";
DROP TABLE IF EXISTS "public"."footer_columns_nav_items_locales";
DROP TABLE IF EXISTS "public"."footer_columns_nav_items";
DROP TABLE IF EXISTS "public"."footer_columns";
DROP TABLE IF EXISTS "public"."footer";
DROP SEQUENCE IF EXISTS "public"."featuresBlock_locales_id_seq";
DROP TABLE IF EXISTS "public"."featuresBlock_locales";
DROP SEQUENCE IF EXISTS "public"."featuresBlock_columns_locales_id_seq";
DROP TABLE IF EXISTS "public"."featuresBlock_columns_locales";
DROP TABLE IF EXISTS "public"."featuresBlock_columns";
DROP SEQUENCE IF EXISTS "public"."featuresBlock_block_header_links_locales_id_seq";
DROP TABLE IF EXISTS "public"."featuresBlock_block_header_links_locales";
DROP TABLE IF EXISTS "public"."featuresBlock_block_header_links";
DROP TABLE IF EXISTS "public"."featuresBlock";
DROP SEQUENCE IF EXISTS "public"."faq_locales_id_seq";
DROP TABLE IF EXISTS "public"."faq_locales";
DROP SEQUENCE IF EXISTS "public"."faqBlock_locales_id_seq";
DROP TABLE IF EXISTS "public"."faqBlock_locales";
DROP SEQUENCE IF EXISTS "public"."faqBlock_block_header_links_locales_id_seq";
DROP TABLE IF EXISTS "public"."faqBlock_block_header_links_locales";
DROP TABLE IF EXISTS "public"."faqBlock_block_header_links";
DROP TABLE IF EXISTS "public"."faqBlock";
DROP TABLE IF EXISTS "public"."faq";
DROP TABLE IF EXISTS "public"."dividerBlock";
DROP SEQUENCE IF EXISTS "public"."customers_testimonial_stats_locales_id_seq";
DROP TABLE IF EXISTS "public"."customers_testimonial_stats_locales";
DROP TABLE IF EXISTS "public"."customers_testimonial_stats";
DROP SEQUENCE IF EXISTS "public"."customers_rels_id_seq";
DROP TABLE IF EXISTS "public"."customers_rels";
DROP SEQUENCE IF EXISTS "public"."customers_locales_id_seq";
DROP TABLE IF EXISTS "public"."customers_locales";
DROP TABLE IF EXISTS "public"."customers";
DROP SEQUENCE IF EXISTS "public"."customHtmlBlock_locales_id_seq";
DROP TABLE IF EXISTS "public"."customHtmlBlock_locales";
DROP SEQUENCE IF EXISTS "public"."customHtmlBlock_block_header_links_locales_id_seq";
DROP TABLE IF EXISTS "public"."customHtmlBlock_block_header_links_locales";
DROP TABLE IF EXISTS "public"."customHtmlBlock_block_header_links";
DROP TABLE IF EXISTS "public"."customHtmlBlock";
DROP SEQUENCE IF EXISTS "public"."categories_locales_id_seq";
DROP TABLE IF EXISTS "public"."categories_locales";
DROP TABLE IF EXISTS "public"."categories_breadcrumbs";
DROP TABLE IF EXISTS "public"."categories";
DROP SEQUENCE IF EXISTS "public"."callToActionBlock_locales_id_seq";
DROP TABLE IF EXISTS "public"."callToActionBlock_locales";
DROP TABLE IF EXISTS "public"."callToActionBlock_list";
DROP SEQUENCE IF EXISTS "public"."callToActionBlock_links_locales_id_seq";
DROP TABLE IF EXISTS "public"."callToActionBlock_links_locales";
DROP TABLE IF EXISTS "public"."callToActionBlock_links";
DROP TABLE IF EXISTS "public"."callToActionBlock";
DROP SEQUENCE IF EXISTS "public"."blog_posts_rels_id_seq";
DROP TABLE IF EXISTS "public"."blog_posts_rels";
DROP TABLE IF EXISTS "public"."blog_posts_populated_authors";
DROP SEQUENCE IF EXISTS "public"."blog_posts_locales_id_seq";
DROP TABLE IF EXISTS "public"."blog_posts_locales";
DROP TABLE IF EXISTS "public"."blog_posts";
DROP SEQUENCE IF EXISTS "public"."archiveBlock_locales_id_seq";
DROP TABLE IF EXISTS "public"."archiveBlock_locales";
DROP SEQUENCE IF EXISTS "public"."archiveBlock_block_header_links_locales_id_seq";
DROP TABLE IF EXISTS "public"."archiveBlock_block_header_links_locales";
DROP TABLE IF EXISTS "public"."archiveBlock_block_header_links";
DROP TABLE IF EXISTS "public"."archiveBlock";
DROP SEQUENCE IF EXISTS "public"."_testimonialsBlock_v_locales_id_seq";
DROP TABLE IF EXISTS "public"."_testimonialsBlock_v_locales";
DROP SEQUENCE IF EXISTS "public"."_testimonialsBlock_v_block_header_links_locales_id_seq";
DROP TABLE IF EXISTS "public"."_testimonialsBlock_v_block_header_links_locales";
DROP TABLE IF EXISTS "public"."_testimonialsBlock_v_block_header_links";
DROP TABLE IF EXISTS "public"."_testimonialsBlock_v";
DROP SEQUENCE IF EXISTS "public"."_teamBlock_v_team_locales_id_seq";
DROP TABLE IF EXISTS "public"."_teamBlock_v_team_locales";
DROP TABLE IF EXISTS "public"."_teamBlock_v_team";
DROP SEQUENCE IF EXISTS "public"."_teamBlock_v_locales_id_seq";
DROP TABLE IF EXISTS "public"."_teamBlock_v_locales";
DROP SEQUENCE IF EXISTS "public"."_teamBlock_v_block_header_links_locales_id_seq";
DROP TABLE IF EXISTS "public"."_teamBlock_v_block_header_links_locales";
DROP TABLE IF EXISTS "public"."_teamBlock_v_block_header_links";
DROP TABLE IF EXISTS "public"."_teamBlock_v";
DROP SEQUENCE IF EXISTS "public"."_richTextBlock_v_locales_id_seq";
DROP TABLE IF EXISTS "public"."_richTextBlock_v_locales";
DROP SEQUENCE IF EXISTS "public"."_richTextBlock_v_block_header_links_locales_id_seq";
DROP TABLE IF EXISTS "public"."_richTextBlock_v_block_header_links_locales";
DROP TABLE IF EXISTS "public"."_richTextBlock_v_block_header_links";
DROP TABLE IF EXISTS "public"."_richTextBlock_v";
DROP SEQUENCE IF EXISTS "public"."_pages_v_version_hero_list_items_locales_id_seq";
DROP TABLE IF EXISTS "public"."_pages_v_version_hero_list_items_locales";
DROP TABLE IF EXISTS "public"."_pages_v_version_hero_list_items";
DROP SEQUENCE IF EXISTS "public"."_pages_v_version_hero_links_locales_id_seq";
DROP TABLE IF EXISTS "public"."_pages_v_version_hero_links_locales";
DROP TABLE IF EXISTS "public"."_pages_v_version_hero_links";
DROP SEQUENCE IF EXISTS "public"."_pages_v_rels_id_seq";
DROP TABLE IF EXISTS "public"."_pages_v_rels";
DROP SEQUENCE IF EXISTS "public"."_pages_v_locales_id_seq";
DROP TABLE IF EXISTS "public"."_pages_v_locales";
DROP TABLE IF EXISTS "public"."_pages_v";
DROP TABLE IF EXISTS "public"."_metricsBlock_v_table_rows_children_cells";
DROP TABLE IF EXISTS "public"."_metricsBlock_v_table_rows_children";
DROP TABLE IF EXISTS "public"."_metricsBlock_v_table_rows_cells";
DROP TABLE IF EXISTS "public"."_metricsBlock_v_table_rows";
DROP TABLE IF EXISTS "public"."_metricsBlock_v_table_headers";
DROP SEQUENCE IF EXISTS "public"."_metricsBlock_v_stats_locales_id_seq";
DROP TABLE IF EXISTS "public"."_metricsBlock_v_stats_locales";
DROP TABLE IF EXISTS "public"."_metricsBlock_v_stats";
DROP SEQUENCE IF EXISTS "public"."_metricsBlock_v_locales_id_seq";
DROP TABLE IF EXISTS "public"."_metricsBlock_v_locales";
DROP SEQUENCE IF EXISTS "public"."_metricsBlock_v_block_header_links_locales_id_seq";
DROP TABLE IF EXISTS "public"."_metricsBlock_v_block_header_links_locales";
DROP TABLE IF EXISTS "public"."_metricsBlock_v_block_header_links";
DROP TABLE IF EXISTS "public"."_metricsBlock_v";
DROP SEQUENCE IF EXISTS "public"."_logosBlock_v_locales_id_seq";
DROP TABLE IF EXISTS "public"."_logosBlock_v_locales";
DROP SEQUENCE IF EXISTS "public"."_logosBlock_v_block_header_links_locales_id_seq";
DROP TABLE IF EXISTS "public"."_logosBlock_v_block_header_links_locales";
DROP TABLE IF EXISTS "public"."_logosBlock_v_block_header_links";
DROP TABLE IF EXISTS "public"."_logosBlock_v";
DROP SEQUENCE IF EXISTS "public"."_galleryBlock_v_locales_id_seq";
DROP TABLE IF EXISTS "public"."_galleryBlock_v_locales";
DROP SEQUENCE IF EXISTS "public"."_galleryBlock_v_interactive_gallery_locales_id_seq";
DROP TABLE IF EXISTS "public"."_galleryBlock_v_interactive_gallery_locales";
DROP TABLE IF EXISTS "public"."_galleryBlock_v_interactive_gallery";
DROP SEQUENCE IF EXISTS "public"."_galleryBlock_v_block_header_links_locales_id_seq";
DROP TABLE IF EXISTS "public"."_galleryBlock_v_block_header_links_locales";
DROP TABLE IF EXISTS "public"."_galleryBlock_v_block_header_links";
DROP TABLE IF EXISTS "public"."_galleryBlock_v";
DROP TABLE IF EXISTS "public"."_formBlock_v";
DROP SEQUENCE IF EXISTS "public"."_featuresBlock_v_locales_id_seq";
DROP TABLE IF EXISTS "public"."_featuresBlock_v_locales";
DROP SEQUENCE IF EXISTS "public"."_featuresBlock_v_columns_locales_id_seq";
DROP TABLE IF EXISTS "public"."_featuresBlock_v_columns_locales";
DROP TABLE IF EXISTS "public"."_featuresBlock_v_columns";
DROP SEQUENCE IF EXISTS "public"."_featuresBlock_v_block_header_links_locales_id_seq";
DROP TABLE IF EXISTS "public"."_featuresBlock_v_block_header_links_locales";
DROP TABLE IF EXISTS "public"."_featuresBlock_v_block_header_links";
DROP TABLE IF EXISTS "public"."_featuresBlock_v";
DROP SEQUENCE IF EXISTS "public"."_faq_v_locales_id_seq";
DROP TABLE IF EXISTS "public"."_faq_v_locales";
DROP TABLE IF EXISTS "public"."_faq_v";
DROP SEQUENCE IF EXISTS "public"."_faqBlock_v_locales_id_seq";
DROP TABLE IF EXISTS "public"."_faqBlock_v_locales";
DROP SEQUENCE IF EXISTS "public"."_faqBlock_v_block_header_links_locales_id_seq";
DROP TABLE IF EXISTS "public"."_faqBlock_v_block_header_links_locales";
DROP TABLE IF EXISTS "public"."_faqBlock_v_block_header_links";
DROP TABLE IF EXISTS "public"."_faqBlock_v";
DROP TABLE IF EXISTS "public"."_dividerBlock_v";
DROP SEQUENCE IF EXISTS "public"."_customers_v_version_testimonial_stats_locales_id_seq";
DROP TABLE IF EXISTS "public"."_customers_v_version_testimonial_stats_locales";
DROP TABLE IF EXISTS "public"."_customers_v_version_testimonial_stats";
DROP SEQUENCE IF EXISTS "public"."_customers_v_rels_id_seq";
DROP TABLE IF EXISTS "public"."_customers_v_rels";
DROP SEQUENCE IF EXISTS "public"."_customers_v_locales_id_seq";
DROP TABLE IF EXISTS "public"."_customers_v_locales";
DROP TABLE IF EXISTS "public"."_customers_v";
DROP SEQUENCE IF EXISTS "public"."_customHtmlBlock_v_locales_id_seq";
DROP TABLE IF EXISTS "public"."_customHtmlBlock_v_locales";
DROP SEQUENCE IF EXISTS "public"."_customHtmlBlock_v_block_header_links_locales_id_seq";
DROP TABLE IF EXISTS "public"."_customHtmlBlock_v_block_header_links_locales";
DROP TABLE IF EXISTS "public"."_customHtmlBlock_v_block_header_links";
DROP TABLE IF EXISTS "public"."_customHtmlBlock_v";
DROP SEQUENCE IF EXISTS "public"."_callToActionBlock_v_locales_id_seq";
DROP TABLE IF EXISTS "public"."_callToActionBlock_v_locales";
DROP TABLE IF EXISTS "public"."_callToActionBlock_v_list";
DROP SEQUENCE IF EXISTS "public"."_callToActionBlock_v_links_locales_id_seq";
DROP TABLE IF EXISTS "public"."_callToActionBlock_v_links_locales";
DROP TABLE IF EXISTS "public"."_callToActionBlock_v_links";
DROP TABLE IF EXISTS "public"."_callToActionBlock_v";
DROP TABLE IF EXISTS "public"."_blog_posts_v_version_populated_authors";
DROP SEQUENCE IF EXISTS "public"."_blog_posts_v_rels_id_seq";
DROP TABLE IF EXISTS "public"."_blog_posts_v_rels";
DROP SEQUENCE IF EXISTS "public"."_blog_posts_v_locales_id_seq";
DROP TABLE IF EXISTS "public"."_blog_posts_v_locales";
DROP TABLE IF EXISTS "public"."_blog_posts_v";
DROP SEQUENCE IF EXISTS "public"."_archiveBlock_v_locales_id_seq";
DROP TABLE IF EXISTS "public"."_archiveBlock_v_locales";
DROP SEQUENCE IF EXISTS "public"."_archiveBlock_v_block_header_links_locales_id_seq";
DROP TABLE IF EXISTS "public"."_archiveBlock_v_block_header_links_locales";
DROP TABLE IF EXISTS "public"."_archiveBlock_v_block_header_links";
DROP TABLE IF EXISTS "public"."_archiveBlock_v";
DROP TYPE IF EXISTS "public"."link_variant";
DROP TYPE IF EXISTS "public"."link_type";
DROP TYPE IF EXISTS "public"."link_color";
DROP TYPE IF EXISTS "public"."enum_testimonialsBlock_type";
DROP TYPE IF EXISTS "public"."enum_testimonialsBlock_block_header_type";
DROP TYPE IF EXISTS "public"."enum_testimonialsBlock_block_header_badge_type";
DROP TYPE IF EXISTS "public"."enum_testimonialsBlock_bg_color";
DROP TYPE IF EXISTS "public"."enum_teamBlock_block_header_type";
DROP TYPE IF EXISTS "public"."enum_teamBlock_block_header_badge_type";
DROP TYPE IF EXISTS "public"."enum_richTextBlock_type";
DROP TYPE IF EXISTS "public"."enum_richTextBlock_max_width";
DROP TYPE IF EXISTS "public"."enum_richTextBlock_block_header_type";
DROP TYPE IF EXISTS "public"."enum_richTextBlock_block_header_badge_type";
DROP TYPE IF EXISTS "public"."enum_redirects_to_type";
DROP TYPE IF EXISTS "public"."enum_payload_jobs_task_slug";
DROP TYPE IF EXISTS "public"."enum_payload_jobs_log_task_slug";
DROP TYPE IF EXISTS "public"."enum_payload_jobs_log_state";
DROP TYPE IF EXISTS "public"."enum_payload_folders_folder_type";
DROP TYPE IF EXISTS "public"."enum_pages_status";
DROP TYPE IF EXISTS "public"."enum_pages_hero_type";
DROP TYPE IF EXISTS "public"."enum_pages_hero_list_style";
DROP TYPE IF EXISTS "public"."enum_pages_hero_badge_type";
DROP TYPE IF EXISTS "public"."enum_metricsBlock_type";
DROP TYPE IF EXISTS "public"."enum_metricsBlock_table_headers_width";
DROP TYPE IF EXISTS "public"."enum_metricsBlock_stats_indicator";
DROP TYPE IF EXISTS "public"."enum_metricsBlock_block_header_type";
DROP TYPE IF EXISTS "public"."enum_metricsBlock_block_header_badge_type";
DROP TYPE IF EXISTS "public"."enum_media_locale";
DROP TYPE IF EXISTS "public"."enum_logosBlock_type";
DROP TYPE IF EXISTS "public"."enum_logosBlock_block_header_type";
DROP TYPE IF EXISTS "public"."enum_logosBlock_block_header_badge_type";
DROP TYPE IF EXISTS "public"."enum_header_tabs_nav_items_style";
DROP TYPE IF EXISTS "public"."enum_galleryBlock_type";
DROP TYPE IF EXISTS "public"."enum_galleryBlock_block_header_type";
DROP TYPE IF EXISTS "public"."enum_galleryBlock_block_header_badge_type";
DROP TYPE IF EXISTS "public"."enum_forms_confirmation_type";
DROP TYPE IF EXISTS "public"."enum_featuresBlock_type";
DROP TYPE IF EXISTS "public"."enum_featuresBlock_stat_indicator";
DROP TYPE IF EXISTS "public"."enum_featuresBlock_columns_stat_indicator";
DROP TYPE IF EXISTS "public"."enum_featuresBlock_columns_size";
DROP TYPE IF EXISTS "public"."enum_featuresBlock_columns_badge_type";
DROP TYPE IF EXISTS "public"."enum_featuresBlock_block_header_type";
DROP TYPE IF EXISTS "public"."enum_featuresBlock_block_header_badge_type";
DROP TYPE IF EXISTS "public"."enum_faq_status";
DROP TYPE IF EXISTS "public"."enum_faqBlock_type";
DROP TYPE IF EXISTS "public"."enum_faqBlock_block_header_type";
DROP TYPE IF EXISTS "public"."enum_faqBlock_block_header_badge_type";
DROP TYPE IF EXISTS "public"."enum_dividerBlock_size";
DROP TYPE IF EXISTS "public"."enum_customers_testimonial_stats_indicator";
DROP TYPE IF EXISTS "public"."enum_customers_testimonial_company_industry";
DROP TYPE IF EXISTS "public"."enum_customers_status";
DROP TYPE IF EXISTS "public"."enum_customHtmlBlock_block_header_type";
DROP TYPE IF EXISTS "public"."enum_customHtmlBlock_block_header_badge_type";
DROP TYPE IF EXISTS "public"."enum_callToActionBlock_type";
DROP TYPE IF EXISTS "public"."enum_callToActionBlock_badge_type";
DROP TYPE IF EXISTS "public"."enum_blog_posts_status";
DROP TYPE IF EXISTS "public"."enum_archiveBlock_relation_to";
DROP TYPE IF EXISTS "public"."enum_archiveBlock_populate_by";
DROP TYPE IF EXISTS "public"."enum_archiveBlock_block_header_type";
DROP TYPE IF EXISTS "public"."enum_archiveBlock_block_header_badge_type";
DROP TYPE IF EXISTS "public"."enum__testimonialsBlock_v_type";
DROP TYPE IF EXISTS "public"."enum__testimonialsBlock_v_block_header_type";
DROP TYPE IF EXISTS "public"."enum__testimonialsBlock_v_block_header_badge_type";
DROP TYPE IF EXISTS "public"."enum__testimonialsBlock_v_bg_color";
DROP TYPE IF EXISTS "public"."enum__teamBlock_v_block_header_type";
DROP TYPE IF EXISTS "public"."enum__teamBlock_v_block_header_badge_type";
DROP TYPE IF EXISTS "public"."enum__richTextBlock_v_type";
DROP TYPE IF EXISTS "public"."enum__richTextBlock_v_max_width";
DROP TYPE IF EXISTS "public"."enum__richTextBlock_v_block_header_type";
DROP TYPE IF EXISTS "public"."enum__richTextBlock_v_block_header_badge_type";
DROP TYPE IF EXISTS "public"."enum__pages_v_version_status";
DROP TYPE IF EXISTS "public"."enum__pages_v_version_hero_type";
DROP TYPE IF EXISTS "public"."enum__pages_v_version_hero_list_style";
DROP TYPE IF EXISTS "public"."enum__pages_v_version_hero_badge_type";
DROP TYPE IF EXISTS "public"."enum__pages_v_published_locale";
DROP TYPE IF EXISTS "public"."enum__metricsBlock_v_type";
DROP TYPE IF EXISTS "public"."enum__metricsBlock_v_table_headers_width";
DROP TYPE IF EXISTS "public"."enum__metricsBlock_v_stats_indicator";
DROP TYPE IF EXISTS "public"."enum__metricsBlock_v_block_header_type";
DROP TYPE IF EXISTS "public"."enum__metricsBlock_v_block_header_badge_type";
DROP TYPE IF EXISTS "public"."enum__logosBlock_v_type";
DROP TYPE IF EXISTS "public"."enum__logosBlock_v_block_header_type";
DROP TYPE IF EXISTS "public"."enum__logosBlock_v_block_header_badge_type";
DROP TYPE IF EXISTS "public"."enum__galleryBlock_v_type";
DROP TYPE IF EXISTS "public"."enum__galleryBlock_v_block_header_type";
DROP TYPE IF EXISTS "public"."enum__galleryBlock_v_block_header_badge_type";
DROP TYPE IF EXISTS "public"."enum__featuresBlock_v_type";
DROP TYPE IF EXISTS "public"."enum__featuresBlock_v_stat_indicator";
DROP TYPE IF EXISTS "public"."enum__featuresBlock_v_columns_stat_indicator";
DROP TYPE IF EXISTS "public"."enum__featuresBlock_v_columns_size";
DROP TYPE IF EXISTS "public"."enum__featuresBlock_v_columns_badge_type";
DROP TYPE IF EXISTS "public"."enum__featuresBlock_v_block_header_type";
DROP TYPE IF EXISTS "public"."enum__featuresBlock_v_block_header_badge_type";
DROP TYPE IF EXISTS "public"."enum__faq_v_version_status";
DROP TYPE IF EXISTS "public"."enum__faq_v_published_locale";
DROP TYPE IF EXISTS "public"."enum__faqBlock_v_type";
DROP TYPE IF EXISTS "public"."enum__faqBlock_v_block_header_type";
DROP TYPE IF EXISTS "public"."enum__faqBlock_v_block_header_badge_type";
DROP TYPE IF EXISTS "public"."enum__dividerBlock_v_size";
DROP TYPE IF EXISTS "public"."enum__customers_v_version_testimonial_stats_indicator";
DROP TYPE IF EXISTS "public"."enum__customers_v_version_testimonial_company_industry";
DROP TYPE IF EXISTS "public"."enum__customers_v_version_status";
DROP TYPE IF EXISTS "public"."enum__customers_v_published_locale";
DROP TYPE IF EXISTS "public"."enum__customHtmlBlock_v_block_header_type";
DROP TYPE IF EXISTS "public"."enum__customHtmlBlock_v_block_header_badge_type";
DROP TYPE IF EXISTS "public"."enum__callToActionBlock_v_type";
DROP TYPE IF EXISTS "public"."enum__callToActionBlock_v_badge_type";
DROP TYPE IF EXISTS "public"."enum__blog_posts_v_version_status";
DROP TYPE IF EXISTS "public"."enum__blog_posts_v_published_locale";
DROP TYPE IF EXISTS "public"."enum__archiveBlock_v_relation_to";
DROP TYPE IF EXISTS "public"."enum__archiveBlock_v_populate_by";
DROP TYPE IF EXISTS "public"."enum__archiveBlock_v_block_header_type";
DROP TYPE IF EXISTS "public"."enum__archiveBlock_v_block_header_badge_type";
DROP TYPE IF EXISTS "public"."badge_icon_position";
DROP TYPE IF EXISTS "public"."badge_color";
DROP TYPE IF EXISTS "public"."_locales";
--
-- Name: _locales; Type: TYPE; Schema: public; Owner: -
--

CREATE TYPE "public"."_locales" AS ENUM (
    'en',
    'ar'
);


--
-- Name: badge_color; Type: TYPE; Schema: public; Owner: -
--

CREATE TYPE "public"."badge_color" AS ENUM (
    'blue',
    'red',
    'green',
    'yellow',
    'gray',
    'inverted',
    'outline'
);


--
-- Name: badge_icon_position; Type: TYPE; Schema: public; Owner: -
--

CREATE TYPE "public"."badge_icon_position" AS ENUM (
    'flex-row',
    'flex-row-reverse'
);


--
-- Name: enum__archiveBlock_v_block_header_badge_type; Type: TYPE; Schema: public; Owner: -
--

CREATE TYPE "public"."enum__archiveBlock_v_block_header_badge_type" AS ENUM (
    'label',
    'reference'
);


--
-- Name: enum__archiveBlock_v_block_header_type; Type: TYPE; Schema: public; Owner: -
--

CREATE TYPE "public"."enum__archiveBlock_v_block_header_type" AS ENUM (
    'center',
    'split',
    'start'
);


--
-- Name: enum__archiveBlock_v_populate_by; Type: TYPE; Schema: public; Owner: -
--

CREATE TYPE "public"."enum__archiveBlock_v_populate_by" AS ENUM (
    'collection',
    'selection'
);


--
-- Name: enum__archiveBlock_v_relation_to; Type: TYPE; Schema: public; Owner: -
--

CREATE TYPE "public"."enum__archiveBlock_v_relation_to" AS ENUM (
    'blog-posts'
);


--
-- Name: enum__blog_posts_v_published_locale; Type: TYPE; Schema: public; Owner: -
--

CREATE TYPE "public"."enum__blog_posts_v_published_locale" AS ENUM (
    'en',
    'ar'
);


--
-- Name: enum__blog_posts_v_version_status; Type: TYPE; Schema: public; Owner: -
--

CREATE TYPE "public"."enum__blog_posts_v_version_status" AS ENUM (
    'draft',
    'published'
);


--
-- Name: enum__callToActionBlock_v_badge_type; Type: TYPE; Schema: public; Owner: -
--

CREATE TYPE "public"."enum__callToActionBlock_v_badge_type" AS ENUM (
    'label',
    'reference'
);


--
-- Name: enum__callToActionBlock_v_type; Type: TYPE; Schema: public; Owner: -
--

CREATE TYPE "public"."enum__callToActionBlock_v_type" AS ENUM (
    '01',
    '02',
    '03',
    '04',
    '05'
);


--
-- Name: enum__customHtmlBlock_v_block_header_badge_type; Type: TYPE; Schema: public; Owner: -
--

CREATE TYPE "public"."enum__customHtmlBlock_v_block_header_badge_type" AS ENUM (
    'label',
    'reference'
);


--
-- Name: enum__customHtmlBlock_v_block_header_type; Type: TYPE; Schema: public; Owner: -
--

CREATE TYPE "public"."enum__customHtmlBlock_v_block_header_type" AS ENUM (
    'center',
    'split',
    'start'
);


--
-- Name: enum__customers_v_published_locale; Type: TYPE; Schema: public; Owner: -
--

CREATE TYPE "public"."enum__customers_v_published_locale" AS ENUM (
    'en',
    'ar'
);


--
-- Name: enum__customers_v_version_status; Type: TYPE; Schema: public; Owner: -
--

CREATE TYPE "public"."enum__customers_v_version_status" AS ENUM (
    'draft',
    'published'
);


--
-- Name: enum__customers_v_version_testimonial_company_industry; Type: TYPE; Schema: public; Owner: -
--

CREATE TYPE "public"."enum__customers_v_version_testimonial_company_industry" AS ENUM (
    'restaurants',
    'retail',
    'services'
);


--
-- Name: enum__customers_v_version_testimonial_stats_indicator; Type: TYPE; Schema: public; Owner: -
--

CREATE TYPE "public"."enum__customers_v_version_testimonial_stats_indicator" AS ENUM (
    'increase',
    'decrease',
    'noChange'
);


--
-- Name: enum__dividerBlock_v_size; Type: TYPE; Schema: public; Owner: -
--

CREATE TYPE "public"."enum__dividerBlock_v_size" AS ENUM (
    'small',
    'medium',
    'large'
);


--
-- Name: enum__faqBlock_v_block_header_badge_type; Type: TYPE; Schema: public; Owner: -
--

CREATE TYPE "public"."enum__faqBlock_v_block_header_badge_type" AS ENUM (
    'label',
    'reference'
);


--
-- Name: enum__faqBlock_v_block_header_type; Type: TYPE; Schema: public; Owner: -
--

CREATE TYPE "public"."enum__faqBlock_v_block_header_type" AS ENUM (
    'center',
    'split',
    'start'
);


--
-- Name: enum__faqBlock_v_type; Type: TYPE; Schema: public; Owner: -
--

CREATE TYPE "public"."enum__faqBlock_v_type" AS ENUM (
    '01',
    '02'
);


--
-- Name: enum__faq_v_published_locale; Type: TYPE; Schema: public; Owner: -
--

CREATE TYPE "public"."enum__faq_v_published_locale" AS ENUM (
    'en',
    'ar'
);


--
-- Name: enum__faq_v_version_status; Type: TYPE; Schema: public; Owner: -
--

CREATE TYPE "public"."enum__faq_v_version_status" AS ENUM (
    'draft',
    'published'
);


--
-- Name: enum__featuresBlock_v_block_header_badge_type; Type: TYPE; Schema: public; Owner: -
--

CREATE TYPE "public"."enum__featuresBlock_v_block_header_badge_type" AS ENUM (
    'label',
    'reference'
);


--
-- Name: enum__featuresBlock_v_block_header_type; Type: TYPE; Schema: public; Owner: -
--

CREATE TYPE "public"."enum__featuresBlock_v_block_header_type" AS ENUM (
    'center',
    'split',
    'start'
);


--
-- Name: enum__featuresBlock_v_columns_badge_type; Type: TYPE; Schema: public; Owner: -
--

CREATE TYPE "public"."enum__featuresBlock_v_columns_badge_type" AS ENUM (
    'label',
    'reference'
);


--
-- Name: enum__featuresBlock_v_columns_size; Type: TYPE; Schema: public; Owner: -
--

CREATE TYPE "public"."enum__featuresBlock_v_columns_size" AS ENUM (
    'half',
    'full',
    'oneThird',
    'twoThirds',
    'sixtyPercent',
    'fortyPercent'
);


--
-- Name: enum__featuresBlock_v_columns_stat_indicator; Type: TYPE; Schema: public; Owner: -
--

CREATE TYPE "public"."enum__featuresBlock_v_columns_stat_indicator" AS ENUM (
    'increase',
    'decrease',
    'noChange'
);


--
-- Name: enum__featuresBlock_v_stat_indicator; Type: TYPE; Schema: public; Owner: -
--

CREATE TYPE "public"."enum__featuresBlock_v_stat_indicator" AS ENUM (
    'increase',
    'decrease',
    'noChange'
);


--
-- Name: enum__featuresBlock_v_type; Type: TYPE; Schema: public; Owner: -
--

CREATE TYPE "public"."enum__featuresBlock_v_type" AS ENUM (
    '01',
    '02',
    '03',
    '04',
    '05',
    '06',
    '07',
    '08'
);


--
-- Name: enum__galleryBlock_v_block_header_badge_type; Type: TYPE; Schema: public; Owner: -
--

CREATE TYPE "public"."enum__galleryBlock_v_block_header_badge_type" AS ENUM (
    'label',
    'reference'
);


--
-- Name: enum__galleryBlock_v_block_header_type; Type: TYPE; Schema: public; Owner: -
--

CREATE TYPE "public"."enum__galleryBlock_v_block_header_type" AS ENUM (
    'center',
    'split',
    'start'
);


--
-- Name: enum__galleryBlock_v_type; Type: TYPE; Schema: public; Owner: -
--

CREATE TYPE "public"."enum__galleryBlock_v_type" AS ENUM (
    '01',
    '02',
    '03',
    '04'
);


--
-- Name: enum__logosBlock_v_block_header_badge_type; Type: TYPE; Schema: public; Owner: -
--

CREATE TYPE "public"."enum__logosBlock_v_block_header_badge_type" AS ENUM (
    'label',
    'reference'
);


--
-- Name: enum__logosBlock_v_block_header_type; Type: TYPE; Schema: public; Owner: -
--

CREATE TYPE "public"."enum__logosBlock_v_block_header_type" AS ENUM (
    'center',
    'split',
    'start'
);


--
-- Name: enum__logosBlock_v_type; Type: TYPE; Schema: public; Owner: -
--

CREATE TYPE "public"."enum__logosBlock_v_type" AS ENUM (
    '01',
    '02',
    '03'
);


--
-- Name: enum__metricsBlock_v_block_header_badge_type; Type: TYPE; Schema: public; Owner: -
--

CREATE TYPE "public"."enum__metricsBlock_v_block_header_badge_type" AS ENUM (
    'label',
    'reference'
);


--
-- Name: enum__metricsBlock_v_block_header_type; Type: TYPE; Schema: public; Owner: -
--

CREATE TYPE "public"."enum__metricsBlock_v_block_header_type" AS ENUM (
    'center',
    'split',
    'start'
);


--
-- Name: enum__metricsBlock_v_stats_indicator; Type: TYPE; Schema: public; Owner: -
--

CREATE TYPE "public"."enum__metricsBlock_v_stats_indicator" AS ENUM (
    'increase',
    'decrease',
    'noChange'
);


--
-- Name: enum__metricsBlock_v_table_headers_width; Type: TYPE; Schema: public; Owner: -
--

CREATE TYPE "public"."enum__metricsBlock_v_table_headers_width" AS ENUM (
    'auto',
    'w-1/5',
    'w-1/3',
    'w-1/2',
    'w-2/3'
);


--
-- Name: enum__metricsBlock_v_type; Type: TYPE; Schema: public; Owner: -
--

CREATE TYPE "public"."enum__metricsBlock_v_type" AS ENUM (
    '01',
    '02'
);


--
-- Name: enum__pages_v_published_locale; Type: TYPE; Schema: public; Owner: -
--

CREATE TYPE "public"."enum__pages_v_published_locale" AS ENUM (
    'en',
    'ar'
);


--
-- Name: enum__pages_v_version_hero_badge_type; Type: TYPE; Schema: public; Owner: -
--

CREATE TYPE "public"."enum__pages_v_version_hero_badge_type" AS ENUM (
    'label',
    'reference'
);


--
-- Name: enum__pages_v_version_hero_list_style; Type: TYPE; Schema: public; Owner: -
--

CREATE TYPE "public"."enum__pages_v_version_hero_list_style" AS ENUM (
    'bullet',
    'numbered',
    'icons'
);


--
-- Name: enum__pages_v_version_hero_type; Type: TYPE; Schema: public; Owner: -
--

CREATE TYPE "public"."enum__pages_v_version_hero_type" AS ENUM (
    'none',
    'highImpact',
    'mediumImpact',
    'lowImpact'
);


--
-- Name: enum__pages_v_version_status; Type: TYPE; Schema: public; Owner: -
--

CREATE TYPE "public"."enum__pages_v_version_status" AS ENUM (
    'draft',
    'published'
);


--
-- Name: enum__richTextBlock_v_block_header_badge_type; Type: TYPE; Schema: public; Owner: -
--

CREATE TYPE "public"."enum__richTextBlock_v_block_header_badge_type" AS ENUM (
    'label',
    'reference'
);


--
-- Name: enum__richTextBlock_v_block_header_type; Type: TYPE; Schema: public; Owner: -
--

CREATE TYPE "public"."enum__richTextBlock_v_block_header_type" AS ENUM (
    'center',
    'split',
    'start'
);


--
-- Name: enum__richTextBlock_v_max_width; Type: TYPE; Schema: public; Owner: -
--

CREATE TYPE "public"."enum__richTextBlock_v_max_width" AS ENUM (
    'default',
    'small',
    'large',
    'full'
);


--
-- Name: enum__richTextBlock_v_type; Type: TYPE; Schema: public; Owner: -
--

CREATE TYPE "public"."enum__richTextBlock_v_type" AS ENUM (
    '01',
    '02'
);


--
-- Name: enum__teamBlock_v_block_header_badge_type; Type: TYPE; Schema: public; Owner: -
--

CREATE TYPE "public"."enum__teamBlock_v_block_header_badge_type" AS ENUM (
    'label',
    'reference'
);


--
-- Name: enum__teamBlock_v_block_header_type; Type: TYPE; Schema: public; Owner: -
--

CREATE TYPE "public"."enum__teamBlock_v_block_header_type" AS ENUM (
    'center',
    'split',
    'start'
);


--
-- Name: enum__testimonialsBlock_v_bg_color; Type: TYPE; Schema: public; Owner: -
--

CREATE TYPE "public"."enum__testimonialsBlock_v_bg_color" AS ENUM (
    'lightTeal',
    'violet',
    'gray',
    'inverted'
);


--
-- Name: enum__testimonialsBlock_v_block_header_badge_type; Type: TYPE; Schema: public; Owner: -
--

CREATE TYPE "public"."enum__testimonialsBlock_v_block_header_badge_type" AS ENUM (
    'label',
    'reference'
);


--
-- Name: enum__testimonialsBlock_v_block_header_type; Type: TYPE; Schema: public; Owner: -
--

CREATE TYPE "public"."enum__testimonialsBlock_v_block_header_type" AS ENUM (
    'center',
    'split',
    'start'
);


--
-- Name: enum__testimonialsBlock_v_type; Type: TYPE; Schema: public; Owner: -
--

CREATE TYPE "public"."enum__testimonialsBlock_v_type" AS ENUM (
    '01',
    '02',
    '03'
);


--
-- Name: enum_archiveBlock_block_header_badge_type; Type: TYPE; Schema: public; Owner: -
--

CREATE TYPE "public"."enum_archiveBlock_block_header_badge_type" AS ENUM (
    'label',
    'reference'
);


--
-- Name: enum_archiveBlock_block_header_type; Type: TYPE; Schema: public; Owner: -
--

CREATE TYPE "public"."enum_archiveBlock_block_header_type" AS ENUM (
    'center',
    'split',
    'start'
);


--
-- Name: enum_archiveBlock_populate_by; Type: TYPE; Schema: public; Owner: -
--

CREATE TYPE "public"."enum_archiveBlock_populate_by" AS ENUM (
    'collection',
    'selection'
);


--
-- Name: enum_archiveBlock_relation_to; Type: TYPE; Schema: public; Owner: -
--

CREATE TYPE "public"."enum_archiveBlock_relation_to" AS ENUM (
    'blog-posts'
);


--
-- Name: enum_blog_posts_status; Type: TYPE; Schema: public; Owner: -
--

CREATE TYPE "public"."enum_blog_posts_status" AS ENUM (
    'draft',
    'published'
);


--
-- Name: enum_callToActionBlock_badge_type; Type: TYPE; Schema: public; Owner: -
--

CREATE TYPE "public"."enum_callToActionBlock_badge_type" AS ENUM (
    'label',
    'reference'
);


--
-- Name: enum_callToActionBlock_type; Type: TYPE; Schema: public; Owner: -
--

CREATE TYPE "public"."enum_callToActionBlock_type" AS ENUM (
    '01',
    '02',
    '03',
    '04',
    '05'
);


--
-- Name: enum_customHtmlBlock_block_header_badge_type; Type: TYPE; Schema: public; Owner: -
--

CREATE TYPE "public"."enum_customHtmlBlock_block_header_badge_type" AS ENUM (
    'label',
    'reference'
);


--
-- Name: enum_customHtmlBlock_block_header_type; Type: TYPE; Schema: public; Owner: -
--

CREATE TYPE "public"."enum_customHtmlBlock_block_header_type" AS ENUM (
    'center',
    'split',
    'start'
);


--
-- Name: enum_customers_status; Type: TYPE; Schema: public; Owner: -
--

CREATE TYPE "public"."enum_customers_status" AS ENUM (
    'draft',
    'published'
);


--
-- Name: enum_customers_testimonial_company_industry; Type: TYPE; Schema: public; Owner: -
--

CREATE TYPE "public"."enum_customers_testimonial_company_industry" AS ENUM (
    'restaurants',
    'retail',
    'services'
);


--
-- Name: enum_customers_testimonial_stats_indicator; Type: TYPE; Schema: public; Owner: -
--

CREATE TYPE "public"."enum_customers_testimonial_stats_indicator" AS ENUM (
    'increase',
    'decrease',
    'noChange'
);


--
-- Name: enum_dividerBlock_size; Type: TYPE; Schema: public; Owner: -
--

CREATE TYPE "public"."enum_dividerBlock_size" AS ENUM (
    'small',
    'medium',
    'large'
);


--
-- Name: enum_faqBlock_block_header_badge_type; Type: TYPE; Schema: public; Owner: -
--

CREATE TYPE "public"."enum_faqBlock_block_header_badge_type" AS ENUM (
    'label',
    'reference'
);


--
-- Name: enum_faqBlock_block_header_type; Type: TYPE; Schema: public; Owner: -
--

CREATE TYPE "public"."enum_faqBlock_block_header_type" AS ENUM (
    'center',
    'split',
    'start'
);


--
-- Name: enum_faqBlock_type; Type: TYPE; Schema: public; Owner: -
--

CREATE TYPE "public"."enum_faqBlock_type" AS ENUM (
    '01',
    '02'
);


--
-- Name: enum_faq_status; Type: TYPE; Schema: public; Owner: -
--

CREATE TYPE "public"."enum_faq_status" AS ENUM (
    'draft',
    'published'
);


--
-- Name: enum_featuresBlock_block_header_badge_type; Type: TYPE; Schema: public; Owner: -
--

CREATE TYPE "public"."enum_featuresBlock_block_header_badge_type" AS ENUM (
    'label',
    'reference'
);


--
-- Name: enum_featuresBlock_block_header_type; Type: TYPE; Schema: public; Owner: -
--

CREATE TYPE "public"."enum_featuresBlock_block_header_type" AS ENUM (
    'center',
    'split',
    'start'
);


--
-- Name: enum_featuresBlock_columns_badge_type; Type: TYPE; Schema: public; Owner: -
--

CREATE TYPE "public"."enum_featuresBlock_columns_badge_type" AS ENUM (
    'label',
    'reference'
);


--
-- Name: enum_featuresBlock_columns_size; Type: TYPE; Schema: public; Owner: -
--

CREATE TYPE "public"."enum_featuresBlock_columns_size" AS ENUM (
    'half',
    'full',
    'oneThird',
    'twoThirds',
    'sixtyPercent',
    'fortyPercent'
);


--
-- Name: enum_featuresBlock_columns_stat_indicator; Type: TYPE; Schema: public; Owner: -
--

CREATE TYPE "public"."enum_featuresBlock_columns_stat_indicator" AS ENUM (
    'increase',
    'decrease',
    'noChange'
);


--
-- Name: enum_featuresBlock_stat_indicator; Type: TYPE; Schema: public; Owner: -
--

CREATE TYPE "public"."enum_featuresBlock_stat_indicator" AS ENUM (
    'increase',
    'decrease',
    'noChange'
);


--
-- Name: enum_featuresBlock_type; Type: TYPE; Schema: public; Owner: -
--

CREATE TYPE "public"."enum_featuresBlock_type" AS ENUM (
    '01',
    '02',
    '03',
    '04',
    '05',
    '06',
    '07',
    '08'
);


--
-- Name: enum_forms_confirmation_type; Type: TYPE; Schema: public; Owner: -
--

CREATE TYPE "public"."enum_forms_confirmation_type" AS ENUM (
    'message',
    'redirect'
);


--
-- Name: enum_galleryBlock_block_header_badge_type; Type: TYPE; Schema: public; Owner: -
--

CREATE TYPE "public"."enum_galleryBlock_block_header_badge_type" AS ENUM (
    'label',
    'reference'
);


--
-- Name: enum_galleryBlock_block_header_type; Type: TYPE; Schema: public; Owner: -
--

CREATE TYPE "public"."enum_galleryBlock_block_header_type" AS ENUM (
    'center',
    'split',
    'start'
);


--
-- Name: enum_galleryBlock_type; Type: TYPE; Schema: public; Owner: -
--

CREATE TYPE "public"."enum_galleryBlock_type" AS ENUM (
    '01',
    '02',
    '03',
    '04'
);


--
-- Name: enum_header_tabs_nav_items_style; Type: TYPE; Schema: public; Owner: -
--

CREATE TYPE "public"."enum_header_tabs_nav_items_style" AS ENUM (
    'default',
    'featured',
    'list'
);


--
-- Name: enum_logosBlock_block_header_badge_type; Type: TYPE; Schema: public; Owner: -
--

CREATE TYPE "public"."enum_logosBlock_block_header_badge_type" AS ENUM (
    'label',
    'reference'
);


--
-- Name: enum_logosBlock_block_header_type; Type: TYPE; Schema: public; Owner: -
--

CREATE TYPE "public"."enum_logosBlock_block_header_type" AS ENUM (
    'center',
    'split',
    'start'
);


--
-- Name: enum_logosBlock_type; Type: TYPE; Schema: public; Owner: -
--

CREATE TYPE "public"."enum_logosBlock_type" AS ENUM (
    '01',
    '02',
    '03'
);


--
-- Name: enum_media_locale; Type: TYPE; Schema: public; Owner: -
--

CREATE TYPE "public"."enum_media_locale" AS ENUM (
    'en',
    'ar'
);


--
-- Name: enum_metricsBlock_block_header_badge_type; Type: TYPE; Schema: public; Owner: -
--

CREATE TYPE "public"."enum_metricsBlock_block_header_badge_type" AS ENUM (
    'label',
    'reference'
);


--
-- Name: enum_metricsBlock_block_header_type; Type: TYPE; Schema: public; Owner: -
--

CREATE TYPE "public"."enum_metricsBlock_block_header_type" AS ENUM (
    'center',
    'split',
    'start'
);


--
-- Name: enum_metricsBlock_stats_indicator; Type: TYPE; Schema: public; Owner: -
--

CREATE TYPE "public"."enum_metricsBlock_stats_indicator" AS ENUM (
    'increase',
    'decrease',
    'noChange'
);


--
-- Name: enum_metricsBlock_table_headers_width; Type: TYPE; Schema: public; Owner: -
--

CREATE TYPE "public"."enum_metricsBlock_table_headers_width" AS ENUM (
    'auto',
    'w-1/5',
    'w-1/3',
    'w-1/2',
    'w-2/3'
);


--
-- Name: enum_metricsBlock_type; Type: TYPE; Schema: public; Owner: -
--

CREATE TYPE "public"."enum_metricsBlock_type" AS ENUM (
    '01',
    '02'
);


--
-- Name: enum_pages_hero_badge_type; Type: TYPE; Schema: public; Owner: -
--

CREATE TYPE "public"."enum_pages_hero_badge_type" AS ENUM (
    'label',
    'reference'
);


--
-- Name: enum_pages_hero_list_style; Type: TYPE; Schema: public; Owner: -
--

CREATE TYPE "public"."enum_pages_hero_list_style" AS ENUM (
    'bullet',
    'numbered',
    'icons'
);


--
-- Name: enum_pages_hero_type; Type: TYPE; Schema: public; Owner: -
--

CREATE TYPE "public"."enum_pages_hero_type" AS ENUM (
    'none',
    'highImpact',
    'mediumImpact',
    'lowImpact'
);


--
-- Name: enum_pages_status; Type: TYPE; Schema: public; Owner: -
--

CREATE TYPE "public"."enum_pages_status" AS ENUM (
    'draft',
    'published'
);


--
-- Name: enum_payload_folders_folder_type; Type: TYPE; Schema: public; Owner: -
--

CREATE TYPE "public"."enum_payload_folders_folder_type" AS ENUM (
    'media'
);


--
-- Name: enum_payload_jobs_log_state; Type: TYPE; Schema: public; Owner: -
--

CREATE TYPE "public"."enum_payload_jobs_log_state" AS ENUM (
    'failed',
    'succeeded'
);


--
-- Name: enum_payload_jobs_log_task_slug; Type: TYPE; Schema: public; Owner: -
--

CREATE TYPE "public"."enum_payload_jobs_log_task_slug" AS ENUM (
    'inline',
    'schedulePublish'
);


--
-- Name: enum_payload_jobs_task_slug; Type: TYPE; Schema: public; Owner: -
--

CREATE TYPE "public"."enum_payload_jobs_task_slug" AS ENUM (
    'inline',
    'schedulePublish'
);


--
-- Name: enum_redirects_to_type; Type: TYPE; Schema: public; Owner: -
--

CREATE TYPE "public"."enum_redirects_to_type" AS ENUM (
    'reference',
    'custom'
);


--
-- Name: enum_richTextBlock_block_header_badge_type; Type: TYPE; Schema: public; Owner: -
--

CREATE TYPE "public"."enum_richTextBlock_block_header_badge_type" AS ENUM (
    'label',
    'reference'
);


--
-- Name: enum_richTextBlock_block_header_type; Type: TYPE; Schema: public; Owner: -
--

CREATE TYPE "public"."enum_richTextBlock_block_header_type" AS ENUM (
    'center',
    'split',
    'start'
);


--
-- Name: enum_richTextBlock_max_width; Type: TYPE; Schema: public; Owner: -
--

CREATE TYPE "public"."enum_richTextBlock_max_width" AS ENUM (
    'default',
    'small',
    'large',
    'full'
);


--
-- Name: enum_richTextBlock_type; Type: TYPE; Schema: public; Owner: -
--

CREATE TYPE "public"."enum_richTextBlock_type" AS ENUM (
    '01',
    '02'
);


--
-- Name: enum_teamBlock_block_header_badge_type; Type: TYPE; Schema: public; Owner: -
--

CREATE TYPE "public"."enum_teamBlock_block_header_badge_type" AS ENUM (
    'label',
    'reference'
);


--
-- Name: enum_teamBlock_block_header_type; Type: TYPE; Schema: public; Owner: -
--

CREATE TYPE "public"."enum_teamBlock_block_header_type" AS ENUM (
    'center',
    'split',
    'start'
);


--
-- Name: enum_testimonialsBlock_bg_color; Type: TYPE; Schema: public; Owner: -
--

CREATE TYPE "public"."enum_testimonialsBlock_bg_color" AS ENUM (
    'lightTeal',
    'violet',
    'gray',
    'inverted'
);


--
-- Name: enum_testimonialsBlock_block_header_badge_type; Type: TYPE; Schema: public; Owner: -
--

CREATE TYPE "public"."enum_testimonialsBlock_block_header_badge_type" AS ENUM (
    'label',
    'reference'
);


--
-- Name: enum_testimonialsBlock_block_header_type; Type: TYPE; Schema: public; Owner: -
--

CREATE TYPE "public"."enum_testimonialsBlock_block_header_type" AS ENUM (
    'center',
    'split',
    'start'
);


--
-- Name: enum_testimonialsBlock_type; Type: TYPE; Schema: public; Owner: -
--

CREATE TYPE "public"."enum_testimonialsBlock_type" AS ENUM (
    '01',
    '02',
    '03'
);


--
-- Name: link_color; Type: TYPE; Schema: public; Owner: -
--

CREATE TYPE "public"."link_color" AS ENUM (
    'brand',
    'neutral'
);


--
-- Name: link_type; Type: TYPE; Schema: public; Owner: -
--

CREATE TYPE "public"."link_type" AS ENUM (
    'reference',
    'custom'
);


--
-- Name: link_variant; Type: TYPE; Schema: public; Owner: -
--

CREATE TYPE "public"."link_variant" AS ENUM (
    'primary',
    'secondary',
    'tertiary',
    'ghost',
    'link'
);


SET default_tablespace = '';

SET default_table_access_method = "heap";

--
-- Name: _archiveBlock_v; Type: TABLE; Schema: public; Owner: -
--

CREATE TABLE "public"."_archiveBlock_v" (
    "_order" integer NOT NULL,
    "_parent_id" "uuid" NOT NULL,
    "_path" "text" NOT NULL,
    "id" "uuid" DEFAULT "gen_random_uuid"() NOT NULL,
    "block_header_type" "public"."enum__archiveBlock_v_block_header_type" DEFAULT 'center'::"public"."enum__archiveBlock_v_block_header_type",
    "block_header_badge_type" "public"."enum__archiveBlock_v_block_header_badge_type",
    "block_header_badge_color" "public"."badge_color" DEFAULT 'blue'::"public"."badge_color",
    "block_header_badge_icon" character varying,
    "block_header_badge_icon_position" "public"."badge_icon_position" DEFAULT 'flex-row'::"public"."badge_icon_position",
    "populate_by" "public"."enum__archiveBlock_v_populate_by" DEFAULT 'collection'::"public"."enum__archiveBlock_v_populate_by",
    "relation_to" "public"."enum__archiveBlock_v_relation_to" DEFAULT 'blog-posts'::"public"."enum__archiveBlock_v_relation_to",
    "limit" numeric DEFAULT 10,
    "_uuid" character varying,
    "block_name" character varying
);


--
-- Name: _archiveBlock_v_block_header_links; Type: TABLE; Schema: public; Owner: -
--

CREATE TABLE "public"."_archiveBlock_v_block_header_links" (
    "_order" integer NOT NULL,
    "_parent_id" "uuid" NOT NULL,
    "id" "uuid" DEFAULT "gen_random_uuid"() NOT NULL,
    "link_type" "public"."link_type" DEFAULT 'reference'::"public"."link_type",
    "link_new_tab" boolean,
    "link_url" character varying,
    "link_color" "public"."link_color" DEFAULT 'neutral'::"public"."link_color",
    "link_variant" "public"."link_variant" DEFAULT 'primary'::"public"."link_variant",
    "_uuid" character varying
);


--
-- Name: _archiveBlock_v_block_header_links_locales; Type: TABLE; Schema: public; Owner: -
--

CREATE TABLE "public"."_archiveBlock_v_block_header_links_locales" (
    "link_label" character varying,
    "id" integer NOT NULL,
    "_locale" "public"."_locales" NOT NULL,
    "_parent_id" "uuid" NOT NULL
);


--
-- Name: _archiveBlock_v_block_header_links_locales_id_seq; Type: SEQUENCE; Schema: public; Owner: -
--

CREATE SEQUENCE "public"."_archiveBlock_v_block_header_links_locales_id_seq"
    AS integer
    START WITH 1
    INCREMENT BY 1
    NO MINVALUE
    NO MAXVALUE
    CACHE 1;


--
-- Name: _archiveBlock_v_block_header_links_locales_id_seq; Type: SEQUENCE OWNED BY; Schema: public; Owner: -
--

ALTER SEQUENCE "public"."_archiveBlock_v_block_header_links_locales_id_seq" OWNED BY "public"."_archiveBlock_v_block_header_links_locales"."id";


--
-- Name: _archiveBlock_v_locales; Type: TABLE; Schema: public; Owner: -
--

CREATE TABLE "public"."_archiveBlock_v_locales" (
    "block_header_badge_label" character varying,
    "block_header_header_text" "jsonb",
    "id" integer NOT NULL,
    "_locale" "public"."_locales" NOT NULL,
    "_parent_id" "uuid" NOT NULL
);


--
-- Name: _archiveBlock_v_locales_id_seq; Type: SEQUENCE; Schema: public; Owner: -
--

CREATE SEQUENCE "public"."_archiveBlock_v_locales_id_seq"
    AS integer
    START WITH 1
    INCREMENT BY 1
    NO MINVALUE
    NO MAXVALUE
    CACHE 1;


--
-- Name: _archiveBlock_v_locales_id_seq; Type: SEQUENCE OWNED BY; Schema: public; Owner: -
--

ALTER SEQUENCE "public"."_archiveBlock_v_locales_id_seq" OWNED BY "public"."_archiveBlock_v_locales"."id";


--
-- Name: _blog_posts_v; Type: TABLE; Schema: public; Owner: -
--

CREATE TABLE "public"."_blog_posts_v" (
    "id" "uuid" DEFAULT "gen_random_uuid"() NOT NULL,
    "parent_id" "uuid",
    "version_updated_at" timestamp(3) with time zone,
    "version_created_at" timestamp(3) with time zone,
    "version__status" "public"."enum__blog_posts_v_version_status" DEFAULT 'draft'::"public"."enum__blog_posts_v_version_status",
    "created_at" timestamp(3) with time zone DEFAULT "now"() NOT NULL,
    "updated_at" timestamp(3) with time zone DEFAULT "now"() NOT NULL,
    "snapshot" boolean,
    "published_locale" "public"."enum__blog_posts_v_published_locale",
    "latest" boolean
);


--
-- Name: _blog_posts_v_locales; Type: TABLE; Schema: public; Owner: -
--

CREATE TABLE "public"."_blog_posts_v_locales" (
    "version_title" character varying,
    "version_hero_image_id" "uuid",
    "version_content" "jsonb",
    "version_meta_title" character varying,
    "version_meta_image_id" "uuid",
    "version_meta_description" character varying,
    "version_published_at" timestamp(3) with time zone,
    "id" integer NOT NULL,
    "_locale" "public"."_locales" NOT NULL,
    "_parent_id" "uuid" NOT NULL,
    "version_slug" character varying,
    "version_slug_lock" boolean DEFAULT true
);


--
-- Name: _blog_posts_v_locales_id_seq; Type: SEQUENCE; Schema: public; Owner: -
--

CREATE SEQUENCE "public"."_blog_posts_v_locales_id_seq"
    AS integer
    START WITH 1
    INCREMENT BY 1
    NO MINVALUE
    NO MAXVALUE
    CACHE 1;


--
-- Name: _blog_posts_v_locales_id_seq; Type: SEQUENCE OWNED BY; Schema: public; Owner: -
--

ALTER SEQUENCE "public"."_blog_posts_v_locales_id_seq" OWNED BY "public"."_blog_posts_v_locales"."id";


--
-- Name: _blog_posts_v_rels; Type: TABLE; Schema: public; Owner: -
--

CREATE TABLE "public"."_blog_posts_v_rels" (
    "id" integer NOT NULL,
    "order" integer,
    "parent_id" "uuid" NOT NULL,
    "path" character varying NOT NULL,
    "locale" "public"."_locales",
    "blog_posts_id" "uuid",
    "categories_id" "uuid",
    "users_id" "uuid"
);


--
-- Name: _blog_posts_v_rels_id_seq; Type: SEQUENCE; Schema: public; Owner: -
--

CREATE SEQUENCE "public"."_blog_posts_v_rels_id_seq"
    AS integer
    START WITH 1
    INCREMENT BY 1
    NO MINVALUE
    NO MAXVALUE
    CACHE 1;


--
-- Name: _blog_posts_v_rels_id_seq; Type: SEQUENCE OWNED BY; Schema: public; Owner: -
--

ALTER SEQUENCE "public"."_blog_posts_v_rels_id_seq" OWNED BY "public"."_blog_posts_v_rels"."id";


--
-- Name: _blog_posts_v_version_populated_authors; Type: TABLE; Schema: public; Owner: -
--

CREATE TABLE "public"."_blog_posts_v_version_populated_authors" (
    "_order" integer NOT NULL,
    "_parent_id" "uuid" NOT NULL,
    "id" "uuid" DEFAULT "gen_random_uuid"() NOT NULL,
    "_uuid" character varying,
    "name" character varying
);


--
-- Name: _callToActionBlock_v; Type: TABLE; Schema: public; Owner: -
--

CREATE TABLE "public"."_callToActionBlock_v" (
    "_order" integer NOT NULL,
    "_parent_id" "uuid" NOT NULL,
    "_path" "text" NOT NULL,
    "id" "uuid" DEFAULT "gen_random_uuid"() NOT NULL,
    "type" "public"."enum__callToActionBlock_v_type" DEFAULT '01'::"public"."enum__callToActionBlock_v_type",
    "badge_type" "public"."enum__callToActionBlock_v_badge_type",
    "badge_color" "public"."badge_color" DEFAULT 'blue'::"public"."badge_color",
    "badge_icon" character varying,
    "badge_icon_position" "public"."badge_icon_position" DEFAULT 'flex-row'::"public"."badge_icon_position",
    "caption" character varying,
    "form_id" "uuid",
    "_uuid" character varying,
    "block_name" character varying
);


--
-- Name: _callToActionBlock_v_links; Type: TABLE; Schema: public; Owner: -
--

CREATE TABLE "public"."_callToActionBlock_v_links" (
    "_order" integer NOT NULL,
    "_parent_id" "uuid" NOT NULL,
    "id" "uuid" DEFAULT "gen_random_uuid"() NOT NULL,
    "link_type" "public"."link_type" DEFAULT 'reference'::"public"."link_type",
    "link_new_tab" boolean,
    "link_url" character varying,
    "link_color" "public"."link_color" DEFAULT 'neutral'::"public"."link_color",
    "link_variant" "public"."link_variant" DEFAULT 'primary'::"public"."link_variant",
    "_uuid" character varying
);


--
-- Name: _callToActionBlock_v_links_locales; Type: TABLE; Schema: public; Owner: -
--

CREATE TABLE "public"."_callToActionBlock_v_links_locales" (
    "link_label" character varying,
    "id" integer NOT NULL,
    "_locale" "public"."_locales" NOT NULL,
    "_parent_id" "uuid" NOT NULL
);


--
-- Name: _callToActionBlock_v_links_locales_id_seq; Type: SEQUENCE; Schema: public; Owner: -
--

CREATE SEQUENCE "public"."_callToActionBlock_v_links_locales_id_seq"
    AS integer
    START WITH 1
    INCREMENT BY 1
    NO MINVALUE
    NO MAXVALUE
    CACHE 1;


--
-- Name: _callToActionBlock_v_links_locales_id_seq; Type: SEQUENCE OWNED BY; Schema: public; Owner: -
--

ALTER SEQUENCE "public"."_callToActionBlock_v_links_locales_id_seq" OWNED BY "public"."_callToActionBlock_v_links_locales"."id";


--
-- Name: _callToActionBlock_v_list; Type: TABLE; Schema: public; Owner: -
--

CREATE TABLE "public"."_callToActionBlock_v_list" (
    "_order" integer NOT NULL,
    "_parent_id" "uuid" NOT NULL,
    "_locale" "public"."_locales" NOT NULL,
    "id" "uuid" DEFAULT "gen_random_uuid"() NOT NULL,
    "icon" character varying,
    "title" character varying,
    "subtitle" character varying,
    "_uuid" character varying
);


--
-- Name: _callToActionBlock_v_locales; Type: TABLE; Schema: public; Owner: -
--

CREATE TABLE "public"."_callToActionBlock_v_locales" (
    "badge_label" character varying,
    "rich_text" "jsonb",
    "media_desktop_light_id" "uuid",
    "media_desktop_dark_id" "uuid",
    "media_mobile_light_id" "uuid",
    "media_mobile_dark_id" "uuid",
    "id" integer NOT NULL,
    "_locale" "public"."_locales" NOT NULL,
    "_parent_id" "uuid" NOT NULL
);


--
-- Name: _callToActionBlock_v_locales_id_seq; Type: SEQUENCE; Schema: public; Owner: -
--

CREATE SEQUENCE "public"."_callToActionBlock_v_locales_id_seq"
    AS integer
    START WITH 1
    INCREMENT BY 1
    NO MINVALUE
    NO MAXVALUE
    CACHE 1;


--
-- Name: _callToActionBlock_v_locales_id_seq; Type: SEQUENCE OWNED BY; Schema: public; Owner: -
--

ALTER SEQUENCE "public"."_callToActionBlock_v_locales_id_seq" OWNED BY "public"."_callToActionBlock_v_locales"."id";


--
-- Name: _customHtmlBlock_v; Type: TABLE; Schema: public; Owner: -
--

CREATE TABLE "public"."_customHtmlBlock_v" (
    "_order" integer NOT NULL,
    "_parent_id" "uuid" NOT NULL,
    "_path" "text" NOT NULL,
    "id" "uuid" DEFAULT "gen_random_uuid"() NOT NULL,
    "block_header_type" "public"."enum__customHtmlBlock_v_block_header_type" DEFAULT 'center'::"public"."enum__customHtmlBlock_v_block_header_type",
    "block_header_badge_type" "public"."enum__customHtmlBlock_v_block_header_badge_type",
    "block_header_badge_color" "public"."badge_color" DEFAULT 'blue'::"public"."badge_color",
    "block_header_badge_icon" character varying,
    "block_header_badge_icon_position" "public"."badge_icon_position" DEFAULT 'flex-row'::"public"."badge_icon_position",
    "html_content" character varying,
    "_uuid" character varying,
    "block_name" character varying
);


--
-- Name: _customHtmlBlock_v_block_header_links; Type: TABLE; Schema: public; Owner: -
--

CREATE TABLE "public"."_customHtmlBlock_v_block_header_links" (
    "_order" integer NOT NULL,
    "_parent_id" "uuid" NOT NULL,
    "id" "uuid" DEFAULT "gen_random_uuid"() NOT NULL,
    "link_type" "public"."link_type" DEFAULT 'reference'::"public"."link_type",
    "link_new_tab" boolean,
    "link_url" character varying,
    "link_color" "public"."link_color" DEFAULT 'neutral'::"public"."link_color",
    "link_variant" "public"."link_variant" DEFAULT 'primary'::"public"."link_variant",
    "_uuid" character varying
);


--
-- Name: _customHtmlBlock_v_block_header_links_locales; Type: TABLE; Schema: public; Owner: -
--

CREATE TABLE "public"."_customHtmlBlock_v_block_header_links_locales" (
    "link_label" character varying,
    "id" integer NOT NULL,
    "_locale" "public"."_locales" NOT NULL,
    "_parent_id" "uuid" NOT NULL
);


--
-- Name: _customHtmlBlock_v_block_header_links_locales_id_seq; Type: SEQUENCE; Schema: public; Owner: -
--

CREATE SEQUENCE "public"."_customHtmlBlock_v_block_header_links_locales_id_seq"
    AS integer
    START WITH 1
    INCREMENT BY 1
    NO MINVALUE
    NO MAXVALUE
    CACHE 1;


--
-- Name: _customHtmlBlock_v_block_header_links_locales_id_seq; Type: SEQUENCE OWNED BY; Schema: public; Owner: -
--

ALTER SEQUENCE "public"."_customHtmlBlock_v_block_header_links_locales_id_seq" OWNED BY "public"."_customHtmlBlock_v_block_header_links_locales"."id";


--
-- Name: _customHtmlBlock_v_locales; Type: TABLE; Schema: public; Owner: -
--

CREATE TABLE "public"."_customHtmlBlock_v_locales" (
    "block_header_badge_label" character varying,
    "block_header_header_text" "jsonb",
    "id" integer NOT NULL,
    "_locale" "public"."_locales" NOT NULL,
    "_parent_id" "uuid" NOT NULL
);


--
-- Name: _customHtmlBlock_v_locales_id_seq; Type: SEQUENCE; Schema: public; Owner: -
--

CREATE SEQUENCE "public"."_customHtmlBlock_v_locales_id_seq"
    AS integer
    START WITH 1
    INCREMENT BY 1
    NO MINVALUE
    NO MAXVALUE
    CACHE 1;


--
-- Name: _customHtmlBlock_v_locales_id_seq; Type: SEQUENCE OWNED BY; Schema: public; Owner: -
--

ALTER SEQUENCE "public"."_customHtmlBlock_v_locales_id_seq" OWNED BY "public"."_customHtmlBlock_v_locales"."id";


--
-- Name: _customers_v; Type: TABLE; Schema: public; Owner: -
--

CREATE TABLE "public"."_customers_v" (
    "id" "uuid" DEFAULT "gen_random_uuid"() NOT NULL,
    "parent_id" "uuid",
    "version_title" character varying,
    "version_testimonial_featured_image_id" "uuid",
    "version_testimonial_company_company_logo_id" "uuid",
    "version_testimonial_company_link_type" "public"."link_type" DEFAULT 'reference'::"public"."link_type",
    "version_testimonial_company_link_new_tab" boolean,
    "version_testimonial_company_link_url" character varying,
    "version_testimonial_company_industry" "public"."enum__customers_v_version_testimonial_company_industry",
    "version_testimonial_company_founding_year" numeric,
    "version_testimonial_company_branches" character varying,
    "version_testimonial_author_info_avatar_id" "uuid",
    "version_enable_case_study" boolean DEFAULT false,
    "version_slug" character varying,
    "version_slug_lock" boolean DEFAULT true,
    "version_published_at" timestamp(3) with time zone,
    "version_updated_at" timestamp(3) with time zone,
    "version_created_at" timestamp(3) with time zone,
    "version__status" "public"."enum__customers_v_version_status" DEFAULT 'draft'::"public"."enum__customers_v_version_status",
    "created_at" timestamp(3) with time zone DEFAULT "now"() NOT NULL,
    "updated_at" timestamp(3) with time zone DEFAULT "now"() NOT NULL,
    "snapshot" boolean,
    "published_locale" "public"."enum__customers_v_published_locale",
    "latest" boolean,
    "autosave" boolean
);


--
-- Name: _customers_v_locales; Type: TABLE; Schema: public; Owner: -
--

CREATE TABLE "public"."_customers_v_locales" (
    "version_testimonial_quote" "jsonb",
    "version_testimonial_company_company_name" character varying,
    "version_testimonial_company_link_label" character varying,
    "version_testimonial_company_location" character varying,
    "version_testimonial_author_info_name" character varying,
    "version_testimonial_author_info_title" character varying,
    "version_case_study_case_studytitle" character varying,
    "version_case_study_summary" character varying,
    "version_case_study_content" "jsonb",
    "id" integer NOT NULL,
    "_locale" "public"."_locales" NOT NULL,
    "_parent_id" "uuid" NOT NULL
);


--
-- Name: _customers_v_locales_id_seq; Type: SEQUENCE; Schema: public; Owner: -
--

CREATE SEQUENCE "public"."_customers_v_locales_id_seq"
    AS integer
    START WITH 1
    INCREMENT BY 1
    NO MINVALUE
    NO MAXVALUE
    CACHE 1;


--
-- Name: _customers_v_locales_id_seq; Type: SEQUENCE OWNED BY; Schema: public; Owner: -
--

ALTER SEQUENCE "public"."_customers_v_locales_id_seq" OWNED BY "public"."_customers_v_locales"."id";


--
-- Name: _customers_v_rels; Type: TABLE; Schema: public; Owner: -
--

CREATE TABLE "public"."_customers_v_rels" (
    "id" integer NOT NULL,
    "order" integer,
    "parent_id" "uuid" NOT NULL,
    "path" character varying NOT NULL,
    "pages_id" "uuid",
    "blog_posts_id" "uuid",
    "categories_id" "uuid"
);


--
-- Name: _customers_v_rels_id_seq; Type: SEQUENCE; Schema: public; Owner: -
--

CREATE SEQUENCE "public"."_customers_v_rels_id_seq"
    AS integer
    START WITH 1
    INCREMENT BY 1
    NO MINVALUE
    NO MAXVALUE
    CACHE 1;


--
-- Name: _customers_v_rels_id_seq; Type: SEQUENCE OWNED BY; Schema: public; Owner: -
--

ALTER SEQUENCE "public"."_customers_v_rels_id_seq" OWNED BY "public"."_customers_v_rels"."id";


--
-- Name: _customers_v_version_testimonial_stats; Type: TABLE; Schema: public; Owner: -
--

CREATE TABLE "public"."_customers_v_version_testimonial_stats" (
    "_order" integer NOT NULL,
    "_parent_id" "uuid" NOT NULL,
    "id" "uuid" DEFAULT "gen_random_uuid"() NOT NULL,
    "indicator" "public"."enum__customers_v_version_testimonial_stats_indicator" DEFAULT 'noChange'::"public"."enum__customers_v_version_testimonial_stats_indicator",
    "_uuid" character varying
);


--
-- Name: _customers_v_version_testimonial_stats_locales; Type: TABLE; Schema: public; Owner: -
--

CREATE TABLE "public"."_customers_v_version_testimonial_stats_locales" (
    "label" character varying,
    "id" integer NOT NULL,
    "_locale" "public"."_locales" NOT NULL,
    "_parent_id" "uuid" NOT NULL,
    "value" character varying
);


--
-- Name: _customers_v_version_testimonial_stats_locales_id_seq; Type: SEQUENCE; Schema: public; Owner: -
--

CREATE SEQUENCE "public"."_customers_v_version_testimonial_stats_locales_id_seq"
    AS integer
    START WITH 1
    INCREMENT BY 1
    NO MINVALUE
    NO MAXVALUE
    CACHE 1;


--
-- Name: _customers_v_version_testimonial_stats_locales_id_seq; Type: SEQUENCE OWNED BY; Schema: public; Owner: -
--

ALTER SEQUENCE "public"."_customers_v_version_testimonial_stats_locales_id_seq" OWNED BY "public"."_customers_v_version_testimonial_stats_locales"."id";


--
-- Name: _dividerBlock_v; Type: TABLE; Schema: public; Owner: -
--

CREATE TABLE "public"."_dividerBlock_v" (
    "_order" integer NOT NULL,
    "_parent_id" "uuid" NOT NULL,
    "_path" "text" NOT NULL,
    "id" "uuid" DEFAULT "gen_random_uuid"() NOT NULL,
    "size" "public"."enum__dividerBlock_v_size" DEFAULT 'small'::"public"."enum__dividerBlock_v_size",
    "enable_divider" boolean DEFAULT true,
    "_uuid" character varying,
    "block_name" character varying
);


--
-- Name: _faqBlock_v; Type: TABLE; Schema: public; Owner: -
--

CREATE TABLE "public"."_faqBlock_v" (
    "_order" integer NOT NULL,
    "_parent_id" "uuid" NOT NULL,
    "_path" "text" NOT NULL,
    "id" "uuid" DEFAULT "gen_random_uuid"() NOT NULL,
    "block_header_type" "public"."enum__faqBlock_v_block_header_type" DEFAULT 'center'::"public"."enum__faqBlock_v_block_header_type",
    "block_header_badge_type" "public"."enum__faqBlock_v_block_header_badge_type",
    "block_header_badge_color" "public"."badge_color" DEFAULT 'blue'::"public"."badge_color",
    "block_header_badge_icon" character varying,
    "block_header_badge_icon_position" "public"."badge_icon_position" DEFAULT 'flex-row'::"public"."badge_icon_position",
    "type" "public"."enum__faqBlock_v_type" DEFAULT '01'::"public"."enum__faqBlock_v_type",
    "_uuid" character varying,
    "block_name" character varying
);


--
-- Name: _faqBlock_v_block_header_links; Type: TABLE; Schema: public; Owner: -
--

CREATE TABLE "public"."_faqBlock_v_block_header_links" (
    "_order" integer NOT NULL,
    "_parent_id" "uuid" NOT NULL,
    "id" "uuid" DEFAULT "gen_random_uuid"() NOT NULL,
    "link_type" "public"."link_type" DEFAULT 'reference'::"public"."link_type",
    "link_new_tab" boolean,
    "link_url" character varying,
    "link_color" "public"."link_color" DEFAULT 'neutral'::"public"."link_color",
    "link_variant" "public"."link_variant" DEFAULT 'primary'::"public"."link_variant",
    "_uuid" character varying
);


--
-- Name: _faqBlock_v_block_header_links_locales; Type: TABLE; Schema: public; Owner: -
--

CREATE TABLE "public"."_faqBlock_v_block_header_links_locales" (
    "link_label" character varying,
    "id" integer NOT NULL,
    "_locale" "public"."_locales" NOT NULL,
    "_parent_id" "uuid" NOT NULL
);


--
-- Name: _faqBlock_v_block_header_links_locales_id_seq; Type: SEQUENCE; Schema: public; Owner: -
--

CREATE SEQUENCE "public"."_faqBlock_v_block_header_links_locales_id_seq"
    AS integer
    START WITH 1
    INCREMENT BY 1
    NO MINVALUE
    NO MAXVALUE
    CACHE 1;


--
-- Name: _faqBlock_v_block_header_links_locales_id_seq; Type: SEQUENCE OWNED BY; Schema: public; Owner: -
--

ALTER SEQUENCE "public"."_faqBlock_v_block_header_links_locales_id_seq" OWNED BY "public"."_faqBlock_v_block_header_links_locales"."id";


--
-- Name: _faqBlock_v_locales; Type: TABLE; Schema: public; Owner: -
--

CREATE TABLE "public"."_faqBlock_v_locales" (
    "block_header_badge_label" character varying,
    "block_header_header_text" "jsonb",
    "id" integer NOT NULL,
    "_locale" "public"."_locales" NOT NULL,
    "_parent_id" "uuid" NOT NULL
);


--
-- Name: _faqBlock_v_locales_id_seq; Type: SEQUENCE; Schema: public; Owner: -
--

CREATE SEQUENCE "public"."_faqBlock_v_locales_id_seq"
    AS integer
    START WITH 1
    INCREMENT BY 1
    NO MINVALUE
    NO MAXVALUE
    CACHE 1;


--
-- Name: _faqBlock_v_locales_id_seq; Type: SEQUENCE OWNED BY; Schema: public; Owner: -
--

ALTER SEQUENCE "public"."_faqBlock_v_locales_id_seq" OWNED BY "public"."_faqBlock_v_locales"."id";


--
-- Name: _faq_v; Type: TABLE; Schema: public; Owner: -
--

CREATE TABLE "public"."_faq_v" (
    "id" "uuid" DEFAULT "gen_random_uuid"() NOT NULL,
    "parent_id" "uuid",
    "version_category_id" "uuid",
    "version_updated_at" timestamp(3) with time zone,
    "version_created_at" timestamp(3) with time zone,
    "version__status" "public"."enum__faq_v_version_status" DEFAULT 'draft'::"public"."enum__faq_v_version_status",
    "created_at" timestamp(3) with time zone DEFAULT "now"() NOT NULL,
    "updated_at" timestamp(3) with time zone DEFAULT "now"() NOT NULL,
    "snapshot" boolean,
    "published_locale" "public"."enum__faq_v_published_locale",
    "latest" boolean,
    "autosave" boolean
);


--
-- Name: _faq_v_locales; Type: TABLE; Schema: public; Owner: -
--

CREATE TABLE "public"."_faq_v_locales" (
    "version_question" character varying,
    "version_answer" "jsonb",
    "id" integer NOT NULL,
    "_locale" "public"."_locales" NOT NULL,
    "_parent_id" "uuid" NOT NULL
);


--
-- Name: _faq_v_locales_id_seq; Type: SEQUENCE; Schema: public; Owner: -
--

CREATE SEQUENCE "public"."_faq_v_locales_id_seq"
    AS integer
    START WITH 1
    INCREMENT BY 1
    NO MINVALUE
    NO MAXVALUE
    CACHE 1;


--
-- Name: _faq_v_locales_id_seq; Type: SEQUENCE OWNED BY; Schema: public; Owner: -
--

ALTER SEQUENCE "public"."_faq_v_locales_id_seq" OWNED BY "public"."_faq_v_locales"."id";


--
-- Name: _featuresBlock_v; Type: TABLE; Schema: public; Owner: -
--

CREATE TABLE "public"."_featuresBlock_v" (
    "_order" integer NOT NULL,
    "_parent_id" "uuid" NOT NULL,
    "_path" "text" NOT NULL,
    "id" "uuid" DEFAULT "gen_random_uuid"() NOT NULL,
    "block_header_type" "public"."enum__featuresBlock_v_block_header_type" DEFAULT 'center'::"public"."enum__featuresBlock_v_block_header_type",
    "block_header_badge_type" "public"."enum__featuresBlock_v_block_header_badge_type",
    "block_header_badge_color" "public"."badge_color" DEFAULT 'blue'::"public"."badge_color",
    "block_header_badge_icon" character varying,
    "block_header_badge_icon_position" "public"."badge_icon_position" DEFAULT 'flex-row'::"public"."badge_icon_position",
    "type" "public"."enum__featuresBlock_v_type" DEFAULT '01'::"public"."enum__featuresBlock_v_type",
    "link_type" "public"."link_type" DEFAULT 'reference'::"public"."link_type",
    "link_new_tab" boolean,
    "link_url" character varying,
    "_uuid" character varying,
    "block_name" character varying,
    "stat_indicator" "public"."enum__featuresBlock_v_stat_indicator" DEFAULT 'noChange'::"public"."enum__featuresBlock_v_stat_indicator"
);


--
-- Name: _featuresBlock_v_block_header_links; Type: TABLE; Schema: public; Owner: -
--

CREATE TABLE "public"."_featuresBlock_v_block_header_links" (
    "_order" integer NOT NULL,
    "_parent_id" "uuid" NOT NULL,
    "id" "uuid" DEFAULT "gen_random_uuid"() NOT NULL,
    "link_type" "public"."link_type" DEFAULT 'reference'::"public"."link_type",
    "link_new_tab" boolean,
    "link_url" character varying,
    "link_color" "public"."link_color" DEFAULT 'neutral'::"public"."link_color",
    "link_variant" "public"."link_variant" DEFAULT 'primary'::"public"."link_variant",
    "_uuid" character varying
);


--
-- Name: _featuresBlock_v_block_header_links_locales; Type: TABLE; Schema: public; Owner: -
--

CREATE TABLE "public"."_featuresBlock_v_block_header_links_locales" (
    "link_label" character varying,
    "id" integer NOT NULL,
    "_locale" "public"."_locales" NOT NULL,
    "_parent_id" "uuid" NOT NULL
);


--
-- Name: _featuresBlock_v_block_header_links_locales_id_seq; Type: SEQUENCE; Schema: public; Owner: -
--

CREATE SEQUENCE "public"."_featuresBlock_v_block_header_links_locales_id_seq"
    AS integer
    START WITH 1
    INCREMENT BY 1
    NO MINVALUE
    NO MAXVALUE
    CACHE 1;


--
-- Name: _featuresBlock_v_block_header_links_locales_id_seq; Type: SEQUENCE OWNED BY; Schema: public; Owner: -
--

ALTER SEQUENCE "public"."_featuresBlock_v_block_header_links_locales_id_seq" OWNED BY "public"."_featuresBlock_v_block_header_links_locales"."id";


--
-- Name: _featuresBlock_v_columns; Type: TABLE; Schema: public; Owner: -
--

CREATE TABLE "public"."_featuresBlock_v_columns" (
    "_order" integer NOT NULL,
    "_parent_id" "uuid" NOT NULL,
    "id" "uuid" DEFAULT "gen_random_uuid"() NOT NULL,
    "size" "public"."enum__featuresBlock_v_columns_size" DEFAULT 'half'::"public"."enum__featuresBlock_v_columns_size",
    "icon" character varying,
    "enable_badge" boolean,
    "enable_cta" boolean,
    "reverse_order" boolean,
    "badge_type" "public"."enum__featuresBlock_v_columns_badge_type",
    "badge_color" "public"."badge_color" DEFAULT 'blue'::"public"."badge_color",
    "badge_icon" character varying,
    "badge_icon_position" "public"."badge_icon_position" DEFAULT 'flex-row'::"public"."badge_icon_position",
    "link_type" "public"."link_type" DEFAULT 'reference'::"public"."link_type",
    "link_new_tab" boolean,
    "link_url" character varying,
    "_uuid" character varying,
    "stat_indicator" "public"."enum__featuresBlock_v_columns_stat_indicator" DEFAULT 'noChange'::"public"."enum__featuresBlock_v_columns_stat_indicator"
);


--
-- Name: _featuresBlock_v_columns_locales; Type: TABLE; Schema: public; Owner: -
--

CREATE TABLE "public"."_featuresBlock_v_columns_locales" (
    "image_id" "uuid",
    "content_title" character varying,
    "content_subtitle" character varying,
    "rich_text_content" "jsonb",
    "badge_label" character varying,
    "link_label" character varying,
    "id" integer NOT NULL,
    "_locale" "public"."_locales" NOT NULL,
    "_parent_id" "uuid" NOT NULL,
    "stat_label" character varying,
    "stat_value" character varying
);


--
-- Name: _featuresBlock_v_columns_locales_id_seq; Type: SEQUENCE; Schema: public; Owner: -
--

CREATE SEQUENCE "public"."_featuresBlock_v_columns_locales_id_seq"
    AS integer
    START WITH 1
    INCREMENT BY 1
    NO MINVALUE
    NO MAXVALUE
    CACHE 1;


--
-- Name: _featuresBlock_v_columns_locales_id_seq; Type: SEQUENCE OWNED BY; Schema: public; Owner: -
--

ALTER SEQUENCE "public"."_featuresBlock_v_columns_locales_id_seq" OWNED BY "public"."_featuresBlock_v_columns_locales"."id";


--
-- Name: _featuresBlock_v_locales; Type: TABLE; Schema: public; Owner: -
--

CREATE TABLE "public"."_featuresBlock_v_locales" (
    "block_header_badge_label" character varying,
    "block_header_header_text" "jsonb",
    "c_t_a_label" character varying,
    "link_label" character varying,
    "id" integer NOT NULL,
    "_locale" "public"."_locales" NOT NULL,
    "_parent_id" "uuid" NOT NULL,
    "stat_label" character varying,
    "stat_value" character varying,
    "block_image_id" "uuid"
);


--
-- Name: _featuresBlock_v_locales_id_seq; Type: SEQUENCE; Schema: public; Owner: -
--

CREATE SEQUENCE "public"."_featuresBlock_v_locales_id_seq"
    AS integer
    START WITH 1
    INCREMENT BY 1
    NO MINVALUE
    NO MAXVALUE
    CACHE 1;


--
-- Name: _featuresBlock_v_locales_id_seq; Type: SEQUENCE OWNED BY; Schema: public; Owner: -
--

ALTER SEQUENCE "public"."_featuresBlock_v_locales_id_seq" OWNED BY "public"."_featuresBlock_v_locales"."id";


--
-- Name: _formBlock_v; Type: TABLE; Schema: public; Owner: -
--

CREATE TABLE "public"."_formBlock_v" (
    "_order" integer NOT NULL,
    "_parent_id" "uuid" NOT NULL,
    "_path" "text" NOT NULL,
    "id" "uuid" DEFAULT "gen_random_uuid"() NOT NULL,
    "form_id" "uuid",
    "enable_intro" boolean,
    "intro_content" "jsonb",
    "_uuid" character varying,
    "block_name" character varying
);


--
-- Name: _galleryBlock_v; Type: TABLE; Schema: public; Owner: -
--

CREATE TABLE "public"."_galleryBlock_v" (
    "_order" integer NOT NULL,
    "_parent_id" "uuid" NOT NULL,
    "_path" "text" NOT NULL,
    "id" "uuid" DEFAULT "gen_random_uuid"() NOT NULL,
    "block_header_type" "public"."enum__galleryBlock_v_block_header_type" DEFAULT 'center'::"public"."enum__galleryBlock_v_block_header_type",
    "block_header_badge_type" "public"."enum__galleryBlock_v_block_header_badge_type",
    "block_header_badge_color" "public"."badge_color" DEFAULT 'blue'::"public"."badge_color",
    "block_header_badge_icon" character varying,
    "block_header_badge_icon_position" "public"."badge_icon_position" DEFAULT 'flex-row'::"public"."badge_icon_position",
    "type" "public"."enum__galleryBlock_v_type" DEFAULT '01'::"public"."enum__galleryBlock_v_type",
    "_uuid" character varying,
    "block_name" character varying
);


--
-- Name: _galleryBlock_v_block_header_links; Type: TABLE; Schema: public; Owner: -
--

CREATE TABLE "public"."_galleryBlock_v_block_header_links" (
    "_order" integer NOT NULL,
    "_parent_id" "uuid" NOT NULL,
    "id" "uuid" DEFAULT "gen_random_uuid"() NOT NULL,
    "link_type" "public"."link_type" DEFAULT 'reference'::"public"."link_type",
    "link_new_tab" boolean,
    "link_url" character varying,
    "link_color" "public"."link_color" DEFAULT 'neutral'::"public"."link_color",
    "link_variant" "public"."link_variant" DEFAULT 'primary'::"public"."link_variant",
    "_uuid" character varying
);


--
-- Name: _galleryBlock_v_block_header_links_locales; Type: TABLE; Schema: public; Owner: -
--

CREATE TABLE "public"."_galleryBlock_v_block_header_links_locales" (
    "link_label" character varying,
    "id" integer NOT NULL,
    "_locale" "public"."_locales" NOT NULL,
    "_parent_id" "uuid" NOT NULL
);


--
-- Name: _galleryBlock_v_block_header_links_locales_id_seq; Type: SEQUENCE; Schema: public; Owner: -
--

CREATE SEQUENCE "public"."_galleryBlock_v_block_header_links_locales_id_seq"
    AS integer
    START WITH 1
    INCREMENT BY 1
    NO MINVALUE
    NO MAXVALUE
    CACHE 1;


--
-- Name: _galleryBlock_v_block_header_links_locales_id_seq; Type: SEQUENCE OWNED BY; Schema: public; Owner: -
--

ALTER SEQUENCE "public"."_galleryBlock_v_block_header_links_locales_id_seq" OWNED BY "public"."_galleryBlock_v_block_header_links_locales"."id";


--
-- Name: _galleryBlock_v_interactive_gallery; Type: TABLE; Schema: public; Owner: -
--

CREATE TABLE "public"."_galleryBlock_v_interactive_gallery" (
    "_order" integer NOT NULL,
    "_parent_id" "uuid" NOT NULL,
    "id" "uuid" DEFAULT "gen_random_uuid"() NOT NULL,
    "_uuid" character varying
);


--
-- Name: _galleryBlock_v_interactive_gallery_locales; Type: TABLE; Schema: public; Owner: -
--

CREATE TABLE "public"."_galleryBlock_v_interactive_gallery_locales" (
    "image_id" "uuid",
    "panel_title" character varying,
    "panel_description" character varying,
    "id" integer NOT NULL,
    "_locale" "public"."_locales" NOT NULL,
    "_parent_id" "uuid" NOT NULL
);


--
-- Name: _galleryBlock_v_interactive_gallery_locales_id_seq; Type: SEQUENCE; Schema: public; Owner: -
--

CREATE SEQUENCE "public"."_galleryBlock_v_interactive_gallery_locales_id_seq"
    AS integer
    START WITH 1
    INCREMENT BY 1
    NO MINVALUE
    NO MAXVALUE
    CACHE 1;


--
-- Name: _galleryBlock_v_interactive_gallery_locales_id_seq; Type: SEQUENCE OWNED BY; Schema: public; Owner: -
--

ALTER SEQUENCE "public"."_galleryBlock_v_interactive_gallery_locales_id_seq" OWNED BY "public"."_galleryBlock_v_interactive_gallery_locales"."id";


--
-- Name: _galleryBlock_v_locales; Type: TABLE; Schema: public; Owner: -
--

CREATE TABLE "public"."_galleryBlock_v_locales" (
    "block_header_badge_label" character varying,
    "block_header_header_text" "jsonb",
    "id" integer NOT NULL,
    "_locale" "public"."_locales" NOT NULL,
    "_parent_id" "uuid" NOT NULL
);


--
-- Name: _galleryBlock_v_locales_id_seq; Type: SEQUENCE; Schema: public; Owner: -
--

CREATE SEQUENCE "public"."_galleryBlock_v_locales_id_seq"
    AS integer
    START WITH 1
    INCREMENT BY 1
    NO MINVALUE
    NO MAXVALUE
    CACHE 1;


--
-- Name: _galleryBlock_v_locales_id_seq; Type: SEQUENCE OWNED BY; Schema: public; Owner: -
--

ALTER SEQUENCE "public"."_galleryBlock_v_locales_id_seq" OWNED BY "public"."_galleryBlock_v_locales"."id";


--
-- Name: _logosBlock_v; Type: TABLE; Schema: public; Owner: -
--

CREATE TABLE "public"."_logosBlock_v" (
    "_order" integer NOT NULL,
    "_parent_id" "uuid" NOT NULL,
    "_path" "text" NOT NULL,
    "id" "uuid" DEFAULT "gen_random_uuid"() NOT NULL,
    "block_header_type" "public"."enum__logosBlock_v_block_header_type" DEFAULT 'center'::"public"."enum__logosBlock_v_block_header_type",
    "block_header_badge_type" "public"."enum__logosBlock_v_block_header_badge_type",
    "block_header_badge_color" "public"."badge_color" DEFAULT 'blue'::"public"."badge_color",
    "block_header_badge_icon" character varying,
    "block_header_badge_icon_position" "public"."badge_icon_position" DEFAULT 'flex-row'::"public"."badge_icon_position",
    "type" "public"."enum__logosBlock_v_type",
    "_uuid" character varying,
    "block_name" character varying
);


--
-- Name: _logosBlock_v_block_header_links; Type: TABLE; Schema: public; Owner: -
--

CREATE TABLE "public"."_logosBlock_v_block_header_links" (
    "_order" integer NOT NULL,
    "_parent_id" "uuid" NOT NULL,
    "id" "uuid" DEFAULT "gen_random_uuid"() NOT NULL,
    "link_type" "public"."link_type" DEFAULT 'reference'::"public"."link_type",
    "link_new_tab" boolean,
    "link_url" character varying,
    "link_color" "public"."link_color" DEFAULT 'neutral'::"public"."link_color",
    "link_variant" "public"."link_variant" DEFAULT 'primary'::"public"."link_variant",
    "_uuid" character varying
);


--
-- Name: _logosBlock_v_block_header_links_locales; Type: TABLE; Schema: public; Owner: -
--

CREATE TABLE "public"."_logosBlock_v_block_header_links_locales" (
    "link_label" character varying,
    "id" integer NOT NULL,
    "_locale" "public"."_locales" NOT NULL,
    "_parent_id" "uuid" NOT NULL
);


--
-- Name: _logosBlock_v_block_header_links_locales_id_seq; Type: SEQUENCE; Schema: public; Owner: -
--

CREATE SEQUENCE "public"."_logosBlock_v_block_header_links_locales_id_seq"
    AS integer
    START WITH 1
    INCREMENT BY 1
    NO MINVALUE
    NO MAXVALUE
    CACHE 1;


--
-- Name: _logosBlock_v_block_header_links_locales_id_seq; Type: SEQUENCE OWNED BY; Schema: public; Owner: -
--

ALTER SEQUENCE "public"."_logosBlock_v_block_header_links_locales_id_seq" OWNED BY "public"."_logosBlock_v_block_header_links_locales"."id";


--
-- Name: _logosBlock_v_locales; Type: TABLE; Schema: public; Owner: -
--

CREATE TABLE "public"."_logosBlock_v_locales" (
    "block_header_badge_label" character varying,
    "block_header_header_text" "jsonb",
    "id" integer NOT NULL,
    "_locale" "public"."_locales" NOT NULL,
    "_parent_id" "uuid" NOT NULL
);


--
-- Name: _logosBlock_v_locales_id_seq; Type: SEQUENCE; Schema: public; Owner: -
--

CREATE SEQUENCE "public"."_logosBlock_v_locales_id_seq"
    AS integer
    START WITH 1
    INCREMENT BY 1
    NO MINVALUE
    NO MAXVALUE
    CACHE 1;


--
-- Name: _logosBlock_v_locales_id_seq; Type: SEQUENCE OWNED BY; Schema: public; Owner: -
--

ALTER SEQUENCE "public"."_logosBlock_v_locales_id_seq" OWNED BY "public"."_logosBlock_v_locales"."id";


--
-- Name: _metricsBlock_v; Type: TABLE; Schema: public; Owner: -
--

CREATE TABLE "public"."_metricsBlock_v" (
    "_order" integer NOT NULL,
    "_parent_id" "uuid" NOT NULL,
    "_path" "text" NOT NULL,
    "id" "uuid" DEFAULT "gen_random_uuid"() NOT NULL,
    "block_header_type" "public"."enum__metricsBlock_v_block_header_type" DEFAULT 'center'::"public"."enum__metricsBlock_v_block_header_type",
    "block_header_badge_type" "public"."enum__metricsBlock_v_block_header_badge_type",
    "block_header_badge_color" "public"."badge_color" DEFAULT 'blue'::"public"."badge_color",
    "block_header_badge_icon" character varying,
    "block_header_badge_icon_position" "public"."badge_icon_position" DEFAULT 'flex-row'::"public"."badge_icon_position",
    "type" "public"."enum__metricsBlock_v_type" DEFAULT '01'::"public"."enum__metricsBlock_v_type",
    "table_styling_striped" boolean DEFAULT true,
    "table_styling_bordered" boolean DEFAULT true,
    "table_styling_compact" boolean DEFAULT false,
    "enable_logos" boolean,
    "_uuid" character varying,
    "block_name" character varying
);


--
-- Name: _metricsBlock_v_block_header_links; Type: TABLE; Schema: public; Owner: -
--

CREATE TABLE "public"."_metricsBlock_v_block_header_links" (
    "_order" integer NOT NULL,
    "_parent_id" "uuid" NOT NULL,
    "id" "uuid" DEFAULT "gen_random_uuid"() NOT NULL,
    "link_type" "public"."link_type" DEFAULT 'reference'::"public"."link_type",
    "link_new_tab" boolean,
    "link_url" character varying,
    "link_color" "public"."link_color" DEFAULT 'neutral'::"public"."link_color",
    "link_variant" "public"."link_variant" DEFAULT 'primary'::"public"."link_variant",
    "_uuid" character varying
);


--
-- Name: _metricsBlock_v_block_header_links_locales; Type: TABLE; Schema: public; Owner: -
--

CREATE TABLE "public"."_metricsBlock_v_block_header_links_locales" (
    "link_label" character varying,
    "id" integer NOT NULL,
    "_locale" "public"."_locales" NOT NULL,
    "_parent_id" "uuid" NOT NULL
);


--
-- Name: _metricsBlock_v_block_header_links_locales_id_seq; Type: SEQUENCE; Schema: public; Owner: -
--

CREATE SEQUENCE "public"."_metricsBlock_v_block_header_links_locales_id_seq"
    AS integer
    START WITH 1
    INCREMENT BY 1
    NO MINVALUE
    NO MAXVALUE
    CACHE 1;


--
-- Name: _metricsBlock_v_block_header_links_locales_id_seq; Type: SEQUENCE OWNED BY; Schema: public; Owner: -
--

ALTER SEQUENCE "public"."_metricsBlock_v_block_header_links_locales_id_seq" OWNED BY "public"."_metricsBlock_v_block_header_links_locales"."id";


--
-- Name: _metricsBlock_v_locales; Type: TABLE; Schema: public; Owner: -
--

CREATE TABLE "public"."_metricsBlock_v_locales" (
    "block_header_badge_label" character varying,
    "block_header_header_text" "jsonb",
    "block_image_media_id" "uuid",
    "table_title" character varying,
    "logos_headline" character varying,
    "id" integer NOT NULL,
    "_locale" "public"."_locales" NOT NULL,
    "_parent_id" "uuid" NOT NULL
);


--
-- Name: _metricsBlock_v_locales_id_seq; Type: SEQUENCE; Schema: public; Owner: -
--

CREATE SEQUENCE "public"."_metricsBlock_v_locales_id_seq"
    AS integer
    START WITH 1
    INCREMENT BY 1
    NO MINVALUE
    NO MAXVALUE
    CACHE 1;


--
-- Name: _metricsBlock_v_locales_id_seq; Type: SEQUENCE OWNED BY; Schema: public; Owner: -
--

ALTER SEQUENCE "public"."_metricsBlock_v_locales_id_seq" OWNED BY "public"."_metricsBlock_v_locales"."id";


--
-- Name: _metricsBlock_v_stats; Type: TABLE; Schema: public; Owner: -
--

CREATE TABLE "public"."_metricsBlock_v_stats" (
    "_order" integer NOT NULL,
    "_parent_id" "uuid" NOT NULL,
    "id" "uuid" DEFAULT "gen_random_uuid"() NOT NULL,
    "indicator" "public"."enum__metricsBlock_v_stats_indicator" DEFAULT 'noChange'::"public"."enum__metricsBlock_v_stats_indicator",
    "_uuid" character varying
);


--
-- Name: _metricsBlock_v_stats_locales; Type: TABLE; Schema: public; Owner: -
--

CREATE TABLE "public"."_metricsBlock_v_stats_locales" (
    "label" character varying,
    "id" integer NOT NULL,
    "_locale" "public"."_locales" NOT NULL,
    "_parent_id" "uuid" NOT NULL,
    "value" character varying
);


--
-- Name: _metricsBlock_v_stats_locales_id_seq; Type: SEQUENCE; Schema: public; Owner: -
--

CREATE SEQUENCE "public"."_metricsBlock_v_stats_locales_id_seq"
    AS integer
    START WITH 1
    INCREMENT BY 1
    NO MINVALUE
    NO MAXVALUE
    CACHE 1;


--
-- Name: _metricsBlock_v_stats_locales_id_seq; Type: SEQUENCE OWNED BY; Schema: public; Owner: -
--

ALTER SEQUENCE "public"."_metricsBlock_v_stats_locales_id_seq" OWNED BY "public"."_metricsBlock_v_stats_locales"."id";


--
-- Name: _metricsBlock_v_table_headers; Type: TABLE; Schema: public; Owner: -
--

CREATE TABLE "public"."_metricsBlock_v_table_headers" (
    "_order" integer NOT NULL,
    "_parent_id" "uuid" NOT NULL,
    "_locale" "public"."_locales" NOT NULL,
    "id" "uuid" DEFAULT "gen_random_uuid"() NOT NULL,
    "header" character varying,
    "width" "public"."enum__metricsBlock_v_table_headers_width" DEFAULT 'auto'::"public"."enum__metricsBlock_v_table_headers_width",
    "_uuid" character varying
);


--
-- Name: _metricsBlock_v_table_rows; Type: TABLE; Schema: public; Owner: -
--

CREATE TABLE "public"."_metricsBlock_v_table_rows" (
    "_order" integer NOT NULL,
    "_parent_id" "uuid" NOT NULL,
    "_locale" "public"."_locales" NOT NULL,
    "id" "uuid" DEFAULT "gen_random_uuid"() NOT NULL,
    "is_expandable" boolean DEFAULT false,
    "_uuid" character varying
);


--
-- Name: _metricsBlock_v_table_rows_cells; Type: TABLE; Schema: public; Owner: -
--

CREATE TABLE "public"."_metricsBlock_v_table_rows_cells" (
    "_order" integer NOT NULL,
    "_parent_id" "uuid" NOT NULL,
    "_locale" "public"."_locales" NOT NULL,
    "id" "uuid" DEFAULT "gen_random_uuid"() NOT NULL,
    "content" character varying,
    "is_header" boolean DEFAULT false,
    "_uuid" character varying
);


--
-- Name: _metricsBlock_v_table_rows_children; Type: TABLE; Schema: public; Owner: -
--

CREATE TABLE "public"."_metricsBlock_v_table_rows_children" (
    "_order" integer NOT NULL,
    "_parent_id" "uuid" NOT NULL,
    "_locale" "public"."_locales" NOT NULL,
    "id" "uuid" DEFAULT "gen_random_uuid"() NOT NULL,
    "_uuid" character varying
);


--
-- Name: _metricsBlock_v_table_rows_children_cells; Type: TABLE; Schema: public; Owner: -
--

CREATE TABLE "public"."_metricsBlock_v_table_rows_children_cells" (
    "_order" integer NOT NULL,
    "_parent_id" "uuid" NOT NULL,
    "_locale" "public"."_locales" NOT NULL,
    "id" "uuid" DEFAULT "gen_random_uuid"() NOT NULL,
    "content" character varying,
    "_uuid" character varying
);


--
-- Name: _pages_v; Type: TABLE; Schema: public; Owner: -
--

CREATE TABLE "public"."_pages_v" (
    "id" "uuid" DEFAULT "gen_random_uuid"() NOT NULL,
    "parent_id" "uuid",
    "version_title" character varying,
    "version_hero_type" "public"."enum__pages_v_version_hero_type" DEFAULT 'mediumImpact'::"public"."enum__pages_v_version_hero_type",
    "version_hero_badge_type" "public"."enum__pages_v_version_hero_badge_type",
    "version_hero_badge_color" "public"."badge_color" DEFAULT 'blue'::"public"."badge_color",
    "version_hero_badge_icon" character varying,
    "version_hero_badge_icon_position" "public"."badge_icon_position" DEFAULT 'flex-row'::"public"."badge_icon_position",
    "version_hero_caption" character varying,
    "version_published_at" timestamp(3) with time zone,
    "version_slug" character varying,
    "version_slug_lock" boolean DEFAULT true,
    "version_updated_at" timestamp(3) with time zone,
    "version_created_at" timestamp(3) with time zone,
    "version__status" "public"."enum__pages_v_version_status" DEFAULT 'draft'::"public"."enum__pages_v_version_status",
    "created_at" timestamp(3) with time zone DEFAULT "now"() NOT NULL,
    "updated_at" timestamp(3) with time zone DEFAULT "now"() NOT NULL,
    "snapshot" boolean,
    "published_locale" "public"."enum__pages_v_published_locale",
    "latest" boolean,
    "autosave" boolean,
    "version_hero_list_style" "public"."enum__pages_v_version_hero_list_style" DEFAULT 'bullet'::"public"."enum__pages_v_version_hero_list_style"
);


--
-- Name: _pages_v_locales; Type: TABLE; Schema: public; Owner: -
--

CREATE TABLE "public"."_pages_v_locales" (
    "version_hero_badge_label" character varying,
    "version_hero_rich_text" "jsonb",
    "version_hero_media_desktop_light_id" "uuid",
    "version_hero_media_desktop_dark_id" "uuid",
    "version_hero_logos_headline" character varying,
    "version_meta_title" character varying,
    "version_meta_image_id" "uuid",
    "version_meta_description" character varying,
    "id" integer NOT NULL,
    "_locale" "public"."_locales" NOT NULL,
    "_parent_id" "uuid" NOT NULL,
    "version_hero_media_mobile_light_id" "uuid",
    "version_hero_media_mobile_dark_id" "uuid",
    "version_disable_page" boolean DEFAULT false
);


--
-- Name: _pages_v_locales_id_seq; Type: SEQUENCE; Schema: public; Owner: -
--

CREATE SEQUENCE "public"."_pages_v_locales_id_seq"
    AS integer
    START WITH 1
    INCREMENT BY 1
    NO MINVALUE
    NO MAXVALUE
    CACHE 1;


--
-- Name: _pages_v_locales_id_seq; Type: SEQUENCE OWNED BY; Schema: public; Owner: -
--

ALTER SEQUENCE "public"."_pages_v_locales_id_seq" OWNED BY "public"."_pages_v_locales"."id";


--
-- Name: _pages_v_rels; Type: TABLE; Schema: public; Owner: -
--

CREATE TABLE "public"."_pages_v_rels" (
    "id" integer NOT NULL,
    "order" integer,
    "parent_id" "uuid" NOT NULL,
    "path" character varying NOT NULL,
    "locale" "public"."_locales",
    "pages_id" "uuid",
    "blog_posts_id" "uuid",
    "media_id" "uuid",
    "faq_id" "uuid",
    "customers_id" "uuid"
);


--
-- Name: _pages_v_rels_id_seq; Type: SEQUENCE; Schema: public; Owner: -
--

CREATE SEQUENCE "public"."_pages_v_rels_id_seq"
    AS integer
    START WITH 1
    INCREMENT BY 1
    NO MINVALUE
    NO MAXVALUE
    CACHE 1;


--
-- Name: _pages_v_rels_id_seq; Type: SEQUENCE OWNED BY; Schema: public; Owner: -
--

ALTER SEQUENCE "public"."_pages_v_rels_id_seq" OWNED BY "public"."_pages_v_rels"."id";


--
-- Name: _pages_v_version_hero_links; Type: TABLE; Schema: public; Owner: -
--

CREATE TABLE "public"."_pages_v_version_hero_links" (
    "_order" integer NOT NULL,
    "_parent_id" "uuid" NOT NULL,
    "id" "uuid" DEFAULT "gen_random_uuid"() NOT NULL,
    "link_type" "public"."link_type" DEFAULT 'reference'::"public"."link_type",
    "link_new_tab" boolean,
    "link_url" character varying,
    "link_color" "public"."link_color" DEFAULT 'neutral'::"public"."link_color",
    "link_variant" "public"."link_variant" DEFAULT 'primary'::"public"."link_variant",
    "_uuid" character varying
);


--
-- Name: _pages_v_version_hero_links_locales; Type: TABLE; Schema: public; Owner: -
--

CREATE TABLE "public"."_pages_v_version_hero_links_locales" (
    "link_label" character varying,
    "id" integer NOT NULL,
    "_locale" "public"."_locales" NOT NULL,
    "_parent_id" "uuid" NOT NULL
);


--
-- Name: _pages_v_version_hero_links_locales_id_seq; Type: SEQUENCE; Schema: public; Owner: -
--

CREATE SEQUENCE "public"."_pages_v_version_hero_links_locales_id_seq"
    AS integer
    START WITH 1
    INCREMENT BY 1
    NO MINVALUE
    NO MAXVALUE
    CACHE 1;


--
-- Name: _pages_v_version_hero_links_locales_id_seq; Type: SEQUENCE OWNED BY; Schema: public; Owner: -
--

ALTER SEQUENCE "public"."_pages_v_version_hero_links_locales_id_seq" OWNED BY "public"."_pages_v_version_hero_links_locales"."id";


--
-- Name: _pages_v_version_hero_list_items; Type: TABLE; Schema: public; Owner: -
--

CREATE TABLE "public"."_pages_v_version_hero_list_items" (
    "_order" integer NOT NULL,
    "_parent_id" "uuid" NOT NULL,
    "id" "uuid" DEFAULT "gen_random_uuid"() NOT NULL,
    "icon" character varying,
    "_uuid" character varying
);


--
-- Name: _pages_v_version_hero_list_items_locales; Type: TABLE; Schema: public; Owner: -
--

CREATE TABLE "public"."_pages_v_version_hero_list_items_locales" (
    "text" character varying,
    "id" integer NOT NULL,
    "_locale" "public"."_locales" NOT NULL,
    "_parent_id" "uuid" NOT NULL
);


--
-- Name: _pages_v_version_hero_list_items_locales_id_seq; Type: SEQUENCE; Schema: public; Owner: -
--

CREATE SEQUENCE "public"."_pages_v_version_hero_list_items_locales_id_seq"
    AS integer
    START WITH 1
    INCREMENT BY 1
    NO MINVALUE
    NO MAXVALUE
    CACHE 1;


--
-- Name: _pages_v_version_hero_list_items_locales_id_seq; Type: SEQUENCE OWNED BY; Schema: public; Owner: -
--

ALTER SEQUENCE "public"."_pages_v_version_hero_list_items_locales_id_seq" OWNED BY "public"."_pages_v_version_hero_list_items_locales"."id";


--
-- Name: _richTextBlock_v; Type: TABLE; Schema: public; Owner: -
--

CREATE TABLE "public"."_richTextBlock_v" (
    "_order" integer NOT NULL,
    "_parent_id" "uuid" NOT NULL,
    "_path" "text" NOT NULL,
    "id" "uuid" DEFAULT "gen_random_uuid"() NOT NULL,
    "block_header_type" "public"."enum__richTextBlock_v_block_header_type" DEFAULT 'center'::"public"."enum__richTextBlock_v_block_header_type",
    "block_header_badge_type" "public"."enum__richTextBlock_v_block_header_badge_type",
    "block_header_badge_color" "public"."badge_color" DEFAULT 'blue'::"public"."badge_color",
    "block_header_badge_icon" character varying,
    "block_header_badge_icon_position" "public"."badge_icon_position" DEFAULT 'flex-row'::"public"."badge_icon_position",
    "type" "public"."enum__richTextBlock_v_type" DEFAULT '01'::"public"."enum__richTextBlock_v_type",
    "max_width" "public"."enum__richTextBlock_v_max_width" DEFAULT 'default'::"public"."enum__richTextBlock_v_max_width",
    "columns" numeric DEFAULT 1,
    "_uuid" character varying,
    "block_name" character varying
);


--
-- Name: _richTextBlock_v_block_header_links; Type: TABLE; Schema: public; Owner: -
--

CREATE TABLE "public"."_richTextBlock_v_block_header_links" (
    "_order" integer NOT NULL,
    "_parent_id" "uuid" NOT NULL,
    "id" "uuid" DEFAULT "gen_random_uuid"() NOT NULL,
    "link_type" "public"."link_type" DEFAULT 'reference'::"public"."link_type",
    "link_new_tab" boolean,
    "link_url" character varying,
    "link_color" "public"."link_color" DEFAULT 'neutral'::"public"."link_color",
    "link_variant" "public"."link_variant" DEFAULT 'primary'::"public"."link_variant",
    "_uuid" character varying
);


--
-- Name: _richTextBlock_v_block_header_links_locales; Type: TABLE; Schema: public; Owner: -
--

CREATE TABLE "public"."_richTextBlock_v_block_header_links_locales" (
    "link_label" character varying,
    "id" integer NOT NULL,
    "_locale" "public"."_locales" NOT NULL,
    "_parent_id" "uuid" NOT NULL
);


--
-- Name: _richTextBlock_v_block_header_links_locales_id_seq; Type: SEQUENCE; Schema: public; Owner: -
--

CREATE SEQUENCE "public"."_richTextBlock_v_block_header_links_locales_id_seq"
    AS integer
    START WITH 1
    INCREMENT BY 1
    NO MINVALUE
    NO MAXVALUE
    CACHE 1;


--
-- Name: _richTextBlock_v_block_header_links_locales_id_seq; Type: SEQUENCE OWNED BY; Schema: public; Owner: -
--

ALTER SEQUENCE "public"."_richTextBlock_v_block_header_links_locales_id_seq" OWNED BY "public"."_richTextBlock_v_block_header_links_locales"."id";


--
-- Name: _richTextBlock_v_locales; Type: TABLE; Schema: public; Owner: -
--

CREATE TABLE "public"."_richTextBlock_v_locales" (
    "block_header_badge_label" character varying,
    "block_header_header_text" "jsonb",
    "content" "jsonb",
    "id" integer NOT NULL,
    "_locale" "public"."_locales" NOT NULL,
    "_parent_id" "uuid" NOT NULL
);


--
-- Name: _richTextBlock_v_locales_id_seq; Type: SEQUENCE; Schema: public; Owner: -
--

CREATE SEQUENCE "public"."_richTextBlock_v_locales_id_seq"
    AS integer
    START WITH 1
    INCREMENT BY 1
    NO MINVALUE
    NO MAXVALUE
    CACHE 1;


--
-- Name: _richTextBlock_v_locales_id_seq; Type: SEQUENCE OWNED BY; Schema: public; Owner: -
--

ALTER SEQUENCE "public"."_richTextBlock_v_locales_id_seq" OWNED BY "public"."_richTextBlock_v_locales"."id";


--
-- Name: _teamBlock_v; Type: TABLE; Schema: public; Owner: -
--

CREATE TABLE "public"."_teamBlock_v" (
    "_order" integer NOT NULL,
    "_parent_id" "uuid" NOT NULL,
    "_path" "text" NOT NULL,
    "id" "uuid" DEFAULT "gen_random_uuid"() NOT NULL,
    "block_header_type" "public"."enum__teamBlock_v_block_header_type" DEFAULT 'center'::"public"."enum__teamBlock_v_block_header_type",
    "block_header_badge_type" "public"."enum__teamBlock_v_block_header_badge_type",
    "block_header_badge_color" "public"."badge_color" DEFAULT 'blue'::"public"."badge_color",
    "block_header_badge_icon" character varying,
    "block_header_badge_icon_position" "public"."badge_icon_position" DEFAULT 'flex-row'::"public"."badge_icon_position",
    "_uuid" character varying,
    "block_name" character varying
);


--
-- Name: _teamBlock_v_block_header_links; Type: TABLE; Schema: public; Owner: -
--

CREATE TABLE "public"."_teamBlock_v_block_header_links" (
    "_order" integer NOT NULL,
    "_parent_id" "uuid" NOT NULL,
    "id" "uuid" DEFAULT "gen_random_uuid"() NOT NULL,
    "link_type" "public"."link_type" DEFAULT 'reference'::"public"."link_type",
    "link_new_tab" boolean,
    "link_url" character varying,
    "link_color" "public"."link_color" DEFAULT 'neutral'::"public"."link_color",
    "link_variant" "public"."link_variant" DEFAULT 'primary'::"public"."link_variant",
    "_uuid" character varying
);


--
-- Name: _teamBlock_v_block_header_links_locales; Type: TABLE; Schema: public; Owner: -
--

CREATE TABLE "public"."_teamBlock_v_block_header_links_locales" (
    "link_label" character varying,
    "id" integer NOT NULL,
    "_locale" "public"."_locales" NOT NULL,
    "_parent_id" "uuid" NOT NULL
);


--
-- Name: _teamBlock_v_block_header_links_locales_id_seq; Type: SEQUENCE; Schema: public; Owner: -
--

CREATE SEQUENCE "public"."_teamBlock_v_block_header_links_locales_id_seq"
    AS integer
    START WITH 1
    INCREMENT BY 1
    NO MINVALUE
    NO MAXVALUE
    CACHE 1;


--
-- Name: _teamBlock_v_block_header_links_locales_id_seq; Type: SEQUENCE OWNED BY; Schema: public; Owner: -
--

ALTER SEQUENCE "public"."_teamBlock_v_block_header_links_locales_id_seq" OWNED BY "public"."_teamBlock_v_block_header_links_locales"."id";


--
-- Name: _teamBlock_v_locales; Type: TABLE; Schema: public; Owner: -
--

CREATE TABLE "public"."_teamBlock_v_locales" (
    "block_header_badge_label" character varying,
    "block_header_header_text" "jsonb",
    "id" integer NOT NULL,
    "_locale" "public"."_locales" NOT NULL,
    "_parent_id" "uuid" NOT NULL
);


--
-- Name: _teamBlock_v_locales_id_seq; Type: SEQUENCE; Schema: public; Owner: -
--

CREATE SEQUENCE "public"."_teamBlock_v_locales_id_seq"
    AS integer
    START WITH 1
    INCREMENT BY 1
    NO MINVALUE
    NO MAXVALUE
    CACHE 1;


--
-- Name: _teamBlock_v_locales_id_seq; Type: SEQUENCE OWNED BY; Schema: public; Owner: -
--

ALTER SEQUENCE "public"."_teamBlock_v_locales_id_seq" OWNED BY "public"."_teamBlock_v_locales"."id";


--
-- Name: _teamBlock_v_team; Type: TABLE; Schema: public; Owner: -
--

CREATE TABLE "public"."_teamBlock_v_team" (
    "_order" integer NOT NULL,
    "_parent_id" "uuid" NOT NULL,
    "id" "uuid" DEFAULT "gen_random_uuid"() NOT NULL,
    "image_id" "uuid",
    "social_linkedin" character varying,
    "social_x" character varying,
    "_uuid" character varying
);


--
-- Name: _teamBlock_v_team_locales; Type: TABLE; Schema: public; Owner: -
--

CREATE TABLE "public"."_teamBlock_v_team_locales" (
    "name" character varying,
    "position" character varying,
    "bio" character varying,
    "id" integer NOT NULL,
    "_locale" "public"."_locales" NOT NULL,
    "_parent_id" "uuid" NOT NULL
);


--
-- Name: _teamBlock_v_team_locales_id_seq; Type: SEQUENCE; Schema: public; Owner: -
--

CREATE SEQUENCE "public"."_teamBlock_v_team_locales_id_seq"
    AS integer
    START WITH 1
    INCREMENT BY 1
    NO MINVALUE
    NO MAXVALUE
    CACHE 1;


--
-- Name: _teamBlock_v_team_locales_id_seq; Type: SEQUENCE OWNED BY; Schema: public; Owner: -
--

ALTER SEQUENCE "public"."_teamBlock_v_team_locales_id_seq" OWNED BY "public"."_teamBlock_v_team_locales"."id";


--
-- Name: _testimonialsBlock_v; Type: TABLE; Schema: public; Owner: -
--

CREATE TABLE "public"."_testimonialsBlock_v" (
    "_order" integer NOT NULL,
    "_parent_id" "uuid" NOT NULL,
    "_path" "text" NOT NULL,
    "id" "uuid" DEFAULT "gen_random_uuid"() NOT NULL,
    "block_header_type" "public"."enum__testimonialsBlock_v_block_header_type" DEFAULT 'center'::"public"."enum__testimonialsBlock_v_block_header_type",
    "block_header_badge_type" "public"."enum__testimonialsBlock_v_block_header_badge_type",
    "block_header_badge_color" "public"."badge_color" DEFAULT 'blue'::"public"."badge_color",
    "block_header_badge_icon" character varying,
    "block_header_badge_icon_position" "public"."badge_icon_position" DEFAULT 'flex-row'::"public"."badge_icon_position",
    "type" "public"."enum__testimonialsBlock_v_type" DEFAULT '01'::"public"."enum__testimonialsBlock_v_type",
    "_uuid" character varying,
    "block_name" character varying,
    "bg_color" "public"."enum__testimonialsBlock_v_bg_color" DEFAULT 'gray'::"public"."enum__testimonialsBlock_v_bg_color"
);


--
-- Name: _testimonialsBlock_v_block_header_links; Type: TABLE; Schema: public; Owner: -
--

CREATE TABLE "public"."_testimonialsBlock_v_block_header_links" (
    "_order" integer NOT NULL,
    "_parent_id" "uuid" NOT NULL,
    "id" "uuid" DEFAULT "gen_random_uuid"() NOT NULL,
    "link_type" "public"."link_type" DEFAULT 'reference'::"public"."link_type",
    "link_new_tab" boolean,
    "link_url" character varying,
    "link_color" "public"."link_color" DEFAULT 'neutral'::"public"."link_color",
    "link_variant" "public"."link_variant" DEFAULT 'primary'::"public"."link_variant",
    "_uuid" character varying
);


--
-- Name: _testimonialsBlock_v_block_header_links_locales; Type: TABLE; Schema: public; Owner: -
--

CREATE TABLE "public"."_testimonialsBlock_v_block_header_links_locales" (
    "link_label" character varying,
    "id" integer NOT NULL,
    "_locale" "public"."_locales" NOT NULL,
    "_parent_id" "uuid" NOT NULL
);


--
-- Name: _testimonialsBlock_v_block_header_links_locales_id_seq; Type: SEQUENCE; Schema: public; Owner: -
--

CREATE SEQUENCE "public"."_testimonialsBlock_v_block_header_links_locales_id_seq"
    AS integer
    START WITH 1
    INCREMENT BY 1
    NO MINVALUE
    NO MAXVALUE
    CACHE 1;


--
-- Name: _testimonialsBlock_v_block_header_links_locales_id_seq; Type: SEQUENCE OWNED BY; Schema: public; Owner: -
--

ALTER SEQUENCE "public"."_testimonialsBlock_v_block_header_links_locales_id_seq" OWNED BY "public"."_testimonialsBlock_v_block_header_links_locales"."id";


--
-- Name: _testimonialsBlock_v_locales; Type: TABLE; Schema: public; Owner: -
--

CREATE TABLE "public"."_testimonialsBlock_v_locales" (
    "block_header_badge_label" character varying,
    "block_header_header_text" "jsonb",
    "id" integer NOT NULL,
    "_locale" "public"."_locales" NOT NULL,
    "_parent_id" "uuid" NOT NULL
);


--
-- Name: _testimonialsBlock_v_locales_id_seq; Type: SEQUENCE; Schema: public; Owner: -
--

CREATE SEQUENCE "public"."_testimonialsBlock_v_locales_id_seq"
    AS integer
    START WITH 1
    INCREMENT BY 1
    NO MINVALUE
    NO MAXVALUE
    CACHE 1;


--
-- Name: _testimonialsBlock_v_locales_id_seq; Type: SEQUENCE OWNED BY; Schema: public; Owner: -
--

ALTER SEQUENCE "public"."_testimonialsBlock_v_locales_id_seq" OWNED BY "public"."_testimonialsBlock_v_locales"."id";


--
-- Name: archiveBlock; Type: TABLE; Schema: public; Owner: -
--

CREATE TABLE "public"."archiveBlock" (
    "_order" integer NOT NULL,
    "_parent_id" "uuid" NOT NULL,
    "_path" "text" NOT NULL,
    "id" character varying NOT NULL,
    "block_header_type" "public"."enum_archiveBlock_block_header_type" DEFAULT 'center'::"public"."enum_archiveBlock_block_header_type",
    "block_header_badge_type" "public"."enum_archiveBlock_block_header_badge_type",
    "block_header_badge_color" "public"."badge_color" DEFAULT 'blue'::"public"."badge_color",
    "block_header_badge_icon" character varying,
    "block_header_badge_icon_position" "public"."badge_icon_position" DEFAULT 'flex-row'::"public"."badge_icon_position",
    "populate_by" "public"."enum_archiveBlock_populate_by" DEFAULT 'collection'::"public"."enum_archiveBlock_populate_by",
    "relation_to" "public"."enum_archiveBlock_relation_to" DEFAULT 'blog-posts'::"public"."enum_archiveBlock_relation_to",
    "limit" numeric DEFAULT 10,
    "block_name" character varying
);


--
-- Name: archiveBlock_block_header_links; Type: TABLE; Schema: public; Owner: -
--

CREATE TABLE "public"."archiveBlock_block_header_links" (
    "_order" integer NOT NULL,
    "_parent_id" character varying NOT NULL,
    "id" character varying NOT NULL,
    "link_type" "public"."link_type" DEFAULT 'reference'::"public"."link_type",
    "link_new_tab" boolean,
    "link_url" character varying,
    "link_color" "public"."link_color" DEFAULT 'neutral'::"public"."link_color",
    "link_variant" "public"."link_variant" DEFAULT 'primary'::"public"."link_variant"
);


--
-- Name: archiveBlock_block_header_links_locales; Type: TABLE; Schema: public; Owner: -
--

CREATE TABLE "public"."archiveBlock_block_header_links_locales" (
    "link_label" character varying,
    "id" integer NOT NULL,
    "_locale" "public"."_locales" NOT NULL,
    "_parent_id" character varying NOT NULL
);


--
-- Name: archiveBlock_block_header_links_locales_id_seq; Type: SEQUENCE; Schema: public; Owner: -
--

CREATE SEQUENCE "public"."archiveBlock_block_header_links_locales_id_seq"
    AS integer
    START WITH 1
    INCREMENT BY 1
    NO MINVALUE
    NO MAXVALUE
    CACHE 1;


--
-- Name: archiveBlock_block_header_links_locales_id_seq; Type: SEQUENCE OWNED BY; Schema: public; Owner: -
--

ALTER SEQUENCE "public"."archiveBlock_block_header_links_locales_id_seq" OWNED BY "public"."archiveBlock_block_header_links_locales"."id";


--
-- Name: archiveBlock_locales; Type: TABLE; Schema: public; Owner: -
--

CREATE TABLE "public"."archiveBlock_locales" (
    "block_header_badge_label" character varying,
    "block_header_header_text" "jsonb",
    "id" integer NOT NULL,
    "_locale" "public"."_locales" NOT NULL,
    "_parent_id" character varying NOT NULL
);


--
-- Name: archiveBlock_locales_id_seq; Type: SEQUENCE; Schema: public; Owner: -
--

CREATE SEQUENCE "public"."archiveBlock_locales_id_seq"
    AS integer
    START WITH 1
    INCREMENT BY 1
    NO MINVALUE
    NO MAXVALUE
    CACHE 1;


--
-- Name: archiveBlock_locales_id_seq; Type: SEQUENCE OWNED BY; Schema: public; Owner: -
--

ALTER SEQUENCE "public"."archiveBlock_locales_id_seq" OWNED BY "public"."archiveBlock_locales"."id";


--
-- Name: blog_posts; Type: TABLE; Schema: public; Owner: -
--

CREATE TABLE "public"."blog_posts" (
    "id" "uuid" DEFAULT "gen_random_uuid"() NOT NULL,
    "updated_at" timestamp(3) with time zone DEFAULT "now"() NOT NULL,
    "created_at" timestamp(3) with time zone DEFAULT "now"() NOT NULL,
    "_status" "public"."enum_blog_posts_status" DEFAULT 'draft'::"public"."enum_blog_posts_status"
);


--
-- Name: blog_posts_locales; Type: TABLE; Schema: public; Owner: -
--

CREATE TABLE "public"."blog_posts_locales" (
    "title" character varying,
    "hero_image_id" "uuid",
    "content" "jsonb",
    "meta_title" character varying,
    "meta_image_id" "uuid",
    "meta_description" character varying,
    "published_at" timestamp(3) with time zone,
    "id" integer NOT NULL,
    "_locale" "public"."_locales" NOT NULL,
    "_parent_id" "uuid" NOT NULL,
    "slug" character varying,
    "slug_lock" boolean DEFAULT true
);


--
-- Name: blog_posts_locales_id_seq; Type: SEQUENCE; Schema: public; Owner: -
--

CREATE SEQUENCE "public"."blog_posts_locales_id_seq"
    AS integer
    START WITH 1
    INCREMENT BY 1
    NO MINVALUE
    NO MAXVALUE
    CACHE 1;


--
-- Name: blog_posts_locales_id_seq; Type: SEQUENCE OWNED BY; Schema: public; Owner: -
--

ALTER SEQUENCE "public"."blog_posts_locales_id_seq" OWNED BY "public"."blog_posts_locales"."id";


--
-- Name: blog_posts_populated_authors; Type: TABLE; Schema: public; Owner: -
--

CREATE TABLE "public"."blog_posts_populated_authors" (
    "_order" integer NOT NULL,
    "_parent_id" "uuid" NOT NULL,
    "id" character varying NOT NULL,
    "name" character varying
);


--
-- Name: blog_posts_rels; Type: TABLE; Schema: public; Owner: -
--

CREATE TABLE "public"."blog_posts_rels" (
    "id" integer NOT NULL,
    "order" integer,
    "parent_id" "uuid" NOT NULL,
    "path" character varying NOT NULL,
    "locale" "public"."_locales",
    "blog_posts_id" "uuid",
    "categories_id" "uuid",
    "users_id" "uuid"
);


--
-- Name: blog_posts_rels_id_seq; Type: SEQUENCE; Schema: public; Owner: -
--

CREATE SEQUENCE "public"."blog_posts_rels_id_seq"
    AS integer
    START WITH 1
    INCREMENT BY 1
    NO MINVALUE
    NO MAXVALUE
    CACHE 1;


--
-- Name: blog_posts_rels_id_seq; Type: SEQUENCE OWNED BY; Schema: public; Owner: -
--

ALTER SEQUENCE "public"."blog_posts_rels_id_seq" OWNED BY "public"."blog_posts_rels"."id";


--
-- Name: callToActionBlock; Type: TABLE; Schema: public; Owner: -
--

CREATE TABLE "public"."callToActionBlock" (
    "_order" integer NOT NULL,
    "_parent_id" "uuid" NOT NULL,
    "_path" "text" NOT NULL,
    "id" character varying NOT NULL,
    "type" "public"."enum_callToActionBlock_type" DEFAULT '01'::"public"."enum_callToActionBlock_type",
    "badge_type" "public"."enum_callToActionBlock_badge_type",
    "badge_color" "public"."badge_color" DEFAULT 'blue'::"public"."badge_color",
    "badge_icon" character varying,
    "badge_icon_position" "public"."badge_icon_position" DEFAULT 'flex-row'::"public"."badge_icon_position",
    "caption" character varying,
    "form_id" "uuid",
    "block_name" character varying
);


--
-- Name: callToActionBlock_links; Type: TABLE; Schema: public; Owner: -
--

CREATE TABLE "public"."callToActionBlock_links" (
    "_order" integer NOT NULL,
    "_parent_id" character varying NOT NULL,
    "id" character varying NOT NULL,
    "link_type" "public"."link_type" DEFAULT 'reference'::"public"."link_type",
    "link_new_tab" boolean,
    "link_url" character varying,
    "link_color" "public"."link_color" DEFAULT 'neutral'::"public"."link_color",
    "link_variant" "public"."link_variant" DEFAULT 'primary'::"public"."link_variant"
);


--
-- Name: callToActionBlock_links_locales; Type: TABLE; Schema: public; Owner: -
--

CREATE TABLE "public"."callToActionBlock_links_locales" (
    "link_label" character varying,
    "id" integer NOT NULL,
    "_locale" "public"."_locales" NOT NULL,
    "_parent_id" character varying NOT NULL
);


--
-- Name: callToActionBlock_links_locales_id_seq; Type: SEQUENCE; Schema: public; Owner: -
--

CREATE SEQUENCE "public"."callToActionBlock_links_locales_id_seq"
    AS integer
    START WITH 1
    INCREMENT BY 1
    NO MINVALUE
    NO MAXVALUE
    CACHE 1;


--
-- Name: callToActionBlock_links_locales_id_seq; Type: SEQUENCE OWNED BY; Schema: public; Owner: -
--

ALTER SEQUENCE "public"."callToActionBlock_links_locales_id_seq" OWNED BY "public"."callToActionBlock_links_locales"."id";


--
-- Name: callToActionBlock_list; Type: TABLE; Schema: public; Owner: -
--

CREATE TABLE "public"."callToActionBlock_list" (
    "_order" integer NOT NULL,
    "_parent_id" character varying NOT NULL,
    "_locale" "public"."_locales" NOT NULL,
    "id" character varying NOT NULL,
    "icon" character varying,
    "title" character varying,
    "subtitle" character varying
);


--
-- Name: callToActionBlock_locales; Type: TABLE; Schema: public; Owner: -
--

CREATE TABLE "public"."callToActionBlock_locales" (
    "badge_label" character varying,
    "rich_text" "jsonb",
    "media_desktop_light_id" "uuid",
    "media_desktop_dark_id" "uuid",
    "media_mobile_light_id" "uuid",
    "media_mobile_dark_id" "uuid",
    "id" integer NOT NULL,
    "_locale" "public"."_locales" NOT NULL,
    "_parent_id" character varying NOT NULL
);


--
-- Name: callToActionBlock_locales_id_seq; Type: SEQUENCE; Schema: public; Owner: -
--

CREATE SEQUENCE "public"."callToActionBlock_locales_id_seq"
    AS integer
    START WITH 1
    INCREMENT BY 1
    NO MINVALUE
    NO MAXVALUE
    CACHE 1;


--
-- Name: callToActionBlock_locales_id_seq; Type: SEQUENCE OWNED BY; Schema: public; Owner: -
--

ALTER SEQUENCE "public"."callToActionBlock_locales_id_seq" OWNED BY "public"."callToActionBlock_locales"."id";


--
-- Name: categories; Type: TABLE; Schema: public; Owner: -
--

CREATE TABLE "public"."categories" (
    "id" "uuid" DEFAULT "gen_random_uuid"() NOT NULL,
    "slug" character varying,
    "slug_lock" boolean DEFAULT true,
    "parent_id" "uuid",
    "updated_at" timestamp(3) with time zone DEFAULT "now"() NOT NULL,
    "created_at" timestamp(3) with time zone DEFAULT "now"() NOT NULL
);


--
-- Name: categories_breadcrumbs; Type: TABLE; Schema: public; Owner: -
--

CREATE TABLE "public"."categories_breadcrumbs" (
    "_order" integer NOT NULL,
    "_parent_id" "uuid" NOT NULL,
    "_locale" "public"."_locales" NOT NULL,
    "id" character varying NOT NULL,
    "doc_id" "uuid",
    "url" character varying,
    "label" character varying
);


--
-- Name: categories_locales; Type: TABLE; Schema: public; Owner: -
--

CREATE TABLE "public"."categories_locales" (
    "title" character varying NOT NULL,
    "id" integer NOT NULL,
    "_locale" "public"."_locales" NOT NULL,
    "_parent_id" "uuid" NOT NULL
);


--
-- Name: categories_locales_id_seq; Type: SEQUENCE; Schema: public; Owner: -
--

CREATE SEQUENCE "public"."categories_locales_id_seq"
    AS integer
    START WITH 1
    INCREMENT BY 1
    NO MINVALUE
    NO MAXVALUE
    CACHE 1;


--
-- Name: categories_locales_id_seq; Type: SEQUENCE OWNED BY; Schema: public; Owner: -
--

ALTER SEQUENCE "public"."categories_locales_id_seq" OWNED BY "public"."categories_locales"."id";


--
-- Name: customHtmlBlock; Type: TABLE; Schema: public; Owner: -
--

CREATE TABLE "public"."customHtmlBlock" (
    "_order" integer NOT NULL,
    "_parent_id" "uuid" NOT NULL,
    "_path" "text" NOT NULL,
    "id" character varying NOT NULL,
    "block_header_type" "public"."enum_customHtmlBlock_block_header_type" DEFAULT 'center'::"public"."enum_customHtmlBlock_block_header_type",
    "block_header_badge_type" "public"."enum_customHtmlBlock_block_header_badge_type",
    "block_header_badge_color" "public"."badge_color" DEFAULT 'blue'::"public"."badge_color",
    "block_header_badge_icon" character varying,
    "block_header_badge_icon_position" "public"."badge_icon_position" DEFAULT 'flex-row'::"public"."badge_icon_position",
    "html_content" character varying,
    "block_name" character varying
);


--
-- Name: customHtmlBlock_block_header_links; Type: TABLE; Schema: public; Owner: -
--

CREATE TABLE "public"."customHtmlBlock_block_header_links" (
    "_order" integer NOT NULL,
    "_parent_id" character varying NOT NULL,
    "id" character varying NOT NULL,
    "link_type" "public"."link_type" DEFAULT 'reference'::"public"."link_type",
    "link_new_tab" boolean,
    "link_url" character varying,
    "link_color" "public"."link_color" DEFAULT 'neutral'::"public"."link_color",
    "link_variant" "public"."link_variant" DEFAULT 'primary'::"public"."link_variant"
);


--
-- Name: customHtmlBlock_block_header_links_locales; Type: TABLE; Schema: public; Owner: -
--

CREATE TABLE "public"."customHtmlBlock_block_header_links_locales" (
    "link_label" character varying,
    "id" integer NOT NULL,
    "_locale" "public"."_locales" NOT NULL,
    "_parent_id" character varying NOT NULL
);


--
-- Name: customHtmlBlock_block_header_links_locales_id_seq; Type: SEQUENCE; Schema: public; Owner: -
--

CREATE SEQUENCE "public"."customHtmlBlock_block_header_links_locales_id_seq"
    AS integer
    START WITH 1
    INCREMENT BY 1
    NO MINVALUE
    NO MAXVALUE
    CACHE 1;


--
-- Name: customHtmlBlock_block_header_links_locales_id_seq; Type: SEQUENCE OWNED BY; Schema: public; Owner: -
--

ALTER SEQUENCE "public"."customHtmlBlock_block_header_links_locales_id_seq" OWNED BY "public"."customHtmlBlock_block_header_links_locales"."id";


--
-- Name: customHtmlBlock_locales; Type: TABLE; Schema: public; Owner: -
--

CREATE TABLE "public"."customHtmlBlock_locales" (
    "block_header_badge_label" character varying,
    "block_header_header_text" "jsonb",
    "id" integer NOT NULL,
    "_locale" "public"."_locales" NOT NULL,
    "_parent_id" character varying NOT NULL
);


--
-- Name: customHtmlBlock_locales_id_seq; Type: SEQUENCE; Schema: public; Owner: -
--

CREATE SEQUENCE "public"."customHtmlBlock_locales_id_seq"
    AS integer
    START WITH 1
    INCREMENT BY 1
    NO MINVALUE
    NO MAXVALUE
    CACHE 1;


--
-- Name: customHtmlBlock_locales_id_seq; Type: SEQUENCE OWNED BY; Schema: public; Owner: -
--

ALTER SEQUENCE "public"."customHtmlBlock_locales_id_seq" OWNED BY "public"."customHtmlBlock_locales"."id";


--
-- Name: customers; Type: TABLE; Schema: public; Owner: -
--

CREATE TABLE "public"."customers" (
    "id" "uuid" DEFAULT "gen_random_uuid"() NOT NULL,
    "title" character varying,
    "testimonial_featured_image_id" "uuid",
    "testimonial_company_company_logo_id" "uuid",
    "testimonial_company_link_type" "public"."link_type" DEFAULT 'reference'::"public"."link_type",
    "testimonial_company_link_new_tab" boolean,
    "testimonial_company_link_url" character varying,
    "testimonial_company_industry" "public"."enum_customers_testimonial_company_industry",
    "testimonial_company_founding_year" numeric,
    "testimonial_company_branches" character varying,
    "testimonial_author_info_avatar_id" "uuid",
    "enable_case_study" boolean DEFAULT false,
    "slug" character varying,
    "slug_lock" boolean DEFAULT true,
    "published_at" timestamp(3) with time zone,
    "updated_at" timestamp(3) with time zone DEFAULT "now"() NOT NULL,
    "created_at" timestamp(3) with time zone DEFAULT "now"() NOT NULL,
    "_status" "public"."enum_customers_status" DEFAULT 'draft'::"public"."enum_customers_status"
);


--
-- Name: customers_locales; Type: TABLE; Schema: public; Owner: -
--

CREATE TABLE "public"."customers_locales" (
    "testimonial_quote" "jsonb",
    "testimonial_company_company_name" character varying,
    "testimonial_company_link_label" character varying,
    "testimonial_company_location" character varying,
    "testimonial_author_info_name" character varying,
    "testimonial_author_info_title" character varying,
    "case_study_case_studytitle" character varying,
    "case_study_summary" character varying,
    "case_study_content" "jsonb",
    "id" integer NOT NULL,
    "_locale" "public"."_locales" NOT NULL,
    "_parent_id" "uuid" NOT NULL
);


--
-- Name: customers_locales_id_seq; Type: SEQUENCE; Schema: public; Owner: -
--

CREATE SEQUENCE "public"."customers_locales_id_seq"
    AS integer
    START WITH 1
    INCREMENT BY 1
    NO MINVALUE
    NO MAXVALUE
    CACHE 1;


--
-- Name: customers_locales_id_seq; Type: SEQUENCE OWNED BY; Schema: public; Owner: -
--

ALTER SEQUENCE "public"."customers_locales_id_seq" OWNED BY "public"."customers_locales"."id";


--
-- Name: customers_rels; Type: TABLE; Schema: public; Owner: -
--

CREATE TABLE "public"."customers_rels" (
    "id" integer NOT NULL,
    "order" integer,
    "parent_id" "uuid" NOT NULL,
    "path" character varying NOT NULL,
    "pages_id" "uuid",
    "blog_posts_id" "uuid",
    "categories_id" "uuid"
);


--
-- Name: customers_rels_id_seq; Type: SEQUENCE; Schema: public; Owner: -
--

CREATE SEQUENCE "public"."customers_rels_id_seq"
    AS integer
    START WITH 1
    INCREMENT BY 1
    NO MINVALUE
    NO MAXVALUE
    CACHE 1;


--
-- Name: customers_rels_id_seq; Type: SEQUENCE OWNED BY; Schema: public; Owner: -
--

ALTER SEQUENCE "public"."customers_rels_id_seq" OWNED BY "public"."customers_rels"."id";


--
-- Name: customers_testimonial_stats; Type: TABLE; Schema: public; Owner: -
--

CREATE TABLE "public"."customers_testimonial_stats" (
    "_order" integer NOT NULL,
    "_parent_id" "uuid" NOT NULL,
    "id" character varying NOT NULL,
    "indicator" "public"."enum_customers_testimonial_stats_indicator" DEFAULT 'noChange'::"public"."enum_customers_testimonial_stats_indicator"
);


--
-- Name: customers_testimonial_stats_locales; Type: TABLE; Schema: public; Owner: -
--

CREATE TABLE "public"."customers_testimonial_stats_locales" (
    "label" character varying,
    "id" integer NOT NULL,
    "_locale" "public"."_locales" NOT NULL,
    "_parent_id" character varying NOT NULL,
    "value" character varying
);


--
-- Name: customers_testimonial_stats_locales_id_seq; Type: SEQUENCE; Schema: public; Owner: -
--

CREATE SEQUENCE "public"."customers_testimonial_stats_locales_id_seq"
    AS integer
    START WITH 1
    INCREMENT BY 1
    NO MINVALUE
    NO MAXVALUE
    CACHE 1;


--
-- Name: customers_testimonial_stats_locales_id_seq; Type: SEQUENCE OWNED BY; Schema: public; Owner: -
--

ALTER SEQUENCE "public"."customers_testimonial_stats_locales_id_seq" OWNED BY "public"."customers_testimonial_stats_locales"."id";


--
-- Name: dividerBlock; Type: TABLE; Schema: public; Owner: -
--

CREATE TABLE "public"."dividerBlock" (
    "_order" integer NOT NULL,
    "_parent_id" "uuid" NOT NULL,
    "_path" "text" NOT NULL,
    "id" character varying NOT NULL,
    "size" "public"."enum_dividerBlock_size" DEFAULT 'small'::"public"."enum_dividerBlock_size",
    "enable_divider" boolean DEFAULT true,
    "block_name" character varying
);


--
-- Name: faq; Type: TABLE; Schema: public; Owner: -
--

CREATE TABLE "public"."faq" (
    "id" "uuid" DEFAULT "gen_random_uuid"() NOT NULL,
    "category_id" "uuid",
    "updated_at" timestamp(3) with time zone DEFAULT "now"() NOT NULL,
    "created_at" timestamp(3) with time zone DEFAULT "now"() NOT NULL,
    "_status" "public"."enum_faq_status" DEFAULT 'draft'::"public"."enum_faq_status"
);


--
-- Name: faqBlock; Type: TABLE; Schema: public; Owner: -
--

CREATE TABLE "public"."faqBlock" (
    "_order" integer NOT NULL,
    "_parent_id" "uuid" NOT NULL,
    "_path" "text" NOT NULL,
    "id" character varying NOT NULL,
    "block_header_type" "public"."enum_faqBlock_block_header_type" DEFAULT 'center'::"public"."enum_faqBlock_block_header_type",
    "block_header_badge_type" "public"."enum_faqBlock_block_header_badge_type",
    "block_header_badge_color" "public"."badge_color" DEFAULT 'blue'::"public"."badge_color",
    "block_header_badge_icon" character varying,
    "block_header_badge_icon_position" "public"."badge_icon_position" DEFAULT 'flex-row'::"public"."badge_icon_position",
    "type" "public"."enum_faqBlock_type" DEFAULT '01'::"public"."enum_faqBlock_type",
    "block_name" character varying
);


--
-- Name: faqBlock_block_header_links; Type: TABLE; Schema: public; Owner: -
--

CREATE TABLE "public"."faqBlock_block_header_links" (
    "_order" integer NOT NULL,
    "_parent_id" character varying NOT NULL,
    "id" character varying NOT NULL,
    "link_type" "public"."link_type" DEFAULT 'reference'::"public"."link_type",
    "link_new_tab" boolean,
    "link_url" character varying,
    "link_color" "public"."link_color" DEFAULT 'neutral'::"public"."link_color",
    "link_variant" "public"."link_variant" DEFAULT 'primary'::"public"."link_variant"
);


--
-- Name: faqBlock_block_header_links_locales; Type: TABLE; Schema: public; Owner: -
--

CREATE TABLE "public"."faqBlock_block_header_links_locales" (
    "link_label" character varying,
    "id" integer NOT NULL,
    "_locale" "public"."_locales" NOT NULL,
    "_parent_id" character varying NOT NULL
);


--
-- Name: faqBlock_block_header_links_locales_id_seq; Type: SEQUENCE; Schema: public; Owner: -
--

CREATE SEQUENCE "public"."faqBlock_block_header_links_locales_id_seq"
    AS integer
    START WITH 1
    INCREMENT BY 1
    NO MINVALUE
    NO MAXVALUE
    CACHE 1;


--
-- Name: faqBlock_block_header_links_locales_id_seq; Type: SEQUENCE OWNED BY; Schema: public; Owner: -
--

ALTER SEQUENCE "public"."faqBlock_block_header_links_locales_id_seq" OWNED BY "public"."faqBlock_block_header_links_locales"."id";


--
-- Name: faqBlock_locales; Type: TABLE; Schema: public; Owner: -
--

CREATE TABLE "public"."faqBlock_locales" (
    "block_header_badge_label" character varying,
    "block_header_header_text" "jsonb",
    "id" integer NOT NULL,
    "_locale" "public"."_locales" NOT NULL,
    "_parent_id" character varying NOT NULL
);


--
-- Name: faqBlock_locales_id_seq; Type: SEQUENCE; Schema: public; Owner: -
--

CREATE SEQUENCE "public"."faqBlock_locales_id_seq"
    AS integer
    START WITH 1
    INCREMENT BY 1
    NO MINVALUE
    NO MAXVALUE
    CACHE 1;


--
-- Name: faqBlock_locales_id_seq; Type: SEQUENCE OWNED BY; Schema: public; Owner: -
--

ALTER SEQUENCE "public"."faqBlock_locales_id_seq" OWNED BY "public"."faqBlock_locales"."id";


--
-- Name: faq_locales; Type: TABLE; Schema: public; Owner: -
--

CREATE TABLE "public"."faq_locales" (
    "question" character varying,
    "answer" "jsonb",
    "id" integer NOT NULL,
    "_locale" "public"."_locales" NOT NULL,
    "_parent_id" "uuid" NOT NULL
);


--
-- Name: faq_locales_id_seq; Type: SEQUENCE; Schema: public; Owner: -
--

CREATE SEQUENCE "public"."faq_locales_id_seq"
    AS integer
    START WITH 1
    INCREMENT BY 1
    NO MINVALUE
    NO MAXVALUE
    CACHE 1;


--
-- Name: faq_locales_id_seq; Type: SEQUENCE OWNED BY; Schema: public; Owner: -
--

ALTER SEQUENCE "public"."faq_locales_id_seq" OWNED BY "public"."faq_locales"."id";


--
-- Name: featuresBlock; Type: TABLE; Schema: public; Owner: -
--

CREATE TABLE "public"."featuresBlock" (
    "_order" integer NOT NULL,
    "_parent_id" "uuid" NOT NULL,
    "_path" "text" NOT NULL,
    "id" character varying NOT NULL,
    "block_header_type" "public"."enum_featuresBlock_block_header_type" DEFAULT 'center'::"public"."enum_featuresBlock_block_header_type",
    "block_header_badge_type" "public"."enum_featuresBlock_block_header_badge_type",
    "block_header_badge_color" "public"."badge_color" DEFAULT 'blue'::"public"."badge_color",
    "block_header_badge_icon" character varying,
    "block_header_badge_icon_position" "public"."badge_icon_position" DEFAULT 'flex-row'::"public"."badge_icon_position",
    "type" "public"."enum_featuresBlock_type" DEFAULT '01'::"public"."enum_featuresBlock_type",
    "link_type" "public"."link_type" DEFAULT 'reference'::"public"."link_type",
    "link_new_tab" boolean,
    "link_url" character varying,
    "block_name" character varying,
    "stat_indicator" "public"."enum_featuresBlock_stat_indicator" DEFAULT 'noChange'::"public"."enum_featuresBlock_stat_indicator"
);


--
-- Name: featuresBlock_block_header_links; Type: TABLE; Schema: public; Owner: -
--

CREATE TABLE "public"."featuresBlock_block_header_links" (
    "_order" integer NOT NULL,
    "_parent_id" character varying NOT NULL,
    "id" character varying NOT NULL,
    "link_type" "public"."link_type" DEFAULT 'reference'::"public"."link_type",
    "link_new_tab" boolean,
    "link_url" character varying,
    "link_color" "public"."link_color" DEFAULT 'neutral'::"public"."link_color",
    "link_variant" "public"."link_variant" DEFAULT 'primary'::"public"."link_variant"
);


--
-- Name: featuresBlock_block_header_links_locales; Type: TABLE; Schema: public; Owner: -
--

CREATE TABLE "public"."featuresBlock_block_header_links_locales" (
    "link_label" character varying,
    "id" integer NOT NULL,
    "_locale" "public"."_locales" NOT NULL,
    "_parent_id" character varying NOT NULL
);


--
-- Name: featuresBlock_block_header_links_locales_id_seq; Type: SEQUENCE; Schema: public; Owner: -
--

CREATE SEQUENCE "public"."featuresBlock_block_header_links_locales_id_seq"
    AS integer
    START WITH 1
    INCREMENT BY 1
    NO MINVALUE
    NO MAXVALUE
    CACHE 1;


--
-- Name: featuresBlock_block_header_links_locales_id_seq; Type: SEQUENCE OWNED BY; Schema: public; Owner: -
--

ALTER SEQUENCE "public"."featuresBlock_block_header_links_locales_id_seq" OWNED BY "public"."featuresBlock_block_header_links_locales"."id";


--
-- Name: featuresBlock_columns; Type: TABLE; Schema: public; Owner: -
--

CREATE TABLE "public"."featuresBlock_columns" (
    "_order" integer NOT NULL,
    "_parent_id" character varying NOT NULL,
    "id" character varying NOT NULL,
    "size" "public"."enum_featuresBlock_columns_size" DEFAULT 'half'::"public"."enum_featuresBlock_columns_size",
    "icon" character varying,
    "enable_badge" boolean,
    "enable_cta" boolean,
    "reverse_order" boolean,
    "badge_type" "public"."enum_featuresBlock_columns_badge_type",
    "badge_color" "public"."badge_color" DEFAULT 'blue'::"public"."badge_color",
    "badge_icon" character varying,
    "badge_icon_position" "public"."badge_icon_position" DEFAULT 'flex-row'::"public"."badge_icon_position",
    "link_type" "public"."link_type" DEFAULT 'reference'::"public"."link_type",
    "link_new_tab" boolean,
    "link_url" character varying,
    "stat_indicator" "public"."enum_featuresBlock_columns_stat_indicator" DEFAULT 'noChange'::"public"."enum_featuresBlock_columns_stat_indicator"
);


--
-- Name: featuresBlock_columns_locales; Type: TABLE; Schema: public; Owner: -
--

CREATE TABLE "public"."featuresBlock_columns_locales" (
    "image_id" "uuid",
    "content_title" character varying,
    "content_subtitle" character varying,
    "rich_text_content" "jsonb",
    "badge_label" character varying,
    "link_label" character varying,
    "id" integer NOT NULL,
    "_locale" "public"."_locales" NOT NULL,
    "_parent_id" character varying NOT NULL,
    "stat_label" character varying,
    "stat_value" character varying
);


--
-- Name: featuresBlock_columns_locales_id_seq; Type: SEQUENCE; Schema: public; Owner: -
--

CREATE SEQUENCE "public"."featuresBlock_columns_locales_id_seq"
    AS integer
    START WITH 1
    INCREMENT BY 1
    NO MINVALUE
    NO MAXVALUE
    CACHE 1;


--
-- Name: featuresBlock_columns_locales_id_seq; Type: SEQUENCE OWNED BY; Schema: public; Owner: -
--

ALTER SEQUENCE "public"."featuresBlock_columns_locales_id_seq" OWNED BY "public"."featuresBlock_columns_locales"."id";


--
-- Name: featuresBlock_locales; Type: TABLE; Schema: public; Owner: -
--

CREATE TABLE "public"."featuresBlock_locales" (
    "block_header_badge_label" character varying,
    "block_header_header_text" "jsonb",
    "c_t_a_label" character varying,
    "link_label" character varying,
    "id" integer NOT NULL,
    "_locale" "public"."_locales" NOT NULL,
    "_parent_id" character varying NOT NULL,
    "stat_label" character varying,
    "stat_value" character varying,
    "block_image_id" "uuid"
);


--
-- Name: featuresBlock_locales_id_seq; Type: SEQUENCE; Schema: public; Owner: -
--

CREATE SEQUENCE "public"."featuresBlock_locales_id_seq"
    AS integer
    START WITH 1
    INCREMENT BY 1
    NO MINVALUE
    NO MAXVALUE
    CACHE 1;


--
-- Name: featuresBlock_locales_id_seq; Type: SEQUENCE OWNED BY; Schema: public; Owner: -
--

ALTER SEQUENCE "public"."featuresBlock_locales_id_seq" OWNED BY "public"."featuresBlock_locales"."id";


--
-- Name: footer; Type: TABLE; Schema: public; Owner: -
--

CREATE TABLE "public"."footer" (
    "id" "uuid" DEFAULT "gen_random_uuid"() NOT NULL,
    "updated_at" timestamp(3) with time zone,
    "created_at" timestamp(3) with time zone
);


--
-- Name: footer_columns; Type: TABLE; Schema: public; Owner: -
--

CREATE TABLE "public"."footer_columns" (
    "_order" integer NOT NULL,
    "_parent_id" "uuid" NOT NULL,
    "id" character varying NOT NULL,
    "label" character varying NOT NULL
);


--
-- Name: footer_columns_nav_items; Type: TABLE; Schema: public; Owner: -
--

CREATE TABLE "public"."footer_columns_nav_items" (
    "_order" integer NOT NULL,
    "_parent_id" character varying NOT NULL,
    "id" character varying NOT NULL,
    "link_type" "public"."link_type" DEFAULT 'reference'::"public"."link_type",
    "link_new_tab" boolean,
    "link_url" character varying
);


--
-- Name: footer_columns_nav_items_locales; Type: TABLE; Schema: public; Owner: -
--

CREATE TABLE "public"."footer_columns_nav_items_locales" (
    "link_label" character varying NOT NULL,
    "id" integer NOT NULL,
    "_locale" "public"."_locales" NOT NULL,
    "_parent_id" character varying NOT NULL
);


--
-- Name: footer_columns_nav_items_locales_id_seq; Type: SEQUENCE; Schema: public; Owner: -
--

CREATE SEQUENCE "public"."footer_columns_nav_items_locales_id_seq"
    AS integer
    START WITH 1
    INCREMENT BY 1
    NO MINVALUE
    NO MAXVALUE
    CACHE 1;


--
-- Name: footer_columns_nav_items_locales_id_seq; Type: SEQUENCE OWNED BY; Schema: public; Owner: -
--

ALTER SEQUENCE "public"."footer_columns_nav_items_locales_id_seq" OWNED BY "public"."footer_columns_nav_items_locales"."id";


--
-- Name: footer_rels; Type: TABLE; Schema: public; Owner: -
--

CREATE TABLE "public"."footer_rels" (
    "id" integer NOT NULL,
    "order" integer,
    "parent_id" "uuid" NOT NULL,
    "path" character varying NOT NULL,
    "pages_id" "uuid",
    "blog_posts_id" "uuid"
);


--
-- Name: footer_rels_id_seq; Type: SEQUENCE; Schema: public; Owner: -
--

CREATE SEQUENCE "public"."footer_rels_id_seq"
    AS integer
    START WITH 1
    INCREMENT BY 1
    NO MINVALUE
    NO MAXVALUE
    CACHE 1;


--
-- Name: footer_rels_id_seq; Type: SEQUENCE OWNED BY; Schema: public; Owner: -
--

ALTER SEQUENCE "public"."footer_rels_id_seq" OWNED BY "public"."footer_rels"."id";


--
-- Name: formBlock; Type: TABLE; Schema: public; Owner: -
--

CREATE TABLE "public"."formBlock" (
    "_order" integer NOT NULL,
    "_parent_id" "uuid" NOT NULL,
    "_path" "text" NOT NULL,
    "id" character varying NOT NULL,
    "form_id" "uuid",
    "enable_intro" boolean,
    "intro_content" "jsonb",
    "block_name" character varying
);


--
-- Name: form_submissions; Type: TABLE; Schema: public; Owner: -
--

CREATE TABLE "public"."form_submissions" (
    "id" "uuid" DEFAULT "gen_random_uuid"() NOT NULL,
    "form_id" "uuid" NOT NULL,
    "updated_at" timestamp(3) with time zone DEFAULT "now"() NOT NULL,
    "created_at" timestamp(3) with time zone DEFAULT "now"() NOT NULL
);


--
-- Name: form_submissions_submission_data; Type: TABLE; Schema: public; Owner: -
--

CREATE TABLE "public"."form_submissions_submission_data" (
    "_order" integer NOT NULL,
    "_parent_id" "uuid" NOT NULL,
    "id" character varying NOT NULL,
    "field" character varying NOT NULL,
    "value" character varying NOT NULL
);


--
-- Name: forms; Type: TABLE; Schema: public; Owner: -
--

CREATE TABLE "public"."forms" (
    "id" "uuid" DEFAULT "gen_random_uuid"() NOT NULL,
    "title" character varying NOT NULL,
    "confirmation_type" "public"."enum_forms_confirmation_type" DEFAULT 'message'::"public"."enum_forms_confirmation_type",
    "redirect_url" character varying,
    "updated_at" timestamp(3) with time zone DEFAULT "now"() NOT NULL,
    "created_at" timestamp(3) with time zone DEFAULT "now"() NOT NULL
);


--
-- Name: forms_blocks_checkbox; Type: TABLE; Schema: public; Owner: -
--

CREATE TABLE "public"."forms_blocks_checkbox" (
    "_order" integer NOT NULL,
    "_parent_id" "uuid" NOT NULL,
    "_path" "text" NOT NULL,
    "id" character varying NOT NULL,
    "name" character varying NOT NULL,
    "width" numeric,
    "required" boolean,
    "default_value" boolean,
    "block_name" character varying
);


--
-- Name: forms_blocks_checkbox_locales; Type: TABLE; Schema: public; Owner: -
--

CREATE TABLE "public"."forms_blocks_checkbox_locales" (
    "label" character varying,
    "id" integer NOT NULL,
    "_locale" "public"."_locales" NOT NULL,
    "_parent_id" character varying NOT NULL
);


--
-- Name: forms_blocks_checkbox_locales_id_seq; Type: SEQUENCE; Schema: public; Owner: -
--

CREATE SEQUENCE "public"."forms_blocks_checkbox_locales_id_seq"
    AS integer
    START WITH 1
    INCREMENT BY 1
    NO MINVALUE
    NO MAXVALUE
    CACHE 1;


--
-- Name: forms_blocks_checkbox_locales_id_seq; Type: SEQUENCE OWNED BY; Schema: public; Owner: -
--

ALTER SEQUENCE "public"."forms_blocks_checkbox_locales_id_seq" OWNED BY "public"."forms_blocks_checkbox_locales"."id";


--
-- Name: forms_blocks_country; Type: TABLE; Schema: public; Owner: -
--

CREATE TABLE "public"."forms_blocks_country" (
    "_order" integer NOT NULL,
    "_parent_id" "uuid" NOT NULL,
    "_path" "text" NOT NULL,
    "id" character varying NOT NULL,
    "name" character varying NOT NULL,
    "width" numeric,
    "required" boolean,
    "block_name" character varying
);


--
-- Name: forms_blocks_country_locales; Type: TABLE; Schema: public; Owner: -
--

CREATE TABLE "public"."forms_blocks_country_locales" (
    "label" character varying,
    "id" integer NOT NULL,
    "_locale" "public"."_locales" NOT NULL,
    "_parent_id" character varying NOT NULL
);


--
-- Name: forms_blocks_country_locales_id_seq; Type: SEQUENCE; Schema: public; Owner: -
--

CREATE SEQUENCE "public"."forms_blocks_country_locales_id_seq"
    AS integer
    START WITH 1
    INCREMENT BY 1
    NO MINVALUE
    NO MAXVALUE
    CACHE 1;


--
-- Name: forms_blocks_country_locales_id_seq; Type: SEQUENCE OWNED BY; Schema: public; Owner: -
--

ALTER SEQUENCE "public"."forms_blocks_country_locales_id_seq" OWNED BY "public"."forms_blocks_country_locales"."id";


--
-- Name: forms_blocks_email; Type: TABLE; Schema: public; Owner: -
--

CREATE TABLE "public"."forms_blocks_email" (
    "_order" integer NOT NULL,
    "_parent_id" "uuid" NOT NULL,
    "_path" "text" NOT NULL,
    "id" character varying NOT NULL,
    "name" character varying NOT NULL,
    "width" numeric,
    "required" boolean,
    "block_name" character varying
);


--
-- Name: forms_blocks_email_locales; Type: TABLE; Schema: public; Owner: -
--

CREATE TABLE "public"."forms_blocks_email_locales" (
    "label" character varying,
    "id" integer NOT NULL,
    "_locale" "public"."_locales" NOT NULL,
    "_parent_id" character varying NOT NULL
);


--
-- Name: forms_blocks_email_locales_id_seq; Type: SEQUENCE; Schema: public; Owner: -
--

CREATE SEQUENCE "public"."forms_blocks_email_locales_id_seq"
    AS integer
    START WITH 1
    INCREMENT BY 1
    NO MINVALUE
    NO MAXVALUE
    CACHE 1;


--
-- Name: forms_blocks_email_locales_id_seq; Type: SEQUENCE OWNED BY; Schema: public; Owner: -
--

ALTER SEQUENCE "public"."forms_blocks_email_locales_id_seq" OWNED BY "public"."forms_blocks_email_locales"."id";


--
-- Name: forms_blocks_message; Type: TABLE; Schema: public; Owner: -
--

CREATE TABLE "public"."forms_blocks_message" (
    "_order" integer NOT NULL,
    "_parent_id" "uuid" NOT NULL,
    "_path" "text" NOT NULL,
    "id" character varying NOT NULL,
    "block_name" character varying
);


--
-- Name: forms_blocks_message_locales; Type: TABLE; Schema: public; Owner: -
--

CREATE TABLE "public"."forms_blocks_message_locales" (
    "message" "jsonb",
    "id" integer NOT NULL,
    "_locale" "public"."_locales" NOT NULL,
    "_parent_id" character varying NOT NULL
);


--
-- Name: forms_blocks_message_locales_id_seq; Type: SEQUENCE; Schema: public; Owner: -
--

CREATE SEQUENCE "public"."forms_blocks_message_locales_id_seq"
    AS integer
    START WITH 1
    INCREMENT BY 1
    NO MINVALUE
    NO MAXVALUE
    CACHE 1;


--
-- Name: forms_blocks_message_locales_id_seq; Type: SEQUENCE OWNED BY; Schema: public; Owner: -
--

ALTER SEQUENCE "public"."forms_blocks_message_locales_id_seq" OWNED BY "public"."forms_blocks_message_locales"."id";


--
-- Name: forms_blocks_number; Type: TABLE; Schema: public; Owner: -
--

CREATE TABLE "public"."forms_blocks_number" (
    "_order" integer NOT NULL,
    "_parent_id" "uuid" NOT NULL,
    "_path" "text" NOT NULL,
    "id" character varying NOT NULL,
    "name" character varying NOT NULL,
    "width" numeric,
    "default_value" numeric,
    "required" boolean,
    "block_name" character varying
);


--
-- Name: forms_blocks_number_locales; Type: TABLE; Schema: public; Owner: -
--

CREATE TABLE "public"."forms_blocks_number_locales" (
    "label" character varying,
    "id" integer NOT NULL,
    "_locale" "public"."_locales" NOT NULL,
    "_parent_id" character varying NOT NULL
);


--
-- Name: forms_blocks_number_locales_id_seq; Type: SEQUENCE; Schema: public; Owner: -
--

CREATE SEQUENCE "public"."forms_blocks_number_locales_id_seq"
    AS integer
    START WITH 1
    INCREMENT BY 1
    NO MINVALUE
    NO MAXVALUE
    CACHE 1;


--
-- Name: forms_blocks_number_locales_id_seq; Type: SEQUENCE OWNED BY; Schema: public; Owner: -
--

ALTER SEQUENCE "public"."forms_blocks_number_locales_id_seq" OWNED BY "public"."forms_blocks_number_locales"."id";


--
-- Name: forms_blocks_select; Type: TABLE; Schema: public; Owner: -
--

CREATE TABLE "public"."forms_blocks_select" (
    "_order" integer NOT NULL,
    "_parent_id" "uuid" NOT NULL,
    "_path" "text" NOT NULL,
    "id" character varying NOT NULL,
    "name" character varying NOT NULL,
    "width" numeric,
    "placeholder" character varying,
    "required" boolean,
    "block_name" character varying
);


--
-- Name: forms_blocks_select_locales; Type: TABLE; Schema: public; Owner: -
--

CREATE TABLE "public"."forms_blocks_select_locales" (
    "label" character varying,
    "default_value" character varying,
    "id" integer NOT NULL,
    "_locale" "public"."_locales" NOT NULL,
    "_parent_id" character varying NOT NULL
);


--
-- Name: forms_blocks_select_locales_id_seq; Type: SEQUENCE; Schema: public; Owner: -
--

CREATE SEQUENCE "public"."forms_blocks_select_locales_id_seq"
    AS integer
    START WITH 1
    INCREMENT BY 1
    NO MINVALUE
    NO MAXVALUE
    CACHE 1;


--
-- Name: forms_blocks_select_locales_id_seq; Type: SEQUENCE OWNED BY; Schema: public; Owner: -
--

ALTER SEQUENCE "public"."forms_blocks_select_locales_id_seq" OWNED BY "public"."forms_blocks_select_locales"."id";


--
-- Name: forms_blocks_select_options; Type: TABLE; Schema: public; Owner: -
--

CREATE TABLE "public"."forms_blocks_select_options" (
    "_order" integer NOT NULL,
    "_parent_id" character varying NOT NULL,
    "id" character varying NOT NULL,
    "value" character varying NOT NULL
);


--
-- Name: forms_blocks_select_options_locales; Type: TABLE; Schema: public; Owner: -
--

CREATE TABLE "public"."forms_blocks_select_options_locales" (
    "label" character varying NOT NULL,
    "id" integer NOT NULL,
    "_locale" "public"."_locales" NOT NULL,
    "_parent_id" character varying NOT NULL
);


--
-- Name: forms_blocks_select_options_locales_id_seq; Type: SEQUENCE; Schema: public; Owner: -
--

CREATE SEQUENCE "public"."forms_blocks_select_options_locales_id_seq"
    AS integer
    START WITH 1
    INCREMENT BY 1
    NO MINVALUE
    NO MAXVALUE
    CACHE 1;


--
-- Name: forms_blocks_select_options_locales_id_seq; Type: SEQUENCE OWNED BY; Schema: public; Owner: -
--

ALTER SEQUENCE "public"."forms_blocks_select_options_locales_id_seq" OWNED BY "public"."forms_blocks_select_options_locales"."id";


--
-- Name: forms_blocks_state; Type: TABLE; Schema: public; Owner: -
--

CREATE TABLE "public"."forms_blocks_state" (
    "_order" integer NOT NULL,
    "_parent_id" "uuid" NOT NULL,
    "_path" "text" NOT NULL,
    "id" character varying NOT NULL,
    "name" character varying NOT NULL,
    "width" numeric,
    "required" boolean,
    "block_name" character varying
);


--
-- Name: forms_blocks_state_locales; Type: TABLE; Schema: public; Owner: -
--

CREATE TABLE "public"."forms_blocks_state_locales" (
    "label" character varying,
    "id" integer NOT NULL,
    "_locale" "public"."_locales" NOT NULL,
    "_parent_id" character varying NOT NULL
);


--
-- Name: forms_blocks_state_locales_id_seq; Type: SEQUENCE; Schema: public; Owner: -
--

CREATE SEQUENCE "public"."forms_blocks_state_locales_id_seq"
    AS integer
    START WITH 1
    INCREMENT BY 1
    NO MINVALUE
    NO MAXVALUE
    CACHE 1;


--
-- Name: forms_blocks_state_locales_id_seq; Type: SEQUENCE OWNED BY; Schema: public; Owner: -
--

ALTER SEQUENCE "public"."forms_blocks_state_locales_id_seq" OWNED BY "public"."forms_blocks_state_locales"."id";


--
-- Name: forms_blocks_text; Type: TABLE; Schema: public; Owner: -
--

CREATE TABLE "public"."forms_blocks_text" (
    "_order" integer NOT NULL,
    "_parent_id" "uuid" NOT NULL,
    "_path" "text" NOT NULL,
    "id" character varying NOT NULL,
    "name" character varying NOT NULL,
    "width" numeric,
    "required" boolean,
    "block_name" character varying
);


--
-- Name: forms_blocks_text_locales; Type: TABLE; Schema: public; Owner: -
--

CREATE TABLE "public"."forms_blocks_text_locales" (
    "label" character varying,
    "default_value" character varying,
    "id" integer NOT NULL,
    "_locale" "public"."_locales" NOT NULL,
    "_parent_id" character varying NOT NULL
);


--
-- Name: forms_blocks_text_locales_id_seq; Type: SEQUENCE; Schema: public; Owner: -
--

CREATE SEQUENCE "public"."forms_blocks_text_locales_id_seq"
    AS integer
    START WITH 1
    INCREMENT BY 1
    NO MINVALUE
    NO MAXVALUE
    CACHE 1;


--
-- Name: forms_blocks_text_locales_id_seq; Type: SEQUENCE OWNED BY; Schema: public; Owner: -
--

ALTER SEQUENCE "public"."forms_blocks_text_locales_id_seq" OWNED BY "public"."forms_blocks_text_locales"."id";


--
-- Name: forms_blocks_textarea; Type: TABLE; Schema: public; Owner: -
--

CREATE TABLE "public"."forms_blocks_textarea" (
    "_order" integer NOT NULL,
    "_parent_id" "uuid" NOT NULL,
    "_path" "text" NOT NULL,
    "id" character varying NOT NULL,
    "name" character varying NOT NULL,
    "width" numeric,
    "required" boolean,
    "block_name" character varying
);


--
-- Name: forms_blocks_textarea_locales; Type: TABLE; Schema: public; Owner: -
--

CREATE TABLE "public"."forms_blocks_textarea_locales" (
    "label" character varying,
    "default_value" character varying,
    "id" integer NOT NULL,
    "_locale" "public"."_locales" NOT NULL,
    "_parent_id" character varying NOT NULL
);


--
-- Name: forms_blocks_textarea_locales_id_seq; Type: SEQUENCE; Schema: public; Owner: -
--

CREATE SEQUENCE "public"."forms_blocks_textarea_locales_id_seq"
    AS integer
    START WITH 1
    INCREMENT BY 1
    NO MINVALUE
    NO MAXVALUE
    CACHE 1;


--
-- Name: forms_blocks_textarea_locales_id_seq; Type: SEQUENCE OWNED BY; Schema: public; Owner: -
--

ALTER SEQUENCE "public"."forms_blocks_textarea_locales_id_seq" OWNED BY "public"."forms_blocks_textarea_locales"."id";


--
-- Name: forms_emails; Type: TABLE; Schema: public; Owner: -
--

CREATE TABLE "public"."forms_emails" (
    "_order" integer NOT NULL,
    "_parent_id" "uuid" NOT NULL,
    "id" character varying NOT NULL,
    "email_to" character varying,
    "cc" character varying,
    "bcc" character varying,
    "reply_to" character varying,
    "email_from" character varying
);


--
-- Name: forms_emails_locales; Type: TABLE; Schema: public; Owner: -
--

CREATE TABLE "public"."forms_emails_locales" (
    "subject" character varying DEFAULT 'You''ve received a new message.'::character varying NOT NULL,
    "message" "jsonb",
    "id" integer NOT NULL,
    "_locale" "public"."_locales" NOT NULL,
    "_parent_id" character varying NOT NULL
);


--
-- Name: forms_emails_locales_id_seq; Type: SEQUENCE; Schema: public; Owner: -
--

CREATE SEQUENCE "public"."forms_emails_locales_id_seq"
    AS integer
    START WITH 1
    INCREMENT BY 1
    NO MINVALUE
    NO MAXVALUE
    CACHE 1;


--
-- Name: forms_emails_locales_id_seq; Type: SEQUENCE OWNED BY; Schema: public; Owner: -
--

ALTER SEQUENCE "public"."forms_emails_locales_id_seq" OWNED BY "public"."forms_emails_locales"."id";


--
-- Name: forms_locales; Type: TABLE; Schema: public; Owner: -
--

CREATE TABLE "public"."forms_locales" (
    "submit_button_label" character varying,
    "confirmation_message" "jsonb",
    "id" integer NOT NULL,
    "_locale" "public"."_locales" NOT NULL,
    "_parent_id" "uuid" NOT NULL
);


--
-- Name: forms_locales_id_seq; Type: SEQUENCE; Schema: public; Owner: -
--

CREATE SEQUENCE "public"."forms_locales_id_seq"
    AS integer
    START WITH 1
    INCREMENT BY 1
    NO MINVALUE
    NO MAXVALUE
    CACHE 1;


--
-- Name: forms_locales_id_seq; Type: SEQUENCE OWNED BY; Schema: public; Owner: -
--

ALTER SEQUENCE "public"."forms_locales_id_seq" OWNED BY "public"."forms_locales"."id";


--
-- Name: galleryBlock; Type: TABLE; Schema: public; Owner: -
--

CREATE TABLE "public"."galleryBlock" (
    "_order" integer NOT NULL,
    "_parent_id" "uuid" NOT NULL,
    "_path" "text" NOT NULL,
    "id" character varying NOT NULL,
    "block_header_type" "public"."enum_galleryBlock_block_header_type" DEFAULT 'center'::"public"."enum_galleryBlock_block_header_type",
    "block_header_badge_type" "public"."enum_galleryBlock_block_header_badge_type",
    "block_header_badge_color" "public"."badge_color" DEFAULT 'blue'::"public"."badge_color",
    "block_header_badge_icon" character varying,
    "block_header_badge_icon_position" "public"."badge_icon_position" DEFAULT 'flex-row'::"public"."badge_icon_position",
    "type" "public"."enum_galleryBlock_type" DEFAULT '01'::"public"."enum_galleryBlock_type",
    "block_name" character varying
);


--
-- Name: galleryBlock_block_header_links; Type: TABLE; Schema: public; Owner: -
--

CREATE TABLE "public"."galleryBlock_block_header_links" (
    "_order" integer NOT NULL,
    "_parent_id" character varying NOT NULL,
    "id" character varying NOT NULL,
    "link_type" "public"."link_type" DEFAULT 'reference'::"public"."link_type",
    "link_new_tab" boolean,
    "link_url" character varying,
    "link_color" "public"."link_color" DEFAULT 'neutral'::"public"."link_color",
    "link_variant" "public"."link_variant" DEFAULT 'primary'::"public"."link_variant"
);


--
-- Name: galleryBlock_block_header_links_locales; Type: TABLE; Schema: public; Owner: -
--

CREATE TABLE "public"."galleryBlock_block_header_links_locales" (
    "link_label" character varying,
    "id" integer NOT NULL,
    "_locale" "public"."_locales" NOT NULL,
    "_parent_id" character varying NOT NULL
);


--
-- Name: galleryBlock_block_header_links_locales_id_seq; Type: SEQUENCE; Schema: public; Owner: -
--

CREATE SEQUENCE "public"."galleryBlock_block_header_links_locales_id_seq"
    AS integer
    START WITH 1
    INCREMENT BY 1
    NO MINVALUE
    NO MAXVALUE
    CACHE 1;


--
-- Name: galleryBlock_block_header_links_locales_id_seq; Type: SEQUENCE OWNED BY; Schema: public; Owner: -
--

ALTER SEQUENCE "public"."galleryBlock_block_header_links_locales_id_seq" OWNED BY "public"."galleryBlock_block_header_links_locales"."id";


--
-- Name: galleryBlock_interactive_gallery; Type: TABLE; Schema: public; Owner: -
--

CREATE TABLE "public"."galleryBlock_interactive_gallery" (
    "_order" integer NOT NULL,
    "_parent_id" character varying NOT NULL,
    "id" character varying NOT NULL
);


--
-- Name: galleryBlock_interactive_gallery_locales; Type: TABLE; Schema: public; Owner: -
--

CREATE TABLE "public"."galleryBlock_interactive_gallery_locales" (
    "image_id" "uuid",
    "panel_title" character varying,
    "panel_description" character varying,
    "id" integer NOT NULL,
    "_locale" "public"."_locales" NOT NULL,
    "_parent_id" character varying NOT NULL
);


--
-- Name: galleryBlock_interactive_gallery_locales_id_seq; Type: SEQUENCE; Schema: public; Owner: -
--

CREATE SEQUENCE "public"."galleryBlock_interactive_gallery_locales_id_seq"
    AS integer
    START WITH 1
    INCREMENT BY 1
    NO MINVALUE
    NO MAXVALUE
    CACHE 1;


--
-- Name: galleryBlock_interactive_gallery_locales_id_seq; Type: SEQUENCE OWNED BY; Schema: public; Owner: -
--

ALTER SEQUENCE "public"."galleryBlock_interactive_gallery_locales_id_seq" OWNED BY "public"."galleryBlock_interactive_gallery_locales"."id";


--
-- Name: galleryBlock_locales; Type: TABLE; Schema: public; Owner: -
--

CREATE TABLE "public"."galleryBlock_locales" (
    "block_header_badge_label" character varying,
    "block_header_header_text" "jsonb",
    "id" integer NOT NULL,
    "_locale" "public"."_locales" NOT NULL,
    "_parent_id" character varying NOT NULL
);


--
-- Name: galleryBlock_locales_id_seq; Type: SEQUENCE; Schema: public; Owner: -
--

CREATE SEQUENCE "public"."galleryBlock_locales_id_seq"
    AS integer
    START WITH 1
    INCREMENT BY 1
    NO MINVALUE
    NO MAXVALUE
    CACHE 1;


--
-- Name: galleryBlock_locales_id_seq; Type: SEQUENCE OWNED BY; Schema: public; Owner: -
--

ALTER SEQUENCE "public"."galleryBlock_locales_id_seq" OWNED BY "public"."galleryBlock_locales"."id";


--
-- Name: header; Type: TABLE; Schema: public; Owner: -
--

CREATE TABLE "public"."header" (
    "id" "uuid" DEFAULT "gen_random_uuid"() NOT NULL,
    "updated_at" timestamp(3) with time zone,
    "created_at" timestamp(3) with time zone
);


--
-- Name: header_cta; Type: TABLE; Schema: public; Owner: -
--

CREATE TABLE "public"."header_cta" (
    "_order" integer NOT NULL,
    "_parent_id" "uuid" NOT NULL,
    "id" character varying NOT NULL,
    "link_type" "public"."link_type" DEFAULT 'reference'::"public"."link_type",
    "link_new_tab" boolean,
    "link_url" character varying,
    "link_color" "public"."link_color" DEFAULT 'neutral'::"public"."link_color",
    "link_variant" "public"."link_variant" DEFAULT 'primary'::"public"."link_variant"
);


--
-- Name: header_cta_locales; Type: TABLE; Schema: public; Owner: -
--

CREATE TABLE "public"."header_cta_locales" (
    "link_label" character varying NOT NULL,
    "id" integer NOT NULL,
    "_locale" "public"."_locales" NOT NULL,
    "_parent_id" character varying NOT NULL
);


--
-- Name: header_cta_locales_id_seq; Type: SEQUENCE; Schema: public; Owner: -
--

CREATE SEQUENCE "public"."header_cta_locales_id_seq"
    AS integer
    START WITH 1
    INCREMENT BY 1
    NO MINVALUE
    NO MAXVALUE
    CACHE 1;


--
-- Name: header_cta_locales_id_seq; Type: SEQUENCE OWNED BY; Schema: public; Owner: -
--

ALTER SEQUENCE "public"."header_cta_locales_id_seq" OWNED BY "public"."header_cta_locales"."id";


--
-- Name: header_rels; Type: TABLE; Schema: public; Owner: -
--

CREATE TABLE "public"."header_rels" (
    "id" integer NOT NULL,
    "order" integer,
    "parent_id" "uuid" NOT NULL,
    "path" character varying NOT NULL,
    "pages_id" "uuid",
    "blog_posts_id" "uuid"
);


--
-- Name: header_rels_id_seq; Type: SEQUENCE; Schema: public; Owner: -
--

CREATE SEQUENCE "public"."header_rels_id_seq"
    AS integer
    START WITH 1
    INCREMENT BY 1
    NO MINVALUE
    NO MAXVALUE
    CACHE 1;


--
-- Name: header_rels_id_seq; Type: SEQUENCE OWNED BY; Schema: public; Owner: -
--

ALTER SEQUENCE "public"."header_rels_id_seq" OWNED BY "public"."header_rels"."id";


--
-- Name: header_tabs; Type: TABLE; Schema: public; Owner: -
--

CREATE TABLE "public"."header_tabs" (
    "_order" integer NOT NULL,
    "_parent_id" "uuid" NOT NULL,
    "id" character varying NOT NULL,
    "enable_direct_link" boolean DEFAULT true,
    "enable_dropdown" boolean DEFAULT false,
    "link_type" "public"."link_type" DEFAULT 'reference'::"public"."link_type",
    "link_new_tab" boolean,
    "link_url" character varying
);


--
-- Name: header_tabs_description_links; Type: TABLE; Schema: public; Owner: -
--

CREATE TABLE "public"."header_tabs_description_links" (
    "_order" integer NOT NULL,
    "_parent_id" character varying NOT NULL,
    "id" character varying NOT NULL,
    "link_type" "public"."link_type" DEFAULT 'reference'::"public"."link_type",
    "link_new_tab" boolean,
    "link_url" character varying
);


--
-- Name: header_tabs_description_links_locales; Type: TABLE; Schema: public; Owner: -
--

CREATE TABLE "public"."header_tabs_description_links_locales" (
    "link_label" character varying NOT NULL,
    "id" integer NOT NULL,
    "_locale" "public"."_locales" NOT NULL,
    "_parent_id" character varying NOT NULL
);


--
-- Name: header_tabs_description_links_locales_id_seq; Type: SEQUENCE; Schema: public; Owner: -
--

CREATE SEQUENCE "public"."header_tabs_description_links_locales_id_seq"
    AS integer
    START WITH 1
    INCREMENT BY 1
    NO MINVALUE
    NO MAXVALUE
    CACHE 1;


--
-- Name: header_tabs_description_links_locales_id_seq; Type: SEQUENCE OWNED BY; Schema: public; Owner: -
--

ALTER SEQUENCE "public"."header_tabs_description_links_locales_id_seq" OWNED BY "public"."header_tabs_description_links_locales"."id";


--
-- Name: header_tabs_locales; Type: TABLE; Schema: public; Owner: -
--

CREATE TABLE "public"."header_tabs_locales" (
    "label" character varying NOT NULL,
    "description" character varying,
    "id" integer NOT NULL,
    "_locale" "public"."_locales" NOT NULL,
    "_parent_id" character varying NOT NULL
);


--
-- Name: header_tabs_locales_id_seq; Type: SEQUENCE; Schema: public; Owner: -
--

CREATE SEQUENCE "public"."header_tabs_locales_id_seq"
    AS integer
    START WITH 1
    INCREMENT BY 1
    NO MINVALUE
    NO MAXVALUE
    CACHE 1;


--
-- Name: header_tabs_locales_id_seq; Type: SEQUENCE OWNED BY; Schema: public; Owner: -
--

ALTER SEQUENCE "public"."header_tabs_locales_id_seq" OWNED BY "public"."header_tabs_locales"."id";


--
-- Name: header_tabs_nav_items; Type: TABLE; Schema: public; Owner: -
--

CREATE TABLE "public"."header_tabs_nav_items" (
    "_order" integer NOT NULL,
    "_parent_id" character varying NOT NULL,
    "id" character varying NOT NULL,
    "style" "public"."enum_header_tabs_nav_items_style" DEFAULT 'default'::"public"."enum_header_tabs_nav_items_style",
    "default_link_link_type" "public"."link_type" DEFAULT 'reference'::"public"."link_type",
    "default_link_link_new_tab" boolean,
    "default_link_link_url" character varying,
    "default_link_link_icon" character varying,
    "default_link_description" character varying,
    "featured_link_tag" character varying,
    "featured_link_label" "jsonb",
    "list_links_tag" character varying
);


--
-- Name: header_tabs_nav_items_featured_link_links; Type: TABLE; Schema: public; Owner: -
--

CREATE TABLE "public"."header_tabs_nav_items_featured_link_links" (
    "_order" integer NOT NULL,
    "_parent_id" character varying NOT NULL,
    "id" character varying NOT NULL,
    "link_type" "public"."link_type" DEFAULT 'reference'::"public"."link_type",
    "link_new_tab" boolean,
    "link_url" character varying,
    "link_icon" character varying
);


--
-- Name: header_tabs_nav_items_featured_link_links_locales; Type: TABLE; Schema: public; Owner: -
--

CREATE TABLE "public"."header_tabs_nav_items_featured_link_links_locales" (
    "link_label" character varying,
    "id" integer NOT NULL,
    "_locale" "public"."_locales" NOT NULL,
    "_parent_id" character varying NOT NULL
);


--
-- Name: header_tabs_nav_items_featured_link_links_locales_id_seq; Type: SEQUENCE; Schema: public; Owner: -
--

CREATE SEQUENCE "public"."header_tabs_nav_items_featured_link_links_locales_id_seq"
    AS integer
    START WITH 1
    INCREMENT BY 1
    NO MINVALUE
    NO MAXVALUE
    CACHE 1;


--
-- Name: header_tabs_nav_items_featured_link_links_locales_id_seq; Type: SEQUENCE OWNED BY; Schema: public; Owner: -
--

ALTER SEQUENCE "public"."header_tabs_nav_items_featured_link_links_locales_id_seq" OWNED BY "public"."header_tabs_nav_items_featured_link_links_locales"."id";


--
-- Name: header_tabs_nav_items_list_links_links; Type: TABLE; Schema: public; Owner: -
--

CREATE TABLE "public"."header_tabs_nav_items_list_links_links" (
    "_order" integer NOT NULL,
    "_parent_id" character varying NOT NULL,
    "id" character varying NOT NULL,
    "link_type" "public"."link_type" DEFAULT 'reference'::"public"."link_type",
    "link_new_tab" boolean,
    "link_url" character varying,
    "link_icon" character varying
);


--
-- Name: header_tabs_nav_items_list_links_links_locales; Type: TABLE; Schema: public; Owner: -
--

CREATE TABLE "public"."header_tabs_nav_items_list_links_links_locales" (
    "link_label" character varying,
    "link_description" character varying,
    "id" integer NOT NULL,
    "_locale" "public"."_locales" NOT NULL,
    "_parent_id" character varying NOT NULL
);


--
-- Name: header_tabs_nav_items_list_links_links_locales_id_seq; Type: SEQUENCE; Schema: public; Owner: -
--

CREATE SEQUENCE "public"."header_tabs_nav_items_list_links_links_locales_id_seq"
    AS integer
    START WITH 1
    INCREMENT BY 1
    NO MINVALUE
    NO MAXVALUE
    CACHE 1;


--
-- Name: header_tabs_nav_items_list_links_links_locales_id_seq; Type: SEQUENCE OWNED BY; Schema: public; Owner: -
--

ALTER SEQUENCE "public"."header_tabs_nav_items_list_links_links_locales_id_seq" OWNED BY "public"."header_tabs_nav_items_list_links_links_locales"."id";


--
-- Name: header_tabs_nav_items_locales; Type: TABLE; Schema: public; Owner: -
--

CREATE TABLE "public"."header_tabs_nav_items_locales" (
    "default_link_link_label" character varying,
    "id" integer NOT NULL,
    "_locale" "public"."_locales" NOT NULL,
    "_parent_id" character varying NOT NULL
);


--
-- Name: header_tabs_nav_items_locales_id_seq; Type: SEQUENCE; Schema: public; Owner: -
--

CREATE SEQUENCE "public"."header_tabs_nav_items_locales_id_seq"
    AS integer
    START WITH 1
    INCREMENT BY 1
    NO MINVALUE
    NO MAXVALUE
    CACHE 1;


--
-- Name: header_tabs_nav_items_locales_id_seq; Type: SEQUENCE OWNED BY; Schema: public; Owner: -
--

ALTER SEQUENCE "public"."header_tabs_nav_items_locales_id_seq" OWNED BY "public"."header_tabs_nav_items_locales"."id";


--
-- Name: logosBlock; Type: TABLE; Schema: public; Owner: -
--

CREATE TABLE "public"."logosBlock" (
    "_order" integer NOT NULL,
    "_parent_id" "uuid" NOT NULL,
    "_path" "text" NOT NULL,
    "id" character varying NOT NULL,
    "block_header_type" "public"."enum_logosBlock_block_header_type" DEFAULT 'center'::"public"."enum_logosBlock_block_header_type",
    "block_header_badge_type" "public"."enum_logosBlock_block_header_badge_type",
    "block_header_badge_color" "public"."badge_color" DEFAULT 'blue'::"public"."badge_color",
    "block_header_badge_icon" character varying,
    "block_header_badge_icon_position" "public"."badge_icon_position" DEFAULT 'flex-row'::"public"."badge_icon_position",
    "type" "public"."enum_logosBlock_type",
    "block_name" character varying
);


--
-- Name: logosBlock_block_header_links; Type: TABLE; Schema: public; Owner: -
--

CREATE TABLE "public"."logosBlock_block_header_links" (
    "_order" integer NOT NULL,
    "_parent_id" character varying NOT NULL,
    "id" character varying NOT NULL,
    "link_type" "public"."link_type" DEFAULT 'reference'::"public"."link_type",
    "link_new_tab" boolean,
    "link_url" character varying,
    "link_color" "public"."link_color" DEFAULT 'neutral'::"public"."link_color",
    "link_variant" "public"."link_variant" DEFAULT 'primary'::"public"."link_variant"
);


--
-- Name: logosBlock_block_header_links_locales; Type: TABLE; Schema: public; Owner: -
--

CREATE TABLE "public"."logosBlock_block_header_links_locales" (
    "link_label" character varying,
    "id" integer NOT NULL,
    "_locale" "public"."_locales" NOT NULL,
    "_parent_id" character varying NOT NULL
);


--
-- Name: logosBlock_block_header_links_locales_id_seq; Type: SEQUENCE; Schema: public; Owner: -
--

CREATE SEQUENCE "public"."logosBlock_block_header_links_locales_id_seq"
    AS integer
    START WITH 1
    INCREMENT BY 1
    NO MINVALUE
    NO MAXVALUE
    CACHE 1;


--
-- Name: logosBlock_block_header_links_locales_id_seq; Type: SEQUENCE OWNED BY; Schema: public; Owner: -
--

ALTER SEQUENCE "public"."logosBlock_block_header_links_locales_id_seq" OWNED BY "public"."logosBlock_block_header_links_locales"."id";


--
-- Name: logosBlock_locales; Type: TABLE; Schema: public; Owner: -
--

CREATE TABLE "public"."logosBlock_locales" (
    "block_header_badge_label" character varying,
    "block_header_header_text" "jsonb",
    "id" integer NOT NULL,
    "_locale" "public"."_locales" NOT NULL,
    "_parent_id" character varying NOT NULL
);


--
-- Name: logosBlock_locales_id_seq; Type: SEQUENCE; Schema: public; Owner: -
--

CREATE SEQUENCE "public"."logosBlock_locales_id_seq"
    AS integer
    START WITH 1
    INCREMENT BY 1
    NO MINVALUE
    NO MAXVALUE
    CACHE 1;


--
-- Name: logosBlock_locales_id_seq; Type: SEQUENCE OWNED BY; Schema: public; Owner: -
--

ALTER SEQUENCE "public"."logosBlock_locales_id_seq" OWNED BY "public"."logosBlock_locales"."id";


--
-- Name: media; Type: TABLE; Schema: public; Owner: -
--

CREATE TABLE "public"."media" (
    "id" "uuid" DEFAULT "gen_random_uuid"() NOT NULL,
    "prefix" character varying DEFAULT 'media'::character varying,
    "alt" character varying NOT NULL,
    "caption" "jsonb",
    "locale" "public"."enum_media_locale",
    "blurhash" character varying,
    "folder_id" "uuid",
    "updated_at" timestamp(3) with time zone DEFAULT "now"() NOT NULL,
    "created_at" timestamp(3) with time zone DEFAULT "now"() NOT NULL,
    "url" character varying,
    "thumbnail_u_r_l" character varying,
    "filename" character varying,
    "mime_type" character varying,
    "filesize" numeric,
    "width" numeric,
    "height" numeric,
    "focal_x" numeric,
    "focal_y" numeric,
    "sizes_thumbnail_url" character varying,
    "sizes_thumbnail_width" numeric,
    "sizes_thumbnail_height" numeric,
    "sizes_thumbnail_mime_type" character varying,
    "sizes_thumbnail_filesize" numeric,
    "sizes_thumbnail_filename" character varying,
    "sizes_square_url" character varying,
    "sizes_square_width" numeric,
    "sizes_square_height" numeric,
    "sizes_square_mime_type" character varying,
    "sizes_square_filesize" numeric,
    "sizes_square_filename" character varying,
    "sizes_small_url" character varying,
    "sizes_small_width" numeric,
    "sizes_small_height" numeric,
    "sizes_small_mime_type" character varying,
    "sizes_small_filesize" numeric,
    "sizes_small_filename" character varying,
    "sizes_medium_url" character varying,
    "sizes_medium_width" numeric,
    "sizes_medium_height" numeric,
    "sizes_medium_mime_type" character varying,
    "sizes_medium_filesize" numeric,
    "sizes_medium_filename" character varying,
    "sizes_large_url" character varying,
    "sizes_large_width" numeric,
    "sizes_large_height" numeric,
    "sizes_large_mime_type" character varying,
    "sizes_large_filesize" numeric,
    "sizes_large_filename" character varying,
    "sizes_xlarge_url" character varying,
    "sizes_xlarge_width" numeric,
    "sizes_xlarge_height" numeric,
    "sizes_xlarge_mime_type" character varying,
    "sizes_xlarge_filesize" numeric,
    "sizes_xlarge_filename" character varying,
    "sizes_og_url" character varying,
    "sizes_og_width" numeric,
    "sizes_og_height" numeric,
    "sizes_og_mime_type" character varying,
    "sizes_og_filesize" numeric,
    "sizes_og_filename" character varying
);


--
-- Name: media_rels; Type: TABLE; Schema: public; Owner: -
--

CREATE TABLE "public"."media_rels" (
    "id" integer NOT NULL,
    "order" integer,
    "parent_id" "uuid" NOT NULL,
    "path" character varying NOT NULL,
    "categories_id" "uuid"
);


--
-- Name: media_rels_id_seq; Type: SEQUENCE; Schema: public; Owner: -
--

CREATE SEQUENCE "public"."media_rels_id_seq"
    AS integer
    START WITH 1
    INCREMENT BY 1
    NO MINVALUE
    NO MAXVALUE
    CACHE 1;


--
-- Name: media_rels_id_seq; Type: SEQUENCE OWNED BY; Schema: public; Owner: -
--

ALTER SEQUENCE "public"."media_rels_id_seq" OWNED BY "public"."media_rels"."id";


--
-- Name: metricsBlock; Type: TABLE; Schema: public; Owner: -
--

CREATE TABLE "public"."metricsBlock" (
    "_order" integer NOT NULL,
    "_parent_id" "uuid" NOT NULL,
    "_path" "text" NOT NULL,
    "id" character varying NOT NULL,
    "block_header_type" "public"."enum_metricsBlock_block_header_type" DEFAULT 'center'::"public"."enum_metricsBlock_block_header_type",
    "block_header_badge_type" "public"."enum_metricsBlock_block_header_badge_type",
    "block_header_badge_color" "public"."badge_color" DEFAULT 'blue'::"public"."badge_color",
    "block_header_badge_icon" character varying,
    "block_header_badge_icon_position" "public"."badge_icon_position" DEFAULT 'flex-row'::"public"."badge_icon_position",
    "type" "public"."enum_metricsBlock_type" DEFAULT '01'::"public"."enum_metricsBlock_type",
    "table_styling_striped" boolean DEFAULT true,
    "table_styling_bordered" boolean DEFAULT true,
    "table_styling_compact" boolean DEFAULT false,
    "enable_logos" boolean,
    "block_name" character varying
);


--
-- Name: metricsBlock_block_header_links; Type: TABLE; Schema: public; Owner: -
--

CREATE TABLE "public"."metricsBlock_block_header_links" (
    "_order" integer NOT NULL,
    "_parent_id" character varying NOT NULL,
    "id" character varying NOT NULL,
    "link_type" "public"."link_type" DEFAULT 'reference'::"public"."link_type",
    "link_new_tab" boolean,
    "link_url" character varying,
    "link_color" "public"."link_color" DEFAULT 'neutral'::"public"."link_color",
    "link_variant" "public"."link_variant" DEFAULT 'primary'::"public"."link_variant"
);


--
-- Name: metricsBlock_block_header_links_locales; Type: TABLE; Schema: public; Owner: -
--

CREATE TABLE "public"."metricsBlock_block_header_links_locales" (
    "link_label" character varying,
    "id" integer NOT NULL,
    "_locale" "public"."_locales" NOT NULL,
    "_parent_id" character varying NOT NULL
);


--
-- Name: metricsBlock_block_header_links_locales_id_seq; Type: SEQUENCE; Schema: public; Owner: -
--

CREATE SEQUENCE "public"."metricsBlock_block_header_links_locales_id_seq"
    AS integer
    START WITH 1
    INCREMENT BY 1
    NO MINVALUE
    NO MAXVALUE
    CACHE 1;


--
-- Name: metricsBlock_block_header_links_locales_id_seq; Type: SEQUENCE OWNED BY; Schema: public; Owner: -
--

ALTER SEQUENCE "public"."metricsBlock_block_header_links_locales_id_seq" OWNED BY "public"."metricsBlock_block_header_links_locales"."id";


--
-- Name: metricsBlock_locales; Type: TABLE; Schema: public; Owner: -
--

CREATE TABLE "public"."metricsBlock_locales" (
    "block_header_badge_label" character varying,
    "block_header_header_text" "jsonb",
    "block_image_media_id" "uuid",
    "table_title" character varying,
    "logos_headline" character varying,
    "id" integer NOT NULL,
    "_locale" "public"."_locales" NOT NULL,
    "_parent_id" character varying NOT NULL
);


--
-- Name: metricsBlock_locales_id_seq; Type: SEQUENCE; Schema: public; Owner: -
--

CREATE SEQUENCE "public"."metricsBlock_locales_id_seq"
    AS integer
    START WITH 1
    INCREMENT BY 1
    NO MINVALUE
    NO MAXVALUE
    CACHE 1;


--
-- Name: metricsBlock_locales_id_seq; Type: SEQUENCE OWNED BY; Schema: public; Owner: -
--

ALTER SEQUENCE "public"."metricsBlock_locales_id_seq" OWNED BY "public"."metricsBlock_locales"."id";


--
-- Name: metricsBlock_stats; Type: TABLE; Schema: public; Owner: -
--

CREATE TABLE "public"."metricsBlock_stats" (
    "_order" integer NOT NULL,
    "_parent_id" character varying NOT NULL,
    "id" character varying NOT NULL,
    "indicator" "public"."enum_metricsBlock_stats_indicator" DEFAULT 'noChange'::"public"."enum_metricsBlock_stats_indicator"
);


--
-- Name: metricsBlock_stats_locales; Type: TABLE; Schema: public; Owner: -
--

CREATE TABLE "public"."metricsBlock_stats_locales" (
    "label" character varying,
    "id" integer NOT NULL,
    "_locale" "public"."_locales" NOT NULL,
    "_parent_id" character varying NOT NULL,
    "value" character varying
);


--
-- Name: metricsBlock_stats_locales_id_seq; Type: SEQUENCE; Schema: public; Owner: -
--

CREATE SEQUENCE "public"."metricsBlock_stats_locales_id_seq"
    AS integer
    START WITH 1
    INCREMENT BY 1
    NO MINVALUE
    NO MAXVALUE
    CACHE 1;


--
-- Name: metricsBlock_stats_locales_id_seq; Type: SEQUENCE OWNED BY; Schema: public; Owner: -
--

ALTER SEQUENCE "public"."metricsBlock_stats_locales_id_seq" OWNED BY "public"."metricsBlock_stats_locales"."id";


--
-- Name: metricsBlock_table_headers; Type: TABLE; Schema: public; Owner: -
--

CREATE TABLE "public"."metricsBlock_table_headers" (
    "_order" integer NOT NULL,
    "_parent_id" character varying NOT NULL,
    "_locale" "public"."_locales" NOT NULL,
    "id" character varying NOT NULL,
    "header" character varying,
    "width" "public"."enum_metricsBlock_table_headers_width" DEFAULT 'auto'::"public"."enum_metricsBlock_table_headers_width"
);


--
-- Name: metricsBlock_table_rows; Type: TABLE; Schema: public; Owner: -
--

CREATE TABLE "public"."metricsBlock_table_rows" (
    "_order" integer NOT NULL,
    "_parent_id" character varying NOT NULL,
    "_locale" "public"."_locales" NOT NULL,
    "id" character varying NOT NULL,
    "is_expandable" boolean DEFAULT false
);


--
-- Name: metricsBlock_table_rows_cells; Type: TABLE; Schema: public; Owner: -
--

CREATE TABLE "public"."metricsBlock_table_rows_cells" (
    "_order" integer NOT NULL,
    "_parent_id" character varying NOT NULL,
    "_locale" "public"."_locales" NOT NULL,
    "id" character varying NOT NULL,
    "content" character varying,
    "is_header" boolean DEFAULT false
);


--
-- Name: metricsBlock_table_rows_children; Type: TABLE; Schema: public; Owner: -
--

CREATE TABLE "public"."metricsBlock_table_rows_children" (
    "_order" integer NOT NULL,
    "_parent_id" character varying NOT NULL,
    "_locale" "public"."_locales" NOT NULL,
    "id" character varying NOT NULL
);


--
-- Name: metricsBlock_table_rows_children_cells; Type: TABLE; Schema: public; Owner: -
--

CREATE TABLE "public"."metricsBlock_table_rows_children_cells" (
    "_order" integer NOT NULL,
    "_parent_id" character varying NOT NULL,
    "_locale" "public"."_locales" NOT NULL,
    "id" character varying NOT NULL,
    "content" character varying
);


--
-- Name: pages; Type: TABLE; Schema: public; Owner: -
--

CREATE TABLE "public"."pages" (
    "id" "uuid" DEFAULT "gen_random_uuid"() NOT NULL,
    "title" character varying,
    "hero_type" "public"."enum_pages_hero_type" DEFAULT 'mediumImpact'::"public"."enum_pages_hero_type",
    "hero_badge_type" "public"."enum_pages_hero_badge_type",
    "hero_badge_color" "public"."badge_color" DEFAULT 'blue'::"public"."badge_color",
    "hero_badge_icon" character varying,
    "hero_badge_icon_position" "public"."badge_icon_position" DEFAULT 'flex-row'::"public"."badge_icon_position",
    "hero_caption" character varying,
    "published_at" timestamp(3) with time zone,
    "slug" character varying,
    "slug_lock" boolean DEFAULT true,
    "updated_at" timestamp(3) with time zone DEFAULT "now"() NOT NULL,
    "created_at" timestamp(3) with time zone DEFAULT "now"() NOT NULL,
    "_status" "public"."enum_pages_status" DEFAULT 'draft'::"public"."enum_pages_status",
    "hero_list_style" "public"."enum_pages_hero_list_style" DEFAULT 'bullet'::"public"."enum_pages_hero_list_style"
);


--
-- Name: pages_hero_links; Type: TABLE; Schema: public; Owner: -
--

CREATE TABLE "public"."pages_hero_links" (
    "_order" integer NOT NULL,
    "_parent_id" "uuid" NOT NULL,
    "id" character varying NOT NULL,
    "link_type" "public"."link_type" DEFAULT 'reference'::"public"."link_type",
    "link_new_tab" boolean,
    "link_url" character varying,
    "link_color" "public"."link_color" DEFAULT 'neutral'::"public"."link_color",
    "link_variant" "public"."link_variant" DEFAULT 'primary'::"public"."link_variant"
);


--
-- Name: pages_hero_links_locales; Type: TABLE; Schema: public; Owner: -
--

CREATE TABLE "public"."pages_hero_links_locales" (
    "link_label" character varying,
    "id" integer NOT NULL,
    "_locale" "public"."_locales" NOT NULL,
    "_parent_id" character varying NOT NULL
);


--
-- Name: pages_hero_links_locales_id_seq; Type: SEQUENCE; Schema: public; Owner: -
--

CREATE SEQUENCE "public"."pages_hero_links_locales_id_seq"
    AS integer
    START WITH 1
    INCREMENT BY 1
    NO MINVALUE
    NO MAXVALUE
    CACHE 1;


--
-- Name: pages_hero_links_locales_id_seq; Type: SEQUENCE OWNED BY; Schema: public; Owner: -
--

ALTER SEQUENCE "public"."pages_hero_links_locales_id_seq" OWNED BY "public"."pages_hero_links_locales"."id";


--
-- Name: pages_hero_list_items; Type: TABLE; Schema: public; Owner: -
--

CREATE TABLE "public"."pages_hero_list_items" (
    "_order" integer NOT NULL,
    "_parent_id" "uuid" NOT NULL,
    "id" character varying NOT NULL,
    "icon" character varying
);


--
-- Name: pages_hero_list_items_locales; Type: TABLE; Schema: public; Owner: -
--

CREATE TABLE "public"."pages_hero_list_items_locales" (
    "text" character varying,
    "id" integer NOT NULL,
    "_locale" "public"."_locales" NOT NULL,
    "_parent_id" character varying NOT NULL
);


--
-- Name: pages_hero_list_items_locales_id_seq; Type: SEQUENCE; Schema: public; Owner: -
--

CREATE SEQUENCE "public"."pages_hero_list_items_locales_id_seq"
    AS integer
    START WITH 1
    INCREMENT BY 1
    NO MINVALUE
    NO MAXVALUE
    CACHE 1;


--
-- Name: pages_hero_list_items_locales_id_seq; Type: SEQUENCE OWNED BY; Schema: public; Owner: -
--

ALTER SEQUENCE "public"."pages_hero_list_items_locales_id_seq" OWNED BY "public"."pages_hero_list_items_locales"."id";


--
-- Name: pages_locales; Type: TABLE; Schema: public; Owner: -
--

CREATE TABLE "public"."pages_locales" (
    "hero_badge_label" character varying,
    "hero_rich_text" "jsonb",
    "hero_media_desktop_light_id" "uuid",
    "hero_media_desktop_dark_id" "uuid",
    "hero_logos_headline" character varying,
    "meta_title" character varying,
    "meta_image_id" "uuid",
    "meta_description" character varying,
    "id" integer NOT NULL,
    "_locale" "public"."_locales" NOT NULL,
    "_parent_id" "uuid" NOT NULL,
    "hero_media_mobile_light_id" "uuid",
    "hero_media_mobile_dark_id" "uuid",
    "disable_page" boolean DEFAULT false
);


--
-- Name: pages_locales_id_seq; Type: SEQUENCE; Schema: public; Owner: -
--

CREATE SEQUENCE "public"."pages_locales_id_seq"
    AS integer
    START WITH 1
    INCREMENT BY 1
    NO MINVALUE
    NO MAXVALUE
    CACHE 1;


--
-- Name: pages_locales_id_seq; Type: SEQUENCE OWNED BY; Schema: public; Owner: -
--

ALTER SEQUENCE "public"."pages_locales_id_seq" OWNED BY "public"."pages_locales"."id";


--
-- Name: pages_rels; Type: TABLE; Schema: public; Owner: -
--

CREATE TABLE "public"."pages_rels" (
    "id" integer NOT NULL,
    "order" integer,
    "parent_id" "uuid" NOT NULL,
    "path" character varying NOT NULL,
    "locale" "public"."_locales",
    "pages_id" "uuid",
    "blog_posts_id" "uuid",
    "media_id" "uuid",
    "faq_id" "uuid",
    "customers_id" "uuid"
);


--
-- Name: pages_rels_id_seq; Type: SEQUENCE; Schema: public; Owner: -
--

CREATE SEQUENCE "public"."pages_rels_id_seq"
    AS integer
    START WITH 1
    INCREMENT BY 1
    NO MINVALUE
    NO MAXVALUE
    CACHE 1;


--
-- Name: pages_rels_id_seq; Type: SEQUENCE OWNED BY; Schema: public; Owner: -
--

ALTER SEQUENCE "public"."pages_rels_id_seq" OWNED BY "public"."pages_rels"."id";


--
-- Name: payload_folders; Type: TABLE; Schema: public; Owner: -
--

CREATE TABLE "public"."payload_folders" (
    "id" "uuid" DEFAULT "gen_random_uuid"() NOT NULL,
    "name" character varying NOT NULL,
    "folder_id" "uuid",
    "updated_at" timestamp(3) with time zone DEFAULT "now"() NOT NULL,
    "created_at" timestamp(3) with time zone DEFAULT "now"() NOT NULL
);


--
-- Name: payload_folders_folder_type; Type: TABLE; Schema: public; Owner: -
--

CREATE TABLE "public"."payload_folders_folder_type" (
    "order" integer NOT NULL,
    "parent_id" "uuid" NOT NULL,
    "value" "public"."enum_payload_folders_folder_type",
    "id" "uuid" DEFAULT "gen_random_uuid"() NOT NULL
);


--
-- Name: payload_jobs; Type: TABLE; Schema: public; Owner: -
--

CREATE TABLE "public"."payload_jobs" (
    "id" "uuid" DEFAULT "gen_random_uuid"() NOT NULL,
    "input" "jsonb",
    "completed_at" timestamp(3) with time zone,
    "total_tried" numeric DEFAULT 0,
    "has_error" boolean DEFAULT false,
    "error" "jsonb",
    "task_slug" "public"."enum_payload_jobs_task_slug",
    "queue" character varying DEFAULT 'default'::character varying,
    "wait_until" timestamp(3) with time zone,
    "processing" boolean DEFAULT false,
    "updated_at" timestamp(3) with time zone DEFAULT "now"() NOT NULL,
    "created_at" timestamp(3) with time zone DEFAULT "now"() NOT NULL
);


--
-- Name: payload_jobs_log; Type: TABLE; Schema: public; Owner: -
--

CREATE TABLE "public"."payload_jobs_log" (
    "_order" integer NOT NULL,
    "_parent_id" "uuid" NOT NULL,
    "id" character varying NOT NULL,
    "executed_at" timestamp(3) with time zone NOT NULL,
    "completed_at" timestamp(3) with time zone NOT NULL,
    "task_slug" "public"."enum_payload_jobs_log_task_slug" NOT NULL,
    "task_i_d" character varying NOT NULL,
    "input" "jsonb",
    "output" "jsonb",
    "state" "public"."enum_payload_jobs_log_state" NOT NULL,
    "error" "jsonb"
);


--
-- Name: payload_locked_documents; Type: TABLE; Schema: public; Owner: -
--

CREATE TABLE "public"."payload_locked_documents" (
    "id" "uuid" DEFAULT "gen_random_uuid"() NOT NULL,
    "global_slug" character varying,
    "updated_at" timestamp(3) with time zone DEFAULT "now"() NOT NULL,
    "created_at" timestamp(3) with time zone DEFAULT "now"() NOT NULL
);


--
-- Name: payload_locked_documents_rels; Type: TABLE; Schema: public; Owner: -
--

CREATE TABLE "public"."payload_locked_documents_rels" (
    "id" integer NOT NULL,
    "order" integer,
    "parent_id" "uuid" NOT NULL,
    "path" character varying NOT NULL,
    "pages_id" "uuid",
    "blog_posts_id" "uuid",
    "media_id" "uuid",
    "customers_id" "uuid",
    "categories_id" "uuid",
    "faq_id" "uuid",
    "users_id" "uuid",
    "redirects_id" "uuid",
    "forms_id" "uuid",
    "form_submissions_id" "uuid",
    "search_id" "uuid",
    "payload_folders_id" "uuid",
    "payload_jobs_id" "uuid"
);


--
-- Name: payload_locked_documents_rels_id_seq; Type: SEQUENCE; Schema: public; Owner: -
--

CREATE SEQUENCE "public"."payload_locked_documents_rels_id_seq"
    AS integer
    START WITH 1
    INCREMENT BY 1
    NO MINVALUE
    NO MAXVALUE
    CACHE 1;


--
-- Name: payload_locked_documents_rels_id_seq; Type: SEQUENCE OWNED BY; Schema: public; Owner: -
--

ALTER SEQUENCE "public"."payload_locked_documents_rels_id_seq" OWNED BY "public"."payload_locked_documents_rels"."id";


--
-- Name: payload_migrations; Type: TABLE; Schema: public; Owner: -
--

CREATE TABLE "public"."payload_migrations" (
    "id" "uuid" DEFAULT "gen_random_uuid"() NOT NULL,
    "name" character varying,
    "batch" numeric,
    "updated_at" timestamp(3) with time zone DEFAULT "now"() NOT NULL,
    "created_at" timestamp(3) with time zone DEFAULT "now"() NOT NULL
);


--
-- Name: payload_preferences; Type: TABLE; Schema: public; Owner: -
--

CREATE TABLE "public"."payload_preferences" (
    "id" "uuid" DEFAULT "gen_random_uuid"() NOT NULL,
    "key" character varying,
    "value" "jsonb",
    "updated_at" timestamp(3) with time zone DEFAULT "now"() NOT NULL,
    "created_at" timestamp(3) with time zone DEFAULT "now"() NOT NULL
);


--
-- Name: payload_preferences_rels; Type: TABLE; Schema: public; Owner: -
--

CREATE TABLE "public"."payload_preferences_rels" (
    "id" integer NOT NULL,
    "order" integer,
    "parent_id" "uuid" NOT NULL,
    "path" character varying NOT NULL,
    "users_id" "uuid"
);


--
-- Name: payload_preferences_rels_id_seq; Type: SEQUENCE; Schema: public; Owner: -
--

CREATE SEQUENCE "public"."payload_preferences_rels_id_seq"
    AS integer
    START WITH 1
    INCREMENT BY 1
    NO MINVALUE
    NO MAXVALUE
    CACHE 1;


--
-- Name: payload_preferences_rels_id_seq; Type: SEQUENCE OWNED BY; Schema: public; Owner: -
--

ALTER SEQUENCE "public"."payload_preferences_rels_id_seq" OWNED BY "public"."payload_preferences_rels"."id";


--
-- Name: redirects; Type: TABLE; Schema: public; Owner: -
--

CREATE TABLE "public"."redirects" (
    "id" "uuid" DEFAULT "gen_random_uuid"() NOT NULL,
    "from" character varying NOT NULL,
    "to_type" "public"."enum_redirects_to_type" DEFAULT 'reference'::"public"."enum_redirects_to_type",
    "to_url" character varying,
    "updated_at" timestamp(3) with time zone DEFAULT "now"() NOT NULL,
    "created_at" timestamp(3) with time zone DEFAULT "now"() NOT NULL
);


--
-- Name: redirects_rels; Type: TABLE; Schema: public; Owner: -
--

CREATE TABLE "public"."redirects_rels" (
    "id" integer NOT NULL,
    "order" integer,
    "parent_id" "uuid" NOT NULL,
    "path" character varying NOT NULL,
    "pages_id" "uuid",
    "blog_posts_id" "uuid"
);


--
-- Name: redirects_rels_id_seq; Type: SEQUENCE; Schema: public; Owner: -
--

CREATE SEQUENCE "public"."redirects_rels_id_seq"
    AS integer
    START WITH 1
    INCREMENT BY 1
    NO MINVALUE
    NO MAXVALUE
    CACHE 1;


--
-- Name: redirects_rels_id_seq; Type: SEQUENCE OWNED BY; Schema: public; Owner: -
--

ALTER SEQUENCE "public"."redirects_rels_id_seq" OWNED BY "public"."redirects_rels"."id";


--
-- Name: richTextBlock; Type: TABLE; Schema: public; Owner: -
--

CREATE TABLE "public"."richTextBlock" (
    "_order" integer NOT NULL,
    "_parent_id" "uuid" NOT NULL,
    "_path" "text" NOT NULL,
    "id" character varying NOT NULL,
    "block_header_type" "public"."enum_richTextBlock_block_header_type" DEFAULT 'center'::"public"."enum_richTextBlock_block_header_type",
    "block_header_badge_type" "public"."enum_richTextBlock_block_header_badge_type",
    "block_header_badge_color" "public"."badge_color" DEFAULT 'blue'::"public"."badge_color",
    "block_header_badge_icon" character varying,
    "block_header_badge_icon_position" "public"."badge_icon_position" DEFAULT 'flex-row'::"public"."badge_icon_position",
    "type" "public"."enum_richTextBlock_type" DEFAULT '01'::"public"."enum_richTextBlock_type",
    "max_width" "public"."enum_richTextBlock_max_width" DEFAULT 'default'::"public"."enum_richTextBlock_max_width",
    "columns" numeric DEFAULT 1,
    "block_name" character varying
);


--
-- Name: richTextBlock_block_header_links; Type: TABLE; Schema: public; Owner: -
--

CREATE TABLE "public"."richTextBlock_block_header_links" (
    "_order" integer NOT NULL,
    "_parent_id" character varying NOT NULL,
    "id" character varying NOT NULL,
    "link_type" "public"."link_type" DEFAULT 'reference'::"public"."link_type",
    "link_new_tab" boolean,
    "link_url" character varying,
    "link_color" "public"."link_color" DEFAULT 'neutral'::"public"."link_color",
    "link_variant" "public"."link_variant" DEFAULT 'primary'::"public"."link_variant"
);


--
-- Name: richTextBlock_block_header_links_locales; Type: TABLE; Schema: public; Owner: -
--

CREATE TABLE "public"."richTextBlock_block_header_links_locales" (
    "link_label" character varying,
    "id" integer NOT NULL,
    "_locale" "public"."_locales" NOT NULL,
    "_parent_id" character varying NOT NULL
);


--
-- Name: richTextBlock_block_header_links_locales_id_seq; Type: SEQUENCE; Schema: public; Owner: -
--

CREATE SEQUENCE "public"."richTextBlock_block_header_links_locales_id_seq"
    AS integer
    START WITH 1
    INCREMENT BY 1
    NO MINVALUE
    NO MAXVALUE
    CACHE 1;


--
-- Name: richTextBlock_block_header_links_locales_id_seq; Type: SEQUENCE OWNED BY; Schema: public; Owner: -
--

ALTER SEQUENCE "public"."richTextBlock_block_header_links_locales_id_seq" OWNED BY "public"."richTextBlock_block_header_links_locales"."id";


--
-- Name: richTextBlock_locales; Type: TABLE; Schema: public; Owner: -
--

CREATE TABLE "public"."richTextBlock_locales" (
    "block_header_badge_label" character varying,
    "block_header_header_text" "jsonb",
    "content" "jsonb",
    "id" integer NOT NULL,
    "_locale" "public"."_locales" NOT NULL,
    "_parent_id" character varying NOT NULL
);


--
-- Name: richTextBlock_locales_id_seq; Type: SEQUENCE; Schema: public; Owner: -
--

CREATE SEQUENCE "public"."richTextBlock_locales_id_seq"
    AS integer
    START WITH 1
    INCREMENT BY 1
    NO MINVALUE
    NO MAXVALUE
    CACHE 1;


--
-- Name: richTextBlock_locales_id_seq; Type: SEQUENCE OWNED BY; Schema: public; Owner: -
--

ALTER SEQUENCE "public"."richTextBlock_locales_id_seq" OWNED BY "public"."richTextBlock_locales"."id";


--
-- Name: search; Type: TABLE; Schema: public; Owner: -
--

CREATE TABLE "public"."search" (
    "id" "uuid" DEFAULT "gen_random_uuid"() NOT NULL,
    "priority" numeric,
    "slug" character varying,
    "meta_title" character varying,
    "meta_description" character varying,
    "meta_image_id" "uuid",
    "updated_at" timestamp(3) with time zone DEFAULT "now"() NOT NULL,
    "created_at" timestamp(3) with time zone DEFAULT "now"() NOT NULL
);


--
-- Name: search_categories; Type: TABLE; Schema: public; Owner: -
--

CREATE TABLE "public"."search_categories" (
    "_order" integer NOT NULL,
    "_parent_id" "uuid" NOT NULL,
    "id" character varying NOT NULL,
    "relation_to" character varying,
    "category_i_d" character varying,
    "title" character varying
);


--
-- Name: search_locales; Type: TABLE; Schema: public; Owner: -
--

CREATE TABLE "public"."search_locales" (
    "title" character varying,
    "id" integer NOT NULL,
    "_locale" "public"."_locales" NOT NULL,
    "_parent_id" "uuid" NOT NULL
);


--
-- Name: search_locales_id_seq; Type: SEQUENCE; Schema: public; Owner: -
--

CREATE SEQUENCE "public"."search_locales_id_seq"
    AS integer
    START WITH 1
    INCREMENT BY 1
    NO MINVALUE
    NO MAXVALUE
    CACHE 1;


--
-- Name: search_locales_id_seq; Type: SEQUENCE OWNED BY; Schema: public; Owner: -
--

ALTER SEQUENCE "public"."search_locales_id_seq" OWNED BY "public"."search_locales"."id";


--
-- Name: search_rels; Type: TABLE; Schema: public; Owner: -
--

CREATE TABLE "public"."search_rels" (
    "id" integer NOT NULL,
    "order" integer,
    "parent_id" "uuid" NOT NULL,
    "path" character varying NOT NULL,
    "blog_posts_id" "uuid"
);


--
-- Name: search_rels_id_seq; Type: SEQUENCE; Schema: public; Owner: -
--

CREATE SEQUENCE "public"."search_rels_id_seq"
    AS integer
    START WITH 1
    INCREMENT BY 1
    NO MINVALUE
    NO MAXVALUE
    CACHE 1;


--
-- Name: search_rels_id_seq; Type: SEQUENCE OWNED BY; Schema: public; Owner: -
--

ALTER SEQUENCE "public"."search_rels_id_seq" OWNED BY "public"."search_rels"."id";


--
-- Name: settings; Type: TABLE; Schema: public; Owner: -
--

CREATE TABLE "public"."settings" (
    "id" "uuid" DEFAULT "gen_random_uuid"() NOT NULL,
    "announcement_link_type" "public"."link_type" DEFAULT 'reference'::"public"."link_type",
    "announcement_link_new_tab" boolean,
    "announcement_link_url" character varying,
    "custom_head_html" character varying,
    "custom_body_html" character varying,
    "tag_manager_id" character varying,
    "analytics_scripts" character varying,
    "updated_at" timestamp(3) with time zone,
    "created_at" timestamp(3) with time zone,
    "announcement_enable_announcement" boolean DEFAULT false
);


--
-- Name: settings_locales; Type: TABLE; Schema: public; Owner: -
--

CREATE TABLE "public"."settings_locales" (
    "meta_title" character varying,
    "meta_image_id" "uuid",
    "meta_description" character varying,
    "announcement_text" character varying,
    "announcement_link_label" character varying NOT NULL,
    "id" integer NOT NULL,
    "_locale" "public"."_locales" NOT NULL,
    "_parent_id" "uuid" NOT NULL,
    "announcement_badge" character varying
);


--
-- Name: settings_locales_id_seq; Type: SEQUENCE; Schema: public; Owner: -
--

CREATE SEQUENCE "public"."settings_locales_id_seq"
    AS integer
    START WITH 1
    INCREMENT BY 1
    NO MINVALUE
    NO MAXVALUE
    CACHE 1;


--
-- Name: settings_locales_id_seq; Type: SEQUENCE OWNED BY; Schema: public; Owner: -
--

ALTER SEQUENCE "public"."settings_locales_id_seq" OWNED BY "public"."settings_locales"."id";


--
-- Name: settings_rels; Type: TABLE; Schema: public; Owner: -
--

CREATE TABLE "public"."settings_rels" (
    "id" integer NOT NULL,
    "order" integer,
    "parent_id" "uuid" NOT NULL,
    "path" character varying NOT NULL,
    "pages_id" "uuid",
    "blog_posts_id" "uuid"
);


--
-- Name: settings_rels_id_seq; Type: SEQUENCE; Schema: public; Owner: -
--

CREATE SEQUENCE "public"."settings_rels_id_seq"
    AS integer
    START WITH 1
    INCREMENT BY 1
    NO MINVALUE
    NO MAXVALUE
    CACHE 1;


--
-- Name: settings_rels_id_seq; Type: SEQUENCE OWNED BY; Schema: public; Owner: -
--

ALTER SEQUENCE "public"."settings_rels_id_seq" OWNED BY "public"."settings_rels"."id";


--
-- Name: teamBlock; Type: TABLE; Schema: public; Owner: -
--

CREATE TABLE "public"."teamBlock" (
    "_order" integer NOT NULL,
    "_parent_id" "uuid" NOT NULL,
    "_path" "text" NOT NULL,
    "id" character varying NOT NULL,
    "block_header_type" "public"."enum_teamBlock_block_header_type" DEFAULT 'center'::"public"."enum_teamBlock_block_header_type",
    "block_header_badge_type" "public"."enum_teamBlock_block_header_badge_type",
    "block_header_badge_color" "public"."badge_color" DEFAULT 'blue'::"public"."badge_color",
    "block_header_badge_icon" character varying,
    "block_header_badge_icon_position" "public"."badge_icon_position" DEFAULT 'flex-row'::"public"."badge_icon_position",
    "block_name" character varying
);


--
-- Name: teamBlock_block_header_links; Type: TABLE; Schema: public; Owner: -
--

CREATE TABLE "public"."teamBlock_block_header_links" (
    "_order" integer NOT NULL,
    "_parent_id" character varying NOT NULL,
    "id" character varying NOT NULL,
    "link_type" "public"."link_type" DEFAULT 'reference'::"public"."link_type",
    "link_new_tab" boolean,
    "link_url" character varying,
    "link_color" "public"."link_color" DEFAULT 'neutral'::"public"."link_color",
    "link_variant" "public"."link_variant" DEFAULT 'primary'::"public"."link_variant"
);


--
-- Name: teamBlock_block_header_links_locales; Type: TABLE; Schema: public; Owner: -
--

CREATE TABLE "public"."teamBlock_block_header_links_locales" (
    "link_label" character varying,
    "id" integer NOT NULL,
    "_locale" "public"."_locales" NOT NULL,
    "_parent_id" character varying NOT NULL
);


--
-- Name: teamBlock_block_header_links_locales_id_seq; Type: SEQUENCE; Schema: public; Owner: -
--

CREATE SEQUENCE "public"."teamBlock_block_header_links_locales_id_seq"
    AS integer
    START WITH 1
    INCREMENT BY 1
    NO MINVALUE
    NO MAXVALUE
    CACHE 1;


--
-- Name: teamBlock_block_header_links_locales_id_seq; Type: SEQUENCE OWNED BY; Schema: public; Owner: -
--

ALTER SEQUENCE "public"."teamBlock_block_header_links_locales_id_seq" OWNED BY "public"."teamBlock_block_header_links_locales"."id";


--
-- Name: teamBlock_locales; Type: TABLE; Schema: public; Owner: -
--

CREATE TABLE "public"."teamBlock_locales" (
    "block_header_badge_label" character varying,
    "block_header_header_text" "jsonb",
    "id" integer NOT NULL,
    "_locale" "public"."_locales" NOT NULL,
    "_parent_id" character varying NOT NULL
);


--
-- Name: teamBlock_locales_id_seq; Type: SEQUENCE; Schema: public; Owner: -
--

CREATE SEQUENCE "public"."teamBlock_locales_id_seq"
    AS integer
    START WITH 1
    INCREMENT BY 1
    NO MINVALUE
    NO MAXVALUE
    CACHE 1;


--
-- Name: teamBlock_locales_id_seq; Type: SEQUENCE OWNED BY; Schema: public; Owner: -
--

ALTER SEQUENCE "public"."teamBlock_locales_id_seq" OWNED BY "public"."teamBlock_locales"."id";


--
-- Name: teamBlock_team; Type: TABLE; Schema: public; Owner: -
--

CREATE TABLE "public"."teamBlock_team" (
    "_order" integer NOT NULL,
    "_parent_id" character varying NOT NULL,
    "id" character varying NOT NULL,
    "image_id" "uuid",
    "social_linkedin" character varying,
    "social_x" character varying
);


--
-- Name: teamBlock_team_locales; Type: TABLE; Schema: public; Owner: -
--

CREATE TABLE "public"."teamBlock_team_locales" (
    "name" character varying,
    "position" character varying,
    "bio" character varying,
    "id" integer NOT NULL,
    "_locale" "public"."_locales" NOT NULL,
    "_parent_id" character varying NOT NULL
);


--
-- Name: teamBlock_team_locales_id_seq; Type: SEQUENCE; Schema: public; Owner: -
--

CREATE SEQUENCE "public"."teamBlock_team_locales_id_seq"
    AS integer
    START WITH 1
    INCREMENT BY 1
    NO MINVALUE
    NO MAXVALUE
    CACHE 1;


--
-- Name: teamBlock_team_locales_id_seq; Type: SEQUENCE OWNED BY; Schema: public; Owner: -
--

ALTER SEQUENCE "public"."teamBlock_team_locales_id_seq" OWNED BY "public"."teamBlock_team_locales"."id";


--
-- Name: testimonialsBlock; Type: TABLE; Schema: public; Owner: -
--

CREATE TABLE "public"."testimonialsBlock" (
    "_order" integer NOT NULL,
    "_parent_id" "uuid" NOT NULL,
    "_path" "text" NOT NULL,
    "id" character varying NOT NULL,
    "block_header_type" "public"."enum_testimonialsBlock_block_header_type" DEFAULT 'center'::"public"."enum_testimonialsBlock_block_header_type",
    "block_header_badge_type" "public"."enum_testimonialsBlock_block_header_badge_type",
    "block_header_badge_color" "public"."badge_color" DEFAULT 'blue'::"public"."badge_color",
    "block_header_badge_icon" character varying,
    "block_header_badge_icon_position" "public"."badge_icon_position" DEFAULT 'flex-row'::"public"."badge_icon_position",
    "type" "public"."enum_testimonialsBlock_type" DEFAULT '01'::"public"."enum_testimonialsBlock_type",
    "block_name" character varying,
    "bg_color" "public"."enum_testimonialsBlock_bg_color" DEFAULT 'gray'::"public"."enum_testimonialsBlock_bg_color"
);


--
-- Name: testimonialsBlock_block_header_links; Type: TABLE; Schema: public; Owner: -
--

CREATE TABLE "public"."testimonialsBlock_block_header_links" (
    "_order" integer NOT NULL,
    "_parent_id" character varying NOT NULL,
    "id" character varying NOT NULL,
    "link_type" "public"."link_type" DEFAULT 'reference'::"public"."link_type",
    "link_new_tab" boolean,
    "link_url" character varying,
    "link_color" "public"."link_color" DEFAULT 'neutral'::"public"."link_color",
    "link_variant" "public"."link_variant" DEFAULT 'primary'::"public"."link_variant"
);


--
-- Name: testimonialsBlock_block_header_links_locales; Type: TABLE; Schema: public; Owner: -
--

CREATE TABLE "public"."testimonialsBlock_block_header_links_locales" (
    "link_label" character varying,
    "id" integer NOT NULL,
    "_locale" "public"."_locales" NOT NULL,
    "_parent_id" character varying NOT NULL
);


--
-- Name: testimonialsBlock_block_header_links_locales_id_seq; Type: SEQUENCE; Schema: public; Owner: -
--

CREATE SEQUENCE "public"."testimonialsBlock_block_header_links_locales_id_seq"
    AS integer
    START WITH 1
    INCREMENT BY 1
    NO MINVALUE
    NO MAXVALUE
    CACHE 1;


--
-- Name: testimonialsBlock_block_header_links_locales_id_seq; Type: SEQUENCE OWNED BY; Schema: public; Owner: -
--

ALTER SEQUENCE "public"."testimonialsBlock_block_header_links_locales_id_seq" OWNED BY "public"."testimonialsBlock_block_header_links_locales"."id";


--
-- Name: testimonialsBlock_locales; Type: TABLE; Schema: public; Owner: -
--

CREATE TABLE "public"."testimonialsBlock_locales" (
    "block_header_badge_label" character varying,
    "block_header_header_text" "jsonb",
    "id" integer NOT NULL,
    "_locale" "public"."_locales" NOT NULL,
    "_parent_id" character varying NOT NULL
);


--
-- Name: testimonialsBlock_locales_id_seq; Type: SEQUENCE; Schema: public; Owner: -
--

CREATE SEQUENCE "public"."testimonialsBlock_locales_id_seq"
    AS integer
    START WITH 1
    INCREMENT BY 1
    NO MINVALUE
    NO MAXVALUE
    CACHE 1;


--
-- Name: testimonialsBlock_locales_id_seq; Type: SEQUENCE OWNED BY; Schema: public; Owner: -
--

ALTER SEQUENCE "public"."testimonialsBlock_locales_id_seq" OWNED BY "public"."testimonialsBlock_locales"."id";


--
-- Name: users; Type: TABLE; Schema: public; Owner: -
--

CREATE TABLE "public"."users" (
    "id" "uuid" DEFAULT "gen_random_uuid"() NOT NULL,
    "updated_at" timestamp(3) with time zone DEFAULT "now"() NOT NULL,
    "created_at" timestamp(3) with time zone DEFAULT "now"() NOT NULL,
    "email" character varying NOT NULL,
    "reset_password_token" character varying,
    "reset_password_expiration" timestamp(3) with time zone,
    "salt" character varying,
    "hash" character varying,
    "login_attempts" numeric DEFAULT 0,
    "lock_until" timestamp(3) with time zone,
    "avatar_id" "uuid"
);


--
-- Name: users_locales; Type: TABLE; Schema: public; Owner: -
--

CREATE TABLE "public"."users_locales" (
    "name" character varying,
    "id" integer NOT NULL,
    "_locale" "public"."_locales" NOT NULL,
    "_parent_id" "uuid" NOT NULL
);


--
-- Name: users_locales_id_seq; Type: SEQUENCE; Schema: public; Owner: -
--

CREATE SEQUENCE "public"."users_locales_id_seq"
    AS integer
    START WITH 1
    INCREMENT BY 1
    NO MINVALUE
    NO MAXVALUE
    CACHE 1;


--
-- Name: users_locales_id_seq; Type: SEQUENCE OWNED BY; Schema: public; Owner: -
--

ALTER SEQUENCE "public"."users_locales_id_seq" OWNED BY "public"."users_locales"."id";


--
-- Name: users_sessions; Type: TABLE; Schema: public; Owner: -
--

CREATE TABLE "public"."users_sessions" (
    "_order" integer NOT NULL,
    "_parent_id" "uuid" NOT NULL,
    "id" character varying NOT NULL,
    "created_at" timestamp(3) with time zone,
    "expires_at" timestamp(3) with time zone NOT NULL
);


--
-- Name: _archiveBlock_v_block_header_links_locales id; Type: DEFAULT; Schema: public; Owner: -
--

ALTER TABLE ONLY "public"."_archiveBlock_v_block_header_links_locales" ALTER COLUMN "id" SET DEFAULT "nextval"('"public"."_archiveBlock_v_block_header_links_locales_id_seq"'::"regclass");


--
-- Name: _archiveBlock_v_locales id; Type: DEFAULT; Schema: public; Owner: -
--

ALTER TABLE ONLY "public"."_archiveBlock_v_locales" ALTER COLUMN "id" SET DEFAULT "nextval"('"public"."_archiveBlock_v_locales_id_seq"'::"regclass");


--
-- Name: _blog_posts_v_locales id; Type: DEFAULT; Schema: public; Owner: -
--

ALTER TABLE ONLY "public"."_blog_posts_v_locales" ALTER COLUMN "id" SET DEFAULT "nextval"('"public"."_blog_posts_v_locales_id_seq"'::"regclass");


--
-- Name: _blog_posts_v_rels id; Type: DEFAULT; Schema: public; Owner: -
--

ALTER TABLE ONLY "public"."_blog_posts_v_rels" ALTER COLUMN "id" SET DEFAULT "nextval"('"public"."_blog_posts_v_rels_id_seq"'::"regclass");


--
-- Name: _callToActionBlock_v_links_locales id; Type: DEFAULT; Schema: public; Owner: -
--

ALTER TABLE ONLY "public"."_callToActionBlock_v_links_locales" ALTER COLUMN "id" SET DEFAULT "nextval"('"public"."_callToActionBlock_v_links_locales_id_seq"'::"regclass");


--
-- Name: _callToActionBlock_v_locales id; Type: DEFAULT; Schema: public; Owner: -
--

ALTER TABLE ONLY "public"."_callToActionBlock_v_locales" ALTER COLUMN "id" SET DEFAULT "nextval"('"public"."_callToActionBlock_v_locales_id_seq"'::"regclass");


--
-- Name: _customHtmlBlock_v_block_header_links_locales id; Type: DEFAULT; Schema: public; Owner: -
--

ALTER TABLE ONLY "public"."_customHtmlBlock_v_block_header_links_locales" ALTER COLUMN "id" SET DEFAULT "nextval"('"public"."_customHtmlBlock_v_block_header_links_locales_id_seq"'::"regclass");


--
-- Name: _customHtmlBlock_v_locales id; Type: DEFAULT; Schema: public; Owner: -
--

ALTER TABLE ONLY "public"."_customHtmlBlock_v_locales" ALTER COLUMN "id" SET DEFAULT "nextval"('"public"."_customHtmlBlock_v_locales_id_seq"'::"regclass");


--
-- Name: _customers_v_locales id; Type: DEFAULT; Schema: public; Owner: -
--

ALTER TABLE ONLY "public"."_customers_v_locales" ALTER COLUMN "id" SET DEFAULT "nextval"('"public"."_customers_v_locales_id_seq"'::"regclass");


--
-- Name: _customers_v_rels id; Type: DEFAULT; Schema: public; Owner: -
--

ALTER TABLE ONLY "public"."_customers_v_rels" ALTER COLUMN "id" SET DEFAULT "nextval"('"public"."_customers_v_rels_id_seq"'::"regclass");


--
-- Name: _customers_v_version_testimonial_stats_locales id; Type: DEFAULT; Schema: public; Owner: -
--

ALTER TABLE ONLY "public"."_customers_v_version_testimonial_stats_locales" ALTER COLUMN "id" SET DEFAULT "nextval"('"public"."_customers_v_version_testimonial_stats_locales_id_seq"'::"regclass");


--
-- Name: _faqBlock_v_block_header_links_locales id; Type: DEFAULT; Schema: public; Owner: -
--

ALTER TABLE ONLY "public"."_faqBlock_v_block_header_links_locales" ALTER COLUMN "id" SET DEFAULT "nextval"('"public"."_faqBlock_v_block_header_links_locales_id_seq"'::"regclass");


--
-- Name: _faqBlock_v_locales id; Type: DEFAULT; Schema: public; Owner: -
--

ALTER TABLE ONLY "public"."_faqBlock_v_locales" ALTER COLUMN "id" SET DEFAULT "nextval"('"public"."_faqBlock_v_locales_id_seq"'::"regclass");


--
-- Name: _faq_v_locales id; Type: DEFAULT; Schema: public; Owner: -
--

ALTER TABLE ONLY "public"."_faq_v_locales" ALTER COLUMN "id" SET DEFAULT "nextval"('"public"."_faq_v_locales_id_seq"'::"regclass");


--
-- Name: _featuresBlock_v_block_header_links_locales id; Type: DEFAULT; Schema: public; Owner: -
--

ALTER TABLE ONLY "public"."_featuresBlock_v_block_header_links_locales" ALTER COLUMN "id" SET DEFAULT "nextval"('"public"."_featuresBlock_v_block_header_links_locales_id_seq"'::"regclass");


--
-- Name: _featuresBlock_v_columns_locales id; Type: DEFAULT; Schema: public; Owner: -
--

ALTER TABLE ONLY "public"."_featuresBlock_v_columns_locales" ALTER COLUMN "id" SET DEFAULT "nextval"('"public"."_featuresBlock_v_columns_locales_id_seq"'::"regclass");


--
-- Name: _featuresBlock_v_locales id; Type: DEFAULT; Schema: public; Owner: -
--

ALTER TABLE ONLY "public"."_featuresBlock_v_locales" ALTER COLUMN "id" SET DEFAULT "nextval"('"public"."_featuresBlock_v_locales_id_seq"'::"regclass");


--
-- Name: _galleryBlock_v_block_header_links_locales id; Type: DEFAULT; Schema: public; Owner: -
--

ALTER TABLE ONLY "public"."_galleryBlock_v_block_header_links_locales" ALTER COLUMN "id" SET DEFAULT "nextval"('"public"."_galleryBlock_v_block_header_links_locales_id_seq"'::"regclass");


--
-- Name: _galleryBlock_v_interactive_gallery_locales id; Type: DEFAULT; Schema: public; Owner: -
--

ALTER TABLE ONLY "public"."_galleryBlock_v_interactive_gallery_locales" ALTER COLUMN "id" SET DEFAULT "nextval"('"public"."_galleryBlock_v_interactive_gallery_locales_id_seq"'::"regclass");


--
-- Name: _galleryBlock_v_locales id; Type: DEFAULT; Schema: public; Owner: -
--

ALTER TABLE ONLY "public"."_galleryBlock_v_locales" ALTER COLUMN "id" SET DEFAULT "nextval"('"public"."_galleryBlock_v_locales_id_seq"'::"regclass");


--
-- Name: _logosBlock_v_block_header_links_locales id; Type: DEFAULT; Schema: public; Owner: -
--

ALTER TABLE ONLY "public"."_logosBlock_v_block_header_links_locales" ALTER COLUMN "id" SET DEFAULT "nextval"('"public"."_logosBlock_v_block_header_links_locales_id_seq"'::"regclass");


--
-- Name: _logosBlock_v_locales id; Type: DEFAULT; Schema: public; Owner: -
--

ALTER TABLE ONLY "public"."_logosBlock_v_locales" ALTER COLUMN "id" SET DEFAULT "nextval"('"public"."_logosBlock_v_locales_id_seq"'::"regclass");


--
-- Name: _metricsBlock_v_block_header_links_locales id; Type: DEFAULT; Schema: public; Owner: -
--

ALTER TABLE ONLY "public"."_metricsBlock_v_block_header_links_locales" ALTER COLUMN "id" SET DEFAULT "nextval"('"public"."_metricsBlock_v_block_header_links_locales_id_seq"'::"regclass");


--
-- Name: _metricsBlock_v_locales id; Type: DEFAULT; Schema: public; Owner: -
--

ALTER TABLE ONLY "public"."_metricsBlock_v_locales" ALTER COLUMN "id" SET DEFAULT "nextval"('"public"."_metricsBlock_v_locales_id_seq"'::"regclass");


--
-- Name: _metricsBlock_v_stats_locales id; Type: DEFAULT; Schema: public; Owner: -
--

ALTER TABLE ONLY "public"."_metricsBlock_v_stats_locales" ALTER COLUMN "id" SET DEFAULT "nextval"('"public"."_metricsBlock_v_stats_locales_id_seq"'::"regclass");


--
-- Name: _pages_v_locales id; Type: DEFAULT; Schema: public; Owner: -
--

ALTER TABLE ONLY "public"."_pages_v_locales" ALTER COLUMN "id" SET DEFAULT "nextval"('"public"."_pages_v_locales_id_seq"'::"regclass");


--
-- Name: _pages_v_rels id; Type: DEFAULT; Schema: public; Owner: -
--

ALTER TABLE ONLY "public"."_pages_v_rels" ALTER COLUMN "id" SET DEFAULT "nextval"('"public"."_pages_v_rels_id_seq"'::"regclass");


--
-- Name: _pages_v_version_hero_links_locales id; Type: DEFAULT; Schema: public; Owner: -
--

ALTER TABLE ONLY "public"."_pages_v_version_hero_links_locales" ALTER COLUMN "id" SET DEFAULT "nextval"('"public"."_pages_v_version_hero_links_locales_id_seq"'::"regclass");


--
-- Name: _pages_v_version_hero_list_items_locales id; Type: DEFAULT; Schema: public; Owner: -
--

ALTER TABLE ONLY "public"."_pages_v_version_hero_list_items_locales" ALTER COLUMN "id" SET DEFAULT "nextval"('"public"."_pages_v_version_hero_list_items_locales_id_seq"'::"regclass");


--
-- Name: _richTextBlock_v_block_header_links_locales id; Type: DEFAULT; Schema: public; Owner: -
--

ALTER TABLE ONLY "public"."_richTextBlock_v_block_header_links_locales" ALTER COLUMN "id" SET DEFAULT "nextval"('"public"."_richTextBlock_v_block_header_links_locales_id_seq"'::"regclass");


--
-- Name: _richTextBlock_v_locales id; Type: DEFAULT; Schema: public; Owner: -
--

ALTER TABLE ONLY "public"."_richTextBlock_v_locales" ALTER COLUMN "id" SET DEFAULT "nextval"('"public"."_richTextBlock_v_locales_id_seq"'::"regclass");


--
-- Name: _teamBlock_v_block_header_links_locales id; Type: DEFAULT; Schema: public; Owner: -
--

ALTER TABLE ONLY "public"."_teamBlock_v_block_header_links_locales" ALTER COLUMN "id" SET DEFAULT "nextval"('"public"."_teamBlock_v_block_header_links_locales_id_seq"'::"regclass");


--
-- Name: _teamBlock_v_locales id; Type: DEFAULT; Schema: public; Owner: -
--

ALTER TABLE ONLY "public"."_teamBlock_v_locales" ALTER COLUMN "id" SET DEFAULT "nextval"('"public"."_teamBlock_v_locales_id_seq"'::"regclass");


--
-- Name: _teamBlock_v_team_locales id; Type: DEFAULT; Schema: public; Owner: -
--

ALTER TABLE ONLY "public"."_teamBlock_v_team_locales" ALTER COLUMN "id" SET DEFAULT "nextval"('"public"."_teamBlock_v_team_locales_id_seq"'::"regclass");


--
-- Name: _testimonialsBlock_v_block_header_links_locales id; Type: DEFAULT; Schema: public; Owner: -
--

ALTER TABLE ONLY "public"."_testimonialsBlock_v_block_header_links_locales" ALTER COLUMN "id" SET DEFAULT "nextval"('"public"."_testimonialsBlock_v_block_header_links_locales_id_seq"'::"regclass");


--
-- Name: _testimonialsBlock_v_locales id; Type: DEFAULT; Schema: public; Owner: -
--

ALTER TABLE ONLY "public"."_testimonialsBlock_v_locales" ALTER COLUMN "id" SET DEFAULT "nextval"('"public"."_testimonialsBlock_v_locales_id_seq"'::"regclass");


--
-- Name: archiveBlock_block_header_links_locales id; Type: DEFAULT; Schema: public; Owner: -
--

ALTER TABLE ONLY "public"."archiveBlock_block_header_links_locales" ALTER COLUMN "id" SET DEFAULT "nextval"('"public"."archiveBlock_block_header_links_locales_id_seq"'::"regclass");


--
-- Name: archiveBlock_locales id; Type: DEFAULT; Schema: public; Owner: -
--

ALTER TABLE ONLY "public"."archiveBlock_locales" ALTER COLUMN "id" SET DEFAULT "nextval"('"public"."archiveBlock_locales_id_seq"'::"regclass");


--
-- Name: blog_posts_locales id; Type: DEFAULT; Schema: public; Owner: -
--

ALTER TABLE ONLY "public"."blog_posts_locales" ALTER COLUMN "id" SET DEFAULT "nextval"('"public"."blog_posts_locales_id_seq"'::"regclass");


--
-- Name: blog_posts_rels id; Type: DEFAULT; Schema: public; Owner: -
--

ALTER TABLE ONLY "public"."blog_posts_rels" ALTER COLUMN "id" SET DEFAULT "nextval"('"public"."blog_posts_rels_id_seq"'::"regclass");


--
-- Name: callToActionBlock_links_locales id; Type: DEFAULT; Schema: public; Owner: -
--

ALTER TABLE ONLY "public"."callToActionBlock_links_locales" ALTER COLUMN "id" SET DEFAULT "nextval"('"public"."callToActionBlock_links_locales_id_seq"'::"regclass");


--
-- Name: callToActionBlock_locales id; Type: DEFAULT; Schema: public; Owner: -
--

ALTER TABLE ONLY "public"."callToActionBlock_locales" ALTER COLUMN "id" SET DEFAULT "nextval"('"public"."callToActionBlock_locales_id_seq"'::"regclass");


--
-- Name: categories_locales id; Type: DEFAULT; Schema: public; Owner: -
--

ALTER TABLE ONLY "public"."categories_locales" ALTER COLUMN "id" SET DEFAULT "nextval"('"public"."categories_locales_id_seq"'::"regclass");


--
-- Name: customHtmlBlock_block_header_links_locales id; Type: DEFAULT; Schema: public; Owner: -
--

ALTER TABLE ONLY "public"."customHtmlBlock_block_header_links_locales" ALTER COLUMN "id" SET DEFAULT "nextval"('"public"."customHtmlBlock_block_header_links_locales_id_seq"'::"regclass");


--
-- Name: customHtmlBlock_locales id; Type: DEFAULT; Schema: public; Owner: -
--

ALTER TABLE ONLY "public"."customHtmlBlock_locales" ALTER COLUMN "id" SET DEFAULT "nextval"('"public"."customHtmlBlock_locales_id_seq"'::"regclass");


--
-- Name: customers_locales id; Type: DEFAULT; Schema: public; Owner: -
--

ALTER TABLE ONLY "public"."customers_locales" ALTER COLUMN "id" SET DEFAULT "nextval"('"public"."customers_locales_id_seq"'::"regclass");


--
-- Name: customers_rels id; Type: DEFAULT; Schema: public; Owner: -
--

ALTER TABLE ONLY "public"."customers_rels" ALTER COLUMN "id" SET DEFAULT "nextval"('"public"."customers_rels_id_seq"'::"regclass");


--
-- Name: customers_testimonial_stats_locales id; Type: DEFAULT; Schema: public; Owner: -
--

ALTER TABLE ONLY "public"."customers_testimonial_stats_locales" ALTER COLUMN "id" SET DEFAULT "nextval"('"public"."customers_testimonial_stats_locales_id_seq"'::"regclass");


--
-- Name: faqBlock_block_header_links_locales id; Type: DEFAULT; Schema: public; Owner: -
--

ALTER TABLE ONLY "public"."faqBlock_block_header_links_locales" ALTER COLUMN "id" SET DEFAULT "nextval"('"public"."faqBlock_block_header_links_locales_id_seq"'::"regclass");


--
-- Name: faqBlock_locales id; Type: DEFAULT; Schema: public; Owner: -
--

ALTER TABLE ONLY "public"."faqBlock_locales" ALTER COLUMN "id" SET DEFAULT "nextval"('"public"."faqBlock_locales_id_seq"'::"regclass");


--
-- Name: faq_locales id; Type: DEFAULT; Schema: public; Owner: -
--

ALTER TABLE ONLY "public"."faq_locales" ALTER COLUMN "id" SET DEFAULT "nextval"('"public"."faq_locales_id_seq"'::"regclass");


--
-- Name: featuresBlock_block_header_links_locales id; Type: DEFAULT; Schema: public; Owner: -
--

ALTER TABLE ONLY "public"."featuresBlock_block_header_links_locales" ALTER COLUMN "id" SET DEFAULT "nextval"('"public"."featuresBlock_block_header_links_locales_id_seq"'::"regclass");


--
-- Name: featuresBlock_columns_locales id; Type: DEFAULT; Schema: public; Owner: -
--

ALTER TABLE ONLY "public"."featuresBlock_columns_locales" ALTER COLUMN "id" SET DEFAULT "nextval"('"public"."featuresBlock_columns_locales_id_seq"'::"regclass");


--
-- Name: featuresBlock_locales id; Type: DEFAULT; Schema: public; Owner: -
--

ALTER TABLE ONLY "public"."featuresBlock_locales" ALTER COLUMN "id" SET DEFAULT "nextval"('"public"."featuresBlock_locales_id_seq"'::"regclass");


--
-- Name: footer_columns_nav_items_locales id; Type: DEFAULT; Schema: public; Owner: -
--

ALTER TABLE ONLY "public"."footer_columns_nav_items_locales" ALTER COLUMN "id" SET DEFAULT "nextval"('"public"."footer_columns_nav_items_locales_id_seq"'::"regclass");


--
-- Name: footer_rels id; Type: DEFAULT; Schema: public; Owner: -
--

ALTER TABLE ONLY "public"."footer_rels" ALTER COLUMN "id" SET DEFAULT "nextval"('"public"."footer_rels_id_seq"'::"regclass");


--
-- Name: forms_blocks_checkbox_locales id; Type: DEFAULT; Schema: public; Owner: -
--

ALTER TABLE ONLY "public"."forms_blocks_checkbox_locales" ALTER COLUMN "id" SET DEFAULT "nextval"('"public"."forms_blocks_checkbox_locales_id_seq"'::"regclass");


--
-- Name: forms_blocks_country_locales id; Type: DEFAULT; Schema: public; Owner: -
--

ALTER TABLE ONLY "public"."forms_blocks_country_locales" ALTER COLUMN "id" SET DEFAULT "nextval"('"public"."forms_blocks_country_locales_id_seq"'::"regclass");


--
-- Name: forms_blocks_email_locales id; Type: DEFAULT; Schema: public; Owner: -
--

ALTER TABLE ONLY "public"."forms_blocks_email_locales" ALTER COLUMN "id" SET DEFAULT "nextval"('"public"."forms_blocks_email_locales_id_seq"'::"regclass");


--
-- Name: forms_blocks_message_locales id; Type: DEFAULT; Schema: public; Owner: -
--

ALTER TABLE ONLY "public"."forms_blocks_message_locales" ALTER COLUMN "id" SET DEFAULT "nextval"('"public"."forms_blocks_message_locales_id_seq"'::"regclass");


--
-- Name: forms_blocks_number_locales id; Type: DEFAULT; Schema: public; Owner: -
--

ALTER TABLE ONLY "public"."forms_blocks_number_locales" ALTER COLUMN "id" SET DEFAULT "nextval"('"public"."forms_blocks_number_locales_id_seq"'::"regclass");


--
-- Name: forms_blocks_select_locales id; Type: DEFAULT; Schema: public; Owner: -
--

ALTER TABLE ONLY "public"."forms_blocks_select_locales" ALTER COLUMN "id" SET DEFAULT "nextval"('"public"."forms_blocks_select_locales_id_seq"'::"regclass");


--
-- Name: forms_blocks_select_options_locales id; Type: DEFAULT; Schema: public; Owner: -
--

ALTER TABLE ONLY "public"."forms_blocks_select_options_locales" ALTER COLUMN "id" SET DEFAULT "nextval"('"public"."forms_blocks_select_options_locales_id_seq"'::"regclass");


--
-- Name: forms_blocks_state_locales id; Type: DEFAULT; Schema: public; Owner: -
--

ALTER TABLE ONLY "public"."forms_blocks_state_locales" ALTER COLUMN "id" SET DEFAULT "nextval"('"public"."forms_blocks_state_locales_id_seq"'::"regclass");


--
-- Name: forms_blocks_text_locales id; Type: DEFAULT; Schema: public; Owner: -
--

ALTER TABLE ONLY "public"."forms_blocks_text_locales" ALTER COLUMN "id" SET DEFAULT "nextval"('"public"."forms_blocks_text_locales_id_seq"'::"regclass");


--
-- Name: forms_blocks_textarea_locales id; Type: DEFAULT; Schema: public; Owner: -
--

ALTER TABLE ONLY "public"."forms_blocks_textarea_locales" ALTER COLUMN "id" SET DEFAULT "nextval"('"public"."forms_blocks_textarea_locales_id_seq"'::"regclass");


--
-- Name: forms_emails_locales id; Type: DEFAULT; Schema: public; Owner: -
--

ALTER TABLE ONLY "public"."forms_emails_locales" ALTER COLUMN "id" SET DEFAULT "nextval"('"public"."forms_emails_locales_id_seq"'::"regclass");


--
-- Name: forms_locales id; Type: DEFAULT; Schema: public; Owner: -
--

ALTER TABLE ONLY "public"."forms_locales" ALTER COLUMN "id" SET DEFAULT "nextval"('"public"."forms_locales_id_seq"'::"regclass");


--
-- Name: galleryBlock_block_header_links_locales id; Type: DEFAULT; Schema: public; Owner: -
--

ALTER TABLE ONLY "public"."galleryBlock_block_header_links_locales" ALTER COLUMN "id" SET DEFAULT "nextval"('"public"."galleryBlock_block_header_links_locales_id_seq"'::"regclass");


--
-- Name: galleryBlock_interactive_gallery_locales id; Type: DEFAULT; Schema: public; Owner: -
--

ALTER TABLE ONLY "public"."galleryBlock_interactive_gallery_locales" ALTER COLUMN "id" SET DEFAULT "nextval"('"public"."galleryBlock_interactive_gallery_locales_id_seq"'::"regclass");


--
-- Name: galleryBlock_locales id; Type: DEFAULT; Schema: public; Owner: -
--

ALTER TABLE ONLY "public"."galleryBlock_locales" ALTER COLUMN "id" SET DEFAULT "nextval"('"public"."galleryBlock_locales_id_seq"'::"regclass");


--
-- Name: header_cta_locales id; Type: DEFAULT; Schema: public; Owner: -
--

ALTER TABLE ONLY "public"."header_cta_locales" ALTER COLUMN "id" SET DEFAULT "nextval"('"public"."header_cta_locales_id_seq"'::"regclass");


--
-- Name: header_rels id; Type: DEFAULT; Schema: public; Owner: -
--

ALTER TABLE ONLY "public"."header_rels" ALTER COLUMN "id" SET DEFAULT "nextval"('"public"."header_rels_id_seq"'::"regclass");


--
-- Name: header_tabs_description_links_locales id; Type: DEFAULT; Schema: public; Owner: -
--

ALTER TABLE ONLY "public"."header_tabs_description_links_locales" ALTER COLUMN "id" SET DEFAULT "nextval"('"public"."header_tabs_description_links_locales_id_seq"'::"regclass");


--
-- Name: header_tabs_locales id; Type: DEFAULT; Schema: public; Owner: -
--

ALTER TABLE ONLY "public"."header_tabs_locales" ALTER COLUMN "id" SET DEFAULT "nextval"('"public"."header_tabs_locales_id_seq"'::"regclass");


--
-- Name: header_tabs_nav_items_featured_link_links_locales id; Type: DEFAULT; Schema: public; Owner: -
--

ALTER TABLE ONLY "public"."header_tabs_nav_items_featured_link_links_locales" ALTER COLUMN "id" SET DEFAULT "nextval"('"public"."header_tabs_nav_items_featured_link_links_locales_id_seq"'::"regclass");


--
-- Name: header_tabs_nav_items_list_links_links_locales id; Type: DEFAULT; Schema: public; Owner: -
--

ALTER TABLE ONLY "public"."header_tabs_nav_items_list_links_links_locales" ALTER COLUMN "id" SET DEFAULT "nextval"('"public"."header_tabs_nav_items_list_links_links_locales_id_seq"'::"regclass");


--
-- Name: header_tabs_nav_items_locales id; Type: DEFAULT; Schema: public; Owner: -
--

ALTER TABLE ONLY "public"."header_tabs_nav_items_locales" ALTER COLUMN "id" SET DEFAULT "nextval"('"public"."header_tabs_nav_items_locales_id_seq"'::"regclass");


--
-- Name: logosBlock_block_header_links_locales id; Type: DEFAULT; Schema: public; Owner: -
--

ALTER TABLE ONLY "public"."logosBlock_block_header_links_locales" ALTER COLUMN "id" SET DEFAULT "nextval"('"public"."logosBlock_block_header_links_locales_id_seq"'::"regclass");


--
-- Name: logosBlock_locales id; Type: DEFAULT; Schema: public; Owner: -
--

ALTER TABLE ONLY "public"."logosBlock_locales" ALTER COLUMN "id" SET DEFAULT "nextval"('"public"."logosBlock_locales_id_seq"'::"regclass");


--
-- Name: media_rels id; Type: DEFAULT; Schema: public; Owner: -
--

ALTER TABLE ONLY "public"."media_rels" ALTER COLUMN "id" SET DEFAULT "nextval"('"public"."media_rels_id_seq"'::"regclass");


--
-- Name: metricsBlock_block_header_links_locales id; Type: DEFAULT; Schema: public; Owner: -
--

ALTER TABLE ONLY "public"."metricsBlock_block_header_links_locales" ALTER COLUMN "id" SET DEFAULT "nextval"('"public"."metricsBlock_block_header_links_locales_id_seq"'::"regclass");


--
-- Name: metricsBlock_locales id; Type: DEFAULT; Schema: public; Owner: -
--

ALTER TABLE ONLY "public"."metricsBlock_locales" ALTER COLUMN "id" SET DEFAULT "nextval"('"public"."metricsBlock_locales_id_seq"'::"regclass");


--
-- Name: metricsBlock_stats_locales id; Type: DEFAULT; Schema: public; Owner: -
--

ALTER TABLE ONLY "public"."metricsBlock_stats_locales" ALTER COLUMN "id" SET DEFAULT "nextval"('"public"."metricsBlock_stats_locales_id_seq"'::"regclass");


--
-- Name: pages_hero_links_locales id; Type: DEFAULT; Schema: public; Owner: -
--

ALTER TABLE ONLY "public"."pages_hero_links_locales" ALTER COLUMN "id" SET DEFAULT "nextval"('"public"."pages_hero_links_locales_id_seq"'::"regclass");


--
-- Name: pages_hero_list_items_locales id; Type: DEFAULT; Schema: public; Owner: -
--

ALTER TABLE ONLY "public"."pages_hero_list_items_locales" ALTER COLUMN "id" SET DEFAULT "nextval"('"public"."pages_hero_list_items_locales_id_seq"'::"regclass");


--
-- Name: pages_locales id; Type: DEFAULT; Schema: public; Owner: -
--

ALTER TABLE ONLY "public"."pages_locales" ALTER COLUMN "id" SET DEFAULT "nextval"('"public"."pages_locales_id_seq"'::"regclass");


--
-- Name: pages_rels id; Type: DEFAULT; Schema: public; Owner: -
--

ALTER TABLE ONLY "public"."pages_rels" ALTER COLUMN "id" SET DEFAULT "nextval"('"public"."pages_rels_id_seq"'::"regclass");


--
-- Name: payload_locked_documents_rels id; Type: DEFAULT; Schema: public; Owner: -
--

ALTER TABLE ONLY "public"."payload_locked_documents_rels" ALTER COLUMN "id" SET DEFAULT "nextval"('"public"."payload_locked_documents_rels_id_seq"'::"regclass");


--
-- Name: payload_preferences_rels id; Type: DEFAULT; Schema: public; Owner: -
--

ALTER TABLE ONLY "public"."payload_preferences_rels" ALTER COLUMN "id" SET DEFAULT "nextval"('"public"."payload_preferences_rels_id_seq"'::"regclass");


--
-- Name: redirects_rels id; Type: DEFAULT; Schema: public; Owner: -
--

ALTER TABLE ONLY "public"."redirects_rels" ALTER COLUMN "id" SET DEFAULT "nextval"('"public"."redirects_rels_id_seq"'::"regclass");


--
-- Name: richTextBlock_block_header_links_locales id; Type: DEFAULT; Schema: public; Owner: -
--

ALTER TABLE ONLY "public"."richTextBlock_block_header_links_locales" ALTER COLUMN "id" SET DEFAULT "nextval"('"public"."richTextBlock_block_header_links_locales_id_seq"'::"regclass");


--
-- Name: richTextBlock_locales id; Type: DEFAULT; Schema: public; Owner: -
--

ALTER TABLE ONLY "public"."richTextBlock_locales" ALTER COLUMN "id" SET DEFAULT "nextval"('"public"."richTextBlock_locales_id_seq"'::"regclass");


--
-- Name: search_locales id; Type: DEFAULT; Schema: public; Owner: -
--

ALTER TABLE ONLY "public"."search_locales" ALTER COLUMN "id" SET DEFAULT "nextval"('"public"."search_locales_id_seq"'::"regclass");


--
-- Name: search_rels id; Type: DEFAULT; Schema: public; Owner: -
--

ALTER TABLE ONLY "public"."search_rels" ALTER COLUMN "id" SET DEFAULT "nextval"('"public"."search_rels_id_seq"'::"regclass");


--
-- Name: settings_locales id; Type: DEFAULT; Schema: public; Owner: -
--

ALTER TABLE ONLY "public"."settings_locales" ALTER COLUMN "id" SET DEFAULT "nextval"('"public"."settings_locales_id_seq"'::"regclass");


--
-- Name: settings_rels id; Type: DEFAULT; Schema: public; Owner: -
--

ALTER TABLE ONLY "public"."settings_rels" ALTER COLUMN "id" SET DEFAULT "nextval"('"public"."settings_rels_id_seq"'::"regclass");


--
-- Name: teamBlock_block_header_links_locales id; Type: DEFAULT; Schema: public; Owner: -
--

ALTER TABLE ONLY "public"."teamBlock_block_header_links_locales" ALTER COLUMN "id" SET DEFAULT "nextval"('"public"."teamBlock_block_header_links_locales_id_seq"'::"regclass");


--
-- Name: teamBlock_locales id; Type: DEFAULT; Schema: public; Owner: -
--

ALTER TABLE ONLY "public"."teamBlock_locales" ALTER COLUMN "id" SET DEFAULT "nextval"('"public"."teamBlock_locales_id_seq"'::"regclass");


--
-- Name: teamBlock_team_locales id; Type: DEFAULT; Schema: public; Owner: -
--

ALTER TABLE ONLY "public"."teamBlock_team_locales" ALTER COLUMN "id" SET DEFAULT "nextval"('"public"."teamBlock_team_locales_id_seq"'::"regclass");


--
-- Name: testimonialsBlock_block_header_links_locales id; Type: DEFAULT; Schema: public; Owner: -
--

ALTER TABLE ONLY "public"."testimonialsBlock_block_header_links_locales" ALTER COLUMN "id" SET DEFAULT "nextval"('"public"."testimonialsBlock_block_header_links_locales_id_seq"'::"regclass");


--
-- Name: testimonialsBlock_locales id; Type: DEFAULT; Schema: public; Owner: -
--

ALTER TABLE ONLY "public"."testimonialsBlock_locales" ALTER COLUMN "id" SET DEFAULT "nextval"('"public"."testimonialsBlock_locales_id_seq"'::"regclass");


--
-- Name: users_locales id; Type: DEFAULT; Schema: public; Owner: -
--

ALTER TABLE ONLY "public"."users_locales" ALTER COLUMN "id" SET DEFAULT "nextval"('"public"."users_locales_id_seq"'::"regclass");


--
-- Data for Name: _archiveBlock_v; Type: TABLE DATA; Schema: public; Owner: -
--

COPY "public"."_archiveBlock_v" ("_order", "_parent_id", "_path", "id", "block_header_type", "block_header_badge_type", "block_header_badge_color", "block_header_badge_icon", "block_header_badge_icon_position", "populate_by", "relation_to", "limit", "_uuid", "block_name") FROM stdin;
\.


--
-- Data for Name: _archiveBlock_v_block_header_links; Type: TABLE DATA; Schema: public; Owner: -
--

COPY "public"."_archiveBlock_v_block_header_links" ("_order", "_parent_id", "id", "link_type", "link_new_tab", "link_url", "link_color", "link_variant", "_uuid") FROM stdin;
\.


--
-- Data for Name: _archiveBlock_v_block_header_links_locales; Type: TABLE DATA; Schema: public; Owner: -
--

COPY "public"."_archiveBlock_v_block_header_links_locales" ("link_label", "id", "_locale", "_parent_id") FROM stdin;
\.


--
-- Data for Name: _archiveBlock_v_locales; Type: TABLE DATA; Schema: public; Owner: -
--

COPY "public"."_archiveBlock_v_locales" ("block_header_badge_label", "block_header_header_text", "id", "_locale", "_parent_id") FROM stdin;
\.


--
-- Data for Name: _blog_posts_v; Type: TABLE DATA; Schema: public; Owner: -
--

COPY "public"."_blog_posts_v" ("id", "parent_id", "version_updated_at", "version_created_at", "version__status", "created_at", "updated_at", "snapshot", "published_locale", "latest") FROM stdin;
\.


--
-- Data for Name: _blog_posts_v_locales; Type: TABLE DATA; Schema: public; Owner: -
--

COPY "public"."_blog_posts_v_locales" ("version_title", "version_hero_image_id", "version_content", "version_meta_title", "version_meta_image_id", "version_meta_description", "version_published_at", "id", "_locale", "_parent_id", "version_slug", "version_slug_lock") FROM stdin;
\.


--
-- Data for Name: _blog_posts_v_rels; Type: TABLE DATA; Schema: public; Owner: -
--

COPY "public"."_blog_posts_v_rels" ("id", "order", "parent_id", "path", "locale", "blog_posts_id", "categories_id", "users_id") FROM stdin;
\.


--
-- Data for Name: _blog_posts_v_version_populated_authors; Type: TABLE DATA; Schema: public; Owner: -
--

COPY "public"."_blog_posts_v_version_populated_authors" ("_order", "_parent_id", "id", "_uuid", "name") FROM stdin;
\.


--
-- Data for Name: _callToActionBlock_v; Type: TABLE DATA; Schema: public; Owner: -
--

COPY "public"."_callToActionBlock_v" ("_order", "_parent_id", "_path", "id", "type", "badge_type", "badge_color", "badge_icon", "badge_icon_position", "caption", "form_id", "_uuid", "block_name") FROM stdin;
8	41c60df7-54ab-4683-8983-1204117e7975	version.layout	fbb24a02-8420-4514-8bdb-c7b547b11431	02	\N	blue	\N	flex-row	\N	\N	6886a1475a3935fab3feb21f	\N
8	deefcd27-f08b-46fa-8843-0703ff59e6cc	version.layout	4677e55c-f059-46ca-8fac-1d06a51d0155	02	\N	blue	\N	flex-row	\N	\N	6886a1475a3935fab3feb21f	\N
8	b710c38f-af35-4722-9c8f-279f18021757	version.layout	1dce68b9-5373-4e62-9cb5-4881903bf0bd	02	\N	blue	\N	flex-row	\N	\N	6886a1475a3935fab3feb21f	\N
8	b8a5a99b-2195-4066-a86c-95aa63c90330	version.layout	bb618a58-ae41-4021-a4af-2bd96e3c0972	02	\N	blue	\N	flex-row	\N	\N	6886a1475a3935fab3feb21f	\N
8	abeae401-02ea-4a9d-bd80-73851afc2ffd	version.layout	51ace41f-b511-4760-97c1-650cbbe3192f	02	\N	blue	\N	flex-row	\N	\N	6886a1475a3935fab3feb21f	\N
8	990afa8d-fbf0-4bab-9b6a-8cbfe7488ddc	version.layout	4c535c80-ef1d-4811-89e3-76565825a381	02	\N	blue	\N	flex-row	\N	\N	6886a1475a3935fab3feb21f	\N
8	70b04d51-b412-4e9d-95a4-7bf9fdd2a1c1	version.layout	3aa126a6-7754-406c-8bf4-cd1a0e088f32	02	\N	blue	\N	flex-row	\N	\N	6886a1475a3935fab3feb21f	\N
8	191829da-fed4-4378-835d-355bb725534e	version.layout	291db422-8598-4ff3-8228-3a0e9afe59cb	02	\N	blue	\N	flex-row	\N	\N	6886a1475a3935fab3feb21f	\N
8	9f09b6d6-5dd1-4b72-b23f-90cd5c745e61	version.layout	30cb70f8-806f-4637-8cdd-17f834a26a59	02	\N	blue	\N	flex-row	\N	\N	6886a1475a3935fab3feb21f	\N
8	01fe3f95-b2e0-4adc-8e06-a37200de75b3	version.layout	1bbd0421-9752-45e1-8233-00b978e74310	02	\N	blue	\N	flex-row	\N	\N	6886a1475a3935fab3feb21f	\N
8	3b7333a2-daa5-498c-88e2-379fe5c31d7b	version.layout	cccd9cef-dd9c-4f9e-b4aa-c44dc753e51f	02	\N	blue	\N	flex-row	\N	\N	6886a1475a3935fab3feb21f	\N
8	67aa8e57-e509-4c57-b165-2c5bfd47d94f	version.layout	7a228e71-da70-43b8-b61f-391870850013	02	\N	blue	\N	flex-row	\N	\N	6886a1475a3935fab3feb21f	\N
8	be9c7e75-dc9a-4619-8a8e-5ef58c098864	version.layout	52895ee2-5837-4111-bc57-2b4c100e725a	02	\N	blue	\N	flex-row	\N	\N	6886a1475a3935fab3feb21f	\N
8	475931ac-474c-47ac-a1ba-e14920a6ebb8	version.layout	da499771-362f-4eb4-83ae-6357adbf2144	02	\N	blue	\N	flex-row	\N	\N	6886a1475a3935fab3feb21f	\N
8	df9022a7-63b1-4017-b716-518f2d69d9c2	version.layout	572bee22-6e9c-41c5-b15b-87e07b5d2f53	02	\N	blue	\N	flex-row	\N	\N	6886a1475a3935fab3feb21f	\N
8	57af9290-93a8-46d6-8475-65260fba9301	version.layout	042cb45e-dbe3-4eac-bbfe-0d45ad473294	02	\N	blue	\N	flex-row	\N	\N	6886a1475a3935fab3feb21f	\N
8	99bd2e73-564f-485c-9ff6-4421e9090e2a	version.layout	6ba0e8e0-954a-4f34-9135-202c67d63aff	02	\N	blue	\N	flex-row	\N	\N	6886a1475a3935fab3feb21f	\N
8	063f8a38-1c45-4ae7-acd1-5a2a877fff5f	version.layout	4b8b7191-040b-447f-83eb-f4412333ca8e	02	\N	blue	\N	flex-row	\N	\N	6886a1475a3935fab3feb21f	\N
\.


--
-- Data for Name: _callToActionBlock_v_links; Type: TABLE DATA; Schema: public; Owner: -
--

COPY "public"."_callToActionBlock_v_links" ("_order", "_parent_id", "id", "link_type", "link_new_tab", "link_url", "link_color", "link_variant", "_uuid") FROM stdin;
1	fbb24a02-8420-4514-8bdb-c7b547b11431	41944d3f-a6c6-400e-8db5-b87ade65ddf9	custom	\N	/	neutral	primary	6886a17b5a3935fab3feb220
1	4677e55c-f059-46ca-8fac-1d06a51d0155	9dc2a3de-be48-4cb0-b08e-4300d43ee3a3	custom	\N	/	neutral	primary	6886a17b5a3935fab3feb220
1	1dce68b9-5373-4e62-9cb5-4881903bf0bd	e86bc58e-04dd-405a-8344-fbb585926650	custom	\N	/	neutral	primary	6886a17b5a3935fab3feb220
1	bb618a58-ae41-4021-a4af-2bd96e3c0972	c938259c-2a51-469b-812f-3a22ded82934	custom	\N	/	neutral	primary	6886a17b5a3935fab3feb220
1	51ace41f-b511-4760-97c1-650cbbe3192f	ab2b77b0-50d0-4c13-9b83-6a843fd630a2	custom	\N	/	neutral	primary	6886a17b5a3935fab3feb220
1	4c535c80-ef1d-4811-89e3-76565825a381	9c2c40d6-80e8-4c19-8ca1-d41fd234cf08	custom	\N	/	neutral	primary	6886a17b5a3935fab3feb220
1	3aa126a6-7754-406c-8bf4-cd1a0e088f32	5a3a7569-c2e7-40ca-8213-5416c3fa7c01	custom	\N	/	neutral	primary	6886a17b5a3935fab3feb220
1	291db422-8598-4ff3-8228-3a0e9afe59cb	5285c7e5-7f18-4f90-8d26-ca8e8d2a87b8	custom	\N	/	neutral	primary	6886a17b5a3935fab3feb220
1	30cb70f8-806f-4637-8cdd-17f834a26a59	9dc3853f-8347-4615-8d04-6e11bc0754b1	custom	\N	/	neutral	primary	6886a17b5a3935fab3feb220
1	1bbd0421-9752-45e1-8233-00b978e74310	382b92a6-c3a8-49f7-8fb5-f6b77efdfc0b	custom	\N	/	neutral	primary	6886a17b5a3935fab3feb220
1	cccd9cef-dd9c-4f9e-b4aa-c44dc753e51f	ffc7dc30-99ea-4a19-9058-4a909ca8f939	custom	\N	/	neutral	primary	6886a17b5a3935fab3feb220
1	7a228e71-da70-43b8-b61f-391870850013	d38177d0-08bc-4207-bbda-52f53d855b8b	custom	\N	/	neutral	primary	6886a17b5a3935fab3feb220
1	52895ee2-5837-4111-bc57-2b4c100e725a	8bf66e9b-9589-4313-89ec-258760163edb	custom	\N	/	neutral	primary	6886a17b5a3935fab3feb220
1	da499771-362f-4eb4-83ae-6357adbf2144	765695b0-566d-42b2-b7e4-eb2945303e5f	custom	\N	/	neutral	primary	6886a17b5a3935fab3feb220
1	572bee22-6e9c-41c5-b15b-87e07b5d2f53	4917ecee-ee26-42d4-8f05-66d37cd4eb07	custom	\N	/	neutral	primary	6886a17b5a3935fab3feb220
1	042cb45e-dbe3-4eac-bbfe-0d45ad473294	42c85024-a8ec-4879-a29a-cc703f0b1945	custom	\N	/	neutral	primary	6886a17b5a3935fab3feb220
1	6ba0e8e0-954a-4f34-9135-202c67d63aff	32ad0886-3510-436c-bedd-4e5096d63ebd	custom	\N	/	neutral	primary	6886a17b5a3935fab3feb220
1	4b8b7191-040b-447f-83eb-f4412333ca8e	9a92075e-7a47-4956-b21e-32323e8aa08b	custom	\N	/	neutral	primary	6886a17b5a3935fab3feb220
\.


--
-- Data for Name: _callToActionBlock_v_links_locales; Type: TABLE DATA; Schema: public; Owner: -
--

COPY "public"."_callToActionBlock_v_links_locales" ("link_label", "id", "_locale", "_parent_id") FROM stdin;
  	8	ar	41944d3f-a6c6-400e-8db5-b87ade65ddf9
  	9	ar	9dc2a3de-be48-4cb0-b08e-4300d43ee3a3
  	12	ar	e86bc58e-04dd-405a-8344-fbb585926650
  	13	ar	c938259c-2a51-469b-812f-3a22ded82934
  	14	ar	ab2b77b0-50d0-4c13-9b83-6a843fd630a2
  	16	ar	9c2c40d6-80e8-4c19-8ca1-d41fd234cf08
  	17	ar	5a3a7569-c2e7-40ca-8213-5416c3fa7c01
  	20	ar	5285c7e5-7f18-4f90-8d26-ca8e8d2a87b8
  	21	ar	9dc3853f-8347-4615-8d04-6e11bc0754b1
  	22	ar	382b92a6-c3a8-49f7-8fb5-f6b77efdfc0b
  	23	ar	ffc7dc30-99ea-4a19-9058-4a909ca8f939
  	24	ar	d38177d0-08bc-4207-bbda-52f53d855b8b
  	40	ar	8bf66e9b-9589-4313-89ec-258760163edb
  	41	ar	765695b0-566d-42b2-b7e4-eb2945303e5f
  	42	ar	4917ecee-ee26-42d4-8f05-66d37cd4eb07
  	43	ar	42c85024-a8ec-4879-a29a-cc703f0b1945
  	45	ar	32ad0886-3510-436c-bedd-4e5096d63ebd
  	46	ar	9a92075e-7a47-4956-b21e-32323e8aa08b
\.


--
-- Data for Name: _callToActionBlock_v_list; Type: TABLE DATA; Schema: public; Owner: -
--

COPY "public"."_callToActionBlock_v_list" ("_order", "_parent_id", "_locale", "id", "icon", "title", "subtitle", "_uuid") FROM stdin;
1	572bee22-6e9c-41c5-b15b-87e07b5d2f53	ar	155e9e96-6b27-4c16-9122-15be61d37743	\N	  	\N	6886a19a5a3935fab3feb221
2	572bee22-6e9c-41c5-b15b-87e07b5d2f53	ar	fddbcb89-53ed-49b6-948d-d5f19367f2a7	\N	   	\N	6886a1c05a3935fab3feb222
3	572bee22-6e9c-41c5-b15b-87e07b5d2f53	ar	6c42dd41-7bf7-4e3d-945e-35d8c9296688	\N	   	\N	6886a2575a3935fab3feb225
1	042cb45e-dbe3-4eac-bbfe-0d45ad473294	ar	d9179254-53e7-42b6-bc39-a4a02a1c2374	\N	  	\N	6886a19a5a3935fab3feb221
2	042cb45e-dbe3-4eac-bbfe-0d45ad473294	ar	a404f30b-2ec1-4fcc-ad83-4240dee54d03	\N	   	\N	6886a1c05a3935fab3feb222
3	042cb45e-dbe3-4eac-bbfe-0d45ad473294	ar	a258fb16-9bb5-42e2-9dbf-b1641b67353b	\N	   	\N	6886a2575a3935fab3feb225
1	fbb24a02-8420-4514-8bdb-c7b547b11431	ar	3626be3b-640b-4142-8c3d-4517328a2126	\N	  	\N	6886a19a5a3935fab3feb221
2	fbb24a02-8420-4514-8bdb-c7b547b11431	ar	fd0c9940-13b4-4980-bebc-3d2bc1d1f066	\N	   	\N	6886a1c05a3935fab3feb222
3	fbb24a02-8420-4514-8bdb-c7b547b11431	ar	fb286029-ba0d-4f34-86ff-b3d010261b92	\N	\N	\N	6886a1cf5a3935fab3feb223
1	4677e55c-f059-46ca-8fac-1d06a51d0155	ar	63d794b1-a9de-444d-b6d0-4791ac80e53b	\N	  	\N	6886a19a5a3935fab3feb221
2	4677e55c-f059-46ca-8fac-1d06a51d0155	ar	550e1306-68b8-457f-ae47-9ad97fb3eb23	\N	   	\N	6886a1c05a3935fab3feb222
3	4677e55c-f059-46ca-8fac-1d06a51d0155	ar	b3c5bc6b-ba39-454d-80a7-7e26f121adb8	\N	\N	\N	6886a1cf5a3935fab3feb223
1	6ba0e8e0-954a-4f34-9135-202c67d63aff	ar	a3da06ff-f359-4050-ba11-b83464e819ff	\N	  	\N	6886a19a5a3935fab3feb221
2	6ba0e8e0-954a-4f34-9135-202c67d63aff	ar	c6e865b5-9323-4b2f-ad7f-914579fee7ea	\N	   	\N	6886a1c05a3935fab3feb222
3	6ba0e8e0-954a-4f34-9135-202c67d63aff	ar	0e1c038a-f561-407a-8ab6-8fbfbce63322	\N	   	\N	6886a2575a3935fab3feb225
1	1dce68b9-5373-4e62-9cb5-4881903bf0bd	ar	adbed0da-5d1d-4032-be29-1b9ef5212978	\N	  	\N	6886a19a5a3935fab3feb221
2	1dce68b9-5373-4e62-9cb5-4881903bf0bd	ar	73e6e8fe-dea7-4f70-b03a-f9df7c75cb41	\N	   	\N	6886a1c05a3935fab3feb222
3	1dce68b9-5373-4e62-9cb5-4881903bf0bd	ar	8e10d428-cc6c-4406-9c92-d2799e5dadbb	\N	   	\N	6886a2575a3935fab3feb225
1	bb618a58-ae41-4021-a4af-2bd96e3c0972	ar	d054f663-5255-43cd-8b6a-401b2c141a1c	\N	  	\N	6886a19a5a3935fab3feb221
2	bb618a58-ae41-4021-a4af-2bd96e3c0972	ar	0be8adf4-7b67-420a-9d5e-ac31d01139d4	\N	   	\N	6886a1c05a3935fab3feb222
3	bb618a58-ae41-4021-a4af-2bd96e3c0972	ar	df24db89-413f-4fc3-90f8-866823d255af	\N	   	\N	6886a2575a3935fab3feb225
1	51ace41f-b511-4760-97c1-650cbbe3192f	ar	961a32a1-4645-4cea-9aaf-e2f19667fad8	\N	  	\N	6886a19a5a3935fab3feb221
2	51ace41f-b511-4760-97c1-650cbbe3192f	ar	f4f8909a-9ef2-4a1e-89a4-478c793f7623	\N	   	\N	6886a1c05a3935fab3feb222
3	51ace41f-b511-4760-97c1-650cbbe3192f	ar	d07be34b-4fd9-4470-af4d-10764751362e	\N	   	\N	6886a2575a3935fab3feb225
1	4b8b7191-040b-447f-83eb-f4412333ca8e	ar	35acf964-c6f7-4f6c-92be-a0164e317d40	\N	  	\N	6886a19a5a3935fab3feb221
2	4b8b7191-040b-447f-83eb-f4412333ca8e	ar	757499a7-43c7-4ebe-a053-78e7ad0f8345	\N	   	\N	6886a1c05a3935fab3feb222
3	4b8b7191-040b-447f-83eb-f4412333ca8e	ar	f0cd145a-a93e-4f4a-bbda-29b7a14df000	\N	   	\N	6886a2575a3935fab3feb225
1	4c535c80-ef1d-4811-89e3-76565825a381	ar	d1039982-0a48-4f1c-b929-ab34755463cc	\N	  	\N	6886a19a5a3935fab3feb221
2	4c535c80-ef1d-4811-89e3-76565825a381	ar	b5f69f9b-45ed-4747-b805-6a684abd6197	\N	   	\N	6886a1c05a3935fab3feb222
3	4c535c80-ef1d-4811-89e3-76565825a381	ar	08289c52-fadf-4ab1-a484-5dd822d7dbe7	\N	   	\N	6886a2575a3935fab3feb225
1	3aa126a6-7754-406c-8bf4-cd1a0e088f32	ar	1e88cd2f-66fe-44b8-9725-98dc80e9f0b4	\N	  	\N	6886a19a5a3935fab3feb221
2	3aa126a6-7754-406c-8bf4-cd1a0e088f32	ar	6a437712-a70c-4710-b820-4e0379c22e9f	\N	   	\N	6886a1c05a3935fab3feb222
3	3aa126a6-7754-406c-8bf4-cd1a0e088f32	ar	f7c9834a-5689-401c-b002-640e5abb7475	\N	   	\N	6886a2575a3935fab3feb225
1	291db422-8598-4ff3-8228-3a0e9afe59cb	ar	34e1dab1-bb72-4cfc-8537-893d34009f1e	\N	  	\N	6886a19a5a3935fab3feb221
2	291db422-8598-4ff3-8228-3a0e9afe59cb	ar	6c906d94-0a4f-4d66-8218-80bb3dc4b020	\N	   	\N	6886a1c05a3935fab3feb222
3	291db422-8598-4ff3-8228-3a0e9afe59cb	ar	4f5aae8e-f560-41c9-aa98-9bedecc6bd23	\N	   	\N	6886a2575a3935fab3feb225
1	30cb70f8-806f-4637-8cdd-17f834a26a59	ar	4f4bc4ef-6109-4dcd-b93c-5bf053c07a92	\N	  	\N	6886a19a5a3935fab3feb221
2	30cb70f8-806f-4637-8cdd-17f834a26a59	ar	8501610b-6f44-45fc-b19f-2b760eb59160	\N	   	\N	6886a1c05a3935fab3feb222
3	30cb70f8-806f-4637-8cdd-17f834a26a59	ar	70387173-1eb3-4913-934b-9f7e06c1a382	\N	   	\N	6886a2575a3935fab3feb225
1	1bbd0421-9752-45e1-8233-00b978e74310	ar	a193308e-7c62-4fff-89d9-52da23d49047	\N	  	\N	6886a19a5a3935fab3feb221
2	1bbd0421-9752-45e1-8233-00b978e74310	ar	aad6c635-a6ff-4d23-9e05-3231c1d14ccb	\N	   	\N	6886a1c05a3935fab3feb222
3	1bbd0421-9752-45e1-8233-00b978e74310	ar	287c8e05-adab-4b7c-a7f3-70afcda2241a	\N	   	\N	6886a2575a3935fab3feb225
1	cccd9cef-dd9c-4f9e-b4aa-c44dc753e51f	ar	0381b478-fd07-468f-ace4-a787b6b399a7	\N	  	\N	6886a19a5a3935fab3feb221
2	cccd9cef-dd9c-4f9e-b4aa-c44dc753e51f	ar	d405f55a-b9af-4426-8cc0-b0332003d5ed	\N	   	\N	6886a1c05a3935fab3feb222
3	cccd9cef-dd9c-4f9e-b4aa-c44dc753e51f	ar	47c16d85-60b0-406c-8626-ca4c0c9f2781	\N	   	\N	6886a2575a3935fab3feb225
1	7a228e71-da70-43b8-b61f-391870850013	ar	cd4537da-2b06-49e1-817f-8855e806a50a	\N	  	\N	6886a19a5a3935fab3feb221
2	7a228e71-da70-43b8-b61f-391870850013	ar	48ef8bc2-9770-4376-9a75-488deb37b49b	\N	   	\N	6886a1c05a3935fab3feb222
3	7a228e71-da70-43b8-b61f-391870850013	ar	a190460a-4a5b-49f4-99d2-55aac2a2771a	\N	   	\N	6886a2575a3935fab3feb225
1	52895ee2-5837-4111-bc57-2b4c100e725a	ar	ffb6b250-04dc-42a9-a2ac-3a58d2fa2ec5	\N	  	\N	6886a19a5a3935fab3feb221
2	52895ee2-5837-4111-bc57-2b4c100e725a	ar	f28b148a-a677-4e00-83d8-b6d7c01b6697	\N	   	\N	6886a1c05a3935fab3feb222
3	52895ee2-5837-4111-bc57-2b4c100e725a	ar	1c576847-55a3-434f-888e-7911ef57823d	\N	   	\N	6886a2575a3935fab3feb225
1	da499771-362f-4eb4-83ae-6357adbf2144	ar	9f523289-0c02-480e-b2cf-c9265c5af935	\N	  	\N	6886a19a5a3935fab3feb221
2	da499771-362f-4eb4-83ae-6357adbf2144	ar	722d4797-7751-460c-9af8-e1f9069bb07d	\N	   	\N	6886a1c05a3935fab3feb222
3	da499771-362f-4eb4-83ae-6357adbf2144	ar	0f5ae5e5-8b7f-42b5-bbb2-15c3c0c637ad	\N	   	\N	6886a2575a3935fab3feb225
\.


--
-- Data for Name: _callToActionBlock_v_locales; Type: TABLE DATA; Schema: public; Owner: -
--

COPY "public"."_callToActionBlock_v_locales" ("badge_label", "rich_text", "media_desktop_light_id", "media_desktop_dark_id", "media_mobile_light_id", "media_mobile_dark_id", "id", "_locale", "_parent_id") FROM stdin;
\N	{"root": {"type": "root", "format": "", "indent": 0, "version": 1, "children": [{"tag": "h3", "type": "heading", "format": "", "indent": 0, "version": 1, "children": [{"mode": "normal", "text": "  ", "type": "text", "style": "", "detail": 0, "format": 0, "version": 1}], "direction": "rtl"}, {"type": "paragraph", "format": "", "indent": 0, "version": 1, "children": [{"mode": "normal", "text": "            ...      .", "type": "text", "style": "", "detail": 0, "format": 0, "version": 1}], "direction": "rtl", "textStyle": "", "textFormat": 0}], "direction": "rtl"}}	\N	\N	\N	\N	14	ar	fbb24a02-8420-4514-8bdb-c7b547b11431
\N	{"root": {"type": "root", "format": "", "indent": 0, "version": 1, "children": [{"tag": "h3", "type": "heading", "format": "", "indent": 0, "version": 1, "children": [{"mode": "normal", "text": "  ", "type": "text", "style": "", "detail": 0, "format": 0, "version": 1}], "direction": "rtl"}, {"type": "paragraph", "format": "", "indent": 0, "version": 1, "children": [{"mode": "normal", "text": "            ...      .", "type": "text", "style": "", "detail": 0, "format": 0, "version": 1}], "direction": "rtl", "textStyle": "", "textFormat": 0}], "direction": "rtl"}}	\N	\N	\N	\N	15	ar	4677e55c-f059-46ca-8fac-1d06a51d0155
\N	{"root": {"type": "root", "format": "", "indent": 0, "version": 1, "children": [{"tag": "h3", "type": "heading", "format": "", "indent": 0, "version": 1, "children": [{"mode": "normal", "text": "  ", "type": "text", "style": "", "detail": 0, "format": 0, "version": 1}], "direction": "rtl"}, {"type": "paragraph", "format": "", "indent": 0, "version": 1, "children": [{"mode": "normal", "text": "            ...      .", "type": "text", "style": "", "detail": 0, "format": 0, "version": 1}], "direction": "rtl", "textStyle": "", "textFormat": 0}], "direction": "rtl"}}	\N	\N	\N	\N	18	ar	1dce68b9-5373-4e62-9cb5-4881903bf0bd
\N	{"root": {"type": "root", "format": "", "indent": 0, "version": 1, "children": [{"tag": "h3", "type": "heading", "format": "", "indent": 0, "version": 1, "children": [{"mode": "normal", "text": "  ", "type": "text", "style": "", "detail": 0, "format": 0, "version": 1}], "direction": "rtl"}, {"type": "paragraph", "format": "", "indent": 0, "version": 1, "children": [{"mode": "normal", "text": "            ...      .", "type": "text", "style": "", "detail": 0, "format": 0, "version": 1}], "direction": "rtl", "textStyle": "", "textFormat": 0}], "direction": "rtl"}}	\N	\N	\N	\N	19	ar	bb618a58-ae41-4021-a4af-2bd96e3c0972
\N	{"root": {"type": "root", "format": "", "indent": 0, "version": 1, "children": [{"tag": "h3", "type": "heading", "format": "", "indent": 0, "version": 1, "children": [{"mode": "normal", "text": "  ", "type": "text", "style": "", "detail": 0, "format": 0, "version": 1}], "direction": "rtl"}, {"type": "paragraph", "format": "", "indent": 0, "version": 1, "children": [{"mode": "normal", "text": "            ...      .", "type": "text", "style": "", "detail": 0, "format": 0, "version": 1}], "direction": "rtl", "textStyle": "", "textFormat": 0}], "direction": "rtl"}}	\N	\N	\N	\N	20	ar	51ace41f-b511-4760-97c1-650cbbe3192f
\N	{"root": {"type": "root", "format": "", "indent": 0, "version": 1, "children": [{"tag": "h3", "type": "heading", "format": "", "indent": 0, "version": 1, "children": [{"mode": "normal", "text": "  ", "type": "text", "style": "", "detail": 0, "format": 0, "version": 1}], "direction": "rtl"}, {"type": "paragraph", "format": "", "indent": 0, "version": 1, "children": [{"mode": "normal", "text": "            ...      .", "type": "text", "style": "", "detail": 0, "format": 0, "version": 1}], "direction": "rtl", "textStyle": "", "textFormat": 0}], "direction": "rtl"}}	\N	\N	\N	\N	22	ar	4c535c80-ef1d-4811-89e3-76565825a381
\N	{"root": {"type": "root", "format": "", "indent": 0, "version": 1, "children": [{"tag": "h3", "type": "heading", "format": "", "indent": 0, "version": 1, "children": [{"mode": "normal", "text": "  ", "type": "text", "style": "", "detail": 0, "format": 0, "version": 1}], "direction": "rtl"}, {"type": "paragraph", "format": "", "indent": 0, "version": 1, "children": [{"mode": "normal", "text": "            ...      .", "type": "text", "style": "", "detail": 0, "format": 0, "version": 1}], "direction": "rtl", "textStyle": "", "textFormat": 0}], "direction": "rtl"}}	\N	\N	\N	\N	23	ar	3aa126a6-7754-406c-8bf4-cd1a0e088f32
\N	{"root": {"type": "root", "format": "", "indent": 0, "version": 1, "children": [{"tag": "h3", "type": "heading", "format": "", "indent": 0, "version": 1, "children": [{"mode": "normal", "text": "  ", "type": "text", "style": "", "detail": 0, "format": 0, "version": 1}], "direction": "rtl"}, {"type": "paragraph", "format": "", "indent": 0, "version": 1, "children": [{"mode": "normal", "text": "            ...      .", "type": "text", "style": "", "detail": 0, "format": 0, "version": 1}], "direction": "rtl", "textStyle": "", "textFormat": 0}], "direction": "rtl"}}	\N	\N	\N	\N	26	ar	291db422-8598-4ff3-8228-3a0e9afe59cb
\N	{"root": {"type": "root", "format": "", "indent": 0, "version": 1, "children": [{"tag": "h3", "type": "heading", "format": "", "indent": 0, "version": 1, "children": [{"mode": "normal", "text": "  ", "type": "text", "style": "", "detail": 0, "format": 0, "version": 1}], "direction": "rtl"}, {"type": "paragraph", "format": "", "indent": 0, "version": 1, "children": [{"mode": "normal", "text": "            ...      .", "type": "text", "style": "", "detail": 0, "format": 0, "version": 1}], "direction": "rtl", "textStyle": "", "textFormat": 0}], "direction": "rtl"}}	\N	\N	\N	\N	27	ar	30cb70f8-806f-4637-8cdd-17f834a26a59
\N	{"root": {"type": "root", "format": "", "indent": 0, "version": 1, "children": [{"tag": "h3", "type": "heading", "format": "", "indent": 0, "version": 1, "children": [{"mode": "normal", "text": "  ", "type": "text", "style": "", "detail": 0, "format": 0, "version": 1}], "direction": "rtl"}, {"type": "paragraph", "format": "", "indent": 0, "version": 1, "children": [{"mode": "normal", "text": "            ...      .", "type": "text", "style": "", "detail": 0, "format": 0, "version": 1}], "direction": "rtl", "textStyle": "", "textFormat": 0}], "direction": "rtl"}}	\N	\N	\N	\N	28	ar	1bbd0421-9752-45e1-8233-00b978e74310
\N	{"root": {"type": "root", "format": "", "indent": 0, "version": 1, "children": [{"tag": "h3", "type": "heading", "format": "", "indent": 0, "version": 1, "children": [{"mode": "normal", "text": "  ", "type": "text", "style": "", "detail": 0, "format": 0, "version": 1}], "direction": "rtl"}, {"type": "paragraph", "format": "", "indent": 0, "version": 1, "children": [{"mode": "normal", "text": "            ...      .", "type": "text", "style": "", "detail": 0, "format": 0, "version": 1}], "direction": "rtl", "textStyle": "", "textFormat": 0}], "direction": "rtl"}}	\N	\N	\N	\N	29	ar	cccd9cef-dd9c-4f9e-b4aa-c44dc753e51f
\N	{"root": {"type": "root", "format": "", "indent": 0, "version": 1, "children": [{"tag": "h3", "type": "heading", "format": "", "indent": 0, "version": 1, "children": [{"mode": "normal", "text": "  ", "type": "text", "style": "", "detail": 0, "format": 0, "version": 1}], "direction": "rtl"}, {"type": "paragraph", "format": "", "indent": 0, "version": 1, "children": [{"mode": "normal", "text": "            ...      .", "type": "text", "style": "", "detail": 0, "format": 0, "version": 1}], "direction": "rtl", "textStyle": "", "textFormat": 0}], "direction": "rtl"}}	\N	\N	\N	\N	30	ar	7a228e71-da70-43b8-b61f-391870850013
\N	{"root": {"type": "root", "format": "", "indent": 0, "version": 1, "children": [{"tag": "h3", "type": "heading", "format": "", "indent": 0, "version": 1, "children": [{"mode": "normal", "text": "  ", "type": "text", "style": "", "detail": 0, "format": 0, "version": 1}], "direction": "rtl"}, {"type": "paragraph", "format": "", "indent": 0, "version": 1, "children": [{"mode": "normal", "text": "            ...      .", "type": "text", "style": "", "detail": 0, "format": 0, "version": 1}], "direction": "rtl", "textStyle": "", "textFormat": 0}], "direction": "rtl"}}	\N	\N	\N	\N	46	ar	52895ee2-5837-4111-bc57-2b4c100e725a
\N	{"root": {"type": "root", "format": "", "indent": 0, "version": 1, "children": [{"tag": "h3", "type": "heading", "format": "", "indent": 0, "version": 1, "children": [{"mode": "normal", "text": "  ", "type": "text", "style": "", "detail": 0, "format": 0, "version": 1}], "direction": "rtl"}, {"type": "paragraph", "format": "", "indent": 0, "version": 1, "children": [{"mode": "normal", "text": "            ...      .", "type": "text", "style": "", "detail": 0, "format": 0, "version": 1}], "direction": "rtl", "textStyle": "", "textFormat": 0}], "direction": "rtl"}}	\N	\N	\N	\N	47	ar	da499771-362f-4eb4-83ae-6357adbf2144
\N	{"root": {"type": "root", "format": "", "indent": 0, "version": 1, "children": [{"tag": "h3", "type": "heading", "format": "", "indent": 0, "version": 1, "children": [{"mode": "normal", "text": "  ", "type": "text", "style": "", "detail": 0, "format": 0, "version": 1}], "direction": "rtl"}, {"type": "paragraph", "format": "", "indent": 0, "version": 1, "children": [{"mode": "normal", "text": "            ...      .", "type": "text", "style": "", "detail": 0, "format": 0, "version": 1}], "direction": "rtl", "textStyle": "", "textFormat": 0}], "direction": "rtl"}}	\N	\N	\N	\N	48	ar	572bee22-6e9c-41c5-b15b-87e07b5d2f53
\N	{"root": {"type": "root", "format": "", "indent": 0, "version": 1, "children": [{"tag": "h3", "type": "heading", "format": "", "indent": 0, "version": 1, "children": [{"mode": "normal", "text": "  ", "type": "text", "style": "", "detail": 0, "format": 0, "version": 1}], "direction": "rtl"}, {"type": "paragraph", "format": "", "indent": 0, "version": 1, "children": [{"mode": "normal", "text": "            ...      .", "type": "text", "style": "", "detail": 0, "format": 0, "version": 1}], "direction": "rtl", "textStyle": "", "textFormat": 0}], "direction": "rtl"}}	\N	\N	\N	\N	49	ar	042cb45e-dbe3-4eac-bbfe-0d45ad473294
\N	{"root": {"type": "root", "format": "", "indent": 0, "version": 1, "children": [{"tag": "h3", "type": "heading", "format": "", "indent": 0, "version": 1, "children": [{"mode": "normal", "text": "  ", "type": "text", "style": "", "detail": 0, "format": 0, "version": 1}], "direction": "rtl"}, {"type": "paragraph", "format": "", "indent": 0, "version": 1, "children": [{"mode": "normal", "text": "            ...      .", "type": "text", "style": "", "detail": 0, "format": 0, "version": 1}], "direction": "rtl", "textStyle": "", "textFormat": 0}], "direction": "rtl"}}	\N	\N	\N	\N	51	ar	6ba0e8e0-954a-4f34-9135-202c67d63aff
\N	{"root": {"type": "root", "format": "", "indent": 0, "version": 1, "children": [{"tag": "h3", "type": "heading", "format": "", "indent": 0, "version": 1, "children": [{"mode": "normal", "text": "  ", "type": "text", "style": "", "detail": 0, "format": 0, "version": 1}], "direction": "rtl"}, {"type": "paragraph", "format": "", "indent": 0, "version": 1, "children": [{"mode": "normal", "text": "            ...      .", "type": "text", "style": "", "detail": 0, "format": 0, "version": 1}], "direction": "rtl", "textStyle": "", "textFormat": 0}], "direction": "rtl"}}	\N	\N	\N	\N	52	ar	4b8b7191-040b-447f-83eb-f4412333ca8e
\.


--
-- Data for Name: _customHtmlBlock_v; Type: TABLE DATA; Schema: public; Owner: -
--

COPY "public"."_customHtmlBlock_v" ("_order", "_parent_id", "_path", "id", "block_header_type", "block_header_badge_type", "block_header_badge_color", "block_header_badge_icon", "block_header_badge_icon_position", "html_content", "_uuid", "block_name") FROM stdin;
\.


--
-- Data for Name: _customHtmlBlock_v_block_header_links; Type: TABLE DATA; Schema: public; Owner: -
--

COPY "public"."_customHtmlBlock_v_block_header_links" ("_order", "_parent_id", "id", "link_type", "link_new_tab", "link_url", "link_color", "link_variant", "_uuid") FROM stdin;
\.


--
-- Data for Name: _customHtmlBlock_v_block_header_links_locales; Type: TABLE DATA; Schema: public; Owner: -
--

COPY "public"."_customHtmlBlock_v_block_header_links_locales" ("link_label", "id", "_locale", "_parent_id") FROM stdin;
\.


--
-- Data for Name: _customHtmlBlock_v_locales; Type: TABLE DATA; Schema: public; Owner: -
--

COPY "public"."_customHtmlBlock_v_locales" ("block_header_badge_label", "block_header_header_text", "id", "_locale", "_parent_id") FROM stdin;
\.


--
-- Data for Name: _customers_v; Type: TABLE DATA; Schema: public; Owner: -
--

COPY "public"."_customers_v" ("id", "parent_id", "version_title", "version_testimonial_featured_image_id", "version_testimonial_company_company_logo_id", "version_testimonial_company_link_type", "version_testimonial_company_link_new_tab", "version_testimonial_company_link_url", "version_testimonial_company_industry", "version_testimonial_company_founding_year", "version_testimonial_company_branches", "version_testimonial_author_info_avatar_id", "version_enable_case_study", "version_slug", "version_slug_lock", "version_published_at", "version_updated_at", "version_created_at", "version__status", "created_at", "updated_at", "snapshot", "published_locale", "latest", "autosave") FROM stdin;
b7942e6a-37f8-4151-a285-21b6602579e9	ad1d03ad-f60b-4f83-90c2-d456f1fbaf21		\N	\N	custom	\N	/	\N	\N	\N	\N	f		t	\N	2025-07-27 21:51:14.168+00	2025-07-27 21:49:09.536+00	published	2025-07-27 21:51:15.814+00	2025-07-27 21:51:15.814+00	\N	\N	t	f
74c32e8d-ea7e-446a-b36b-e59401a1a9aa	ad1d03ad-f60b-4f83-90c2-d456f1fbaf21	\N	\N	\N	reference	\N	\N	\N	\N	\N	\N	f	\N	t	\N	2025-07-27 21:49:09.588+00	2025-07-27 21:49:09.536+00	draft	2025-07-27 21:49:10.003+00	2025-07-27 21:49:10.003+00	\N	\N	f	f
4394d7b3-0c74-4cbd-9a0b-ca2116201372	ad1d03ad-f60b-4f83-90c2-d456f1fbaf21		\N	\N	custom	\N	/	\N	\N	\N	\N	f		t	\N	2025-07-27 21:51:09.23+00	2025-07-27 21:49:09.536+00	draft	2025-07-27 21:49:15.874+00	2025-07-27 21:51:09.347+00	\N	\N	f	t
8bd2ed5f-fed4-441b-9f99-bf77fa217498	b440e19a-7d00-487a-9927-d384dee97e22	2	\N	\N	custom	\N	/	\N	\N	\N	\N	f	2	t	\N	2025-07-28 02:00:54.147+00	2025-07-27 21:52:04.969+00	published	2025-07-28 02:00:55.793+00	2025-07-28 02:00:55.793+00	\N	\N	t	f
61c27753-465d-4164-a698-33c4070ae18b	b440e19a-7d00-487a-9927-d384dee97e22	\N	\N	\N	reference	\N	\N	\N	\N	\N	\N	f	\N	t	\N	2025-07-27 21:52:05.016+00	2025-07-27 21:52:04.969+00	draft	2025-07-27 21:52:05.326+00	2025-07-27 21:52:05.326+00	\N	\N	f	f
9982149f-01ea-4e8f-a237-9493a5d5cb45	b440e19a-7d00-487a-9927-d384dee97e22	2	\N	\N	custom	\N	/	\N	\N	\N	\N	f	2	t	\N	2025-07-27 21:54:35.523+00	2025-07-27 21:52:04.969+00	draft	2025-07-27 21:54:35.523+00	2025-07-27 21:54:35.523+00	\N	\N	f	f
d3feab86-1774-4e81-93a2-4daa78ad3569	b440e19a-7d00-487a-9927-d384dee97e22	2	\N	\N	custom	\N	/	\N	\N	\N	\N	f	2	t	\N	2025-07-27 21:54:32.783+00	2025-07-27 21:52:04.969+00	draft	2025-07-27 21:52:10.892+00	2025-07-27 21:54:32.929+00	\N	\N	f	t
\.


--
-- Data for Name: _customers_v_locales; Type: TABLE DATA; Schema: public; Owner: -
--

COPY "public"."_customers_v_locales" ("version_testimonial_quote", "version_testimonial_company_company_name", "version_testimonial_company_link_label", "version_testimonial_company_location", "version_testimonial_author_info_name", "version_testimonial_author_info_title", "version_case_study_case_studytitle", "version_case_study_summary", "version_case_study_content", "id", "_locale", "_parent_id") FROM stdin;
\N	\N	\N	\N	\N	\N	\N	\N	\N	1	en	74c32e8d-ea7e-446a-b36b-e59401a1a9aa
\N	\N	\N	\N	\N	\N	\N	\N	\N	2	ar	74c32e8d-ea7e-446a-b36b-e59401a1a9aa
\N	\N	\N	\N	\N	\N	\N	\N	\N	23	en	4394d7b3-0c74-4cbd-9a0b-ca2116201372
{"root": {"type": "root", "format": "", "indent": 0, "version": 1, "children": [{"type": "paragraph", "format": "", "indent": 0, "version": 1, "children": [{"mode": "normal", "text": "                                 !", "type": "text", "style": "", "detail": 0, "format": 0, "version": 1}], "direction": "rtl", "textStyle": "", "textFormat": 0}], "direction": "rtl"}}	 	/	\N	 	   	\N	\N	\N	24	ar	4394d7b3-0c74-4cbd-9a0b-ca2116201372
\N	\N	\N	\N	\N	\N	\N	\N	\N	25	en	b7942e6a-37f8-4151-a285-21b6602579e9
{"root": {"type": "root", "format": "", "indent": 0, "version": 1, "children": [{"type": "paragraph", "format": "", "indent": 0, "version": 1, "children": [{"mode": "normal", "text": "                                 !", "type": "text", "style": "", "detail": 0, "format": 0, "version": 1}], "direction": "rtl", "textStyle": "", "textFormat": 0}], "direction": "rtl"}}	 	/	\N	 	   	\N	\N	\N	26	ar	b7942e6a-37f8-4151-a285-21b6602579e9
\N	\N	\N	\N	\N	\N	\N	\N	\N	27	en	61c27753-465d-4164-a698-33c4070ae18b
\N	\N	\N	\N	\N	\N	\N	\N	\N	28	ar	61c27753-465d-4164-a698-33c4070ae18b
\N	\N	\N	\N	\N	\N	\N	\N	\N	51	en	d3feab86-1774-4e81-93a2-4daa78ad3569
{"root": {"type": "root", "format": "", "indent": 0, "version": 1, "children": [{"type": "paragraph", "format": "", "indent": 0, "version": 1, "children": [{"mode": "normal", "text": "                                 !", "type": "text", "style": "", "detail": 0, "format": 0, "version": 1}], "direction": "rtl", "textStyle": "", "textFormat": 0}], "direction": "rtl"}}		/	\N	 	 	\N	\N	\N	52	ar	d3feab86-1774-4e81-93a2-4daa78ad3569
\N	\N	\N	\N	\N	\N	\N	\N	\N	53	en	9982149f-01ea-4e8f-a237-9493a5d5cb45
{"root": {"type": "root", "format": "", "indent": 0, "version": 1, "children": [{"type": "paragraph", "format": "", "indent": 0, "version": 1, "children": [{"mode": "normal", "text": "                                 !", "type": "text", "style": "", "detail": 0, "format": 0, "version": 1}], "direction": "rtl", "textStyle": "", "textFormat": 0}], "direction": "rtl"}}		/	\N	 	 	\N	\N	\N	54	ar	9982149f-01ea-4e8f-a237-9493a5d5cb45
\N	\N	\N	\N	\N	\N	\N	\N	\N	55	en	8bd2ed5f-fed4-441b-9f99-bf77fa217498
{"root": {"type": "root", "format": "", "indent": 0, "version": 1, "children": [{"type": "paragraph", "format": "", "indent": 0, "version": 1, "children": [{"mode": "normal", "text": "                                 !", "type": "text", "style": "", "detail": 0, "format": 0, "version": 1}], "direction": "rtl", "textStyle": "", "textFormat": 0}], "direction": "rtl"}}		/	\N	 	 	\N	\N	\N	56	ar	8bd2ed5f-fed4-441b-9f99-bf77fa217498
\.


--
-- Data for Name: _customers_v_rels; Type: TABLE DATA; Schema: public; Owner: -
--

COPY "public"."_customers_v_rels" ("id", "order", "parent_id", "path", "pages_id", "blog_posts_id", "categories_id") FROM stdin;
\.


--
-- Data for Name: _customers_v_version_testimonial_stats; Type: TABLE DATA; Schema: public; Owner: -
--

COPY "public"."_customers_v_version_testimonial_stats" ("_order", "_parent_id", "id", "indicator", "_uuid") FROM stdin;
\.


--
-- Data for Name: _customers_v_version_testimonial_stats_locales; Type: TABLE DATA; Schema: public; Owner: -
--

COPY "public"."_customers_v_version_testimonial_stats_locales" ("label", "id", "_locale", "_parent_id", "value") FROM stdin;
\.


--
-- Data for Name: _dividerBlock_v; Type: TABLE DATA; Schema: public; Owner: -
--

COPY "public"."_dividerBlock_v" ("_order", "_parent_id", "_path", "id", "size", "enable_divider", "_uuid", "block_name") FROM stdin;
1	141da744-820e-4f89-95f2-db68ef29930a	version.layout	aeeaeb7f-b7ff-4d94-8e80-ffc3ec9d1c71	small	f	6886fecf30064f7b236356c3	\N
1	1e3d46fa-61b7-41fd-911c-46d1119016a1	version.layout	2975f481-f8d8-4440-a9db-c646b682d932	small	f	6886fecf30064f7b236356c3	\N
\.


--
-- Data for Name: _faqBlock_v; Type: TABLE DATA; Schema: public; Owner: -
--

COPY "public"."_faqBlock_v" ("_order", "_parent_id", "_path", "id", "block_header_type", "block_header_badge_type", "block_header_badge_color", "block_header_badge_icon", "block_header_badge_icon_position", "type", "_uuid", "block_name") FROM stdin;
9	be9c7e75-dc9a-4619-8a8e-5ef58c098864	version.layout	9257f6bb-290e-4625-9815-8598a1b15656	center	\N	blue	\N	flex-row	01	688f13dcdb5b5b92cc7fdde8	\N
9	475931ac-474c-47ac-a1ba-e14920a6ebb8	version.layout	975b2a97-f9fe-44fa-a510-ee0b76a835d3	center	\N	blue	\N	flex-row	01	688f13dcdb5b5b92cc7fdde8	\N
9	df9022a7-63b1-4017-b716-518f2d69d9c2	version.layout	2bb028f4-ec43-4cec-b0bd-57295b0e275a	center	\N	blue	\N	flex-row	02	688f13dcdb5b5b92cc7fdde8	\N
9	57af9290-93a8-46d6-8475-65260fba9301	version.layout	5f23cb9b-517c-4e0a-b409-3512476946a9	center	\N	blue	\N	flex-row	02	688f13dcdb5b5b92cc7fdde8	\N
9	99bd2e73-564f-485c-9ff6-4421e9090e2a	version.layout	76e63023-4447-4001-a174-a9010a5429fa	center	\N	blue	\N	flex-row	02	688f13dcdb5b5b92cc7fdde8	\N
9	063f8a38-1c45-4ae7-acd1-5a2a877fff5f	version.layout	548f1a87-d58d-4508-862a-cbe60a9d07e5	center	\N	blue	\N	flex-row	02	688f13dcdb5b5b92cc7fdde8	\N
\.


--
-- Data for Name: _faqBlock_v_block_header_links; Type: TABLE DATA; Schema: public; Owner: -
--

COPY "public"."_faqBlock_v_block_header_links" ("_order", "_parent_id", "id", "link_type", "link_new_tab", "link_url", "link_color", "link_variant", "_uuid") FROM stdin;
\.


--
-- Data for Name: _faqBlock_v_block_header_links_locales; Type: TABLE DATA; Schema: public; Owner: -
--

COPY "public"."_faqBlock_v_block_header_links_locales" ("link_label", "id", "_locale", "_parent_id") FROM stdin;
\.


--
-- Data for Name: _faqBlock_v_locales; Type: TABLE DATA; Schema: public; Owner: -
--

COPY "public"."_faqBlock_v_locales" ("block_header_badge_label", "block_header_header_text", "id", "_locale", "_parent_id") FROM stdin;
\N	{"root": {"type": "root", "format": "", "indent": 0, "version": 1, "children": [{"tag": "h2", "type": "heading", "format": "", "indent": 0, "version": 1, "children": [{"mode": "normal", "text": " ", "type": "text", "style": "", "detail": 0, "format": 0, "version": 1}], "direction": "rtl"}], "direction": "rtl"}}	12	ar	9257f6bb-290e-4625-9815-8598a1b15656
\N	{"root": {"type": "root", "format": "", "indent": 0, "version": 1, "children": [{"tag": "h2", "type": "heading", "format": "", "indent": 0, "version": 1, "children": [{"mode": "normal", "text": " ", "type": "text", "style": "", "detail": 0, "format": 0, "version": 1}], "direction": "rtl"}], "direction": "rtl"}}	13	ar	975b2a97-f9fe-44fa-a510-ee0b76a835d3
\N	{"root": {"type": "root", "format": "", "indent": 0, "version": 1, "children": [{"tag": "h2", "type": "heading", "format": "", "indent": 0, "version": 1, "children": [{"mode": "normal", "text": " ", "type": "text", "style": "", "detail": 0, "format": 0, "version": 1}], "direction": "rtl"}], "direction": "rtl"}}	14	ar	2bb028f4-ec43-4cec-b0bd-57295b0e275a
\N	{"root": {"type": "root", "format": "", "indent": 0, "version": 1, "children": [{"tag": "h2", "type": "heading", "format": "", "indent": 0, "version": 1, "children": [{"mode": "normal", "text": " ", "type": "text", "style": "", "detail": 0, "format": 0, "version": 1}], "direction": "rtl"}], "direction": "rtl"}}	15	ar	5f23cb9b-517c-4e0a-b409-3512476946a9
\N	{"root": {"type": "root", "format": "", "indent": 0, "version": 1, "children": [{"tag": "h2", "type": "heading", "format": "", "indent": 0, "version": 1, "children": [{"mode": "normal", "text": " ", "type": "text", "style": "", "detail": 0, "format": 0, "version": 1}], "direction": "rtl"}], "direction": "rtl"}}	17	ar	76e63023-4447-4001-a174-a9010a5429fa
\N	{"root": {"type": "root", "format": "", "indent": 0, "version": 1, "children": [{"tag": "h2", "type": "heading", "format": "", "indent": 0, "version": 1, "children": [{"mode": "normal", "text": " ", "type": "text", "style": "", "detail": 0, "format": 0, "version": 1}], "direction": "rtl"}], "direction": "rtl"}}	18	ar	548f1a87-d58d-4508-862a-cbe60a9d07e5
\.


--
-- Data for Name: _faq_v; Type: TABLE DATA; Schema: public; Owner: -
--

COPY "public"."_faq_v" ("id", "parent_id", "version_category_id", "version_updated_at", "version_created_at", "version__status", "created_at", "updated_at", "snapshot", "published_locale", "latest", "autosave") FROM stdin;
9eed6172-41d2-47c3-aef4-cd86a51c9243	487d16ef-4d7e-4603-885d-53d42734b0f1	\N	2025-08-03 07:40:53.706+00	2025-08-03 07:40:30.346+00	published	2025-08-03 07:40:54.112+00	2025-08-03 07:40:54.112+00	\N	\N	t	f
4b10054a-2bda-436c-8b39-292edde91ded	487d16ef-4d7e-4603-885d-53d42734b0f1	\N	2025-08-03 07:40:30.396+00	2025-08-03 07:40:30.346+00	draft	2025-08-03 07:40:30.604+00	2025-08-03 07:40:30.604+00	\N	\N	f	f
93c8a0ad-db61-4739-a743-6af30f6b7f24	487d16ef-4d7e-4603-885d-53d42734b0f1	\N	2025-08-03 07:40:45.82+00	2025-08-03 07:40:30.346+00	draft	2025-08-03 07:40:37.472+00	2025-08-03 07:40:45.916+00	\N	\N	f	t
7615ef28-12c5-4976-83e0-c5dcece28939	2d37f238-e71e-4291-8919-33e4c7a73544	\N	2025-08-03 07:41:33.283+00	2025-08-03 07:41:01.929+00	published	2025-08-03 07:41:33.663+00	2025-08-03 07:41:33.663+00	\N	\N	t	f
8eed7bbd-9401-4111-928a-24cf0219047d	2d37f238-e71e-4291-8919-33e4c7a73544	\N	2025-08-03 07:41:01.977+00	2025-08-03 07:41:01.929+00	draft	2025-08-03 07:41:02.17+00	2025-08-03 07:41:02.17+00	\N	\N	f	f
5e7cfe1a-ade1-450f-ae8c-e695eda5d975	2d37f238-e71e-4291-8919-33e4c7a73544	\N	2025-08-03 07:41:27.194+00	2025-08-03 07:41:01.929+00	draft	2025-08-03 07:41:14.559+00	2025-08-03 07:41:27.291+00	\N	\N	f	t
b78af6b2-085c-4610-87d6-157676c04c3d	4696359a-45b8-4fea-b14f-ca34e928e5d0	\N	2025-08-03 07:42:01.416+00	2025-08-03 07:41:46.698+00	published	2025-08-03 07:42:01.797+00	2025-08-03 07:42:01.797+00	\N	\N	t	f
587d9523-7983-4578-bd53-92f10b57c6cd	4696359a-45b8-4fea-b14f-ca34e928e5d0	\N	2025-08-03 07:41:46.747+00	2025-08-03 07:41:46.698+00	draft	2025-08-03 07:41:46.936+00	2025-08-03 07:41:46.936+00	\N	\N	f	f
630f16c0-3d7a-43d2-be0f-dbc6c07f74d3	4696359a-45b8-4fea-b14f-ca34e928e5d0	\N	2025-08-03 07:41:59.644+00	2025-08-03 07:41:46.698+00	draft	2025-08-03 07:41:51.438+00	2025-08-03 07:41:59.739+00	\N	\N	f	t
34c41008-7fa7-4b23-8d79-fb0a7fce0652	0786b804-85ea-4269-841e-5f4fe762ada3	\N	2025-08-03 07:42:45.255+00	2025-08-03 07:42:19.174+00	published	2025-08-03 07:42:45.64+00	2025-08-03 07:42:45.64+00	\N	\N	t	f
5102297a-d4d7-4945-9c49-b7f22a669b87	0786b804-85ea-4269-841e-5f4fe762ada3	\N	2025-08-03 07:42:19.221+00	2025-08-03 07:42:19.174+00	draft	2025-08-03 07:42:19.411+00	2025-08-03 07:42:19.412+00	\N	\N	f	f
5278b8e2-3f22-4f64-ab8b-9ca104a31180	0786b804-85ea-4269-841e-5f4fe762ada3	\N	2025-08-03 07:42:43.322+00	2025-08-03 07:42:19.174+00	draft	2025-08-03 07:42:26.983+00	2025-08-03 07:42:43.419+00	\N	\N	f	t
a5b93ee8-12d6-4d7d-8fc2-72e238828c6c	cf06eaf5-c215-44fc-82c2-a7696336ef41	\N	2025-08-03 07:43:27.046+00	2025-08-03 07:43:05.982+00	published	2025-08-03 07:43:27.428+00	2025-08-03 07:43:27.428+00	\N	\N	t	f
2134df03-2a26-46d7-b94e-c45392e66721	cf06eaf5-c215-44fc-82c2-a7696336ef41	\N	2025-08-03 07:43:06.029+00	2025-08-03 07:43:05.982+00	draft	2025-08-03 07:43:06.218+00	2025-08-03 07:43:06.218+00	\N	\N	f	f
1c8ef918-7bc4-49e6-b5c3-94eb1c2e56ce	cf06eaf5-c215-44fc-82c2-a7696336ef41	\N	2025-08-03 07:43:25.26+00	2025-08-03 07:43:05.982+00	draft	2025-08-03 07:43:10.994+00	2025-08-03 07:43:25.356+00	\N	\N	f	t
1b1371db-06c3-4d4f-a566-ddef708178b5	0ad17856-43c0-4ec9-bd88-c26f826dfb68	\N	2025-08-03 07:45:43.588+00	2025-08-03 07:43:42.883+00	published	2025-08-03 07:45:43.971+00	2025-08-03 07:45:43.971+00	\N	\N	t	f
32f69c07-e1e4-432e-aadc-8a901fcddc9d	0ad17856-43c0-4ec9-bd88-c26f826dfb68	\N	2025-08-03 07:45:41.181+00	2025-08-03 07:43:42.883+00	draft	2025-08-03 07:45:41.181+00	2025-08-03 07:45:41.277+00	\N	\N	f	t
e7bc351c-4c64-4cd5-abdd-08578f1b8671	0ad17856-43c0-4ec9-bd88-c26f826dfb68	\N	2025-08-03 07:45:36.155+00	2025-08-03 07:43:42.883+00	published	2025-08-03 07:45:36.537+00	2025-08-03 07:45:36.537+00	\N	\N	f	f
b1d941f9-a011-478d-aaed-b70de54ce0c5	0ad17856-43c0-4ec9-bd88-c26f826dfb68	\N	2025-08-03 07:43:42.93+00	2025-08-03 07:43:42.883+00	draft	2025-08-03 07:43:43.122+00	2025-08-03 07:43:43.123+00	\N	\N	f	f
9e583320-4bef-4241-b211-581c1c8630df	0ad17856-43c0-4ec9-bd88-c26f826dfb68	\N	2025-08-03 07:45:33.291+00	2025-08-03 07:43:42.883+00	draft	2025-08-03 07:43:47.964+00	2025-08-03 07:45:33.389+00	\N	\N	f	t
\.


--
-- Data for Name: _faq_v_locales; Type: TABLE DATA; Schema: public; Owner: -
--

COPY "public"."_faq_v_locales" ("version_question", "version_answer", "id", "_locale", "_parent_id") FROM stdin;
\N	\N	1	en	4b10054a-2bda-436c-8b39-292edde91ded
\N	\N	2	ar	4b10054a-2bda-436c-8b39-292edde91ded
\N	\N	5	en	93c8a0ad-db61-4739-a743-6af30f6b7f24
      	{"root": {"type": "root", "format": "", "indent": 0, "version": 1, "children": [{"type": "paragraph", "format": "", "indent": 0, "version": 1, "children": [{"mode": "normal", "text": "                    ", "type": "text", "style": "", "detail": 0, "format": 0, "version": 1}], "direction": "rtl", "textStyle": "", "textFormat": 0}], "direction": "rtl"}}	6	ar	93c8a0ad-db61-4739-a743-6af30f6b7f24
\N	\N	7	en	9eed6172-41d2-47c3-aef4-cd86a51c9243
      	{"root": {"type": "root", "format": "", "indent": 0, "version": 1, "children": [{"type": "paragraph", "format": "", "indent": 0, "version": 1, "children": [{"mode": "normal", "text": "                    ", "type": "text", "style": "", "detail": 0, "format": 0, "version": 1}], "direction": "rtl", "textStyle": "", "textFormat": 0}], "direction": "rtl"}}	8	ar	9eed6172-41d2-47c3-aef4-cd86a51c9243
\N	\N	9	en	8eed7bbd-9401-4111-928a-24cf0219047d
\N	\N	10	ar	8eed7bbd-9401-4111-928a-24cf0219047d
\N	\N	13	en	5e7cfe1a-ade1-450f-ae8c-e695eda5d975
      	{"root": {"type": "root", "format": "", "indent": 0, "version": 1, "children": [{"type": "paragraph", "format": "", "indent": 0, "version": 1, "children": [{"mode": "normal", "text": "                ", "type": "text", "style": "", "detail": 0, "format": 0, "version": 1}], "direction": "rtl", "textStyle": "", "textFormat": 0}], "direction": "rtl"}}	14	ar	5e7cfe1a-ade1-450f-ae8c-e695eda5d975
\N	\N	15	en	7615ef28-12c5-4976-83e0-c5dcece28939
      	{"root": {"type": "root", "format": "", "indent": 0, "version": 1, "children": [{"type": "paragraph", "format": "", "indent": 0, "version": 1, "children": [{"mode": "normal", "text": "                ", "type": "text", "style": "", "detail": 0, "format": 0, "version": 1}], "direction": "rtl", "textStyle": "", "textFormat": 0}], "direction": "rtl"}}	16	ar	7615ef28-12c5-4976-83e0-c5dcece28939
\N	\N	17	en	587d9523-7983-4578-bd53-92f10b57c6cd
\N	\N	18	ar	587d9523-7983-4578-bd53-92f10b57c6cd
\N	\N	21	en	630f16c0-3d7a-43d2-be0f-dbc6c07f74d3
     	{"root": {"type": "root", "format": "", "indent": 0, "version": 1, "children": [{"type": "paragraph", "format": "", "indent": 0, "version": 1, "children": [{"mode": "normal", "text": "                      ", "type": "text", "style": "", "detail": 0, "format": 0, "version": 1}], "direction": "rtl", "textStyle": "", "textFormat": 0}], "direction": "rtl"}}	22	ar	630f16c0-3d7a-43d2-be0f-dbc6c07f74d3
\N	\N	23	en	b78af6b2-085c-4610-87d6-157676c04c3d
     	{"root": {"type": "root", "format": "", "indent": 0, "version": 1, "children": [{"type": "paragraph", "format": "", "indent": 0, "version": 1, "children": [{"mode": "normal", "text": "                      ", "type": "text", "style": "", "detail": 0, "format": 0, "version": 1}], "direction": "rtl", "textStyle": "", "textFormat": 0}], "direction": "rtl"}}	24	ar	b78af6b2-085c-4610-87d6-157676c04c3d
\N	\N	25	en	5102297a-d4d7-4945-9c49-b7f22a669b87
\N	\N	26	ar	5102297a-d4d7-4945-9c49-b7f22a669b87
\N	\N	37	en	2134df03-2a26-46d7-b94e-c45392e66721
\N	\N	38	ar	2134df03-2a26-46d7-b94e-c45392e66721
\N	\N	33	en	5278b8e2-3f22-4f64-ab8b-9ca104a31180
      	{"root": {"type": "root", "format": "", "indent": 0, "version": 1, "children": [{"type": "paragraph", "format": "right", "indent": 0, "version": 1, "children": [{"mode": "normal", "text": "                         ", "type": "text", "style": "", "detail": 0, "format": 0, "version": 1}], "direction": "rtl", "textStyle": "", "textFormat": 0}], "direction": "rtl"}}	34	ar	5278b8e2-3f22-4f64-ab8b-9ca104a31180
\N	\N	35	en	34c41008-7fa7-4b23-8d79-fb0a7fce0652
      	{"root": {"type": "root", "format": "", "indent": 0, "version": 1, "children": [{"type": "paragraph", "format": "right", "indent": 0, "version": 1, "children": [{"mode": "normal", "text": "                         ", "type": "text", "style": "", "detail": 0, "format": 0, "version": 1}], "direction": "rtl", "textStyle": "", "textFormat": 0}], "direction": "rtl"}}	36	ar	34c41008-7fa7-4b23-8d79-fb0a7fce0652
\N	\N	53	en	b1d941f9-a011-478d-aaed-b70de54ce0c5
\N	\N	54	ar	b1d941f9-a011-478d-aaed-b70de54ce0c5
\N	\N	49	en	1c8ef918-7bc4-49e6-b5c3-94eb1c2e56ce
        	{"root": {"type": "root", "format": "", "indent": 0, "version": 1, "children": [{"type": "paragraph", "format": "right", "indent": 0, "version": 1, "children": [{"mode": "normal", "text": "                  ", "type": "text", "style": "", "detail": 0, "format": 0, "version": 1}], "direction": "rtl", "textStyle": "", "textFormat": 0}], "direction": "rtl"}}	50	ar	1c8ef918-7bc4-49e6-b5c3-94eb1c2e56ce
\N	\N	51	en	a5b93ee8-12d6-4d7d-8fc2-72e238828c6c
        	{"root": {"type": "root", "format": "", "indent": 0, "version": 1, "children": [{"type": "paragraph", "format": "right", "indent": 0, "version": 1, "children": [{"mode": "normal", "text": "                  ", "type": "text", "style": "", "detail": 0, "format": 0, "version": 1}], "direction": "rtl", "textStyle": "", "textFormat": 0}], "direction": "rtl"}}	52	ar	a5b93ee8-12d6-4d7d-8fc2-72e238828c6c
\N	\N	87	en	9e583320-4bef-4241-b211-581c1c8630df
    	{"root": {"type": "root", "format": "", "indent": 0, "version": 1, "children": [{"type": "paragraph", "format": "right", "indent": 0, "version": 1, "children": [{"mode": "normal", "text": "               .", "type": "text", "style": "", "detail": 0, "format": 0, "version": 1}], "direction": "rtl", "textStyle": "", "textFormat": 0}], "direction": "rtl"}}	88	ar	9e583320-4bef-4241-b211-581c1c8630df
\N	\N	89	en	e7bc351c-4c64-4cd5-abdd-08578f1b8671
    	{"root": {"type": "root", "format": "", "indent": 0, "version": 1, "children": [{"type": "paragraph", "format": "right", "indent": 0, "version": 1, "children": [{"mode": "normal", "text": "               .", "type": "text", "style": "", "detail": 0, "format": 0, "version": 1}], "direction": "rtl", "textStyle": "", "textFormat": 0}], "direction": "rtl"}}	90	ar	e7bc351c-4c64-4cd5-abdd-08578f1b8671
\N	\N	91	en	32f69c07-e1e4-432e-aadc-8a901fcddc9d
    	{"root": {"type": "root", "format": "", "indent": 0, "version": 1, "children": [{"type": "paragraph", "format": "right", "indent": 0, "version": 1, "children": [{"mode": "normal", "text": "               ", "type": "text", "style": "", "detail": 0, "format": 0, "version": 1}], "direction": "rtl", "textStyle": "", "textFormat": 0}], "direction": "rtl"}}	92	ar	32f69c07-e1e4-432e-aadc-8a901fcddc9d
\N	\N	93	en	1b1371db-06c3-4d4f-a566-ddef708178b5
    	{"root": {"type": "root", "format": "", "indent": 0, "version": 1, "children": [{"type": "paragraph", "format": "right", "indent": 0, "version": 1, "children": [{"mode": "normal", "text": "               ", "type": "text", "style": "", "detail": 0, "format": 0, "version": 1}], "direction": "rtl", "textStyle": "", "textFormat": 0}], "direction": "rtl"}}	94	ar	1b1371db-06c3-4d4f-a566-ddef708178b5
\.


--
-- Data for Name: _featuresBlock_v; Type: TABLE DATA; Schema: public; Owner: -
--

COPY "public"."_featuresBlock_v" ("_order", "_parent_id", "_path", "id", "block_header_type", "block_header_badge_type", "block_header_badge_color", "block_header_badge_icon", "block_header_badge_icon_position", "type", "link_type", "link_new_tab", "link_url", "_uuid", "block_name", "stat_indicator") FROM stdin;
3	1f91be73-fce5-4495-9619-5b10ba8b92c9	version.layout	e6769cfa-6f93-4afa-9e68-885c9841d287	center	\N	\N	\N	flex-row	01	reference	\N	\N	688695d673e9e43a4a6e3c0a	\N	noChange
4	1f91be73-fce5-4495-9619-5b10ba8b92c9	version.layout	e1b521fb-62dc-4120-917d-323b81834337	center	label	outline	\N	flex-row	06	reference	\N	\N	68869a4d5a3935fab3feb217	\N	noChange
5	1f91be73-fce5-4495-9619-5b10ba8b92c9	version.layout	8b134f9f-34b0-45c7-8d7b-976bfb31d015	center	\N	blue	\N	flex-row	04	reference	\N	\N	68869d495a3935fab3feb219	\N	noChange
3	e534ac8f-d8b4-4fc4-b77d-febb04366632	version.layout	1f9288ca-eb52-4e04-8e7a-d438f1edbcec	center	\N	\N	\N	flex-row	01	reference	\N	\N	688695d673e9e43a4a6e3c0a	\N	noChange
4	e534ac8f-d8b4-4fc4-b77d-febb04366632	version.layout	483acf8c-ca2e-474c-b2d2-781366636f31	center	label	outline	\N	flex-row	06	reference	\N	\N	68869a4d5a3935fab3feb217	\N	noChange
5	e534ac8f-d8b4-4fc4-b77d-febb04366632	version.layout	fed991c5-d671-4e5a-af30-8459b82fcee9	center	\N	blue	\N	flex-row	04	reference	\N	\N	68869d495a3935fab3feb219	\N	noChange
3	4389a3c7-2b44-4dda-b26c-b3db9aa06ea8	version.layout	2419edc0-cfc5-4cff-8a15-7b261ac9b072	center	\N	blue	\N	flex-row	01	reference	\N	\N	688695d673e9e43a4a6e3c0a	\N	noChange
4	4389a3c7-2b44-4dda-b26c-b3db9aa06ea8	version.layout	41627b7c-924b-4f28-bf3e-3b291c34db18	center	label	outline	\N	flex-row	06	reference	\N	\N	68869a4d5a3935fab3feb217	\N	noChange
3	ec2f0054-a44a-4dfe-b38c-2280a621a0df	version.layout	9c9a756c-0a4f-4646-a0b9-e2a443c38270	center	\N	blue	\N	flex-row	01	reference	\N	\N	688695d673e9e43a4a6e3c0a	\N	noChange
4	ec2f0054-a44a-4dfe-b38c-2280a621a0df	version.layout	07cf7a3d-a759-43df-9071-28fb9ee65d4d	center	label	outline	\N	flex-row	06	reference	\N	\N	68869a4d5a3935fab3feb217	\N	noChange
3	96a690f0-6b75-40a2-bc6b-94e17419a077	version.layout	1f6615c1-e248-4326-8a2e-f8516fb9867a	center	\N	blue	\N	flex-row	01	reference	\N	\N	688695d673e9e43a4a6e3c0a	\N	noChange
4	96a690f0-6b75-40a2-bc6b-94e17419a077	version.layout	a385da1c-0fd3-410b-a522-c02fc6351b01	center	label	outline	\N	flex-row	06	reference	\N	\N	68869a4d5a3935fab3feb217	\N	noChange
4	41c60df7-54ab-4683-8983-1204117e7975	version.layout	56f8f63a-0e2e-402b-b772-c89f7c7a9756	center	\N	\N	\N	flex-row	01	reference	\N	\N	688695d673e9e43a4a6e3c0a	\N	noChange
5	41c60df7-54ab-4683-8983-1204117e7975	version.layout	1132ed46-917d-4372-b727-9edce818d049	center	label	outline	\N	flex-row	06	reference	\N	\N	68869a4d5a3935fab3feb217	\N	noChange
6	41c60df7-54ab-4683-8983-1204117e7975	version.layout	a173d6f1-ba4a-49e9-bd25-47ebab316458	center	\N	blue	\N	flex-row	04	reference	\N	\N	68869d495a3935fab3feb219	\N	noChange
4	deefcd27-f08b-46fa-8843-0703ff59e6cc	version.layout	b290ce6b-78fb-463b-9742-08a65cec043d	center	\N	\N	\N	flex-row	01	reference	\N	\N	688695d673e9e43a4a6e3c0a	\N	noChange
5	deefcd27-f08b-46fa-8843-0703ff59e6cc	version.layout	b63b9079-37b6-4dda-89bc-1259fb37d7b6	center	label	outline	\N	flex-row	06	reference	\N	\N	68869a4d5a3935fab3feb217	\N	noChange
6	deefcd27-f08b-46fa-8843-0703ff59e6cc	version.layout	7fae5c52-ffa9-4dac-b947-eec589801593	center	\N	blue	\N	flex-row	04	reference	\N	\N	68869d495a3935fab3feb219	\N	noChange
4	b710c38f-af35-4722-9c8f-279f18021757	version.layout	6807eca7-f229-4541-a21c-43d619901752	center	\N	\N	\N	flex-row	01	reference	\N	\N	688695d673e9e43a4a6e3c0a	\N	noChange
5	b710c38f-af35-4722-9c8f-279f18021757	version.layout	7affa1a1-2825-4819-8153-88ed9fc3ac9d	center	label	outline	\N	flex-row	06	reference	\N	\N	68869a4d5a3935fab3feb217	\N	noChange
6	b710c38f-af35-4722-9c8f-279f18021757	version.layout	d4057bb9-1cee-4823-b698-6740fa409c1c	center	\N	blue	\N	flex-row	04	reference	\N	\N	68869d495a3935fab3feb219	\N	noChange
3	df25eab2-1f33-408c-930f-d845fabe2a9a	version.layout	a9f1a598-da7b-4f8d-9d7b-0399af89ba80	center	\N	blue	\N	flex-row	01	reference	\N	\N	688695d673e9e43a4a6e3c0a	\N	noChange
3	1aa29553-e446-407b-b3c0-5c37067f4c85	version.layout	2a08ee31-aebf-4a35-8b1c-9579ef7cf2bd	center	\N	blue	\N	flex-row	01	reference	\N	\N	688695d673e9e43a4a6e3c0a	\N	noChange
3	b8643aac-9e6d-40cb-960a-50219579096e	version.layout	8868477e-1609-417c-9fae-90ee3ae13fd9	center	label	blue	\N	flex-row	01	reference	\N	\N	688695d673e9e43a4a6e3c0a	\N	noChange
4	b8643aac-9e6d-40cb-960a-50219579096e	version.layout	3050c2c8-3df9-45cb-ac09-f74a3daeffeb	center	label	outline	\N	flex-row	06	reference	\N	\N	68869a4d5a3935fab3feb217	\N	noChange
3	bf780b52-7054-4988-a733-0d397f0f0b3a	version.layout	1a0d44e7-09b4-428c-b9e3-b9fdf2affbb0	center	label	outline	\N	flex-row	01	reference	\N	\N	688695d673e9e43a4a6e3c0a	\N	noChange
4	bf780b52-7054-4988-a733-0d397f0f0b3a	version.layout	b990d3b5-b34f-4a45-8ac8-fe54c835f362	center	label	outline	\N	flex-row	06	reference	\N	\N	68869a4d5a3935fab3feb217	\N	noChange
1	76c86155-458d-4f2c-826b-7eef3e448239	version.layout	640f6e04-ac04-45f9-8bc9-39504a83716b	center	label	gray	\N	flex-row	07	reference	\N	\N	68869c85f3705a4904040d2e	\N	noChange
5	76c86155-458d-4f2c-826b-7eef3e448239	version.layout	8f7537e9-a20f-48a5-91a7-b4e9c19295eb	center	\N	blue	\N	flex-row	03	reference	\N	\N	6886ac02df64ca6dd9ecfe6a	\N	noChange
1	f99ec098-a847-4647-872b-781d5d8abf92	version.layout	98cfde13-d4f4-4d8a-b5ba-ea54fcbe5fa0	center	label	gray	\N	flex-row	07	reference	\N	\N	68869c85f3705a4904040d2e	\N	noChange
5	f99ec098-a847-4647-872b-781d5d8abf92	version.layout	4b618c50-c0da-4013-998a-a3ecdd641540	center	\N	blue	\N	flex-row	03	reference	\N	\N	6886ac02df64ca6dd9ecfe6a	\N	noChange
1	0326068d-5498-4884-9909-417a1e302c9b	version.layout	80520466-722d-4334-bfe6-164c9d5f31c5	center	label	gray	\N	flex-row	07	reference	\N	\N	68869c85f3705a4904040d2e	\N	noChange
5	0326068d-5498-4884-9909-417a1e302c9b	version.layout	e8b1dad0-69e7-4b66-a4a8-8ad4f91c2f7e	center	\N	blue	\N	flex-row	03	reference	\N	\N	6886ac02df64ca6dd9ecfe6a	\N	noChange
1	f223e689-6799-47bf-8a55-75f2d2a07e4b	version.layout	f48b1bec-a639-4ec2-b89d-31921ab56ca0	center	label	gray	\N	flex-row	07	reference	\N	\N	68869c85f3705a4904040d2e	\N	noChange
5	f223e689-6799-47bf-8a55-75f2d2a07e4b	version.layout	4a368400-b482-49c5-93c0-a896896439ea	center	\N	blue	\N	flex-row	03	reference	\N	\N	6886ac02df64ca6dd9ecfe6a	\N	noChange
3	5d7acef8-c5c7-41df-b43a-b0a7019f4c57	version.layout	3c356f56-872c-419a-80ba-c81a331f411e	center	\N	\N	\N	flex-row	01	reference	\N	\N	688695d673e9e43a4a6e3c0a	\N	noChange
4	5d7acef8-c5c7-41df-b43a-b0a7019f4c57	version.layout	b22e3667-5c16-4675-bc1b-ed570dff6019	center	label	outline	\N	flex-row	06	reference	\N	\N	68869a4d5a3935fab3feb217	\N	noChange
4	b8a5a99b-2195-4066-a86c-95aa63c90330	version.layout	0db84ba0-abe7-4ad4-b597-8d5ad6c066dd	center	\N	\N	\N	flex-row	01	reference	\N	\N	688695d673e9e43a4a6e3c0a	\N	noChange
5	b8a5a99b-2195-4066-a86c-95aa63c90330	version.layout	e3bb131b-639c-444e-97b6-61232eeee728	center	label	outline	\N	flex-row	06	reference	\N	\N	68869a4d5a3935fab3feb217	\N	noChange
6	b8a5a99b-2195-4066-a86c-95aa63c90330	version.layout	64188f3d-548b-4db0-9d0e-97524b3519bf	center	\N	blue	\N	flex-row	04	reference	\N	\N	68869d495a3935fab3feb219	\N	noChange
1	c93e6899-deb6-44f3-a367-f01466a9d3d8	version.layout	5d443aa9-8642-4625-a56e-8b7042a29be0	center	label	gray	\N	flex-row	07	reference	\N	\N	68869c85f3705a4904040d2e	\N	noChange
5	c93e6899-deb6-44f3-a367-f01466a9d3d8	version.layout	d2099fb7-87fe-4fb9-8e90-385847bfb165	center	\N	blue	\N	flex-row	03	reference	\N	\N	6886ac02df64ca6dd9ecfe6a	\N	noChange
1	0184009f-30c7-4a91-970a-e632fdc5dd41	version.layout	5b958b84-461d-4948-a432-cd6c6ec6b257	center	label	gray	\N	flex-row	07	reference	\N	\N	68869c85f3705a4904040d2e	\N	noChange
5	0184009f-30c7-4a91-970a-e632fdc5dd41	version.layout	45fe1b85-c286-470c-ab84-ebc20576ef3f	center	\N	blue	\N	flex-row	03	reference	\N	\N	6886ac02df64ca6dd9ecfe6a	\N	noChange
4	abeae401-02ea-4a9d-bd80-73851afc2ffd	version.layout	b243bd60-fe01-4917-bbe2-1db02017b569	center	\N	\N	\N	flex-row	01	reference	\N	\N	688695d673e9e43a4a6e3c0a	\N	noChange
5	abeae401-02ea-4a9d-bd80-73851afc2ffd	version.layout	b018717b-3210-4465-8ed9-239cfe5c4427	center	label	outline	\N	flex-row	06	reference	\N	\N	68869a4d5a3935fab3feb217	\N	noChange
6	abeae401-02ea-4a9d-bd80-73851afc2ffd	version.layout	1c78dcce-1bb9-492e-b0b2-e0de2a74c06c	center	\N	blue	\N	flex-row	04	reference	\N	\N	68869d495a3935fab3feb219	\N	noChange
4	990afa8d-fbf0-4bab-9b6a-8cbfe7488ddc	version.layout	d2154ee5-ff37-4393-97c5-08cb2e6dcc92	center	\N	\N	\N	flex-row	01	reference	\N	\N	688695d673e9e43a4a6e3c0a	\N	noChange
5	990afa8d-fbf0-4bab-9b6a-8cbfe7488ddc	version.layout	84cdbcd7-7602-42d3-b7eb-11092b2a2be9	center	label	outline	\N	flex-row	06	reference	\N	\N	68869a4d5a3935fab3feb217	\N	noChange
6	990afa8d-fbf0-4bab-9b6a-8cbfe7488ddc	version.layout	3912fe30-df53-4088-ba30-5514e2517e95	center	\N	blue	\N	flex-row	04	reference	\N	\N	68869d495a3935fab3feb219	\N	noChange
4	70b04d51-b412-4e9d-95a4-7bf9fdd2a1c1	version.layout	b370a6c4-d10a-4704-87f8-9494fb2eaab3	center	\N	\N	\N	flex-row	01	reference	\N	\N	688695d673e9e43a4a6e3c0a	\N	noChange
5	70b04d51-b412-4e9d-95a4-7bf9fdd2a1c1	version.layout	358dd4b3-112f-434b-b1e7-5739369efa96	center	label	outline	\N	flex-row	06	reference	\N	\N	68869a4d5a3935fab3feb217	\N	noChange
6	70b04d51-b412-4e9d-95a4-7bf9fdd2a1c1	version.layout	31100521-532e-449d-a1bd-8e3c9ceaa4ea	center	\N	blue	\N	flex-row	04	reference	\N	\N	68869d495a3935fab3feb219	\N	noChange
1	eb75a85f-8a75-4ada-b510-fbd186ded5fd	version.layout	e3df4ffe-da24-4a1e-9fa7-e640fc88624d	center	label	gray	\N	flex-row	07	reference	\N	\N	68869c85f3705a4904040d2e	\N	noChange
4	eb75a85f-8a75-4ada-b510-fbd186ded5fd	version.layout	03832c06-839b-4344-aa53-82caf6312357	center	\N	blue	\N	flex-row	01	reference	\N	\N	6886aad2df64ca6dd9ecfe5e	\N	noChange
1	b131c47a-ae81-4501-9cfc-d34c5970d09e	version.layout	86aecbc5-4f72-4fb8-ba01-713efb5032ac	center	label	gray	\N	flex-row	07	reference	\N	\N	68869c85f3705a4904040d2e	\N	noChange
4	b131c47a-ae81-4501-9cfc-d34c5970d09e	version.layout	8d26fe3b-ed76-4e17-8e63-8520e94dda1e	center	\N	blue	\N	flex-row	01	reference	\N	\N	6886aad2df64ca6dd9ecfe5e	\N	noChange
1	9907622f-51f6-4107-b865-5f8fa357f96c	version.layout	66e2f915-91dc-40e6-82e6-25711d2f1d9e	center	label	gray	\N	flex-row	07	reference	\N	\N	68869c85f3705a4904040d2e	\N	noChange
5	9907622f-51f6-4107-b865-5f8fa357f96c	version.layout	1d7f1371-babb-4760-ba9a-405cf0df7aeb	center	\N	blue	\N	flex-row	03	reference	\N	\N	6886ac02df64ca6dd9ecfe6a	\N	noChange
1	274a0b43-8c00-4a28-aa9e-f2d70144f72e	version.layout	4af3d7ce-b936-479f-906f-b712e2f92790	center	label	gray	\N	flex-row	07	reference	\N	\N	68869c85f3705a4904040d2e	\N	noChange
5	274a0b43-8c00-4a28-aa9e-f2d70144f72e	version.layout	ac9b0188-e70a-4fab-b59c-fd5d9f8a1647	center	\N	blue	\N	flex-row	03	reference	\N	\N	6886ac02df64ca6dd9ecfe6a	\N	noChange
1	dbf959bb-8af9-427b-9320-f4aeb0536d2c	version.layout	11cd5692-21e6-451c-b6f9-07ea009c35c7	center	label	gray	\N	flex-row	07	reference	\N	\N	68869c85f3705a4904040d2e	\N	noChange
5	dbf959bb-8af9-427b-9320-f4aeb0536d2c	version.layout	cfd99805-d172-47f9-aab2-17f55bdac45d	center	\N	blue	\N	flex-row	03	reference	\N	\N	6886ac02df64ca6dd9ecfe6a	\N	noChange
1	5daad5c5-875d-4b1a-a149-104e6386d7e1	version.layout	290359b0-8fe6-4fef-9d52-20439e3fc3f8	center	label	gray	\N	flex-row	07	reference	\N	\N	68869c85f3705a4904040d2e	\N	noChange
5	5daad5c5-875d-4b1a-a149-104e6386d7e1	version.layout	dbb8349c-085c-4246-bb88-b07f4ec0b429	center	\N	blue	\N	flex-row	03	reference	\N	\N	6886ac02df64ca6dd9ecfe6a	\N	noChange
1	c21624fa-2468-4a75-81c3-2e915c43ea04	version.layout	3ce2e760-c122-4c89-b924-e6390c841f13	center	label	gray	\N	flex-row	07	reference	\N	\N	68869c85f3705a4904040d2e	\N	noChange
5	c21624fa-2468-4a75-81c3-2e915c43ea04	version.layout	d2bd91c8-1618-4cbc-b41d-7078b373a172	center	\N	blue	\N	flex-row	03	reference	\N	\N	6886ac02df64ca6dd9ecfe6a	\N	noChange
1	66191476-6739-46e9-832b-99f58a05dcee	version.layout	6c8fa350-2aa1-4b5e-a444-ab4dfdafed44	center	label	gray	\N	flex-row	07	reference	\N	\N	68869c85f3705a4904040d2e	\N	noChange
5	66191476-6739-46e9-832b-99f58a05dcee	version.layout	220634a4-4c37-4be1-936a-4eaa7b73a9e5	center	\N	blue	\N	flex-row	03	reference	\N	\N	6886ac02df64ca6dd9ecfe6a	\N	noChange
1	a97e39c7-1ff9-4ab6-8ff7-a5a7fe85b1ca	version.layout	6a8aaae4-38cc-4f12-a674-3586dab59a7e	center	label	gray	\N	flex-row	07	reference	\N	\N	68869c85f3705a4904040d2e	\N	noChange
5	a97e39c7-1ff9-4ab6-8ff7-a5a7fe85b1ca	version.layout	fc7ef4d6-3e67-4628-9232-13a63b624fd1	center	\N	blue	\N	flex-row	03	reference	\N	\N	6886ac02df64ca6dd9ecfe6a	\N	noChange
1	c20c2c0b-4fa6-45f3-acb3-34e06f115342	version.layout	07c0953b-24e3-4f2c-8031-1bca03785ef1	center	label	gray	\N	flex-row	07	reference	\N	\N	68869c85f3705a4904040d2e	\N	noChange
5	c20c2c0b-4fa6-45f3-acb3-34e06f115342	version.layout	89e22f08-46eb-4b06-b989-ea464615bee9	center	\N	blue	\N	flex-row	03	reference	\N	\N	6886ac02df64ca6dd9ecfe6a	\N	noChange
1	90cf9707-369c-4799-8aa5-8c6eeab55ba2	version.layout	0deb7cba-7f82-4415-8c79-2f48b9832c3f	center	label	gray	\N	flex-row	07	reference	\N	\N	68869c85f3705a4904040d2e	\N	noChange
5	90cf9707-369c-4799-8aa5-8c6eeab55ba2	version.layout	96784687-51f5-4ef8-a2f8-c9d1ee9c0759	center	\N	blue	\N	flex-row	03	reference	\N	\N	6886ac02df64ca6dd9ecfe6a	\N	noChange
1	57ff426a-9250-4471-94f7-2ce9173606fa	version.layout	15ed21ae-53fe-4b28-8664-7972ce6cfab1	center	label	gray	\N	flex-row	07	reference	\N	\N	68869c85f3705a4904040d2e	\N	noChange
5	57ff426a-9250-4471-94f7-2ce9173606fa	version.layout	3e4c6643-08f4-4782-b8c1-63df9d9c3151	center	\N	blue	\N	flex-row	03	reference	\N	\N	6886ac02df64ca6dd9ecfe6a	\N	noChange
1	8a100411-d7e9-4035-bcda-bb9916e0c4ff	version.layout	1f0fd594-72a6-4e13-850e-a99ad79d25d1	center	label	gray	\N	flex-row	07	reference	\N	\N	68869c85f3705a4904040d2e	\N	noChange
5	8a100411-d7e9-4035-bcda-bb9916e0c4ff	version.layout	2aa8c68c-59cd-457b-abcd-8993329f6a68	center	\N	blue	\N	flex-row	03	reference	\N	\N	6886ac02df64ca6dd9ecfe6a	\N	noChange
1	42c8f4e2-6b54-4c96-9da9-672741e82033	version.layout	59cfd84d-1e9e-4886-b828-418cf4f19508	center	label	gray	\N	flex-row	07	reference	\N	\N	68869c85f3705a4904040d2e	\N	noChange
5	42c8f4e2-6b54-4c96-9da9-672741e82033	version.layout	b2e49be2-dc78-4bae-b2e7-0fb855129ea3	center	\N	blue	\N	flex-row	03	reference	\N	\N	6886ac02df64ca6dd9ecfe6a	\N	noChange
1	0f74cab3-d27d-472e-b2eb-35ab19e69c72	version.layout	69987064-7412-47b8-95ac-c6e45a025076	center	label	gray	\N	flex-row	07	reference	\N	\N	68869c85f3705a4904040d2e	\N	noChange
5	0f74cab3-d27d-472e-b2eb-35ab19e69c72	version.layout	3978e94e-2841-4ec2-a4de-f8054f30effd	center	\N	blue	\N	flex-row	03	reference	\N	\N	6886ac02df64ca6dd9ecfe6a	\N	noChange
1	c3e0ac67-68ff-45a0-a95f-0bae5b004b85	version.layout	8810360f-03e7-4be5-a019-9a6cce44e90b	center	label	gray	\N	flex-row	07	reference	\N	\N	68869c85f3705a4904040d2e	\N	noChange
5	c3e0ac67-68ff-45a0-a95f-0bae5b004b85	version.layout	409db2c8-05c6-45ac-83a6-046102d21fdb	center	\N	blue	\N	flex-row	03	reference	\N	\N	6886ac02df64ca6dd9ecfe6a	\N	noChange
1	2522dd02-3c88-4d0f-8f54-000c6331c042	version.layout	dcad8632-0b2a-4a0e-9a8d-eafb913642ad	center	label	gray	\N	flex-row	07	reference	\N	\N	68869c85f3705a4904040d2e	\N	noChange
5	2522dd02-3c88-4d0f-8f54-000c6331c042	version.layout	dc2bc5ad-30e3-4a2f-ae56-ab29a28f9f74	center	\N	blue	\N	flex-row	03	reference	\N	\N	6886ac02df64ca6dd9ecfe6a	\N	noChange
1	39ed86c1-7622-472a-a921-06def66d1ca6	version.layout	5e56dd19-7338-4891-ba12-ec8c67024e25	center	label	gray	\N	flex-row	07	reference	\N	\N	68869c85f3705a4904040d2e	\N	noChange
5	39ed86c1-7622-472a-a921-06def66d1ca6	version.layout	59792665-8210-4a4a-a063-1bc89b7bd691	center	\N	blue	\N	flex-row	03	reference	\N	\N	6886ac02df64ca6dd9ecfe6a	\N	noChange
4	9f09b6d6-5dd1-4b72-b23f-90cd5c745e61	version.layout	969b59c0-559f-41e9-85c9-1a6652400c6f	center	\N	\N	\N	flex-row	01	reference	\N	\N	688695d673e9e43a4a6e3c0a	\N	noChange
5	9f09b6d6-5dd1-4b72-b23f-90cd5c745e61	version.layout	4c7fb42d-95a9-441e-b87b-10c3252719a2	center	label	outline	\N	flex-row	06	reference	\N	\N	68869a4d5a3935fab3feb217	\N	noChange
6	9f09b6d6-5dd1-4b72-b23f-90cd5c745e61	version.layout	42492313-848a-456f-a8c5-5bf4492a8ec7	center	\N	blue	\N	flex-row	04	reference	\N	\N	68869d495a3935fab3feb219	\N	noChange
4	475931ac-474c-47ac-a1ba-e14920a6ebb8	version.layout	30c0fb2c-73ad-461b-be52-9495d71c602d	center	\N	\N	\N	flex-row	01	reference	\N	\N	688695d673e9e43a4a6e3c0a	\N	noChange
5	475931ac-474c-47ac-a1ba-e14920a6ebb8	version.layout	b8bd223e-0f75-418a-b4ac-e000d1eefa0f	center	label	outline	\N	flex-row	06	reference	\N	\N	68869a4d5a3935fab3feb217	\N	noChange
6	475931ac-474c-47ac-a1ba-e14920a6ebb8	version.layout	8d4ca5e2-759a-4777-96ea-883abadc904b	center	\N	blue	\N	flex-row	04	reference	\N	\N	68869d495a3935fab3feb219	\N	noChange
1	7cb3435f-1591-4a85-9538-1a329412829b	version.layout	32a0c746-2b42-4498-a1ee-9206a1978f95	center	label	gray	\N	flex-row	07	reference	\N	\N	68869c85f3705a4904040d2e	\N	noChange
5	7cb3435f-1591-4a85-9538-1a329412829b	version.layout	3cfdc750-c852-48c6-b914-eaa383575303	center	\N	blue	\N	flex-row	03	reference	\N	\N	6886ac02df64ca6dd9ecfe6a	\N	noChange
4	191829da-fed4-4378-835d-355bb725534e	version.layout	1ac4faaa-ff50-4577-8279-ff4a6c395bfd	center	\N	\N	\N	flex-row	01	reference	\N	\N	688695d673e9e43a4a6e3c0a	\N	noChange
5	191829da-fed4-4378-835d-355bb725534e	version.layout	9b6aabe5-636a-4069-9bab-8d9e831a60ae	center	label	outline	\N	flex-row	06	reference	\N	\N	68869a4d5a3935fab3feb217	\N	noChange
6	191829da-fed4-4378-835d-355bb725534e	version.layout	1d41680c-ee7f-4b86-af12-54582cc01082	center	\N	blue	\N	flex-row	04	reference	\N	\N	68869d495a3935fab3feb219	\N	noChange
4	01fe3f95-b2e0-4adc-8e06-a37200de75b3	version.layout	6a280100-add4-49ad-95ac-90597a7da682	center	\N	\N	\N	flex-row	01	reference	\N	\N	688695d673e9e43a4a6e3c0a	\N	noChange
5	01fe3f95-b2e0-4adc-8e06-a37200de75b3	version.layout	d752df66-861d-4f76-8c8c-565bc137ad88	center	label	outline	\N	flex-row	06	reference	\N	\N	68869a4d5a3935fab3feb217	\N	noChange
6	01fe3f95-b2e0-4adc-8e06-a37200de75b3	version.layout	20df0ff6-08e0-4ff5-b29b-805c8b5ee4bd	center	\N	blue	\N	flex-row	04	reference	\N	\N	68869d495a3935fab3feb219	\N	noChange
4	be9c7e75-dc9a-4619-8a8e-5ef58c098864	version.layout	526608bc-69f2-4991-ae13-9fe3da69a4d0	center	\N	\N	\N	flex-row	01	reference	\N	\N	688695d673e9e43a4a6e3c0a	\N	noChange
5	be9c7e75-dc9a-4619-8a8e-5ef58c098864	version.layout	1c4ada83-01b2-496f-b392-084372233e9e	center	label	outline	\N	flex-row	06	reference	\N	\N	68869a4d5a3935fab3feb217	\N	noChange
6	be9c7e75-dc9a-4619-8a8e-5ef58c098864	version.layout	f5ed2bfe-69fe-4506-80df-8eab89a8e555	center	\N	blue	\N	flex-row	04	reference	\N	\N	68869d495a3935fab3feb219	\N	noChange
4	df9022a7-63b1-4017-b716-518f2d69d9c2	version.layout	91e9ca25-4e18-482d-8c79-b73c503e9e03	center	\N	\N	\N	flex-row	01	reference	\N	\N	688695d673e9e43a4a6e3c0a	\N	noChange
5	df9022a7-63b1-4017-b716-518f2d69d9c2	version.layout	8d8efaad-b13e-42f1-bb9a-c61f6e6e8b09	center	label	outline	\N	flex-row	06	reference	\N	\N	68869a4d5a3935fab3feb217	\N	noChange
6	df9022a7-63b1-4017-b716-518f2d69d9c2	version.layout	879d1fec-d0f6-47db-8115-ec4fa2a2c95a	center	\N	blue	\N	flex-row	04	reference	\N	\N	68869d495a3935fab3feb219	\N	noChange
4	57af9290-93a8-46d6-8475-65260fba9301	version.layout	96263471-3bed-4d5c-bccb-4f1c437c2a4c	center	\N	\N	\N	flex-row	01	reference	\N	\N	688695d673e9e43a4a6e3c0a	\N	noChange
5	57af9290-93a8-46d6-8475-65260fba9301	version.layout	df8306e3-8bac-437b-ac4b-60df2bbd890f	center	label	outline	\N	flex-row	06	reference	\N	\N	68869a4d5a3935fab3feb217	\N	noChange
6	57af9290-93a8-46d6-8475-65260fba9301	version.layout	ffa0f63d-e94d-4b43-b00f-6d4e232caf6e	center	\N	blue	\N	flex-row	04	reference	\N	\N	68869d495a3935fab3feb219	\N	noChange
1	50ab6bc6-7eb9-4e97-98f4-4e27d6d699ef	version.layout	d50db694-9a90-4718-bb97-5a602a9c7a23	center	label	gray	\N	flex-row	07	reference	\N	\N	68869c85f3705a4904040d2e	\N	noChange
5	50ab6bc6-7eb9-4e97-98f4-4e27d6d699ef	version.layout	8ea6b236-0a64-4f65-917d-6e91a8c37880	center	\N	blue	\N	flex-row	03	reference	\N	\N	6886ac02df64ca6dd9ecfe6a	\N	noChange
1	9faf6e5f-3f02-41dc-90ca-2facbefcb29b	version.layout	94948777-fa2e-4b9f-8fe1-f2f5406fcfd5	center	label	gray	\N	flex-row	07	reference	\N	\N	68869c85f3705a4904040d2e	\N	noChange
5	9faf6e5f-3f02-41dc-90ca-2facbefcb29b	version.layout	abedb9ed-e2be-429e-b8dd-d06af3a48325	center	\N	blue	\N	flex-row	03	reference	\N	\N	6886ac02df64ca6dd9ecfe6a	\N	noChange
1	5cf29f02-25c3-4b24-b574-1aadab774686	version.layout	3150dff4-3156-4f22-9828-4e701e627978	center	label	gray	\N	flex-row	07	reference	\N	\N	68869c85f3705a4904040d2e	\N	noChange
5	5cf29f02-25c3-4b24-b574-1aadab774686	version.layout	83e89ed3-1fef-4a8d-9d37-d4daac4ab2a4	center	\N	blue	\N	flex-row	03	reference	\N	\N	6886ac02df64ca6dd9ecfe6a	\N	noChange
1	5a14f13d-26a1-40fe-af37-216b5bd0fe17	version.layout	b960e3b9-f9f6-4be8-97bb-21d5402c1284	center	label	gray	\N	flex-row	07	reference	\N	\N	68869c85f3705a4904040d2e	\N	noChange
5	5a14f13d-26a1-40fe-af37-216b5bd0fe17	version.layout	274752fe-78e5-4bcb-b2d4-d64b5686cb60	center	\N	blue	\N	flex-row	03	reference	\N	\N	6886ac02df64ca6dd9ecfe6a	\N	noChange
4	3b7333a2-daa5-498c-88e2-379fe5c31d7b	version.layout	d53d45fc-d873-4a78-9d8e-22b9f8075c16	center	\N	\N	\N	flex-row	01	reference	\N	\N	688695d673e9e43a4a6e3c0a	\N	noChange
5	3b7333a2-daa5-498c-88e2-379fe5c31d7b	version.layout	d3b231af-dd13-4399-bfae-c84d7dac29c0	center	label	outline	\N	flex-row	06	reference	\N	\N	68869a4d5a3935fab3feb217	\N	noChange
6	3b7333a2-daa5-498c-88e2-379fe5c31d7b	version.layout	767b7c00-1897-42d3-be2e-6682bf11c6cc	center	\N	blue	\N	flex-row	04	reference	\N	\N	68869d495a3935fab3feb219	\N	noChange
4	67aa8e57-e509-4c57-b165-2c5bfd47d94f	version.layout	764ed95d-be62-4a6a-be5d-de09f2ba4ed7	center	\N	\N	\N	flex-row	01	reference	\N	\N	688695d673e9e43a4a6e3c0a	\N	noChange
5	67aa8e57-e509-4c57-b165-2c5bfd47d94f	version.layout	fa8b9b8e-7cf2-4e8b-9ed1-2c48b13151cc	center	label	outline	\N	flex-row	06	reference	\N	\N	68869a4d5a3935fab3feb217	\N	noChange
6	67aa8e57-e509-4c57-b165-2c5bfd47d94f	version.layout	090df94b-27fd-4e5f-baf8-9a1d5d5da341	center	\N	blue	\N	flex-row	04	reference	\N	\N	68869d495a3935fab3feb219	\N	noChange
1	1f91be73-fce5-4495-9619-5b10ba8b92c9	version.layout	3fa30a41-58b5-40cc-9ce2-791c0c965a7a	center	\N	blue	\N	flex-row	08	custom	\N	/	688694d473e9e43a4a6e3c05	\N	noChange
1	e534ac8f-d8b4-4fc4-b77d-febb04366632	version.layout	44281774-c31a-4e3d-b3de-5b674d2cad28	center	\N	blue	\N	flex-row	08	custom	\N	/	688694d473e9e43a4a6e3c05	\N	noChange
1	4389a3c7-2b44-4dda-b26c-b3db9aa06ea8	version.layout	502e24a6-4e0f-4013-814a-b50d6023250b	center	\N	blue	\N	flex-row	08	custom	\N	/	688694d473e9e43a4a6e3c05	\N	noChange
1	ec2f0054-a44a-4dfe-b38c-2280a621a0df	version.layout	5e5c4807-e6fa-40d9-81eb-8202511d34aa	center	\N	blue	\N	flex-row	08	custom	\N	/	688694d473e9e43a4a6e3c05	\N	noChange
1	96a690f0-6b75-40a2-bc6b-94e17419a077	version.layout	1317352d-e72b-4aaf-8a5d-0c9befc616d2	center	\N	blue	\N	flex-row	08	custom	\N	/	688694d473e9e43a4a6e3c05	\N	noChange
1	af90617d-cf5f-4812-afb8-2a0dfd9fdc12	version.layout	bac3fb68-74ef-420e-93e6-1eff7e95d3ce	center	\N	blue	\N	flex-row	08	custom	\N	/	688694d473e9e43a4a6e3c05	\N	noChange
1	31b5ae11-e3c5-4e2b-b6a6-24aaabf8f28a	version.layout	15b388bd-e3fd-41ed-9fc1-822af5211713	center	\N	blue	\N	flex-row	08	custom	\N	/	688694d473e9e43a4a6e3c05	\N	noChange
1	41c60df7-54ab-4683-8983-1204117e7975	version.layout	46454ef3-65c7-4632-8f01-215ed82a427f	center	\N	blue	\N	flex-row	08	custom	\N	/	688694d473e9e43a4a6e3c05	\N	noChange
1	deefcd27-f08b-46fa-8843-0703ff59e6cc	version.layout	b31806a0-8f44-4a3f-ab52-13e2f4a99762	center	\N	blue	\N	flex-row	08	custom	\N	/	688694d473e9e43a4a6e3c05	\N	noChange
1	b710c38f-af35-4722-9c8f-279f18021757	version.layout	cc7f4992-b52f-4ad7-9760-34416a6fd830	center	\N	blue	\N	flex-row	08	custom	\N	/	688694d473e9e43a4a6e3c05	\N	noChange
1	b8a5a99b-2195-4066-a86c-95aa63c90330	version.layout	5280275d-4d50-47c7-b03d-1aeaac5ca4ff	center	\N	blue	\N	flex-row	08	custom	\N	/	688694d473e9e43a4a6e3c05	\N	noChange
1	df25eab2-1f33-408c-930f-d845fabe2a9a	version.layout	b5e7e13a-a98b-414b-a7f2-268e3874576d	center	\N	blue	\N	flex-row	08	custom	\N	/	688694d473e9e43a4a6e3c05	\N	noChange
1	1aa29553-e446-407b-b3c0-5c37067f4c85	version.layout	e5353952-1c2d-433f-8bad-e68df70414c5	center	\N	blue	\N	flex-row	08	custom	\N	/	688694d473e9e43a4a6e3c05	\N	noChange
1	191829da-fed4-4378-835d-355bb725534e	version.layout	4db3b9eb-f20b-4928-9be2-dcff601a4f23	center	\N	blue	\N	flex-row	08	custom	\N	/	688694d473e9e43a4a6e3c05	\N	noChange
1	abeae401-02ea-4a9d-bd80-73851afc2ffd	version.layout	d8e64d62-86b1-4ac3-9451-c38dd5fb4859	center	\N	blue	\N	flex-row	08	custom	\N	/	688694d473e9e43a4a6e3c05	\N	noChange
1	990afa8d-fbf0-4bab-9b6a-8cbfe7488ddc	version.layout	0d95d0e4-8eed-4815-a99c-4132ea293947	center	\N	blue	\N	flex-row	08	custom	\N	/	688694d473e9e43a4a6e3c05	\N	noChange
1	70b04d51-b412-4e9d-95a4-7bf9fdd2a1c1	version.layout	42543955-c53d-4844-bab9-0eff2f462022	center	\N	blue	\N	flex-row	08	custom	\N	/	688694d473e9e43a4a6e3c05	\N	noChange
1	b8643aac-9e6d-40cb-960a-50219579096e	version.layout	36f410c0-5ec3-423d-87ca-147158eb1591	center	\N	blue	\N	flex-row	08	custom	\N	/	688694d473e9e43a4a6e3c05	\N	noChange
1	bf780b52-7054-4988-a733-0d397f0f0b3a	version.layout	ae49845c-06aa-4775-ae77-72978daea63b	center	\N	blue	\N	flex-row	08	custom	\N	/	688694d473e9e43a4a6e3c05	\N	noChange
1	5d7acef8-c5c7-41df-b43a-b0a7019f4c57	version.layout	3e5d3e77-f3ae-480b-a93f-8b516bc36f93	center	\N	blue	\N	flex-row	08	custom	\N	/	688694d473e9e43a4a6e3c05	\N	noChange
1	9f09b6d6-5dd1-4b72-b23f-90cd5c745e61	version.layout	83ae1d07-a3d0-484c-b834-e49b255fe2c0	center	\N	blue	\N	flex-row	08	custom	\N	/	688694d473e9e43a4a6e3c05	\N	noChange
1	475931ac-474c-47ac-a1ba-e14920a6ebb8	version.layout	6ae60f62-e703-47c7-b69b-ba766c4818ef	center	\N	blue	\N	flex-row	08	custom	\N	/	688694d473e9e43a4a6e3c05	\N	noChange
1	57af9290-93a8-46d6-8475-65260fba9301	version.layout	706db240-1d25-4ffb-870b-2f04e3f2add0	center	\N	blue	\N	flex-row	08	custom	\N	/	688694d473e9e43a4a6e3c05	\N	noChange
1	3b7333a2-daa5-498c-88e2-379fe5c31d7b	version.layout	43971856-bf24-40d9-b317-b1a4dd63c516	center	\N	blue	\N	flex-row	08	custom	\N	/	688694d473e9e43a4a6e3c05	\N	noChange
1	67aa8e57-e509-4c57-b165-2c5bfd47d94f	version.layout	be8dca89-74f3-4f35-82ee-14afc620808b	center	\N	blue	\N	flex-row	08	custom	\N	/	688694d473e9e43a4a6e3c05	\N	noChange
1	01fe3f95-b2e0-4adc-8e06-a37200de75b3	version.layout	8a89b85e-edb1-4c7d-af78-613fb249750b	center	\N	blue	\N	flex-row	08	custom	\N	/	688694d473e9e43a4a6e3c05	\N	noChange
1	be9c7e75-dc9a-4619-8a8e-5ef58c098864	version.layout	abeddfc5-570e-40f0-ac73-391235569c45	center	\N	blue	\N	flex-row	08	custom	\N	/	688694d473e9e43a4a6e3c05	\N	noChange
1	df9022a7-63b1-4017-b716-518f2d69d9c2	version.layout	c17b1e3b-3808-4e7d-90f9-498bee1058bd	center	\N	blue	\N	flex-row	08	custom	\N	/	688694d473e9e43a4a6e3c05	\N	noChange
1	99bd2e73-564f-485c-9ff6-4421e9090e2a	version.layout	0dc27697-31c7-4804-b2b5-e82a4c03dacb	center	\N	blue	\N	flex-row	08	custom	\N	/	688694d473e9e43a4a6e3c05	\N	noChange
4	99bd2e73-564f-485c-9ff6-4421e9090e2a	version.layout	2b8b61f5-e215-44ec-b4d4-32d0bf8b2444	center	\N	\N	\N	flex-row	01	reference	\N	\N	688695d673e9e43a4a6e3c0a	\N	noChange
5	99bd2e73-564f-485c-9ff6-4421e9090e2a	version.layout	77fbec19-1369-44ed-8906-eaf8583edc83	center	label	outline	\N	flex-row	06	reference	\N	\N	68869a4d5a3935fab3feb217	\N	noChange
6	99bd2e73-564f-485c-9ff6-4421e9090e2a	version.layout	0168648d-8afa-4580-acbb-f35751973db4	center	\N	blue	\N	flex-row	04	reference	\N	\N	68869d495a3935fab3feb219	\N	noChange
1	063f8a38-1c45-4ae7-acd1-5a2a877fff5f	version.layout	88184f9b-2135-41ca-b467-c533d7ba42b8	center	\N	blue	\N	flex-row	08	custom	\N	/	688694d473e9e43a4a6e3c05	\N	noChange
4	063f8a38-1c45-4ae7-acd1-5a2a877fff5f	version.layout	30fa16b8-ad3b-4728-9e48-be9c9b11a664	center	\N	\N	\N	flex-row	01	reference	\N	\N	688695d673e9e43a4a6e3c0a	\N	noChange
5	063f8a38-1c45-4ae7-acd1-5a2a877fff5f	version.layout	38c1204e-5925-44aa-aee8-55d728a435b7	center	label	outline	\N	flex-row	06	reference	\N	\N	68869a4d5a3935fab3feb217	\N	noChange
6	063f8a38-1c45-4ae7-acd1-5a2a877fff5f	version.layout	483fd136-9925-4729-a482-b191cc2619fd	center	\N	blue	\N	flex-row	04	reference	\N	\N	68869d495a3935fab3feb219	\N	noChange
\.


--
-- Data for Name: _featuresBlock_v_block_header_links; Type: TABLE DATA; Schema: public; Owner: -
--

COPY "public"."_featuresBlock_v_block_header_links" ("_order", "_parent_id", "id", "link_type", "link_new_tab", "link_url", "link_color", "link_variant", "_uuid") FROM stdin;
\.


--
-- Data for Name: _featuresBlock_v_block_header_links_locales; Type: TABLE DATA; Schema: public; Owner: -
--

COPY "public"."_featuresBlock_v_block_header_links_locales" ("link_label", "id", "_locale", "_parent_id") FROM stdin;
\.


--
-- Data for Name: _featuresBlock_v_columns; Type: TABLE DATA; Schema: public; Owner: -
--

COPY "public"."_featuresBlock_v_columns" ("_order", "_parent_id", "id", "size", "icon", "enable_badge", "enable_cta", "reverse_order", "badge_type", "badge_color", "badge_icon", "badge_icon_position", "link_type", "link_new_tab", "link_url", "_uuid", "stat_indicator") FROM stdin;
1	5e5c4807-e6fa-40d9-81eb-8202511d34aa	94eb72fa-c8f6-4765-b8e2-c3ea1fe1bf0c	half	\N	\N	\N	\N	\N	blue	\N	flex-row	reference	\N	\N	688694e973e9e43a4a6e3c06	noChange
2	5e5c4807-e6fa-40d9-81eb-8202511d34aa	5359852d-caf3-4f18-95d5-1259b5f5f653	half	\N	\N	\N	\N	\N	blue	\N	flex-row	reference	\N	\N	688694f973e9e43a4a6e3c07	noChange
3	5e5c4807-e6fa-40d9-81eb-8202511d34aa	fa9e3381-9218-49d6-931f-c39c5560bd21	half	\N	\N	\N	\N	\N	blue	\N	flex-row	reference	\N	\N	6886950873e9e43a4a6e3c08	noChange
1	9c9a756c-0a4f-4646-a0b9-e2a443c38270	d4e1ef89-18e0-45e2-a399-e8ef7aabf913	full	\N	\N	\N	\N	\N	blue	\N	flex-row	reference	\N	\N	688695df73e9e43a4a6e3c0b	noChange
2	9c9a756c-0a4f-4646-a0b9-e2a443c38270	15cba7b8-cbcf-4a14-a3c4-3ab0b2085e3c	half	\N	t	\N	\N	label	outline	\N	flex-row	reference	\N	\N	6886984273e9e43a4a6e3c0d	noChange
3	9c9a756c-0a4f-4646-a0b9-e2a443c38270	c4494c44-e7f3-46c3-97fc-378fe1e62bf1	half	\N	t	\N	\N	label	outline	\N	flex-row	reference	\N	\N	688698ec5a3935fab3feb215	noChange
1	1317352d-e72b-4aaf-8a5d-0c9befc616d2	edd11ccd-8f0c-43f7-b912-2029a46c784e	half	\N	\N	\N	\N	\N	blue	\N	flex-row	reference	\N	\N	688694e973e9e43a4a6e3c06	noChange
2	1317352d-e72b-4aaf-8a5d-0c9befc616d2	cd5e386e-4803-4158-aa22-d7987a2d4aa3	half	\N	\N	\N	\N	\N	blue	\N	flex-row	reference	\N	\N	688694f973e9e43a4a6e3c07	noChange
3	1317352d-e72b-4aaf-8a5d-0c9befc616d2	bfabc0af-faaf-4901-bd36-91d2b512d9de	half	\N	\N	\N	\N	\N	blue	\N	flex-row	reference	\N	\N	6886950873e9e43a4a6e3c08	noChange
1	1f6615c1-e248-4326-8a2e-f8516fb9867a	dc702711-257b-4205-af38-d4300869fae9	full	\N	\N	\N	\N	\N	blue	\N	flex-row	reference	\N	\N	688695df73e9e43a4a6e3c0b	noChange
2	1f6615c1-e248-4326-8a2e-f8516fb9867a	9825c273-0e35-4b0f-8d47-0b3d8bc6a3e7	half	\N	t	\N	\N	label	outline	\N	flex-row	reference	\N	\N	6886984273e9e43a4a6e3c0d	noChange
3	1f6615c1-e248-4326-8a2e-f8516fb9867a	f5d1b651-36ed-464a-b967-bcaaeaab9581	half	\N	t	\N	\N	label	outline	\N	flex-row	reference	\N	\N	688698ec5a3935fab3feb215	noChange
1	3fa30a41-58b5-40cc-9ce2-791c0c965a7a	fa27dacb-dca3-45a2-a5bf-7bbcc597e1d4	half	\N	\N	\N	\N	\N	blue	\N	flex-row	reference	\N	\N	688694e973e9e43a4a6e3c06	noChange
2	3fa30a41-58b5-40cc-9ce2-791c0c965a7a	65503d7b-857c-4218-b37b-b2505576f095	half	\N	\N	\N	\N	\N	blue	\N	flex-row	reference	\N	\N	688694f973e9e43a4a6e3c07	noChange
3	3fa30a41-58b5-40cc-9ce2-791c0c965a7a	77260aa5-f711-4ad0-b879-af7a8c5dc912	half	\N	\N	\N	\N	\N	blue	\N	flex-row	reference	\N	\N	6886950873e9e43a4a6e3c08	noChange
1	e6769cfa-6f93-4afa-9e68-885c9841d287	7f5ed49e-9fa8-40b6-b7fa-506f47db2428	full	\N	t	\N	\N	label	outline	\N	flex-row	reference	\N	\N	688695df73e9e43a4a6e3c0b	noChange
2	e6769cfa-6f93-4afa-9e68-885c9841d287	a88821f4-28a3-4b6f-9944-1accd9921b04	half	\N	t	\N	\N	label	outline	\N	flex-row	reference	\N	\N	6886984273e9e43a4a6e3c0d	noChange
3	e6769cfa-6f93-4afa-9e68-885c9841d287	8eb835d3-090b-482c-a845-10b68a1190bf	half	\N	t	\N	\N	label	outline	\N	flex-row	reference	\N	\N	688698ec5a3935fab3feb215	noChange
1	8b134f9f-34b0-45c7-8d7b-976bfb31d015	d0777921-1d13-40cb-96fe-a46cca3db328	half	\N	\N	t	\N	\N	blue	\N	flex-row	reference	\N	\N	68869d6c5a3935fab3feb21a	noChange
1	44281774-c31a-4e3d-b3de-5b674d2cad28	8f2d4ab9-6096-4b66-88de-12f6a9c16199	half	\N	\N	\N	\N	\N	blue	\N	flex-row	reference	\N	\N	688694e973e9e43a4a6e3c06	noChange
2	44281774-c31a-4e3d-b3de-5b674d2cad28	8319e5ce-fc5d-42e3-9a14-8887f75ea880	half	\N	\N	\N	\N	\N	blue	\N	flex-row	reference	\N	\N	688694f973e9e43a4a6e3c07	noChange
3	44281774-c31a-4e3d-b3de-5b674d2cad28	40afaa72-bd12-4471-bd20-1e6454476754	half	\N	\N	\N	\N	\N	blue	\N	flex-row	reference	\N	\N	6886950873e9e43a4a6e3c08	noChange
1	1f9288ca-eb52-4e04-8e7a-d438f1edbcec	1713973a-7258-49a9-8939-2cacad23ec70	full	\N	t	\N	\N	label	outline	\N	flex-row	reference	\N	\N	688695df73e9e43a4a6e3c0b	noChange
2	1f9288ca-eb52-4e04-8e7a-d438f1edbcec	d002c745-4693-4f07-821e-bcd34e0c3304	half	\N	t	\N	\N	label	outline	\N	flex-row	reference	\N	\N	6886984273e9e43a4a6e3c0d	noChange
3	1f9288ca-eb52-4e04-8e7a-d438f1edbcec	1ad6a84d-6206-429e-8cca-fbbd54205f87	half	\N	t	\N	\N	label	outline	\N	flex-row	reference	\N	\N	688698ec5a3935fab3feb215	noChange
1	fed991c5-d671-4e5a-af30-8459b82fcee9	96edd338-bec1-4e96-90b4-073e982f4213	half	\N	\N	t	\N	\N	blue	\N	flex-row	reference	\N	\N	68869d6c5a3935fab3feb21a	noChange
1	bac3fb68-74ef-420e-93e6-1eff7e95d3ce	b9c2b68c-1b47-41e6-abf7-8cd6fabdd164	half	\N	\N	\N	\N	\N	blue	\N	flex-row	reference	\N	\N	688694e973e9e43a4a6e3c06	noChange
2	bac3fb68-74ef-420e-93e6-1eff7e95d3ce	50d3f2fd-7645-41e9-894d-4b6af0a986bd	half	\N	\N	\N	\N	\N	blue	\N	flex-row	reference	\N	\N	688694f973e9e43a4a6e3c07	noChange
3	bac3fb68-74ef-420e-93e6-1eff7e95d3ce	97260979-a9b9-4c26-8398-bfa7f611bf53	half	\N	\N	\N	\N	\N	blue	\N	flex-row	reference	\N	\N	6886950873e9e43a4a6e3c08	noChange
1	15b388bd-e3fd-41ed-9fc1-822af5211713	eec23704-4dbe-44de-9b2d-3ebb34051d01	half	\N	\N	\N	\N	\N	blue	\N	flex-row	reference	\N	\N	688694e973e9e43a4a6e3c06	noChange
2	15b388bd-e3fd-41ed-9fc1-822af5211713	aeea19e7-25c8-41d5-b294-e270b287838b	half	\N	\N	\N	\N	\N	blue	\N	flex-row	reference	\N	\N	688694f973e9e43a4a6e3c07	noChange
3	15b388bd-e3fd-41ed-9fc1-822af5211713	a281c3a2-50c2-4dac-be5b-424b137702d5	half	\N	\N	\N	\N	\N	blue	\N	flex-row	reference	\N	\N	6886950873e9e43a4a6e3c08	noChange
1	b5e7e13a-a98b-414b-a7f2-268e3874576d	e68086b9-e64b-4dab-b53b-c0bbc6fca218	half	\N	\N	\N	\N	\N	blue	\N	flex-row	reference	\N	\N	688694e973e9e43a4a6e3c06	noChange
2	b5e7e13a-a98b-414b-a7f2-268e3874576d	5607e054-416a-47f0-9078-7734f47eb31d	half	\N	\N	\N	\N	\N	blue	\N	flex-row	reference	\N	\N	688694f973e9e43a4a6e3c07	noChange
3	b5e7e13a-a98b-414b-a7f2-268e3874576d	7777dc4b-c913-4a1d-80e0-13cd26555e1b	half	\N	\N	\N	\N	\N	blue	\N	flex-row	reference	\N	\N	6886950873e9e43a4a6e3c08	noChange
1	a9f1a598-da7b-4f8d-9d7b-0399af89ba80	af829656-9761-44c3-a048-39df92805c0d	full	\N	\N	\N	\N	\N	blue	\N	flex-row	reference	\N	\N	688695df73e9e43a4a6e3c0b	noChange
2	a9f1a598-da7b-4f8d-9d7b-0399af89ba80	3db49a0c-a4de-4b4a-82ee-abbb9a343d09	half	\N	\N	\N	\N	\N	blue	\N	flex-row	reference	\N	\N	6886984273e9e43a4a6e3c0d	noChange
3	a9f1a598-da7b-4f8d-9d7b-0399af89ba80	67d8a970-8d9c-4147-9641-d4dc6431ea5a	half	\N	\N	\N	\N	\N	blue	\N	flex-row	reference	\N	\N	688698ec5a3935fab3feb215	noChange
1	e5353952-1c2d-433f-8bad-e68df70414c5	28cf1a1f-2bd2-4cca-804c-3e5b6597ccf5	half	\N	\N	\N	\N	\N	blue	\N	flex-row	reference	\N	\N	688694e973e9e43a4a6e3c06	noChange
2	e5353952-1c2d-433f-8bad-e68df70414c5	38ac7103-9dba-49de-adf0-03028058b0a6	half	\N	\N	\N	\N	\N	blue	\N	flex-row	reference	\N	\N	688694f973e9e43a4a6e3c07	noChange
3	e5353952-1c2d-433f-8bad-e68df70414c5	14c7cb33-b4f0-496d-99bd-dd627007d26c	half	\N	\N	\N	\N	\N	blue	\N	flex-row	reference	\N	\N	6886950873e9e43a4a6e3c08	noChange
1	2a08ee31-aebf-4a35-8b1c-9579ef7cf2bd	4bd1920f-1a22-4864-80fd-5dc34e4eac86	full	\N	\N	\N	\N	\N	blue	\N	flex-row	reference	\N	\N	688695df73e9e43a4a6e3c0b	noChange
2	2a08ee31-aebf-4a35-8b1c-9579ef7cf2bd	37df3531-d22c-4af1-b4a5-83e1ebef8df4	half	\N	\N	\N	\N	\N	blue	\N	flex-row	reference	\N	\N	6886984273e9e43a4a6e3c0d	noChange
3	2a08ee31-aebf-4a35-8b1c-9579ef7cf2bd	e938479f-6695-43b6-8c5d-4347c0736370	half	\N	\N	\N	\N	\N	blue	\N	flex-row	reference	\N	\N	688698ec5a3935fab3feb215	noChange
1	502e24a6-4e0f-4013-814a-b50d6023250b	45c96df7-dce8-4703-ac4d-419251174a24	half	\N	\N	\N	\N	\N	blue	\N	flex-row	reference	\N	\N	688694e973e9e43a4a6e3c06	noChange
2	502e24a6-4e0f-4013-814a-b50d6023250b	b15e4a76-8320-43f2-af85-98954d1c160e	half	\N	\N	\N	\N	\N	blue	\N	flex-row	reference	\N	\N	688694f973e9e43a4a6e3c07	noChange
3	502e24a6-4e0f-4013-814a-b50d6023250b	61de7676-340d-4c6a-8f95-82c935f8a95a	half	\N	\N	\N	\N	\N	blue	\N	flex-row	reference	\N	\N	6886950873e9e43a4a6e3c08	noChange
1	2419edc0-cfc5-4cff-8a15-7b261ac9b072	dbf8de24-b554-4eb9-8039-a8d3f9e4ca44	full	\N	\N	\N	\N	\N	blue	\N	flex-row	reference	\N	\N	688695df73e9e43a4a6e3c0b	noChange
2	2419edc0-cfc5-4cff-8a15-7b261ac9b072	38d318d2-2394-4ec2-8035-55e2c2a2995c	half	\N	t	\N	\N	label	outline	\N	flex-row	reference	\N	\N	6886984273e9e43a4a6e3c0d	noChange
3	2419edc0-cfc5-4cff-8a15-7b261ac9b072	c42b6d40-c72d-4ac0-9253-50505d62ad80	half	\N	t	\N	\N	label	outline	\N	flex-row	reference	\N	\N	688698ec5a3935fab3feb215	noChange
1	36f410c0-5ec3-423d-87ca-147158eb1591	5e07fdce-4bdb-4a89-a993-0fb02a7575a3	half	\N	\N	\N	\N	\N	blue	\N	flex-row	reference	\N	\N	688694e973e9e43a4a6e3c06	noChange
2	36f410c0-5ec3-423d-87ca-147158eb1591	122a37de-86d9-4406-9f48-17ea40ba9aad	half	\N	\N	\N	\N	\N	blue	\N	flex-row	reference	\N	\N	688694f973e9e43a4a6e3c07	noChange
3	36f410c0-5ec3-423d-87ca-147158eb1591	417aa0c9-5a23-4153-996d-63ff6c0604e1	half	\N	\N	\N	\N	\N	blue	\N	flex-row	reference	\N	\N	6886950873e9e43a4a6e3c08	noChange
1	8868477e-1609-417c-9fae-90ee3ae13fd9	38861a89-5f24-4051-b444-23587e2d1470	full	\N	f	\N	\N	label	blue	\N	flex-row	reference	\N	\N	688695df73e9e43a4a6e3c0b	noChange
2	8868477e-1609-417c-9fae-90ee3ae13fd9	03ce5ad4-31e3-494d-ad04-a1e63cdb33b8	half	\N	t	\N	\N	label	outline	\N	flex-row	reference	\N	\N	6886984273e9e43a4a6e3c0d	noChange
3	8868477e-1609-417c-9fae-90ee3ae13fd9	74c0880c-ecbc-4a46-89af-1f633cb6fff9	half	\N	t	\N	\N	label	outline	\N	flex-row	reference	\N	\N	688698ec5a3935fab3feb215	noChange
1	ae49845c-06aa-4775-ae77-72978daea63b	03f70f1e-4f59-41a9-8e1f-e0ab67bf10fb	half	\N	\N	\N	\N	\N	blue	\N	flex-row	reference	\N	\N	688694e973e9e43a4a6e3c06	noChange
2	ae49845c-06aa-4775-ae77-72978daea63b	babdb403-db4a-4eba-b5da-3a9090c1735d	half	\N	\N	\N	\N	\N	blue	\N	flex-row	reference	\N	\N	688694f973e9e43a4a6e3c07	noChange
3	ae49845c-06aa-4775-ae77-72978daea63b	18453d0f-ded3-490c-b1cd-82cc3f89714f	half	\N	\N	\N	\N	\N	blue	\N	flex-row	reference	\N	\N	6886950873e9e43a4a6e3c08	noChange
1	1a0d44e7-09b4-428c-b9e3-b9fdf2affbb0	3c45bd9e-f5ec-455a-bd15-b53e7ce125d9	full	\N	f	\N	\N	label	blue	\N	flex-row	reference	\N	\N	688695df73e9e43a4a6e3c0b	noChange
2	1a0d44e7-09b4-428c-b9e3-b9fdf2affbb0	8f45e4a1-af6c-4530-833b-036465ca8ebe	half	\N	t	\N	\N	label	outline	\N	flex-row	reference	\N	\N	6886984273e9e43a4a6e3c0d	noChange
3	1a0d44e7-09b4-428c-b9e3-b9fdf2affbb0	451ef1bd-0607-4a4e-8ec1-ab4d66be04df	half	\N	t	\N	\N	label	outline	\N	flex-row	reference	\N	\N	688698ec5a3935fab3feb215	noChange
1	43971856-bf24-40d9-b317-b1a4dd63c516	bca0eb17-d003-4186-9889-a8e91c7f875d	half	\N	\N	\N	\N	\N	blue	\N	flex-row	reference	\N	\N	688694e973e9e43a4a6e3c06	noChange
2	43971856-bf24-40d9-b317-b1a4dd63c516	3a611c65-7ae5-4b20-9347-721a6f06ec56	half	\N	\N	\N	\N	\N	blue	\N	flex-row	reference	\N	\N	688694f973e9e43a4a6e3c07	noChange
3	43971856-bf24-40d9-b317-b1a4dd63c516	97113670-469e-41a8-adfc-73411af4e5d5	half	\N	\N	\N	\N	\N	blue	\N	flex-row	reference	\N	\N	6886950873e9e43a4a6e3c08	noChange
1	ac9b0188-e70a-4fab-b59c-fd5d9f8a1647	df3c14cf-19f4-441f-8e51-0bc1692b111d	half	\N	\N	\N	\N	\N	blue	\N	flex-row	reference	\N	\N	6886ac0edf64ca6dd9ecfe6b	noChange
2	ac9b0188-e70a-4fab-b59c-fd5d9f8a1647	5848f55d-de9b-4829-ad9a-3287b5e3f85e	half	\N	\N	\N	\N	\N	blue	\N	flex-row	reference	\N	\N	6886ac2fdf64ca6dd9ecfe6d	noChange
3	ac9b0188-e70a-4fab-b59c-fd5d9f8a1647	51dcede5-a971-4033-a2d1-f2fb02410356	half	\N	\N	\N	\N	\N	blue	\N	flex-row	reference	\N	\N	6886ac36df64ca6dd9ecfe70	noChange
1	dbb8349c-085c-4246-bb88-b07f4ec0b429	f3bfb8c8-8c6e-4fa3-80e5-bbbf2d4d04ec	half	\N	\N	\N	\N	\N	blue	\N	flex-row	reference	\N	\N	6886ac0edf64ca6dd9ecfe6b	noChange
2	dbb8349c-085c-4246-bb88-b07f4ec0b429	9492b1c6-50b2-4948-b587-02e7db6752a7	half	\N	\N	\N	\N	\N	blue	\N	flex-row	reference	\N	\N	6886ac2fdf64ca6dd9ecfe6d	noChange
3	dbb8349c-085c-4246-bb88-b07f4ec0b429	d51ca0d0-8345-44e1-bba8-f4ad4448c686	half	\N	\N	\N	\N	\N	blue	\N	flex-row	reference	\N	\N	6886ac36df64ca6dd9ecfe70	noChange
1	d2bd91c8-1618-4cbc-b41d-7078b373a172	b847f9a9-253a-425c-b55c-0304ea9b5bef	half	\N	\N	\N	\N	\N	blue	\N	flex-row	reference	\N	\N	6886ac0edf64ca6dd9ecfe6b	noChange
2	d2bd91c8-1618-4cbc-b41d-7078b373a172	8f1ff33a-e857-4fce-a51a-f487620d9401	half	\N	\N	\N	\N	\N	blue	\N	flex-row	reference	\N	\N	6886ac2fdf64ca6dd9ecfe6d	noChange
3	d2bd91c8-1618-4cbc-b41d-7078b373a172	973c283d-dec8-4da9-867c-d7a38d2426aa	half	\N	\N	\N	\N	\N	blue	\N	flex-row	reference	\N	\N	6886ac36df64ca6dd9ecfe70	noChange
2	cfd99805-d172-47f9-aab2-17f55bdac45d	25a7642b-0d1d-4627-80d5-b36727de0123	half	\N	\N	\N	\N	\N	blue	\N	flex-row	reference	\N	\N	6886ac2fdf64ca6dd9ecfe6d	noChange
3	cfd99805-d172-47f9-aab2-17f55bdac45d	122286fb-e74f-4b93-8402-79dceea3f012	half	\N	\N	\N	\N	\N	blue	\N	flex-row	reference	\N	\N	6886ac36df64ca6dd9ecfe70	noChange
1	59792665-8210-4a4a-a063-1bc89b7bd691	1fba1fa9-0fe1-4417-8356-5a8633ee03d9	half	\N	\N	\N	\N	\N	blue	\N	flex-row	reference	\N	\N	6886ac0edf64ca6dd9ecfe6b	noChange
2	59792665-8210-4a4a-a063-1bc89b7bd691	f2631aa0-b803-4bf3-a95f-88d9211724ab	half	\N	\N	\N	\N	\N	blue	\N	flex-row	reference	\N	\N	6886ac2fdf64ca6dd9ecfe6d	noChange
3	59792665-8210-4a4a-a063-1bc89b7bd691	28c8b240-4a71-4ad4-94fa-2c330de3bc0a	half	\N	\N	\N	\N	\N	blue	\N	flex-row	reference	\N	\N	6886ac36df64ca6dd9ecfe70	noChange
1	3cfdc750-c852-48c6-b914-eaa383575303	5765c7bf-c9b5-4d20-8aa2-746b1bd8a677	half	\N	\N	\N	\N	\N	blue	\N	flex-row	reference	\N	\N	6886ac0edf64ca6dd9ecfe6b	noChange
1	8f7537e9-a20f-48a5-91a7-b4e9c19295eb	55b41856-c409-4823-a7f9-0aaad801553f	half	\N	\N	\N	\N	\N	blue	\N	flex-row	reference	\N	\N	6886ac0edf64ca6dd9ecfe6b	noChange
2	8f7537e9-a20f-48a5-91a7-b4e9c19295eb	4efbc34c-f2cc-4e42-b438-38968a60be14	half	\N	\N	\N	\N	\N	blue	\N	flex-row	reference	\N	\N	6886ac2fdf64ca6dd9ecfe6d	noChange
3	8f7537e9-a20f-48a5-91a7-b4e9c19295eb	b7e2662a-8edb-41df-894d-c028a9d598af	half	\N	\N	\N	\N	\N	blue	\N	flex-row	reference	\N	\N	6886ac36df64ca6dd9ecfe70	noChange
1	4b618c50-c0da-4013-998a-a3ecdd641540	27e0928d-7575-4e16-a2d2-a0558c469442	half	\N	\N	\N	\N	\N	blue	\N	flex-row	reference	\N	\N	6886ac0edf64ca6dd9ecfe6b	noChange
2	4b618c50-c0da-4013-998a-a3ecdd641540	d35ab54c-8015-4d74-8e42-be830924a86f	half	\N	\N	\N	\N	\N	blue	\N	flex-row	reference	\N	\N	6886ac2fdf64ca6dd9ecfe6d	noChange
3	4b618c50-c0da-4013-998a-a3ecdd641540	df478435-9b18-47e0-9fce-08cd21f82b5b	half	\N	\N	\N	\N	\N	blue	\N	flex-row	reference	\N	\N	6886ac36df64ca6dd9ecfe70	noChange
1	3e4c6643-08f4-4782-b8c1-63df9d9c3151	0e6c0f8e-2c73-421e-80ee-1f201fcc98d2	half	\N	\N	\N	\N	\N	blue	\N	flex-row	reference	\N	\N	6886ac0edf64ca6dd9ecfe6b	noChange
2	3e4c6643-08f4-4782-b8c1-63df9d9c3151	d22b1d65-9178-49e9-860d-340f265e7a06	half	\N	\N	\N	\N	\N	blue	\N	flex-row	reference	\N	\N	6886ac2fdf64ca6dd9ecfe6d	noChange
3	3e4c6643-08f4-4782-b8c1-63df9d9c3151	70a91842-4622-44c1-9ad5-6bdd5f6bd05d	half	\N	\N	\N	\N	\N	blue	\N	flex-row	reference	\N	\N	6886ac36df64ca6dd9ecfe70	noChange
2	3cfdc750-c852-48c6-b914-eaa383575303	0e25676b-14f2-4e31-9950-3f13f6bc9bca	half	\N	\N	\N	\N	\N	blue	\N	flex-row	reference	\N	\N	6886ac2fdf64ca6dd9ecfe6d	noChange
3	3cfdc750-c852-48c6-b914-eaa383575303	d26780bf-bcd7-4ba2-9919-a553d48dcee7	half	\N	\N	\N	\N	\N	blue	\N	flex-row	reference	\N	\N	6886ac36df64ca6dd9ecfe70	noChange
1	b2e49be2-dc78-4bae-b2e7-0fb855129ea3	09a7f88c-058b-4bb4-b79d-f7618eb453b8	half	\N	\N	\N	\N	\N	blue	\N	flex-row	reference	\N	\N	6886ac0edf64ca6dd9ecfe6b	noChange
2	b2e49be2-dc78-4bae-b2e7-0fb855129ea3	9b15b2eb-2c7d-4e38-a80f-9db3a6f282d5	half	\N	\N	\N	\N	\N	blue	\N	flex-row	reference	\N	\N	6886ac2fdf64ca6dd9ecfe6d	noChange
3	b2e49be2-dc78-4bae-b2e7-0fb855129ea3	3c883894-af9b-4dca-9fdf-f7d0605334fe	half	\N	\N	\N	\N	\N	blue	\N	flex-row	reference	\N	\N	6886ac36df64ca6dd9ecfe70	noChange
1	cc7f4992-b52f-4ad7-9760-34416a6fd830	024a99eb-8a66-45b9-9a15-5b6b3209d4a1	half	\N	\N	\N	\N	\N	blue	\N	flex-row	reference	\N	\N	688694e973e9e43a4a6e3c06	noChange
2	cc7f4992-b52f-4ad7-9760-34416a6fd830	77722ea1-2e91-4bf2-a042-31b4cfc12736	half	\N	\N	\N	\N	\N	blue	\N	flex-row	reference	\N	\N	688694f973e9e43a4a6e3c07	noChange
3	cc7f4992-b52f-4ad7-9760-34416a6fd830	cdc8ce56-a561-4f45-a8db-da537b3dcf4c	half	\N	\N	\N	\N	\N	blue	\N	flex-row	reference	\N	\N	6886950873e9e43a4a6e3c08	noChange
1	6807eca7-f229-4541-a21c-43d619901752	e95e9b35-2d01-4517-9b88-2967e7babfa3	full	\N	t	\N	\N	label	outline	\N	flex-row	reference	\N	\N	688695df73e9e43a4a6e3c0b	noChange
2	6807eca7-f229-4541-a21c-43d619901752	344fdbf5-6586-48d7-82a8-f848fe3f361c	half	\N	t	\N	\N	label	outline	\N	flex-row	reference	\N	\N	6886984273e9e43a4a6e3c0d	noChange
3	6807eca7-f229-4541-a21c-43d619901752	a4f94bfa-3f08-4762-ad18-6fb9a23e52ab	half	\N	t	\N	\N	label	outline	\N	flex-row	reference	\N	\N	688698ec5a3935fab3feb215	noChange
1	e8b1dad0-69e7-4b66-a4a8-8ad4f91c2f7e	f8388dbd-92b0-4b5e-a333-cdb69d97112c	half	\N	\N	\N	\N	\N	blue	\N	flex-row	reference	\N	\N	6886ac0edf64ca6dd9ecfe6b	noChange
2	e8b1dad0-69e7-4b66-a4a8-8ad4f91c2f7e	b00047b2-5653-429f-814d-47bcaedbf93c	half	\N	\N	\N	\N	\N	blue	\N	flex-row	reference	\N	\N	6886ac2fdf64ca6dd9ecfe6d	noChange
3	e8b1dad0-69e7-4b66-a4a8-8ad4f91c2f7e	a04abdb9-75a4-42fd-b100-2ea46605a0b0	half	\N	\N	\N	\N	\N	blue	\N	flex-row	reference	\N	\N	6886ac36df64ca6dd9ecfe70	noChange
1	4a368400-b482-49c5-93c0-a896896439ea	853ea5ee-267f-4f71-b4e0-fe4044c428a1	half	\N	\N	\N	\N	\N	blue	\N	flex-row	reference	\N	\N	6886ac0edf64ca6dd9ecfe6b	noChange
2	4a368400-b482-49c5-93c0-a896896439ea	3ac4d099-4ae0-4664-b525-3ba65866d22c	half	\N	\N	\N	\N	\N	blue	\N	flex-row	reference	\N	\N	6886ac2fdf64ca6dd9ecfe6d	noChange
3	4a368400-b482-49c5-93c0-a896896439ea	b7769bf0-a0d4-4ea6-b8e3-f0d610664184	half	\N	\N	\N	\N	\N	blue	\N	flex-row	reference	\N	\N	6886ac36df64ca6dd9ecfe70	noChange
1	409db2c8-05c6-45ac-83a6-046102d21fdb	dd778e10-34c0-48dc-bd9f-ad3834645763	half	\N	\N	\N	\N	\N	blue	\N	flex-row	reference	\N	\N	6886ac0edf64ca6dd9ecfe6b	noChange
2	409db2c8-05c6-45ac-83a6-046102d21fdb	bc00fdda-849a-459d-b7cc-b8a06944cbce	half	\N	\N	\N	\N	\N	blue	\N	flex-row	reference	\N	\N	6886ac2fdf64ca6dd9ecfe6d	noChange
3	409db2c8-05c6-45ac-83a6-046102d21fdb	d034f5cc-6b30-481a-85e5-a2680078b4a3	half	\N	\N	\N	\N	\N	blue	\N	flex-row	reference	\N	\N	6886ac36df64ca6dd9ecfe70	noChange
1	dc2bc5ad-30e3-4a2f-ae56-ab29a28f9f74	002ae730-50e8-4c2f-8813-3190563649ae	half	\N	\N	\N	\N	\N	blue	\N	flex-row	reference	\N	\N	6886ac0edf64ca6dd9ecfe6b	noChange
2	dc2bc5ad-30e3-4a2f-ae56-ab29a28f9f74	a12bdd7b-2b2a-4d8f-93ee-41f6c0480b14	half	\N	\N	\N	\N	\N	blue	\N	flex-row	reference	\N	\N	6886ac2fdf64ca6dd9ecfe6d	noChange
3	dc2bc5ad-30e3-4a2f-ae56-ab29a28f9f74	ff38e19e-2adf-4a11-bc76-49e4ca672135	half	\N	\N	\N	\N	\N	blue	\N	flex-row	reference	\N	\N	6886ac36df64ca6dd9ecfe70	noChange
1	0d95d0e4-8eed-4815-a99c-4132ea293947	583f472c-6e64-4921-9eaf-7b4e103b03e7	half	\N	\N	\N	\N	\N	blue	\N	flex-row	reference	\N	\N	688694e973e9e43a4a6e3c06	noChange
2	0d95d0e4-8eed-4815-a99c-4132ea293947	93186197-319c-43bc-8275-13d466b25cb1	half	\N	\N	\N	\N	\N	blue	\N	flex-row	reference	\N	\N	688694f973e9e43a4a6e3c07	noChange
3	0d95d0e4-8eed-4815-a99c-4132ea293947	74188cb7-9bd6-44a1-bb13-f4b07ff506ef	half	\N	\N	\N	\N	\N	blue	\N	flex-row	reference	\N	\N	6886950873e9e43a4a6e3c08	noChange
1	d2154ee5-ff37-4393-97c5-08cb2e6dcc92	c3da117f-a09d-48f5-a1ec-756b37dc6426	full	\N	t	\N	\N	label	outline	\N	flex-row	reference	\N	\N	688695df73e9e43a4a6e3c0b	noChange
2	d2154ee5-ff37-4393-97c5-08cb2e6dcc92	d330c48d-e2af-4df4-b8d8-4df6a90110e8	half	\N	t	\N	\N	label	outline	\N	flex-row	reference	\N	\N	6886984273e9e43a4a6e3c0d	noChange
3	d2154ee5-ff37-4393-97c5-08cb2e6dcc92	19e99c13-cec8-400c-b82d-a2419984f03e	half	\N	t	\N	\N	label	outline	\N	flex-row	reference	\N	\N	688698ec5a3935fab3feb215	noChange
1	3912fe30-df53-4088-ba30-5514e2517e95	7cb3651c-8c38-478e-95fd-c6ac01079aa1	half	\N	\N	t	\N	\N	blue	\N	flex-row	custom	\N	/	68869d6c5a3935fab3feb21a	noChange
1	42543955-c53d-4844-bab9-0eff2f462022	e63734ae-a4ff-475f-ad1a-b27172c18aaf	half	\N	\N	\N	\N	\N	blue	\N	flex-row	reference	\N	\N	688694e973e9e43a4a6e3c06	noChange
2	42543955-c53d-4844-bab9-0eff2f462022	9bc110b7-b225-4d71-bf65-f53575b3bbb4	half	\N	\N	\N	\N	\N	blue	\N	flex-row	reference	\N	\N	688694f973e9e43a4a6e3c07	noChange
3	42543955-c53d-4844-bab9-0eff2f462022	2770fb0b-92fe-4a6e-a3c3-797f83d00570	half	\N	\N	\N	\N	\N	blue	\N	flex-row	reference	\N	\N	6886950873e9e43a4a6e3c08	noChange
1	b370a6c4-d10a-4704-87f8-9494fb2eaab3	558a1bb4-d5c0-4af8-9df3-97113ea39b61	full	\N	t	\N	\N	label	outline	\N	flex-row	reference	\N	\N	688695df73e9e43a4a6e3c0b	noChange
2	b370a6c4-d10a-4704-87f8-9494fb2eaab3	bb30513b-dc58-4864-b665-af7856255b59	half	\N	t	\N	\N	label	outline	\N	flex-row	reference	\N	\N	6886984273e9e43a4a6e3c0d	noChange
3	b370a6c4-d10a-4704-87f8-9494fb2eaab3	831881ba-94c3-4615-a6d8-a72325a62a9a	half	\N	t	\N	\N	label	outline	\N	flex-row	reference	\N	\N	688698ec5a3935fab3feb215	noChange
1	31100521-532e-449d-a1bd-8e3c9ceaa4ea	17de926a-480c-476b-a9e8-9dae5df91531	half	\N	\N	t	\N	\N	blue	\N	flex-row	custom	\N	/	68869d6c5a3935fab3feb21a	noChange
1	3e5d3e77-f3ae-480b-a93f-8b516bc36f93	989a490b-e148-4718-a1d7-3313610dd7ad	half	\N	\N	\N	\N	\N	blue	\N	flex-row	reference	\N	\N	688694e973e9e43a4a6e3c06	noChange
2	3e5d3e77-f3ae-480b-a93f-8b516bc36f93	267f7c9a-0d0a-4d8b-8c5c-d5cae3b354d2	half	\N	\N	\N	\N	\N	blue	\N	flex-row	reference	\N	\N	688694f973e9e43a4a6e3c07	noChange
3	3e5d3e77-f3ae-480b-a93f-8b516bc36f93	027a48ae-6238-46a3-945b-f28532e068a5	half	\N	\N	\N	\N	\N	blue	\N	flex-row	reference	\N	\N	6886950873e9e43a4a6e3c08	noChange
1	3c356f56-872c-419a-80ba-c81a331f411e	c58d26ec-abd3-4d02-bed8-02be5bcffd52	full	\N	t	\N	\N	label	outline	\N	flex-row	reference	\N	\N	688695df73e9e43a4a6e3c0b	noChange
2	3c356f56-872c-419a-80ba-c81a331f411e	a4a6e6ee-88a8-4133-88b3-337e0d5e9b26	half	\N	t	\N	\N	label	outline	\N	flex-row	reference	\N	\N	6886984273e9e43a4a6e3c0d	noChange
3	3c356f56-872c-419a-80ba-c81a331f411e	66525287-a9c0-467b-b8a3-a99d05047e30	half	\N	t	\N	\N	label	outline	\N	flex-row	reference	\N	\N	688698ec5a3935fab3feb215	noChange
1	220634a4-4c37-4be1-936a-4eaa7b73a9e5	0bcc9b21-741e-417c-945b-62443a8a01dd	half	\N	\N	\N	\N	\N	blue	\N	flex-row	reference	\N	\N	6886ac0edf64ca6dd9ecfe6b	noChange
2	220634a4-4c37-4be1-936a-4eaa7b73a9e5	940b80c0-acc2-476a-9857-8fc561c57b8a	half	\N	\N	\N	\N	\N	blue	\N	flex-row	reference	\N	\N	6886ac2fdf64ca6dd9ecfe6d	noChange
3	220634a4-4c37-4be1-936a-4eaa7b73a9e5	82b9a5fc-e3df-4592-96e4-a74e1b54ccd6	half	\N	\N	\N	\N	\N	blue	\N	flex-row	reference	\N	\N	6886ac36df64ca6dd9ecfe70	noChange
1	d2099fb7-87fe-4fb9-8e90-385847bfb165	f5e682c6-0983-4aef-8c59-42fd441ff56c	half	\N	\N	\N	\N	\N	blue	\N	flex-row	reference	\N	\N	6886ac0edf64ca6dd9ecfe6b	noChange
2	d2099fb7-87fe-4fb9-8e90-385847bfb165	3805cac3-ae4b-4660-b5a0-37f089c6e852	half	\N	\N	\N	\N	\N	blue	\N	flex-row	reference	\N	\N	6886ac2fdf64ca6dd9ecfe6d	noChange
3	d2099fb7-87fe-4fb9-8e90-385847bfb165	f20250fe-c7a2-417d-8cb6-5058143a7fed	half	\N	\N	\N	\N	\N	blue	\N	flex-row	reference	\N	\N	6886ac36df64ca6dd9ecfe70	noChange
1	fc7ef4d6-3e67-4628-9232-13a63b624fd1	e80ef2fc-93a4-490b-84ce-889f75a635c0	half	\N	\N	\N	\N	\N	blue	\N	flex-row	reference	\N	\N	6886ac0edf64ca6dd9ecfe6b	noChange
2	fc7ef4d6-3e67-4628-9232-13a63b624fd1	7f5fcb02-8fea-4d1e-93c4-004294b31ea8	half	\N	\N	\N	\N	\N	blue	\N	flex-row	reference	\N	\N	6886ac2fdf64ca6dd9ecfe6d	noChange
3	fc7ef4d6-3e67-4628-9232-13a63b624fd1	322d5fd7-ec84-4c9f-a208-a08626fa753a	half	\N	\N	\N	\N	\N	blue	\N	flex-row	reference	\N	\N	6886ac36df64ca6dd9ecfe70	noChange
1	1d7f1371-babb-4760-ba9a-405cf0df7aeb	bf4813d2-9b02-442e-bdf5-844b6c728412	half	\N	\N	\N	\N	\N	blue	\N	flex-row	reference	\N	\N	6886ac0edf64ca6dd9ecfe6b	noChange
2	1d7f1371-babb-4760-ba9a-405cf0df7aeb	b6092d03-27c8-4ba8-93f6-dcb2928ad279	half	\N	\N	\N	\N	\N	blue	\N	flex-row	reference	\N	\N	6886ac2fdf64ca6dd9ecfe6d	noChange
3	1d7f1371-babb-4760-ba9a-405cf0df7aeb	15d074eb-fac8-4e44-8a8c-a540ce97083f	half	\N	\N	\N	\N	\N	blue	\N	flex-row	reference	\N	\N	6886ac36df64ca6dd9ecfe70	noChange
1	45fe1b85-c286-470c-ab84-ebc20576ef3f	b2acdd6a-1e57-438d-8cd3-5a0d46a42c62	half	\N	\N	\N	\N	\N	blue	\N	flex-row	reference	\N	\N	6886ac0edf64ca6dd9ecfe6b	noChange
2	45fe1b85-c286-470c-ab84-ebc20576ef3f	4ddf869e-0c6f-4c87-ae55-aa4ce2996f68	half	\N	\N	\N	\N	\N	blue	\N	flex-row	reference	\N	\N	6886ac2fdf64ca6dd9ecfe6d	noChange
1	46454ef3-65c7-4632-8f01-215ed82a427f	26e296ab-f4ed-4686-ab57-5cab29d3d04f	half	\N	\N	\N	\N	\N	blue	\N	flex-row	reference	\N	\N	688694e973e9e43a4a6e3c06	noChange
2	46454ef3-65c7-4632-8f01-215ed82a427f	4f664156-f650-4fdf-960e-3cc178372a32	half	\N	\N	\N	\N	\N	blue	\N	flex-row	reference	\N	\N	688694f973e9e43a4a6e3c07	noChange
3	46454ef3-65c7-4632-8f01-215ed82a427f	303006bd-f883-4202-b75a-1a6feb87f8be	half	\N	\N	\N	\N	\N	blue	\N	flex-row	reference	\N	\N	6886950873e9e43a4a6e3c08	noChange
1	56f8f63a-0e2e-402b-b772-c89f7c7a9756	9eca749e-ce4e-4931-a7f8-eceacf7cfeab	full	\N	t	\N	\N	label	outline	\N	flex-row	reference	\N	\N	688695df73e9e43a4a6e3c0b	noChange
2	56f8f63a-0e2e-402b-b772-c89f7c7a9756	8365da68-bebd-4077-a711-9956ee1c99a3	half	\N	t	\N	\N	label	outline	\N	flex-row	reference	\N	\N	6886984273e9e43a4a6e3c0d	noChange
3	56f8f63a-0e2e-402b-b772-c89f7c7a9756	237beef4-d911-44d7-b7ad-4aaae2478a8e	half	\N	t	\N	\N	label	outline	\N	flex-row	reference	\N	\N	688698ec5a3935fab3feb215	noChange
1	a173d6f1-ba4a-49e9-bd25-47ebab316458	7513d516-7ac5-448b-b694-fb2e8d447f22	half	\N	\N	t	\N	\N	blue	\N	flex-row	custom	\N	/	68869d6c5a3935fab3feb21a	noChange
1	b31806a0-8f44-4a3f-ab52-13e2f4a99762	ca72e0fd-c041-45ab-b1eb-b157d43c90e3	half	\N	\N	\N	\N	\N	blue	\N	flex-row	reference	\N	\N	688694e973e9e43a4a6e3c06	noChange
2	b31806a0-8f44-4a3f-ab52-13e2f4a99762	f98f465e-71f5-4102-8f65-e39acda8fd74	half	\N	\N	\N	\N	\N	blue	\N	flex-row	reference	\N	\N	688694f973e9e43a4a6e3c07	noChange
3	b31806a0-8f44-4a3f-ab52-13e2f4a99762	9b40ba8e-5f97-46ba-b0e0-68c82fd1c195	half	\N	\N	\N	\N	\N	blue	\N	flex-row	reference	\N	\N	6886950873e9e43a4a6e3c08	noChange
1	b290ce6b-78fb-463b-9742-08a65cec043d	3b3f7463-4934-4ade-868f-5cab47f45825	full	\N	t	\N	\N	label	outline	\N	flex-row	reference	\N	\N	688695df73e9e43a4a6e3c0b	noChange
2	b290ce6b-78fb-463b-9742-08a65cec043d	be75b1f3-efa3-4c4e-96f5-1141ed154a70	half	\N	t	\N	\N	label	outline	\N	flex-row	reference	\N	\N	6886984273e9e43a4a6e3c0d	noChange
3	b290ce6b-78fb-463b-9742-08a65cec043d	fdc53398-ffa8-4520-ba41-d700d71c6d24	half	\N	t	\N	\N	label	outline	\N	flex-row	reference	\N	\N	688698ec5a3935fab3feb215	noChange
1	7fae5c52-ffa9-4dac-b947-eec589801593	478568a5-2651-44bb-bb4e-649054bf3129	half	\N	\N	t	\N	\N	blue	\N	flex-row	custom	\N	/	68869d6c5a3935fab3feb21a	noChange
1	d4057bb9-1cee-4823-b698-6740fa409c1c	157ecd1f-576f-4389-ae86-874661921482	half	\N	\N	t	\N	\N	blue	\N	flex-row	custom	\N	/	68869d6c5a3935fab3feb21a	noChange
1	5280275d-4d50-47c7-b03d-1aeaac5ca4ff	0b69caa1-4f65-4d0a-895c-f20305407367	half	\N	\N	\N	\N	\N	blue	\N	flex-row	reference	\N	\N	688694e973e9e43a4a6e3c06	noChange
2	5280275d-4d50-47c7-b03d-1aeaac5ca4ff	99c1185c-6b26-494b-8c1e-8ddbc005b8a9	half	\N	\N	\N	\N	\N	blue	\N	flex-row	reference	\N	\N	688694f973e9e43a4a6e3c07	noChange
3	5280275d-4d50-47c7-b03d-1aeaac5ca4ff	259fa302-4662-4136-a35a-c83e95fde294	half	\N	\N	\N	\N	\N	blue	\N	flex-row	reference	\N	\N	6886950873e9e43a4a6e3c08	noChange
1	0db84ba0-abe7-4ad4-b597-8d5ad6c066dd	4190b80b-b21f-429a-a33a-3d2485143faf	full	\N	t	\N	\N	label	outline	\N	flex-row	reference	\N	\N	688695df73e9e43a4a6e3c0b	noChange
2	0db84ba0-abe7-4ad4-b597-8d5ad6c066dd	976a900e-f06a-4fc2-a2df-9ef37d565a31	half	\N	t	\N	\N	label	outline	\N	flex-row	reference	\N	\N	6886984273e9e43a4a6e3c0d	noChange
3	0db84ba0-abe7-4ad4-b597-8d5ad6c066dd	8fd665b0-b5c7-46b9-980e-845b2e5d59b6	half	\N	t	\N	\N	label	outline	\N	flex-row	reference	\N	\N	688698ec5a3935fab3feb215	noChange
1	64188f3d-548b-4db0-9d0e-97524b3519bf	f5425ec7-0315-4194-842c-7437e3c70779	half	\N	\N	t	\N	\N	blue	\N	flex-row	custom	\N	/	68869d6c5a3935fab3feb21a	noChange
3	45fe1b85-c286-470c-ab84-ebc20576ef3f	7d9b3bd4-8827-4c30-bad1-7459bf74c290	half	\N	\N	\N	\N	\N	blue	\N	flex-row	reference	\N	\N	6886ac36df64ca6dd9ecfe70	noChange
1	d8e64d62-86b1-4ac3-9451-c38dd5fb4859	bd7e2fae-b517-4cfd-a098-377bd600d55c	half	\N	\N	\N	\N	\N	blue	\N	flex-row	reference	\N	\N	688694e973e9e43a4a6e3c06	noChange
2	d8e64d62-86b1-4ac3-9451-c38dd5fb4859	7888e536-5dd6-496f-b701-938561375d74	half	\N	\N	\N	\N	\N	blue	\N	flex-row	reference	\N	\N	688694f973e9e43a4a6e3c07	noChange
3	d8e64d62-86b1-4ac3-9451-c38dd5fb4859	5d3fd021-049a-4e99-83ed-2e5d0927a84e	half	\N	\N	\N	\N	\N	blue	\N	flex-row	reference	\N	\N	6886950873e9e43a4a6e3c08	noChange
1	b243bd60-fe01-4917-bbe2-1db02017b569	f179ba69-386b-4367-8ea2-1485e485a256	full	\N	t	\N	\N	label	outline	\N	flex-row	reference	\N	\N	688695df73e9e43a4a6e3c0b	noChange
2	b243bd60-fe01-4917-bbe2-1db02017b569	00d6d7b4-f19d-4221-bce5-2ee33b40544e	half	\N	t	\N	\N	label	outline	\N	flex-row	reference	\N	\N	6886984273e9e43a4a6e3c0d	noChange
3	b243bd60-fe01-4917-bbe2-1db02017b569	d716c7aa-06ae-4dfe-b9e4-893323f21fc6	half	\N	t	\N	\N	label	outline	\N	flex-row	reference	\N	\N	688698ec5a3935fab3feb215	noChange
1	1c78dcce-1bb9-492e-b0b2-e0de2a74c06c	0a107401-d9cb-4fbe-9220-b624783b8209	half	\N	\N	t	\N	\N	blue	\N	flex-row	custom	\N	/	68869d6c5a3935fab3feb21a	noChange
1	cfd99805-d172-47f9-aab2-17f55bdac45d	e0179a01-7152-42be-89a5-e6e4a973b2ca	half	\N	\N	\N	\N	\N	blue	\N	flex-row	reference	\N	\N	6886ac0edf64ca6dd9ecfe6b	noChange
1	89e22f08-46eb-4b06-b989-ea464615bee9	662bbff6-10af-417e-b4a6-5c000ef958c1	half	\N	\N	\N	\N	\N	blue	\N	flex-row	reference	\N	\N	6886ac0edf64ca6dd9ecfe6b	noChange
2	89e22f08-46eb-4b06-b989-ea464615bee9	d40ece6a-3d22-44c1-8b8f-d84b1c353b3a	half	\N	\N	\N	\N	\N	blue	\N	flex-row	reference	\N	\N	6886ac2fdf64ca6dd9ecfe6d	noChange
3	89e22f08-46eb-4b06-b989-ea464615bee9	e908829f-5e98-4ae6-b9f0-e82d5dc8a34e	half	\N	\N	\N	\N	\N	blue	\N	flex-row	reference	\N	\N	6886ac36df64ca6dd9ecfe70	noChange
1	96784687-51f5-4ef8-a2f8-c9d1ee9c0759	733afaaf-a525-4a9e-91bc-09a22aa9aa1c	half	\N	\N	\N	\N	\N	blue	\N	flex-row	reference	\N	\N	6886ac0edf64ca6dd9ecfe6b	noChange
2	96784687-51f5-4ef8-a2f8-c9d1ee9c0759	13833416-d28e-4fdc-8f91-5ae194843339	half	\N	\N	\N	\N	\N	blue	\N	flex-row	reference	\N	\N	6886ac2fdf64ca6dd9ecfe6d	noChange
3	96784687-51f5-4ef8-a2f8-c9d1ee9c0759	4d318782-35c6-41ef-80bf-3d6e8cdab138	half	\N	\N	\N	\N	\N	blue	\N	flex-row	reference	\N	\N	6886ac36df64ca6dd9ecfe70	noChange
1	2aa8c68c-59cd-457b-abcd-8993329f6a68	d6e3e841-106d-4dd6-b67f-8687086e8300	half	\N	\N	\N	\N	\N	blue	\N	flex-row	reference	\N	\N	6886ac0edf64ca6dd9ecfe6b	noChange
2	2aa8c68c-59cd-457b-abcd-8993329f6a68	c515406f-9ca2-42db-ba7e-a8b1fe17c3ba	half	\N	\N	\N	\N	\N	blue	\N	flex-row	reference	\N	\N	6886ac2fdf64ca6dd9ecfe6d	noChange
3	2aa8c68c-59cd-457b-abcd-8993329f6a68	9fd97da8-6996-455e-a625-2381822ca9ac	half	\N	\N	\N	\N	\N	blue	\N	flex-row	reference	\N	\N	6886ac36df64ca6dd9ecfe70	noChange
1	3978e94e-2841-4ec2-a4de-f8054f30effd	1a0a1c42-e33c-4d66-a511-be123cd456d7	half	\N	\N	\N	\N	\N	blue	\N	flex-row	reference	\N	\N	6886ac0edf64ca6dd9ecfe6b	noChange
2	3978e94e-2841-4ec2-a4de-f8054f30effd	d75dfab3-9de7-442c-8d78-643889395eee	half	\N	\N	\N	\N	\N	blue	\N	flex-row	reference	\N	\N	6886ac2fdf64ca6dd9ecfe6d	noChange
3	3978e94e-2841-4ec2-a4de-f8054f30effd	1bbfd28a-3816-432f-8eec-f3b49bd11cc6	half	\N	\N	\N	\N	\N	blue	\N	flex-row	reference	\N	\N	6886ac36df64ca6dd9ecfe70	noChange
1	d53d45fc-d873-4a78-9d8e-22b9f8075c16	fecb5a44-32db-4ea5-bc67-cf4b0062bae1	full	\N	t	\N	\N	label	outline	\N	flex-row	reference	\N	\N	688695df73e9e43a4a6e3c0b	noChange
2	d53d45fc-d873-4a78-9d8e-22b9f8075c16	a7d92552-bf40-4c67-9933-fb858bfc4ce9	half	\N	t	\N	\N	label	outline	\N	flex-row	reference	\N	\N	6886984273e9e43a4a6e3c0d	noChange
3	d53d45fc-d873-4a78-9d8e-22b9f8075c16	a2d25223-ae1e-459f-8748-cf27e06b32aa	half	\N	t	\N	\N	label	outline	\N	flex-row	reference	\N	\N	688698ec5a3935fab3feb215	noChange
1	767b7c00-1897-42d3-be2e-6682bf11c6cc	27e4ccc0-5b26-400a-a157-61c008f3d5b5	half	\N	\N	t	\N	\N	blue	\N	flex-row	custom	\N	/	68869d6c5a3935fab3feb21a	noChange
1	be8dca89-74f3-4f35-82ee-14afc620808b	7d0025b3-afb2-4419-9be8-e4378030149a	half	\N	\N	\N	\N	\N	blue	\N	flex-row	reference	\N	\N	688694e973e9e43a4a6e3c06	noChange
2	be8dca89-74f3-4f35-82ee-14afc620808b	6843cdfe-4da7-4193-99d6-4f155929f945	half	\N	\N	\N	\N	\N	blue	\N	flex-row	reference	\N	\N	688694f973e9e43a4a6e3c07	noChange
3	be8dca89-74f3-4f35-82ee-14afc620808b	ab94111f-a235-4473-8e94-59089b4f2783	half	\N	\N	\N	\N	\N	blue	\N	flex-row	reference	\N	\N	6886950873e9e43a4a6e3c08	noChange
1	764ed95d-be62-4a6a-be5d-de09f2ba4ed7	4f7dc80b-96e7-4c55-9877-229d19b52ff5	full	\N	t	\N	\N	label	outline	\N	flex-row	reference	\N	\N	688695df73e9e43a4a6e3c0b	noChange
2	764ed95d-be62-4a6a-be5d-de09f2ba4ed7	66d48ad9-0b01-413a-95f6-26f89c107d86	half	\N	t	\N	\N	label	outline	\N	flex-row	reference	\N	\N	6886984273e9e43a4a6e3c0d	noChange
3	764ed95d-be62-4a6a-be5d-de09f2ba4ed7	c1777401-00cb-4004-9504-e645028a0ada	half	\N	t	\N	\N	label	outline	\N	flex-row	reference	\N	\N	688698ec5a3935fab3feb215	noChange
1	090df94b-27fd-4e5f-baf8-9a1d5d5da341	0264843b-c2cd-4fad-91f1-42c3451001e3	half	\N	\N	t	\N	\N	blue	\N	flex-row	custom	\N	/	68869d6c5a3935fab3feb21a	noChange
1	c17b1e3b-3808-4e7d-90f9-498bee1058bd	1cbbec31-de3f-4b14-83e2-e08bce565cbf	half	\N	\N	\N	\N	\N	blue	\N	flex-row	reference	\N	\N	688694e973e9e43a4a6e3c06	noChange
1	4db3b9eb-f20b-4928-9be2-dcff601a4f23	a08b0f90-55b5-41e8-8b87-50785eecd1bc	half	\N	\N	\N	\N	\N	blue	\N	flex-row	reference	\N	\N	688694e973e9e43a4a6e3c06	noChange
2	4db3b9eb-f20b-4928-9be2-dcff601a4f23	afec06f3-76f6-4ed5-9d36-d230d33467d4	half	\N	\N	\N	\N	\N	blue	\N	flex-row	reference	\N	\N	688694f973e9e43a4a6e3c07	noChange
3	4db3b9eb-f20b-4928-9be2-dcff601a4f23	b7cc03ec-372e-4397-a748-a8f1550be5c6	half	\N	\N	\N	\N	\N	blue	\N	flex-row	reference	\N	\N	6886950873e9e43a4a6e3c08	noChange
1	1ac4faaa-ff50-4577-8279-ff4a6c395bfd	326a423b-66e5-4efd-885a-aff2b5dd2e64	full	\N	t	\N	\N	label	outline	\N	flex-row	reference	\N	\N	688695df73e9e43a4a6e3c0b	noChange
2	1ac4faaa-ff50-4577-8279-ff4a6c395bfd	fc5952c6-eac9-4c7e-a010-9e06d6a012bb	half	\N	t	\N	\N	label	outline	\N	flex-row	reference	\N	\N	6886984273e9e43a4a6e3c0d	noChange
3	1ac4faaa-ff50-4577-8279-ff4a6c395bfd	1d6fef71-1e28-49d1-88de-b045ef9eb0c2	half	\N	t	\N	\N	label	outline	\N	flex-row	reference	\N	\N	688698ec5a3935fab3feb215	noChange
1	1d41680c-ee7f-4b86-af12-54582cc01082	ca2bba31-edf3-4c22-abf1-0bef4d54f14a	half	\N	\N	t	\N	\N	blue	\N	flex-row	custom	\N	/	68869d6c5a3935fab3feb21a	noChange
1	83ae1d07-a3d0-484c-b834-e49b255fe2c0	a009aecb-af58-4994-92f7-1d6ba9556ed0	half	\N	\N	\N	\N	\N	blue	\N	flex-row	reference	\N	\N	688694e973e9e43a4a6e3c06	noChange
2	83ae1d07-a3d0-484c-b834-e49b255fe2c0	475d5e43-4452-4c3a-a3a7-95e6cb39934c	half	\N	\N	\N	\N	\N	blue	\N	flex-row	reference	\N	\N	688694f973e9e43a4a6e3c07	noChange
3	83ae1d07-a3d0-484c-b834-e49b255fe2c0	6f150a96-3945-495d-8342-048758ec5b3d	half	\N	\N	\N	\N	\N	blue	\N	flex-row	reference	\N	\N	6886950873e9e43a4a6e3c08	noChange
1	969b59c0-559f-41e9-85c9-1a6652400c6f	b60d7bfc-ce64-483c-a3f1-5f98c36d069f	full	\N	t	\N	\N	label	outline	\N	flex-row	reference	\N	\N	688695df73e9e43a4a6e3c0b	noChange
2	969b59c0-559f-41e9-85c9-1a6652400c6f	922f7248-b660-4324-81d7-30a04dc0d12a	half	\N	t	\N	\N	label	outline	\N	flex-row	reference	\N	\N	6886984273e9e43a4a6e3c0d	noChange
3	969b59c0-559f-41e9-85c9-1a6652400c6f	816c330d-0896-4683-8df0-e26ae4f45c44	half	\N	t	\N	\N	label	outline	\N	flex-row	reference	\N	\N	688698ec5a3935fab3feb215	noChange
1	42492313-848a-456f-a8c5-5bf4492a8ec7	4dc9b16f-d06d-4ed2-98db-58aa7d4c040e	half	\N	\N	t	\N	\N	blue	\N	flex-row	custom	\N	/	68869d6c5a3935fab3feb21a	noChange
1	8a89b85e-edb1-4c7d-af78-613fb249750b	e9ae8501-1f3b-416d-97e1-fe37b1122e33	half	\N	\N	\N	\N	\N	blue	\N	flex-row	reference	\N	\N	688694e973e9e43a4a6e3c06	noChange
2	8a89b85e-edb1-4c7d-af78-613fb249750b	c148f978-7996-4997-b915-0988274b0857	half	\N	\N	\N	\N	\N	blue	\N	flex-row	reference	\N	\N	688694f973e9e43a4a6e3c07	noChange
3	8a89b85e-edb1-4c7d-af78-613fb249750b	6ac0efcb-823b-48b7-b94d-9f74157d6f02	half	\N	\N	\N	\N	\N	blue	\N	flex-row	reference	\N	\N	6886950873e9e43a4a6e3c08	noChange
1	6a280100-add4-49ad-95ac-90597a7da682	c3ac3689-401e-48ad-a396-34223738e2c9	full	\N	t	\N	\N	label	outline	\N	flex-row	reference	\N	\N	688695df73e9e43a4a6e3c0b	noChange
2	6a280100-add4-49ad-95ac-90597a7da682	d2e30f0e-fc35-4021-a92b-129c33df52cc	half	\N	t	\N	\N	label	outline	\N	flex-row	reference	\N	\N	6886984273e9e43a4a6e3c0d	noChange
3	6a280100-add4-49ad-95ac-90597a7da682	1564dfe4-ff14-482d-9cf4-403dde755348	half	\N	t	\N	\N	label	outline	\N	flex-row	reference	\N	\N	688698ec5a3935fab3feb215	noChange
1	20df0ff6-08e0-4ff5-b29b-805c8b5ee4bd	501406dd-5d68-4830-a487-c59c7a8b0f98	half	\N	\N	t	\N	\N	blue	\N	flex-row	custom	\N	/	68869d6c5a3935fab3feb21a	noChange
2	c17b1e3b-3808-4e7d-90f9-498bee1058bd	e6fbdf5d-9b9c-4493-a306-24d2f2b54b0f	half	\N	\N	\N	\N	\N	blue	\N	flex-row	reference	\N	\N	688694f973e9e43a4a6e3c07	noChange
3	c17b1e3b-3808-4e7d-90f9-498bee1058bd	66450d45-7dd7-4304-9250-0cbfbe90bd4a	half	\N	\N	\N	\N	\N	blue	\N	flex-row	reference	\N	\N	6886950873e9e43a4a6e3c08	noChange
1	91e9ca25-4e18-482d-8c79-b73c503e9e03	9e7d6d08-2852-4470-b2b6-2394568b1b3b	full	\N	t	\N	\N	label	outline	\N	flex-row	reference	\N	\N	688695df73e9e43a4a6e3c0b	noChange
2	91e9ca25-4e18-482d-8c79-b73c503e9e03	2d3809bd-df38-4537-b3eb-fc4ec660707f	half	\N	t	\N	\N	label	outline	\N	flex-row	reference	\N	\N	6886984273e9e43a4a6e3c0d	noChange
3	91e9ca25-4e18-482d-8c79-b73c503e9e03	87b03f8b-365c-4fc6-91c6-a27107a929a2	half	\N	t	\N	\N	label	outline	\N	flex-row	reference	\N	\N	688698ec5a3935fab3feb215	noChange
1	879d1fec-d0f6-47db-8115-ec4fa2a2c95a	92229873-60c6-4a01-8a10-6a2e03e9ef5a	half	\N	\N	t	\N	\N	blue	\N	flex-row	custom	\N	/	68869d6c5a3935fab3feb21a	noChange
1	83e89ed3-1fef-4a8d-9d37-d4daac4ab2a4	2ea5c96f-9a77-4665-a937-5dd02b955f83	half	accessibility-line	\N	\N	\N	\N	blue	\N	flex-row	reference	\N	\N	6886ac0edf64ca6dd9ecfe6b	noChange
2	83e89ed3-1fef-4a8d-9d37-d4daac4ab2a4	3d30a86d-1661-4173-a2e7-9ae227d1db44	half	line-chart-line	\N	\N	\N	\N	blue	\N	flex-row	reference	\N	\N	6886ac2fdf64ca6dd9ecfe6d	noChange
3	83e89ed3-1fef-4a8d-9d37-d4daac4ab2a4	05f4cdcf-1deb-4bec-bd7c-baf2792f8d09	half	shield-star-line	\N	\N	\N	\N	blue	\N	flex-row	reference	\N	\N	6886ac36df64ca6dd9ecfe70	noChange
1	274752fe-78e5-4bcb-b2d4-d64b5686cb60	479fdb3b-68a0-461d-b521-813f27dac6f7	half	accessibility-line	\N	\N	\N	\N	blue	\N	flex-row	reference	\N	\N	6886ac0edf64ca6dd9ecfe6b	noChange
2	274752fe-78e5-4bcb-b2d4-d64b5686cb60	7799ad44-687f-4c80-99df-b69057d80ce5	half	line-chart-line	\N	\N	\N	\N	blue	\N	flex-row	reference	\N	\N	6886ac2fdf64ca6dd9ecfe6d	noChange
3	274752fe-78e5-4bcb-b2d4-d64b5686cb60	e6934e29-8f84-4cb0-81df-9b6bd48c383c	half	shield-star-line	\N	\N	\N	\N	blue	\N	flex-row	reference	\N	\N	6886ac36df64ca6dd9ecfe70	noChange
1	abeddfc5-570e-40f0-ac73-391235569c45	a189bf7d-f70f-4834-b5d6-d61f9aab59f7	half	\N	\N	\N	\N	\N	blue	\N	flex-row	reference	\N	\N	688694e973e9e43a4a6e3c06	noChange
2	abeddfc5-570e-40f0-ac73-391235569c45	5dac6a8f-bf42-4df2-af6d-84807b900e7c	half	\N	\N	\N	\N	\N	blue	\N	flex-row	reference	\N	\N	688694f973e9e43a4a6e3c07	noChange
3	abeddfc5-570e-40f0-ac73-391235569c45	3e167708-b414-4513-b38a-02dc83a9182f	half	\N	\N	\N	\N	\N	blue	\N	flex-row	reference	\N	\N	6886950873e9e43a4a6e3c08	noChange
1	526608bc-69f2-4991-ae13-9fe3da69a4d0	e57546f2-7633-4db0-a860-4b6a1b8b5bb2	full	\N	t	\N	\N	label	outline	\N	flex-row	reference	\N	\N	688695df73e9e43a4a6e3c0b	noChange
2	526608bc-69f2-4991-ae13-9fe3da69a4d0	f707c295-5267-419d-b00e-07ee353d66ae	half	\N	t	\N	\N	label	outline	\N	flex-row	reference	\N	\N	6886984273e9e43a4a6e3c0d	noChange
3	526608bc-69f2-4991-ae13-9fe3da69a4d0	970db27a-064b-4594-be2f-1e798542d0c3	half	\N	t	\N	\N	label	outline	\N	flex-row	reference	\N	\N	688698ec5a3935fab3feb215	noChange
1	f5ed2bfe-69fe-4506-80df-8eab89a8e555	0f58c5eb-7aaf-432f-ab3e-ec04d27b623d	half	\N	\N	t	\N	\N	blue	\N	flex-row	custom	\N	/	68869d6c5a3935fab3feb21a	noChange
1	6ae60f62-e703-47c7-b69b-ba766c4818ef	1719d78f-f8d4-484d-9a3a-3d5c1a8e74a6	half	\N	\N	\N	\N	\N	blue	\N	flex-row	reference	\N	\N	688694e973e9e43a4a6e3c06	noChange
2	6ae60f62-e703-47c7-b69b-ba766c4818ef	cc30203f-1d07-4f67-a416-808d1152d7de	half	\N	\N	\N	\N	\N	blue	\N	flex-row	reference	\N	\N	688694f973e9e43a4a6e3c07	noChange
3	6ae60f62-e703-47c7-b69b-ba766c4818ef	c8709591-d659-4e94-a16e-9cd2b2680610	half	\N	\N	\N	\N	\N	blue	\N	flex-row	reference	\N	\N	6886950873e9e43a4a6e3c08	noChange
1	30c0fb2c-73ad-461b-be52-9495d71c602d	740f6b74-b2c3-4103-8798-ad88f25571a5	full	\N	t	\N	\N	label	outline	\N	flex-row	reference	\N	\N	688695df73e9e43a4a6e3c0b	noChange
2	30c0fb2c-73ad-461b-be52-9495d71c602d	65637100-6446-4581-8dd7-0034ffe6a7ed	half	\N	t	\N	\N	label	outline	\N	flex-row	reference	\N	\N	6886984273e9e43a4a6e3c0d	noChange
3	30c0fb2c-73ad-461b-be52-9495d71c602d	f117634c-4f2b-432e-8981-37592c8ea345	half	\N	t	\N	\N	label	outline	\N	flex-row	reference	\N	\N	688698ec5a3935fab3feb215	noChange
1	8d4ca5e2-759a-4777-96ea-883abadc904b	925a6bb5-6db5-47eb-b3c4-db5b22ab09a8	half	\N	\N	t	\N	\N	blue	\N	flex-row	custom	\N	/	68869d6c5a3935fab3feb21a	noChange
1	706db240-1d25-4ffb-870b-2f04e3f2add0	71f85c9d-3b7f-46e4-b325-2e2c38c10c6b	half	\N	\N	\N	\N	\N	blue	\N	flex-row	reference	\N	\N	688694e973e9e43a4a6e3c06	noChange
2	706db240-1d25-4ffb-870b-2f04e3f2add0	a82de0fb-c523-474a-8bae-ff71f3c87410	half	\N	\N	\N	\N	\N	blue	\N	flex-row	reference	\N	\N	688694f973e9e43a4a6e3c07	noChange
3	706db240-1d25-4ffb-870b-2f04e3f2add0	9d6f3458-8095-418e-9967-4fc193c241fc	half	\N	\N	\N	\N	\N	blue	\N	flex-row	reference	\N	\N	6886950873e9e43a4a6e3c08	noChange
1	96263471-3bed-4d5c-bccb-4f1c437c2a4c	1c716589-d83d-4234-9c50-ab0eea7f97ee	full	\N	t	\N	\N	label	outline	\N	flex-row	reference	\N	\N	688695df73e9e43a4a6e3c0b	noChange
2	96263471-3bed-4d5c-bccb-4f1c437c2a4c	a56881ae-1db3-4d70-b33c-e8f5ca55323e	half	\N	t	\N	\N	label	outline	\N	flex-row	reference	\N	\N	6886984273e9e43a4a6e3c0d	noChange
3	96263471-3bed-4d5c-bccb-4f1c437c2a4c	4a429bdf-d961-42d6-b57c-8bf07df07181	half	\N	t	\N	\N	label	outline	\N	flex-row	reference	\N	\N	688698ec5a3935fab3feb215	noChange
1	ffa0f63d-e94d-4b43-b00f-6d4e232caf6e	8782f13b-3e8e-4c58-924c-44c4e7947b97	half	\N	\N	t	\N	\N	blue	\N	flex-row	custom	\N	/	68869d6c5a3935fab3feb21a	noChange
1	8ea6b236-0a64-4f65-917d-6e91a8c37880	45b7bcc4-6017-4968-88f4-feb843f1f5b5	half	accessibility-line	\N	\N	\N	\N	blue	\N	flex-row	reference	\N	\N	6886ac0edf64ca6dd9ecfe6b	noChange
2	8ea6b236-0a64-4f65-917d-6e91a8c37880	cb06746f-ee99-4523-9316-fbd784dc2c89	half	line-chart-line	\N	\N	\N	\N	blue	\N	flex-row	reference	\N	\N	6886ac2fdf64ca6dd9ecfe6d	noChange
3	8ea6b236-0a64-4f65-917d-6e91a8c37880	7155e2df-88ef-4a11-b15d-26496adac7a5	half	shield-star-line	\N	\N	\N	\N	blue	\N	flex-row	reference	\N	\N	6886ac36df64ca6dd9ecfe70	noChange
1	abedb9ed-e2be-429e-b8dd-d06af3a48325	fbcaa3c9-a571-4977-9157-69f07bd71b44	half	accessibility-line	\N	\N	\N	\N	blue	\N	flex-row	reference	\N	\N	6886ac0edf64ca6dd9ecfe6b	noChange
2	abedb9ed-e2be-429e-b8dd-d06af3a48325	e2ebdbd6-0e45-4f0d-adb2-ec58006a3698	half	line-chart-line	\N	\N	\N	\N	blue	\N	flex-row	reference	\N	\N	6886ac2fdf64ca6dd9ecfe6d	noChange
3	abedb9ed-e2be-429e-b8dd-d06af3a48325	18034d2d-ba2f-430b-83b5-3f9af226e811	half	shield-star-line	\N	\N	\N	\N	blue	\N	flex-row	reference	\N	\N	6886ac36df64ca6dd9ecfe70	noChange
1	0dc27697-31c7-4804-b2b5-e82a4c03dacb	07594a77-8581-4d7b-b51b-1566b3993398	half	\N	\N	\N	\N	\N	blue	\N	flex-row	reference	\N	\N	688694e973e9e43a4a6e3c06	noChange
2	0dc27697-31c7-4804-b2b5-e82a4c03dacb	04b85aa2-74c5-4b85-b8b4-67faf77fecf7	half	\N	\N	\N	\N	\N	blue	\N	flex-row	reference	\N	\N	688694f973e9e43a4a6e3c07	noChange
3	0dc27697-31c7-4804-b2b5-e82a4c03dacb	1d6d3efc-6765-4db1-9cc4-ef5f80536264	half	\N	\N	\N	\N	\N	blue	\N	flex-row	reference	\N	\N	6886950873e9e43a4a6e3c08	noChange
1	2b8b61f5-e215-44ec-b4d4-32d0bf8b2444	fc87b672-8507-446a-9fab-da19f739e3d9	full	\N	t	\N	\N	label	outline	\N	flex-row	reference	\N	\N	688695df73e9e43a4a6e3c0b	noChange
2	2b8b61f5-e215-44ec-b4d4-32d0bf8b2444	803bce0d-f71f-40c6-b2b8-e0197ba8dbdc	half	\N	t	\N	\N	label	outline	\N	flex-row	reference	\N	\N	6886984273e9e43a4a6e3c0d	noChange
3	2b8b61f5-e215-44ec-b4d4-32d0bf8b2444	7437c4e9-6b66-4b33-a698-ecd450ab041f	half	\N	t	\N	\N	label	outline	\N	flex-row	reference	\N	\N	688698ec5a3935fab3feb215	noChange
1	0168648d-8afa-4580-acbb-f35751973db4	122240a9-a953-4d1e-b4f7-ae7e7b8f32a5	half	\N	\N	t	\N	\N	blue	\N	flex-row	custom	\N	/	68869d6c5a3935fab3feb21a	noChange
1	88184f9b-2135-41ca-b467-c533d7ba42b8	4823cb43-5b38-4847-8462-55ba7a1b23c4	half	\N	\N	\N	\N	\N	blue	\N	flex-row	reference	\N	\N	688694e973e9e43a4a6e3c06	noChange
2	88184f9b-2135-41ca-b467-c533d7ba42b8	33311a8b-7713-4f49-a5a9-350629c289ab	half	\N	\N	\N	\N	\N	blue	\N	flex-row	reference	\N	\N	688694f973e9e43a4a6e3c07	noChange
3	88184f9b-2135-41ca-b467-c533d7ba42b8	90959b2e-355a-470b-aed9-984fbefd33fc	half	\N	\N	\N	\N	\N	blue	\N	flex-row	reference	\N	\N	6886950873e9e43a4a6e3c08	noChange
1	30fa16b8-ad3b-4728-9e48-be9c9b11a664	a4d539a2-0597-4948-bb82-4caadd83d90f	full	\N	t	\N	\N	label	outline	\N	flex-row	reference	\N	\N	688695df73e9e43a4a6e3c0b	noChange
2	30fa16b8-ad3b-4728-9e48-be9c9b11a664	a87a44b1-d0ad-4cb4-b732-7ea30809c7eb	half	\N	t	\N	\N	label	outline	\N	flex-row	reference	\N	\N	6886984273e9e43a4a6e3c0d	noChange
3	30fa16b8-ad3b-4728-9e48-be9c9b11a664	2c23b183-cf4f-4c2b-9cc2-b609059a0b9d	half	\N	t	\N	\N	label	outline	\N	flex-row	reference	\N	\N	688698ec5a3935fab3feb215	noChange
1	483fd136-9925-4729-a482-b191cc2619fd	86c9165f-7935-40db-a3cb-c9f056d82d09	half	\N	\N	t	\N	\N	blue	\N	flex-row	custom	\N	/	68869d6c5a3935fab3feb21a	noChange
\.


--
-- Data for Name: _featuresBlock_v_columns_locales; Type: TABLE DATA; Schema: public; Owner: -
--

COPY "public"."_featuresBlock_v_columns_locales" ("image_id", "content_title", "content_subtitle", "rich_text_content", "badge_label", "link_label", "id", "_locale", "_parent_id", "stat_label", "stat_value") FROM stdin;
f8f05216-7b1e-4f38-9c78-712c86d1057c	         	\N	\N	\N	\N	445	ar	94eb72fa-c8f6-4765-b8e2-c3ea1fe1bf0c	\N	\N
edbc376c-731b-4c47-8220-478db6cd03e4	     	\N	\N	\N	\N	446	ar	5359852d-caf3-4f18-95d5-1259b5f5f653	\N	\N
712fc138-f7e2-48e4-bcc8-5e24ff9e79b7	     	\N	\N	\N	\N	447	ar	fa9e3381-9218-49d6-931f-c39c5560bd21	\N	\N
cd2d9b5d-5b74-4846-b1eb-85e3535f944a	\N	\N	{"root": {"type": "root", "format": "", "indent": 0, "version": 1, "children": [{"tag": "h3", "type": "heading", "format": "", "indent": 0, "version": 1, "children": [{"mode": "normal", "text": "       ", "type": "text", "style": "", "detail": 0, "format": 0, "version": 1}], "direction": "rtl"}, {"type": "paragraph", "format": "", "indent": 0, "version": 1, "children": [{"mode": "normal", "text": "    HungerStation  Jahez  Careem              .", "type": "text", "style": "", "detail": 0, "format": 0, "version": 1}], "direction": "rtl", "textStyle": "", "textFormat": 0}], "direction": "rtl"}}	\N	\N	448	ar	d4e1ef89-18e0-45e2-a399-e8ef7aabf913	          	\N
5b3e3903-897a-4182-a331-61f448da95d0	\N	\N	{"root": {"type": "root", "format": "", "indent": 0, "version": 1, "children": [{"tag": "h4", "type": "heading", "format": "", "indent": 0, "version": 1, "children": [{"mode": "normal", "text": "     ", "type": "text", "style": "", "detail": 0, "format": 0, "version": 1}], "direction": "rtl"}], "direction": "rtl"}}	  	\N	449	ar	15cba7b8-cbcf-4a14-a3c4-3ab0b2085e3c	          	\N
7a8a5f6d-dc53-40ab-9daa-217ee1027234	\N	\N	{"root": {"type": "root", "format": "", "indent": 0, "version": 1, "children": [{"tag": "h4", "type": "heading", "format": "", "indent": 0, "version": 1, "children": [{"mode": "normal", "text": "      ", "type": "text", "style": "", "detail": 0, "format": 0, "version": 1}], "direction": "rtl"}], "direction": "rtl"}}	  	\N	450	ar	c4494c44-e7f3-46c3-97fc-378fe1e62bf1	      	\N
f8f05216-7b1e-4f38-9c78-712c86d1057c	         	\N	\N	\N	\N	451	ar	edd11ccd-8f0c-43f7-b912-2029a46c784e	\N	\N
edbc376c-731b-4c47-8220-478db6cd03e4	     	\N	\N	\N	\N	452	ar	cd5e386e-4803-4158-aa22-d7987a2d4aa3	\N	\N
712fc138-f7e2-48e4-bcc8-5e24ff9e79b7	     	\N	\N	\N	\N	453	ar	bfabc0af-faaf-4901-bd36-91d2b512d9de	\N	\N
cd2d9b5d-5b74-4846-b1eb-85e3535f944a	\N	\N	{"root": {"type": "root", "format": "", "indent": 0, "version": 1, "children": [{"tag": "h3", "type": "heading", "format": "", "indent": 0, "version": 1, "children": [{"mode": "normal", "text": "       ", "type": "text", "style": "", "detail": 0, "format": 0, "version": 1}], "direction": "rtl"}, {"type": "paragraph", "format": "", "indent": 0, "version": 1, "children": [{"mode": "normal", "text": "    HungerStation  Jahez  Careem              .", "type": "text", "style": "", "detail": 0, "format": 0, "version": 1}], "direction": "rtl", "textStyle": "", "textFormat": 0}], "direction": "rtl"}}	\N	\N	454	ar	dc702711-257b-4205-af38-d4300869fae9	          	\N
5b3e3903-897a-4182-a331-61f448da95d0	\N	\N	{"root": {"type": "root", "format": "", "indent": 0, "version": 1, "children": [{"tag": "h4", "type": "heading", "format": "", "indent": 0, "version": 1, "children": [{"mode": "normal", "text": "     ", "type": "text", "style": "", "detail": 0, "format": 0, "version": 1}], "direction": "rtl"}], "direction": "rtl"}}	  	\N	455	ar	9825c273-0e35-4b0f-8d47-0b3d8bc6a3e7	          	\N
7a8a5f6d-dc53-40ab-9daa-217ee1027234	\N	\N	{"root": {"type": "root", "format": "", "indent": 0, "version": 1, "children": [{"tag": "h4", "type": "heading", "format": "", "indent": 0, "version": 1, "children": [{"mode": "normal", "text": "      ", "type": "text", "style": "", "detail": 0, "format": 0, "version": 1}], "direction": "rtl"}], "direction": "rtl"}}	  	\N	456	ar	f5d1b651-36ed-464a-b967-bcaaeaab9581	      	\N
f8f05216-7b1e-4f38-9c78-712c86d1057c	         	\N	\N	\N	\N	697	ar	fa27dacb-dca3-45a2-a5bf-7bbcc597e1d4	\N	\N
edbc376c-731b-4c47-8220-478db6cd03e4	     	\N	\N	\N	\N	698	ar	65503d7b-857c-4218-b37b-b2505576f095	\N	\N
712fc138-f7e2-48e4-bcc8-5e24ff9e79b7	     	\N	\N	\N	\N	699	ar	77260aa5-f711-4ad0-b879-af7a8c5dc912	\N	\N
f8f05216-7b1e-4f38-9c78-712c86d1057c	         	\N	\N	\N	\N	1464	ar	bca0eb17-d003-4186-9889-a8e91c7f875d	\N	\N
edbc376c-731b-4c47-8220-478db6cd03e4	     	\N	\N	\N	\N	1465	ar	3a611c65-7ae5-4b20-9347-721a6f06ec56	\N	\N
712fc138-f7e2-48e4-bcc8-5e24ff9e79b7	     	\N	\N	\N	\N	1466	ar	97113670-469e-41a8-adfc-73411af4e5d5	\N	\N
f8f05216-7b1e-4f38-9c78-712c86d1057c	         	\N	\N	\N	\N	26	ar	b9c2b68c-1b47-41e6-abf7-8cd6fabdd164	\N	\N
edbc376c-731b-4c47-8220-478db6cd03e4	     	\N	\N	\N	\N	27	ar	50d3f2fd-7645-41e9-894d-4b6af0a986bd	\N	\N
712fc138-f7e2-48e4-bcc8-5e24ff9e79b7	     	\N	\N	\N	\N	28	ar	97260979-a9b9-4c26-8398-bfa7f611bf53	\N	\N
f8f05216-7b1e-4f38-9c78-712c86d1057c	         	\N	\N	\N	\N	29	ar	eec23704-4dbe-44de-9b2d-3ebb34051d01	\N	\N
edbc376c-731b-4c47-8220-478db6cd03e4	     	\N	\N	\N	\N	30	ar	aeea19e7-25c8-41d5-b294-e270b287838b	\N	\N
712fc138-f7e2-48e4-bcc8-5e24ff9e79b7	     	\N	\N	\N	\N	31	ar	a281c3a2-50c2-4dac-be5b-424b137702d5	\N	\N
cd2d9b5d-5b74-4846-b1eb-85e3535f944a	\N	\N	{"root": {"type": "root", "format": "", "indent": 0, "version": 1, "children": [{"tag": "h3", "type": "heading", "format": "", "indent": 0, "version": 1, "children": [{"mode": "normal", "text": "       ", "type": "text", "style": "", "detail": 0, "format": 0, "version": 1}], "direction": "rtl"}, {"type": "paragraph", "format": "", "indent": 0, "version": 1, "children": [{"mode": "normal", "text": "    HungerStation  Jahez  Careem              .", "type": "text", "style": "", "detail": 0, "format": 0, "version": 1}], "direction": "rtl", "textStyle": "", "textFormat": 0}], "direction": "rtl"}}	   	\N	700	ar	7f5ed49e-9fa8-40b6-b7fa-506f47db2428	          	\N
5b3e3903-897a-4182-a331-61f448da95d0	\N	\N	{"root": {"type": "root", "format": "", "indent": 0, "version": 1, "children": [{"tag": "h4", "type": "heading", "format": "", "indent": 0, "version": 1, "children": [{"mode": "normal", "text": "     ", "type": "text", "style": "", "detail": 0, "format": 0, "version": 1}], "direction": "rtl"}], "direction": "rtl"}}	  	\N	701	ar	a88821f4-28a3-4b6f-9944-1accd9921b04	          	\N
7a8a5f6d-dc53-40ab-9daa-217ee1027234	\N	\N	{"root": {"type": "root", "format": "", "indent": 0, "version": 1, "children": [{"tag": "h4", "type": "heading", "format": "", "indent": 0, "version": 1, "children": [{"mode": "normal", "text": "      ", "type": "text", "style": "", "detail": 0, "format": 0, "version": 1}], "direction": "rtl"}], "direction": "rtl"}}	  	\N	702	ar	8eb835d3-090b-482c-a845-10b68a1190bf	      	\N
\N	\N	\N	{"root": {"type": "root", "format": "", "indent": 0, "version": 1, "children": [{"tag": "h3", "type": "heading", "format": "", "indent": 0, "version": 1, "children": [{"mode": "normal", "text": "  ", "type": "text", "style": "", "detail": 0, "format": 0, "version": 1}], "direction": "rtl"}, {"type": "paragraph", "format": "", "indent": 0, "version": 1, "children": [{"mode": "normal", "text": "            ...      .", "type": "text", "style": "", "detail": 0, "format": 0, "version": 1}], "direction": "rtl", "textStyle": "", "textFormat": 0}], "direction": "rtl"}}	\N	 	703	ar	d0777921-1d13-40cb-96fe-a46cca3db328	\N	\N
f8f05216-7b1e-4f38-9c78-712c86d1057c	         	\N	\N	\N	\N	704	ar	8f2d4ab9-6096-4b66-88de-12f6a9c16199	\N	\N
edbc376c-731b-4c47-8220-478db6cd03e4	     	\N	\N	\N	\N	705	ar	8319e5ce-fc5d-42e3-9a14-8887f75ea880	\N	\N
712fc138-f7e2-48e4-bcc8-5e24ff9e79b7	     	\N	\N	\N	\N	706	ar	40afaa72-bd12-4471-bd20-1e6454476754	\N	\N
cd2d9b5d-5b74-4846-b1eb-85e3535f944a	\N	\N	{"root": {"type": "root", "format": "", "indent": 0, "version": 1, "children": [{"tag": "h3", "type": "heading", "format": "", "indent": 0, "version": 1, "children": [{"mode": "normal", "text": "       ", "type": "text", "style": "", "detail": 0, "format": 0, "version": 1}], "direction": "rtl"}, {"type": "paragraph", "format": "", "indent": 0, "version": 1, "children": [{"mode": "normal", "text": "    HungerStation  Jahez  Careem              .", "type": "text", "style": "", "detail": 0, "format": 0, "version": 1}], "direction": "rtl", "textStyle": "", "textFormat": 0}], "direction": "rtl"}}	   	\N	707	ar	1713973a-7258-49a9-8939-2cacad23ec70	          	\N
5b3e3903-897a-4182-a331-61f448da95d0	\N	\N	{"root": {"type": "root", "format": "", "indent": 0, "version": 1, "children": [{"tag": "h4", "type": "heading", "format": "", "indent": 0, "version": 1, "children": [{"mode": "normal", "text": "     ", "type": "text", "style": "", "detail": 0, "format": 0, "version": 1}], "direction": "rtl"}], "direction": "rtl"}}	  	\N	708	ar	d002c745-4693-4f07-821e-bcd34e0c3304	          	\N
7a8a5f6d-dc53-40ab-9daa-217ee1027234	\N	\N	{"root": {"type": "root", "format": "", "indent": 0, "version": 1, "children": [{"tag": "h4", "type": "heading", "format": "", "indent": 0, "version": 1, "children": [{"mode": "normal", "text": "      ", "type": "text", "style": "", "detail": 0, "format": 0, "version": 1}], "direction": "rtl"}], "direction": "rtl"}}	  	\N	709	ar	1ad6a84d-6206-429e-8cca-fbbd54205f87	      	\N
\N	\N	\N	{"root": {"type": "root", "format": "", "indent": 0, "version": 1, "children": [{"tag": "h3", "type": "heading", "format": "", "indent": 0, "version": 1, "children": [{"mode": "normal", "text": "  ", "type": "text", "style": "", "detail": 0, "format": 0, "version": 1}], "direction": "rtl"}, {"type": "paragraph", "format": "", "indent": 0, "version": 1, "children": [{"mode": "normal", "text": "            ...      .", "type": "text", "style": "", "detail": 0, "format": 0, "version": 1}], "direction": "rtl", "textStyle": "", "textFormat": 0}], "direction": "rtl"}}	\N	 	710	ar	96edd338-bec1-4e96-90b4-073e982f4213	\N	\N
f8f05216-7b1e-4f38-9c78-712c86d1057c	         	\N	\N	\N	\N	1597	ar	1cbbec31-de3f-4b14-83e2-e08bce565cbf	\N	\N
edbc376c-731b-4c47-8220-478db6cd03e4	     	\N	\N	\N	\N	1598	ar	e6fbdf5d-9b9c-4493-a306-24d2f2b54b0f	\N	\N
712fc138-f7e2-48e4-bcc8-5e24ff9e79b7	     	\N	\N	\N	\N	1599	ar	66450d45-7dd7-4304-9250-0cbfbe90bd4a	\N	\N
\N	   	              	\N	\N	\N	1324	ar	df3c14cf-19f4-441f-8e51-0bc1692b111d	\N	\N
\N	   	             	\N	\N	\N	1325	ar	5848f55d-de9b-4829-ad9a-3287b5e3f85e	\N	\N
\N	    	             	\N	\N	\N	1326	ar	51dcede5-a971-4033-a2d1-f2fb02410356	\N	\N
\N	   	                 .	\N	\N	\N	1192	ar	f3bfb8c8-8c6e-4fa3-80e5-bbbf2d4d04ec	\N	\N
\N	   	                 .	\N	\N	\N	1193	ar	9492b1c6-50b2-4948-b587-02e7db6752a7	\N	\N
\N	    	              .	\N	\N	\N	1194	ar	d51ca0d0-8345-44e1-bba8-f4ad4448c686	\N	\N
\N	   	                 .	\N	\N	\N	1195	ar	b847f9a9-253a-425c-b55c-0304ea9b5bef	\N	\N
\N	   	                 .	\N	\N	\N	1196	ar	8f1ff33a-e857-4fce-a51a-f487620d9401	\N	\N
\N	    	              .	\N	\N	\N	1197	ar	973c283d-dec8-4da9-867c-d7a38d2426aa	\N	\N
\N	   	                 .	\N	\N	\N	1279	ar	dd778e10-34c0-48dc-bd9f-ad3834645763	\N	\N
\N	   	                 .	\N	\N	\N	1280	ar	bc00fdda-849a-459d-b7cc-b8a06944cbce	\N	\N
\N	    	              .	\N	\N	\N	1281	ar	d034f5cc-6b30-481a-85e5-a2680078b4a3	\N	\N
\N	   	              	\N	\N	\N	1348	ar	5765c7bf-c9b5-4d20-8aa2-746b1bd8a677	\N	\N
\N	   	             	\N	\N	\N	1349	ar	0e25676b-14f2-4e31-9950-3f13f6bc9bca	\N	\N
\N	    	             	\N	\N	\N	1350	ar	d26780bf-bcd7-4ba2-9919-a553d48dcee7	\N	\N
cd2d9b5d-5b74-4846-b1eb-85e3535f944a	\N	\N	{"root": {"type": "root", "format": "", "indent": 0, "version": 1, "children": [{"tag": "h3", "type": "heading", "format": "", "indent": 0, "version": 1, "children": [{"mode": "normal", "text": "       ", "type": "text", "style": "", "detail": 0, "format": 0, "version": 1}], "direction": "rtl"}, {"type": "paragraph", "format": "", "indent": 0, "version": 1, "children": [{"mode": "normal", "text": "    HungerStation  Jahez  Careem              .", "type": "text", "style": "", "detail": 0, "format": 0, "version": 1}], "direction": "rtl", "textStyle": "", "textFormat": 0}], "direction": "rtl"}}	   	\N	1375	ar	b60d7bfc-ce64-483c-a3f1-5f98c36d069f	          	\N
\N	   	                 .	\N	\N	\N	1104	ar	55b41856-c409-4823-a7f9-0aaad801553f	\N	\N
\N	   	                 .	\N	\N	\N	1105	ar	4efbc34c-f2cc-4e42-b438-38968a60be14	\N	\N
\N	    	              .	\N	\N	\N	1106	ar	b7e2662a-8edb-41df-894d-c028a9d598af	\N	\N
\N	   	                 .	\N	\N	\N	1107	ar	27e0928d-7575-4e16-a2d2-a0558c469442	\N	\N
\N	   	                 .	\N	\N	\N	1108	ar	d35ab54c-8015-4d74-8e42-be830924a86f	\N	\N
\N	    	              .	\N	\N	\N	1109	ar	df478435-9b18-47e0-9fce-08cd21f82b5b	\N	\N
\N	   	                 .	\N	\N	\N	1198	ar	0bcc9b21-741e-417c-945b-62443a8a01dd	\N	\N
f8f05216-7b1e-4f38-9c78-712c86d1057c	         	\N	\N	\N	\N	583	ar	989a490b-e148-4718-a1d7-3313610dd7ad	\N	\N
edbc376c-731b-4c47-8220-478db6cd03e4	     	\N	\N	\N	\N	584	ar	267f7c9a-0d0a-4d8b-8c5c-d5cae3b354d2	\N	\N
712fc138-f7e2-48e4-bcc8-5e24ff9e79b7	     	\N	\N	\N	\N	585	ar	027a48ae-6238-46a3-945b-f28532e068a5	\N	\N
cd2d9b5d-5b74-4846-b1eb-85e3535f944a	\N	\N	{"root": {"type": "root", "format": "", "indent": 0, "version": 1, "children": [{"tag": "h3", "type": "heading", "format": "", "indent": 0, "version": 1, "children": [{"mode": "normal", "text": "       ", "type": "text", "style": "", "detail": 0, "format": 0, "version": 1}], "direction": "rtl"}, {"type": "paragraph", "format": "", "indent": 0, "version": 1, "children": [{"mode": "normal", "text": "    HungerStation  Jahez  Careem              .", "type": "text", "style": "", "detail": 0, "format": 0, "version": 1}], "direction": "rtl", "textStyle": "", "textFormat": 0}], "direction": "rtl"}}	   	\N	586	ar	c58d26ec-abd3-4d02-bed8-02be5bcffd52	          	\N
5b3e3903-897a-4182-a331-61f448da95d0	\N	\N	{"root": {"type": "root", "format": "", "indent": 0, "version": 1, "children": [{"tag": "h4", "type": "heading", "format": "", "indent": 0, "version": 1, "children": [{"mode": "normal", "text": "     ", "type": "text", "style": "", "detail": 0, "format": 0, "version": 1}], "direction": "rtl"}], "direction": "rtl"}}	  	\N	587	ar	a4a6e6ee-88a8-4133-88b3-337e0d5e9b26	          	\N
7a8a5f6d-dc53-40ab-9daa-217ee1027234	\N	\N	{"root": {"type": "root", "format": "", "indent": 0, "version": 1, "children": [{"tag": "h4", "type": "heading", "format": "", "indent": 0, "version": 1, "children": [{"mode": "normal", "text": "      ", "type": "text", "style": "", "detail": 0, "format": 0, "version": 1}], "direction": "rtl"}], "direction": "rtl"}}	  	\N	588	ar	66525287-a9c0-467b-b8a3-a99d05047e30	      	\N
\N	   	                 .	\N	\N	\N	1199	ar	940b80c0-acc2-476a-9857-8fc561c57b8a	\N	\N
\N	    	              .	\N	\N	\N	1200	ar	82b9a5fc-e3df-4592-96e4-a74e1b54ccd6	\N	\N
\N	   	                 .	\N	\N	\N	1125	ar	f5e682c6-0983-4aef-8c59-42fd441ff56c	\N	\N
\N	   	                 .	\N	\N	\N	1126	ar	3805cac3-ae4b-4660-b5a0-37f089c6e852	\N	\N
\N	    	              .	\N	\N	\N	1127	ar	f20250fe-c7a2-417d-8cb6-5058143a7fed	\N	\N
\N	   	                 .	\N	\N	\N	1201	ar	e80ef2fc-93a4-490b-84ce-889f75a635c0	\N	\N
\N	   	                 .	\N	\N	\N	1202	ar	7f5fcb02-8fea-4d1e-93c4-004294b31ea8	\N	\N
\N	    	              .	\N	\N	\N	1203	ar	322d5fd7-ec84-4c9f-a208-a08626fa753a	\N	\N
\N	   	              	\N	\N	\N	1321	ar	bf4813d2-9b02-442e-bdf5-844b6c728412	\N	\N
\N	   	             	\N	\N	\N	1322	ar	b6092d03-27c8-4ba8-93f6-dcb2928ad279	\N	\N
\N	    	             	\N	\N	\N	1323	ar	15d074eb-fac8-4e44-8a8c-a540ce97083f	\N	\N
\N	   	                 .	\N	\N	\N	1137	ar	b2acdd6a-1e57-438d-8cd3-5a0d46a42c62	\N	\N
\N	   	                 .	\N	\N	\N	1138	ar	4ddf869e-0c6f-4c87-ae55-aa4ce2996f68	\N	\N
\N	    	              .	\N	\N	\N	1139	ar	7d9b3bd4-8827-4c30-bad1-7459bf74c290	\N	\N
\N	   	              	\N	\N	\N	1327	ar	e0179a01-7152-42be-89a5-e6e4a973b2ca	\N	\N
\N	   	             	\N	\N	\N	1328	ar	25a7642b-0d1d-4627-80d5-b36727de0123	\N	\N
f8f05216-7b1e-4f38-9c78-712c86d1057c	         	\N	\N	\N	\N	253	ar	e68086b9-e64b-4dab-b53b-c0bbc6fca218	\N	\N
edbc376c-731b-4c47-8220-478db6cd03e4	     	\N	\N	\N	\N	254	ar	5607e054-416a-47f0-9078-7734f47eb31d	\N	\N
712fc138-f7e2-48e4-bcc8-5e24ff9e79b7	     	\N	\N	\N	\N	255	ar	7777dc4b-c913-4a1d-80e0-13cd26555e1b	\N	\N
cd2d9b5d-5b74-4846-b1eb-85e3535f944a	\N	\N	{"root": {"type": "root", "format": "", "indent": 0, "version": 1, "children": [{"tag": "h3", "type": "heading", "format": "", "indent": 0, "version": 1, "children": [{"mode": "normal", "text": "       ", "type": "text", "style": "", "detail": 0, "format": 0, "version": 1}], "direction": "rtl"}, {"type": "paragraph", "format": "", "indent": 0, "version": 1, "children": [{"mode": "normal", "text": "    HungerStation  Jahez  Careem              .", "type": "text", "style": "", "detail": 0, "format": 0, "version": 1}], "direction": "rtl", "textStyle": "", "textFormat": 0}], "direction": "rtl"}}	\N	\N	256	ar	af829656-9761-44c3-a048-39df92805c0d	          	\N
5b3e3903-897a-4182-a331-61f448da95d0	\N	\N	{"root": {"type": "root", "format": "", "indent": 0, "version": 1, "children": [{"tag": "h4", "type": "heading", "format": "", "indent": 0, "version": 1, "children": [{"mode": "normal", "text": "     ", "type": "text", "style": "", "detail": 0, "format": 0, "version": 1}], "direction": "rtl"}], "direction": "rtl"}}	\N	\N	257	ar	3db49a0c-a4de-4b4a-82ee-abbb9a343d09	          	\N
7a8a5f6d-dc53-40ab-9daa-217ee1027234	\N	\N	{"root": {"type": "root", "format": "", "indent": 0, "version": 1, "children": [{"tag": "h4", "type": "heading", "format": "", "indent": 0, "version": 1, "children": [{"mode": "normal", "text": "      ", "type": "text", "style": "", "detail": 0, "format": 0, "version": 1}], "direction": "rtl"}], "direction": "rtl"}}	\N	\N	258	ar	67d8a970-8d9c-4147-9641-d4dc6431ea5a	      	\N
f8f05216-7b1e-4f38-9c78-712c86d1057c	         	\N	\N	\N	\N	259	ar	28cf1a1f-2bd2-4cca-804c-3e5b6597ccf5	\N	\N
edbc376c-731b-4c47-8220-478db6cd03e4	     	\N	\N	\N	\N	260	ar	38ac7103-9dba-49de-adf0-03028058b0a6	\N	\N
712fc138-f7e2-48e4-bcc8-5e24ff9e79b7	     	\N	\N	\N	\N	261	ar	14c7cb33-b4f0-496d-99bd-dd627007d26c	\N	\N
cd2d9b5d-5b74-4846-b1eb-85e3535f944a	\N	\N	{"root": {"type": "root", "format": "", "indent": 0, "version": 1, "children": [{"tag": "h3", "type": "heading", "format": "", "indent": 0, "version": 1, "children": [{"mode": "normal", "text": "       ", "type": "text", "style": "", "detail": 0, "format": 0, "version": 1}], "direction": "rtl"}, {"type": "paragraph", "format": "", "indent": 0, "version": 1, "children": [{"mode": "normal", "text": "    HungerStation  Jahez  Careem              .", "type": "text", "style": "", "detail": 0, "format": 0, "version": 1}], "direction": "rtl", "textStyle": "", "textFormat": 0}], "direction": "rtl"}}	\N	\N	262	ar	4bd1920f-1a22-4864-80fd-5dc34e4eac86	          	\N
5b3e3903-897a-4182-a331-61f448da95d0	\N	\N	{"root": {"type": "root", "format": "", "indent": 0, "version": 1, "children": [{"tag": "h4", "type": "heading", "format": "", "indent": 0, "version": 1, "children": [{"mode": "normal", "text": "     ", "type": "text", "style": "", "detail": 0, "format": 0, "version": 1}], "direction": "rtl"}], "direction": "rtl"}}	\N	\N	263	ar	37df3531-d22c-4af1-b4a5-83e1ebef8df4	          	\N
7a8a5f6d-dc53-40ab-9daa-217ee1027234	\N	\N	{"root": {"type": "root", "format": "", "indent": 0, "version": 1, "children": [{"tag": "h4", "type": "heading", "format": "", "indent": 0, "version": 1, "children": [{"mode": "normal", "text": "      ", "type": "text", "style": "", "detail": 0, "format": 0, "version": 1}], "direction": "rtl"}], "direction": "rtl"}}	\N	\N	264	ar	e938479f-6695-43b6-8c5d-4347c0736370	      	\N
\N	   	                 .	\N	\N	\N	1128	ar	f8388dbd-92b0-4b5e-a333-cdb69d97112c	\N	\N
\N	   	                 .	\N	\N	\N	1129	ar	b00047b2-5653-429f-814d-47bcaedbf93c	\N	\N
\N	    	              .	\N	\N	\N	1130	ar	a04abdb9-75a4-42fd-b100-2ea46605a0b0	\N	\N
f8f05216-7b1e-4f38-9c78-712c86d1057c	         	\N	\N	\N	\N	439	ar	45c96df7-dce8-4703-ac4d-419251174a24	\N	\N
edbc376c-731b-4c47-8220-478db6cd03e4	     	\N	\N	\N	\N	440	ar	b15e4a76-8320-43f2-af85-98954d1c160e	\N	\N
712fc138-f7e2-48e4-bcc8-5e24ff9e79b7	     	\N	\N	\N	\N	441	ar	61de7676-340d-4c6a-8f95-82c935f8a95a	\N	\N
\N	   	                 .	\N	\N	\N	1140	ar	853ea5ee-267f-4f71-b4e0-fe4044c428a1	\N	\N
\N	   	                 .	\N	\N	\N	1141	ar	3ac4d099-4ae0-4664-b525-3ba65866d22c	\N	\N
\N	    	              .	\N	\N	\N	1142	ar	b7769bf0-a0d4-4ea6-b8e3-f0d610664184	\N	\N
\N	    	             	\N	\N	\N	1329	ar	122286fb-e74f-4b93-8402-79dceea3f012	\N	\N
cd2d9b5d-5b74-4846-b1eb-85e3535f944a	\N	\N	{"root": {"type": "root", "format": "", "indent": 0, "version": 1, "children": [{"tag": "h3", "type": "heading", "format": "", "indent": 0, "version": 1, "children": [{"mode": "normal", "text": "       ", "type": "text", "style": "", "detail": 0, "format": 0, "version": 1}], "direction": "rtl"}, {"type": "paragraph", "format": "", "indent": 0, "version": 1, "children": [{"mode": "normal", "text": "    HungerStation  Jahez  Careem              .", "type": "text", "style": "", "detail": 0, "format": 0, "version": 1}], "direction": "rtl", "textStyle": "", "textFormat": 0}], "direction": "rtl"}}	\N	\N	442	ar	dbf8de24-b554-4eb9-8039-a8d3f9e4ca44	          	\N
5b3e3903-897a-4182-a331-61f448da95d0	\N	\N	{"root": {"type": "root", "format": "", "indent": 0, "version": 1, "children": [{"tag": "h4", "type": "heading", "format": "", "indent": 0, "version": 1, "children": [{"mode": "normal", "text": "     ", "type": "text", "style": "", "detail": 0, "format": 0, "version": 1}], "direction": "rtl"}], "direction": "rtl"}}	  	\N	443	ar	38d318d2-2394-4ec2-8035-55e2c2a2995c	          	\N
7a8a5f6d-dc53-40ab-9daa-217ee1027234	\N	\N	{"root": {"type": "root", "format": "", "indent": 0, "version": 1, "children": [{"tag": "h4", "type": "heading", "format": "", "indent": 0, "version": 1, "children": [{"mode": "normal", "text": "      ", "type": "text", "style": "", "detail": 0, "format": 0, "version": 1}], "direction": "rtl"}], "direction": "rtl"}}	  	\N	444	ar	c42b6d40-c72d-4ac0-9253-50505d62ad80	      	\N
f8f05216-7b1e-4f38-9c78-712c86d1057c	         	\N	\N	\N	\N	529	ar	03f70f1e-4f59-41a9-8e1f-e0ab67bf10fb	\N	\N
edbc376c-731b-4c47-8220-478db6cd03e4	     	\N	\N	\N	\N	530	ar	babdb403-db4a-4eba-b5da-3a9090c1735d	\N	\N
712fc138-f7e2-48e4-bcc8-5e24ff9e79b7	     	\N	\N	\N	\N	531	ar	18453d0f-ded3-490c-b1cd-82cc3f89714f	\N	\N
cd2d9b5d-5b74-4846-b1eb-85e3535f944a	\N	\N	{"root": {"type": "root", "format": "", "indent": 0, "version": 1, "children": [{"tag": "h3", "type": "heading", "format": "", "indent": 0, "version": 1, "children": [{"mode": "normal", "text": "       ", "type": "text", "style": "", "detail": 0, "format": 0, "version": 1}], "direction": "rtl"}, {"type": "paragraph", "format": "", "indent": 0, "version": 1, "children": [{"mode": "normal", "text": "    HungerStation  Jahez  Careem              .", "type": "text", "style": "", "detail": 0, "format": 0, "version": 1}], "direction": "rtl", "textStyle": "", "textFormat": 0}], "direction": "rtl"}}	\N	\N	532	ar	3c45bd9e-f5ec-455a-bd15-b53e7ce125d9	          	\N
5b3e3903-897a-4182-a331-61f448da95d0	\N	\N	{"root": {"type": "root", "format": "", "indent": 0, "version": 1, "children": [{"tag": "h4", "type": "heading", "format": "", "indent": 0, "version": 1, "children": [{"mode": "normal", "text": "     ", "type": "text", "style": "", "detail": 0, "format": 0, "version": 1}], "direction": "rtl"}], "direction": "rtl"}}	  	\N	533	ar	8f45e4a1-af6c-4530-833b-036465ca8ebe	          	\N
7a8a5f6d-dc53-40ab-9daa-217ee1027234	\N	\N	{"root": {"type": "root", "format": "", "indent": 0, "version": 1, "children": [{"tag": "h4", "type": "heading", "format": "", "indent": 0, "version": 1, "children": [{"mode": "normal", "text": "      ", "type": "text", "style": "", "detail": 0, "format": 0, "version": 1}], "direction": "rtl"}], "direction": "rtl"}}	  	\N	534	ar	451ef1bd-0607-4a4e-8ec1-ab4d66be04df	      	\N
\N	   	              	\N	\N	\N	1345	ar	1fba1fa9-0fe1-4417-8356-5a8633ee03d9	\N	\N
\N	   	             	\N	\N	\N	1346	ar	f2631aa0-b803-4bf3-a95f-88d9211724ab	\N	\N
\N	    	             	\N	\N	\N	1347	ar	28c8b240-4a71-4ad4-94fa-2c330de3bc0a	\N	\N
5b3e3903-897a-4182-a331-61f448da95d0	\N	\N	{"root": {"type": "root", "format": "", "indent": 0, "version": 1, "children": [{"tag": "h4", "type": "heading", "format": "", "indent": 0, "version": 1, "children": [{"mode": "normal", "text": "     ", "type": "text", "style": "", "detail": 0, "format": 0, "version": 1}], "direction": "rtl"}], "direction": "rtl"}}	  	\N	1376	ar	922f7248-b660-4324-81d7-30a04dc0d12a	          	\N
f8f05216-7b1e-4f38-9c78-712c86d1057c	         	\N	\N	\N	\N	1143	ar	bd7e2fae-b517-4cfd-a098-377bd600d55c	\N	\N
edbc376c-731b-4c47-8220-478db6cd03e4	     	\N	\N	\N	\N	1144	ar	7888e536-5dd6-496f-b701-938561375d74	\N	\N
712fc138-f7e2-48e4-bcc8-5e24ff9e79b7	     	\N	\N	\N	\N	1145	ar	5d3fd021-049a-4e99-83ed-2e5d0927a84e	\N	\N
cd2d9b5d-5b74-4846-b1eb-85e3535f944a	\N	\N	{"root": {"type": "root", "format": "", "indent": 0, "version": 1, "children": [{"tag": "h3", "type": "heading", "format": "", "indent": 0, "version": 1, "children": [{"mode": "normal", "text": "       ", "type": "text", "style": "", "detail": 0, "format": 0, "version": 1}], "direction": "rtl"}, {"type": "paragraph", "format": "", "indent": 0, "version": 1, "children": [{"mode": "normal", "text": "    HungerStation  Jahez  Careem              .", "type": "text", "style": "", "detail": 0, "format": 0, "version": 1}], "direction": "rtl", "textStyle": "", "textFormat": 0}], "direction": "rtl"}}	   	\N	1146	ar	f179ba69-386b-4367-8ea2-1485e485a256	          	\N
5b3e3903-897a-4182-a331-61f448da95d0	\N	\N	{"root": {"type": "root", "format": "", "indent": 0, "version": 1, "children": [{"tag": "h4", "type": "heading", "format": "", "indent": 0, "version": 1, "children": [{"mode": "normal", "text": "     ", "type": "text", "style": "", "detail": 0, "format": 0, "version": 1}], "direction": "rtl"}], "direction": "rtl"}}	  	\N	1147	ar	00d6d7b4-f19d-4221-bce5-2ee33b40544e	          	\N
7a8a5f6d-dc53-40ab-9daa-217ee1027234	\N	\N	{"root": {"type": "root", "format": "", "indent": 0, "version": 1, "children": [{"tag": "h4", "type": "heading", "format": "", "indent": 0, "version": 1, "children": [{"mode": "normal", "text": "      ", "type": "text", "style": "", "detail": 0, "format": 0, "version": 1}], "direction": "rtl"}], "direction": "rtl"}}	  	\N	1148	ar	d716c7aa-06ae-4dfe-b9e4-893323f21fc6	      	\N
\N	\N	\N	{"root": {"type": "root", "format": "", "indent": 0, "version": 1, "children": [{"tag": "h3", "type": "heading", "format": "", "indent": 0, "version": 1, "children": [{"mode": "normal", "text": "  ", "type": "text", "style": "", "detail": 0, "format": 0, "version": 1}], "direction": "rtl"}, {"type": "paragraph", "format": "", "indent": 0, "version": 1, "children": [{"mode": "normal", "text": "            ...      .", "type": "text", "style": "", "detail": 0, "format": 0, "version": 1}], "direction": "rtl", "textStyle": "", "textFormat": 0}], "direction": "rtl"}}	\N	 	1149	ar	0a107401-d9cb-4fbe-9220-b624783b8209	\N	\N
f8f05216-7b1e-4f38-9c78-712c86d1057c	         	\N	\N	\N	\N	523	ar	5e07fdce-4bdb-4a89-a993-0fb02a7575a3	\N	\N
edbc376c-731b-4c47-8220-478db6cd03e4	     	\N	\N	\N	\N	524	ar	122a37de-86d9-4406-9f48-17ea40ba9aad	\N	\N
712fc138-f7e2-48e4-bcc8-5e24ff9e79b7	     	\N	\N	\N	\N	525	ar	417aa0c9-5a23-4153-996d-63ff6c0604e1	\N	\N
cd2d9b5d-5b74-4846-b1eb-85e3535f944a	\N	\N	{"root": {"type": "root", "format": "", "indent": 0, "version": 1, "children": [{"tag": "h3", "type": "heading", "format": "", "indent": 0, "version": 1, "children": [{"mode": "normal", "text": "       ", "type": "text", "style": "", "detail": 0, "format": 0, "version": 1}], "direction": "rtl"}, {"type": "paragraph", "format": "", "indent": 0, "version": 1, "children": [{"mode": "normal", "text": "    HungerStation  Jahez  Careem              .", "type": "text", "style": "", "detail": 0, "format": 0, "version": 1}], "direction": "rtl", "textStyle": "", "textFormat": 0}], "direction": "rtl"}}	\N	\N	526	ar	38861a89-5f24-4051-b444-23587e2d1470	          	\N
5b3e3903-897a-4182-a331-61f448da95d0	\N	\N	{"root": {"type": "root", "format": "", "indent": 0, "version": 1, "children": [{"tag": "h4", "type": "heading", "format": "", "indent": 0, "version": 1, "children": [{"mode": "normal", "text": "     ", "type": "text", "style": "", "detail": 0, "format": 0, "version": 1}], "direction": "rtl"}], "direction": "rtl"}}	  	\N	527	ar	03ce5ad4-31e3-494d-ad04-a1e63cdb33b8	          	\N
7a8a5f6d-dc53-40ab-9daa-217ee1027234	\N	\N	{"root": {"type": "root", "format": "", "indent": 0, "version": 1, "children": [{"tag": "h4", "type": "heading", "format": "", "indent": 0, "version": 1, "children": [{"mode": "normal", "text": "      ", "type": "text", "style": "", "detail": 0, "format": 0, "version": 1}], "direction": "rtl"}], "direction": "rtl"}}	  	\N	528	ar	74c0880c-ecbc-4a46-89af-1f633cb6fff9	      	\N
cd2d9b5d-5b74-4846-b1eb-85e3535f944a	\N	\N	{"root": {"type": "root", "format": "", "indent": 0, "version": 1, "children": [{"tag": "h3", "type": "heading", "format": "", "indent": 0, "version": 1, "children": [{"mode": "normal", "text": "       ", "type": "text", "style": "", "detail": 0, "format": 0, "version": 1}], "direction": "rtl"}, {"type": "paragraph", "format": "", "indent": 0, "version": 1, "children": [{"mode": "normal", "text": "    HungerStation  Jahez  Careem              .", "type": "text", "style": "", "detail": 0, "format": 0, "version": 1}], "direction": "rtl", "textStyle": "", "textFormat": 0}], "direction": "rtl"}}	   	\N	1467	ar	fecb5a44-32db-4ea5-bc67-cf4b0062bae1	          	\N
5b3e3903-897a-4182-a331-61f448da95d0	\N	\N	{"root": {"type": "root", "format": "", "indent": 0, "version": 1, "children": [{"tag": "h4", "type": "heading", "format": "", "indent": 0, "version": 1, "children": [{"mode": "normal", "text": "     ", "type": "text", "style": "", "detail": 0, "format": 0, "version": 1}], "direction": "rtl"}], "direction": "rtl"}}	  	\N	1468	ar	a7d92552-bf40-4c67-9933-fb858bfc4ce9	          	\N
7a8a5f6d-dc53-40ab-9daa-217ee1027234	\N	\N	{"root": {"type": "root", "format": "", "indent": 0, "version": 1, "children": [{"tag": "h4", "type": "heading", "format": "", "indent": 0, "version": 1, "children": [{"mode": "normal", "text": "      ", "type": "text", "style": "", "detail": 0, "format": 0, "version": 1}], "direction": "rtl"}], "direction": "rtl"}}	  	\N	1469	ar	a2d25223-ae1e-459f-8748-cf27e06b32aa	      	\N
\N	\N	\N	{"root": {"type": "root", "format": "", "indent": 0, "version": 1, "children": [{"tag": "h3", "type": "heading", "format": "", "indent": 0, "version": 1, "children": [{"mode": "normal", "text": "  ", "type": "text", "style": "", "detail": 0, "format": 0, "version": 1}], "direction": "rtl"}, {"type": "paragraph", "format": "", "indent": 0, "version": 1, "children": [{"mode": "normal", "text": "            ...      .", "type": "text", "style": "", "detail": 0, "format": 0, "version": 1}], "direction": "rtl", "textStyle": "", "textFormat": 0}], "direction": "rtl"}}	\N	 	1470	ar	27e4ccc0-5b26-400a-a157-61c008f3d5b5	\N	\N
f8f05216-7b1e-4f38-9c78-712c86d1057c	         	\N	\N	\N	\N	1471	ar	7d0025b3-afb2-4419-9be8-e4378030149a	\N	\N
edbc376c-731b-4c47-8220-478db6cd03e4	     	\N	\N	\N	\N	1472	ar	6843cdfe-4da7-4193-99d6-4f155929f945	\N	\N
712fc138-f7e2-48e4-bcc8-5e24ff9e79b7	     	\N	\N	\N	\N	1473	ar	ab94111f-a235-4473-8e94-59089b4f2783	\N	\N
f8f05216-7b1e-4f38-9c78-712c86d1057c	         	\N	\N	\N	\N	1157	ar	583f472c-6e64-4921-9eaf-7b4e103b03e7	\N	\N
edbc376c-731b-4c47-8220-478db6cd03e4	     	\N	\N	\N	\N	1158	ar	93186197-319c-43bc-8275-13d466b25cb1	\N	\N
712fc138-f7e2-48e4-bcc8-5e24ff9e79b7	     	\N	\N	\N	\N	1159	ar	74188cb7-9bd6-44a1-bb13-f4b07ff506ef	\N	\N
cd2d9b5d-5b74-4846-b1eb-85e3535f944a	\N	\N	{"root": {"type": "root", "format": "", "indent": 0, "version": 1, "children": [{"tag": "h3", "type": "heading", "format": "", "indent": 0, "version": 1, "children": [{"mode": "normal", "text": "       ", "type": "text", "style": "", "detail": 0, "format": 0, "version": 1}], "direction": "rtl"}, {"type": "paragraph", "format": "", "indent": 0, "version": 1, "children": [{"mode": "normal", "text": "    HungerStation  Jahez  Careem              .", "type": "text", "style": "", "detail": 0, "format": 0, "version": 1}], "direction": "rtl", "textStyle": "", "textFormat": 0}], "direction": "rtl"}}	   	\N	1160	ar	c3da117f-a09d-48f5-a1ec-756b37dc6426	          	\N
5b3e3903-897a-4182-a331-61f448da95d0	\N	\N	{"root": {"type": "root", "format": "", "indent": 0, "version": 1, "children": [{"tag": "h4", "type": "heading", "format": "", "indent": 0, "version": 1, "children": [{"mode": "normal", "text": "     ", "type": "text", "style": "", "detail": 0, "format": 0, "version": 1}], "direction": "rtl"}], "direction": "rtl"}}	  	\N	1161	ar	d330c48d-e2af-4df4-b8d8-4df6a90110e8	          	\N
7a8a5f6d-dc53-40ab-9daa-217ee1027234	\N	\N	{"root": {"type": "root", "format": "", "indent": 0, "version": 1, "children": [{"tag": "h4", "type": "heading", "format": "", "indent": 0, "version": 1, "children": [{"mode": "normal", "text": "      ", "type": "text", "style": "", "detail": 0, "format": 0, "version": 1}], "direction": "rtl"}], "direction": "rtl"}}	  	\N	1162	ar	19e99c13-cec8-400c-b82d-a2419984f03e	      	\N
7a8a5f6d-dc53-40ab-9daa-217ee1027234	\N	\N	{"root": {"type": "root", "format": "", "indent": 0, "version": 1, "children": [{"tag": "h4", "type": "heading", "format": "", "indent": 0, "version": 1, "children": [{"mode": "normal", "text": "      ", "type": "text", "style": "", "detail": 0, "format": 0, "version": 1}], "direction": "rtl"}], "direction": "rtl"}}	  	\N	1377	ar	816c330d-0896-4683-8df0-e26ae4f45c44	      	\N
\N	\N	\N	{"root": {"type": "root", "format": "", "indent": 0, "version": 1, "children": [{"tag": "h3", "type": "heading", "format": "", "indent": 0, "version": 1, "children": [{"mode": "normal", "text": "  ", "type": "text", "style": "", "detail": 0, "format": 0, "version": 1}], "direction": "rtl"}, {"type": "paragraph", "format": "", "indent": 0, "version": 1, "children": [{"mode": "normal", "text": "            ...      .", "type": "text", "style": "", "detail": 0, "format": 0, "version": 1}], "direction": "rtl", "textStyle": "", "textFormat": 0}], "direction": "rtl"}}	\N	 	1163	ar	7cb3651c-8c38-478e-95fd-c6ac01079aa1	\N	\N
f8f05216-7b1e-4f38-9c78-712c86d1057c	         	\N	\N	\N	\N	963	ar	26e296ab-f4ed-4686-ab57-5cab29d3d04f	\N	\N
edbc376c-731b-4c47-8220-478db6cd03e4	     	\N	\N	\N	\N	964	ar	4f664156-f650-4fdf-960e-3cc178372a32	\N	\N
712fc138-f7e2-48e4-bcc8-5e24ff9e79b7	     	\N	\N	\N	\N	965	ar	303006bd-f883-4202-b75a-1a6feb87f8be	\N	\N
cd2d9b5d-5b74-4846-b1eb-85e3535f944a	\N	\N	{"root": {"type": "root", "format": "", "indent": 0, "version": 1, "children": [{"tag": "h3", "type": "heading", "format": "", "indent": 0, "version": 1, "children": [{"mode": "normal", "text": "       ", "type": "text", "style": "", "detail": 0, "format": 0, "version": 1}], "direction": "rtl"}, {"type": "paragraph", "format": "", "indent": 0, "version": 1, "children": [{"mode": "normal", "text": "    HungerStation  Jahez  Careem              .", "type": "text", "style": "", "detail": 0, "format": 0, "version": 1}], "direction": "rtl", "textStyle": "", "textFormat": 0}], "direction": "rtl"}}	   	\N	966	ar	9eca749e-ce4e-4931-a7f8-eceacf7cfeab	          	\N
5b3e3903-897a-4182-a331-61f448da95d0	\N	\N	{"root": {"type": "root", "format": "", "indent": 0, "version": 1, "children": [{"tag": "h4", "type": "heading", "format": "", "indent": 0, "version": 1, "children": [{"mode": "normal", "text": "     ", "type": "text", "style": "", "detail": 0, "format": 0, "version": 1}], "direction": "rtl"}], "direction": "rtl"}}	  	\N	967	ar	8365da68-bebd-4077-a711-9956ee1c99a3	          	\N
7a8a5f6d-dc53-40ab-9daa-217ee1027234	\N	\N	{"root": {"type": "root", "format": "", "indent": 0, "version": 1, "children": [{"tag": "h4", "type": "heading", "format": "", "indent": 0, "version": 1, "children": [{"mode": "normal", "text": "      ", "type": "text", "style": "", "detail": 0, "format": 0, "version": 1}], "direction": "rtl"}], "direction": "rtl"}}	  	\N	968	ar	237beef4-d911-44d7-b7ad-4aaae2478a8e	      	\N
\N	\N	\N	{"root": {"type": "root", "format": "", "indent": 0, "version": 1, "children": [{"tag": "h3", "type": "heading", "format": "", "indent": 0, "version": 1, "children": [{"mode": "normal", "text": "  ", "type": "text", "style": "", "detail": 0, "format": 0, "version": 1}], "direction": "rtl"}, {"type": "paragraph", "format": "", "indent": 0, "version": 1, "children": [{"mode": "normal", "text": "            ...      .", "type": "text", "style": "", "detail": 0, "format": 0, "version": 1}], "direction": "rtl", "textStyle": "", "textFormat": 0}], "direction": "rtl"}}	\N	 	969	ar	7513d516-7ac5-448b-b694-fb2e8d447f22	\N	\N
f8f05216-7b1e-4f38-9c78-712c86d1057c	         	\N	\N	\N	\N	970	ar	ca72e0fd-c041-45ab-b1eb-b157d43c90e3	\N	\N
edbc376c-731b-4c47-8220-478db6cd03e4	     	\N	\N	\N	\N	971	ar	f98f465e-71f5-4102-8f65-e39acda8fd74	\N	\N
712fc138-f7e2-48e4-bcc8-5e24ff9e79b7	     	\N	\N	\N	\N	972	ar	9b40ba8e-5f97-46ba-b0e0-68c82fd1c195	\N	\N
cd2d9b5d-5b74-4846-b1eb-85e3535f944a	\N	\N	{"root": {"type": "root", "format": "", "indent": 0, "version": 1, "children": [{"tag": "h3", "type": "heading", "format": "", "indent": 0, "version": 1, "children": [{"mode": "normal", "text": "       ", "type": "text", "style": "", "detail": 0, "format": 0, "version": 1}], "direction": "rtl"}, {"type": "paragraph", "format": "", "indent": 0, "version": 1, "children": [{"mode": "normal", "text": "    HungerStation  Jahez  Careem              .", "type": "text", "style": "", "detail": 0, "format": 0, "version": 1}], "direction": "rtl", "textStyle": "", "textFormat": 0}], "direction": "rtl"}}	   	\N	973	ar	3b3f7463-4934-4ade-868f-5cab47f45825	          	\N
5b3e3903-897a-4182-a331-61f448da95d0	\N	\N	{"root": {"type": "root", "format": "", "indent": 0, "version": 1, "children": [{"tag": "h4", "type": "heading", "format": "", "indent": 0, "version": 1, "children": [{"mode": "normal", "text": "     ", "type": "text", "style": "", "detail": 0, "format": 0, "version": 1}], "direction": "rtl"}], "direction": "rtl"}}	  	\N	974	ar	be75b1f3-efa3-4c4e-96f5-1141ed154a70	          	\N
f8f05216-7b1e-4f38-9c78-712c86d1057c	         	\N	\N	\N	\N	1164	ar	e63734ae-a4ff-475f-ad1a-b27172c18aaf	\N	\N
edbc376c-731b-4c47-8220-478db6cd03e4	     	\N	\N	\N	\N	1165	ar	9bc110b7-b225-4d71-bf65-f53575b3bbb4	\N	\N
712fc138-f7e2-48e4-bcc8-5e24ff9e79b7	     	\N	\N	\N	\N	1166	ar	2770fb0b-92fe-4a6e-a3c3-797f83d00570	\N	\N
7a8a5f6d-dc53-40ab-9daa-217ee1027234	\N	\N	{"root": {"type": "root", "format": "", "indent": 0, "version": 1, "children": [{"tag": "h4", "type": "heading", "format": "", "indent": 0, "version": 1, "children": [{"mode": "normal", "text": "      ", "type": "text", "style": "", "detail": 0, "format": 0, "version": 1}], "direction": "rtl"}], "direction": "rtl"}}	  	\N	975	ar	fdc53398-ffa8-4520-ba41-d700d71c6d24	      	\N
\N	\N	\N	{"root": {"type": "root", "format": "", "indent": 0, "version": 1, "children": [{"tag": "h3", "type": "heading", "format": "", "indent": 0, "version": 1, "children": [{"mode": "normal", "text": "  ", "type": "text", "style": "", "detail": 0, "format": 0, "version": 1}], "direction": "rtl"}, {"type": "paragraph", "format": "", "indent": 0, "version": 1, "children": [{"mode": "normal", "text": "            ...      .", "type": "text", "style": "", "detail": 0, "format": 0, "version": 1}], "direction": "rtl", "textStyle": "", "textFormat": 0}], "direction": "rtl"}}	\N	 	976	ar	478568a5-2651-44bb-bb4e-649054bf3129	\N	\N
cd2d9b5d-5b74-4846-b1eb-85e3535f944a	\N	\N	{"root": {"type": "root", "format": "", "indent": 0, "version": 1, "children": [{"tag": "h3", "type": "heading", "format": "", "indent": 0, "version": 1, "children": [{"mode": "normal", "text": "       ", "type": "text", "style": "", "detail": 0, "format": 0, "version": 1}], "direction": "rtl"}, {"type": "paragraph", "format": "", "indent": 0, "version": 1, "children": [{"mode": "normal", "text": "    HungerStation  Jahez  Careem              .", "type": "text", "style": "", "detail": 0, "format": 0, "version": 1}], "direction": "rtl", "textStyle": "", "textFormat": 0}], "direction": "rtl"}}	   	\N	1167	ar	558a1bb4-d5c0-4af8-9df3-97113ea39b61	          	\N
5b3e3903-897a-4182-a331-61f448da95d0	\N	\N	{"root": {"type": "root", "format": "", "indent": 0, "version": 1, "children": [{"tag": "h4", "type": "heading", "format": "", "indent": 0, "version": 1, "children": [{"mode": "normal", "text": "     ", "type": "text", "style": "", "detail": 0, "format": 0, "version": 1}], "direction": "rtl"}], "direction": "rtl"}}	  	\N	1168	ar	bb30513b-dc58-4864-b665-af7856255b59	          	\N
7a8a5f6d-dc53-40ab-9daa-217ee1027234	\N	\N	{"root": {"type": "root", "format": "", "indent": 0, "version": 1, "children": [{"tag": "h4", "type": "heading", "format": "", "indent": 0, "version": 1, "children": [{"mode": "normal", "text": "      ", "type": "text", "style": "", "detail": 0, "format": 0, "version": 1}], "direction": "rtl"}], "direction": "rtl"}}	  	\N	1169	ar	831881ba-94c3-4615-a6d8-a72325a62a9a	      	\N
\N	\N	\N	{"root": {"type": "root", "format": "", "indent": 0, "version": 1, "children": [{"tag": "h3", "type": "heading", "format": "", "indent": 0, "version": 1, "children": [{"mode": "normal", "text": "  ", "type": "text", "style": "", "detail": 0, "format": 0, "version": 1}], "direction": "rtl"}, {"type": "paragraph", "format": "", "indent": 0, "version": 1, "children": [{"mode": "normal", "text": "            ...      .", "type": "text", "style": "", "detail": 0, "format": 0, "version": 1}], "direction": "rtl", "textStyle": "", "textFormat": 0}], "direction": "rtl"}}	\N	 	1170	ar	17de926a-480c-476b-a9e8-9dae5df91531	\N	\N
\N	   	              	\N	\N	\N	1458	ar	2ea5c96f-9a77-4665-a937-5dd02b955f83	\N	\N
\N	   	             	\N	\N	\N	1459	ar	3d30a86d-1661-4173-a2e7-9ae227d1db44	\N	\N
\N	    	             	\N	\N	\N	1460	ar	05f4cdcf-1deb-4bec-bd7c-baf2792f8d09	\N	\N
\N	   	              	\N	\N	\N	1461	ar	479fdb3b-68a0-461d-b521-813f27dac6f7	\N	\N
\N	   	             	\N	\N	\N	1462	ar	7799ad44-687f-4c80-99df-b69057d80ce5	\N	\N
\N	    	             	\N	\N	\N	1463	ar	e6934e29-8f84-4cb0-81df-9b6bd48c383c	\N	\N
cd2d9b5d-5b74-4846-b1eb-85e3535f944a	\N	\N	{"root": {"type": "root", "format": "", "indent": 0, "version": 1, "children": [{"tag": "h3", "type": "heading", "format": "", "indent": 0, "version": 1, "children": [{"mode": "normal", "text": "       ", "type": "text", "style": "", "detail": 0, "format": 0, "version": 1}], "direction": "rtl"}, {"type": "paragraph", "format": "", "indent": 0, "version": 1, "children": [{"mode": "normal", "text": "    HungerStation  Jahez  Careem              .", "type": "text", "style": "", "detail": 0, "format": 0, "version": 1}], "direction": "rtl", "textStyle": "", "textFormat": 0}], "direction": "rtl"}}	   	\N	1474	ar	4f7dc80b-96e7-4c55-9877-229d19b52ff5	          	\N
5b3e3903-897a-4182-a331-61f448da95d0	\N	\N	{"root": {"type": "root", "format": "", "indent": 0, "version": 1, "children": [{"tag": "h4", "type": "heading", "format": "", "indent": 0, "version": 1, "children": [{"mode": "normal", "text": "     ", "type": "text", "style": "", "detail": 0, "format": 0, "version": 1}], "direction": "rtl"}], "direction": "rtl"}}	  	\N	1475	ar	66d48ad9-0b01-413a-95f6-26f89c107d86	          	\N
f8f05216-7b1e-4f38-9c78-712c86d1057c	         	\N	\N	\N	\N	1365	ar	a08b0f90-55b5-41e8-8b87-50785eecd1bc	\N	\N
edbc376c-731b-4c47-8220-478db6cd03e4	     	\N	\N	\N	\N	1366	ar	afec06f3-76f6-4ed5-9d36-d230d33467d4	\N	\N
712fc138-f7e2-48e4-bcc8-5e24ff9e79b7	     	\N	\N	\N	\N	1367	ar	b7cc03ec-372e-4397-a748-a8f1550be5c6	\N	\N
cd2d9b5d-5b74-4846-b1eb-85e3535f944a	\N	\N	{"root": {"type": "root", "format": "", "indent": 0, "version": 1, "children": [{"tag": "h3", "type": "heading", "format": "", "indent": 0, "version": 1, "children": [{"mode": "normal", "text": "       ", "type": "text", "style": "", "detail": 0, "format": 0, "version": 1}], "direction": "rtl"}, {"type": "paragraph", "format": "", "indent": 0, "version": 1, "children": [{"mode": "normal", "text": "    HungerStation  Jahez  Careem              .", "type": "text", "style": "", "detail": 0, "format": 0, "version": 1}], "direction": "rtl", "textStyle": "", "textFormat": 0}], "direction": "rtl"}}	   	\N	1368	ar	326a423b-66e5-4efd-885a-aff2b5dd2e64	          	\N
5b3e3903-897a-4182-a331-61f448da95d0	\N	\N	{"root": {"type": "root", "format": "", "indent": 0, "version": 1, "children": [{"tag": "h4", "type": "heading", "format": "", "indent": 0, "version": 1, "children": [{"mode": "normal", "text": "     ", "type": "text", "style": "", "detail": 0, "format": 0, "version": 1}], "direction": "rtl"}], "direction": "rtl"}}	  	\N	1369	ar	fc5952c6-eac9-4c7e-a010-9e06d6a012bb	          	\N
7a8a5f6d-dc53-40ab-9daa-217ee1027234	\N	\N	{"root": {"type": "root", "format": "", "indent": 0, "version": 1, "children": [{"tag": "h4", "type": "heading", "format": "", "indent": 0, "version": 1, "children": [{"mode": "normal", "text": "      ", "type": "text", "style": "", "detail": 0, "format": 0, "version": 1}], "direction": "rtl"}], "direction": "rtl"}}	  	\N	1370	ar	1d6fef71-1e28-49d1-88de-b045ef9eb0c2	      	\N
\N	\N	\N	{"root": {"type": "root", "format": "", "indent": 0, "version": 1, "children": [{"tag": "h3", "type": "heading", "format": "", "indent": 0, "version": 1, "children": [{"mode": "normal", "text": "  ", "type": "text", "style": "", "detail": 0, "format": 0, "version": 1}], "direction": "rtl"}, {"type": "paragraph", "format": "", "indent": 0, "version": 1, "children": [{"mode": "normal", "text": "            ...      .", "type": "text", "style": "", "detail": 0, "format": 0, "version": 1}], "direction": "rtl", "textStyle": "", "textFormat": 0}], "direction": "rtl"}}	\N	 	1371	ar	ca2bba31-edf3-4c22-abf1-0bef4d54f14a	\N	\N
\N	\N	\N	{"root": {"type": "root", "format": "", "indent": 0, "version": 1, "children": [{"tag": "h3", "type": "heading", "format": "", "indent": 0, "version": 1, "children": [{"mode": "normal", "text": "  ", "type": "text", "style": "", "detail": 0, "format": 0, "version": 1}], "direction": "rtl"}, {"type": "paragraph", "format": "", "indent": 0, "version": 1, "children": [{"mode": "normal", "text": "            ...      .", "type": "text", "style": "", "detail": 0, "format": 0, "version": 1}], "direction": "rtl", "textStyle": "", "textFormat": 0}], "direction": "rtl"}}	\N	 	1378	ar	4dc9b16f-d06d-4ed2-98db-58aa7d4c040e	\N	\N
f8f05216-7b1e-4f38-9c78-712c86d1057c	         	\N	\N	\N	\N	1379	ar	e9ae8501-1f3b-416d-97e1-fe37b1122e33	\N	\N
edbc376c-731b-4c47-8220-478db6cd03e4	     	\N	\N	\N	\N	1380	ar	c148f978-7996-4997-b915-0988274b0857	\N	\N
712fc138-f7e2-48e4-bcc8-5e24ff9e79b7	     	\N	\N	\N	\N	1381	ar	6ac0efcb-823b-48b7-b94d-9f74157d6f02	\N	\N
\N	   	                 .	\N	\N	\N	1252	ar	662bbff6-10af-417e-b4a6-5c000ef958c1	\N	\N
f8f05216-7b1e-4f38-9c78-712c86d1057c	         	\N	\N	\N	\N	991	ar	024a99eb-8a66-45b9-9a15-5b6b3209d4a1	\N	\N
edbc376c-731b-4c47-8220-478db6cd03e4	     	\N	\N	\N	\N	992	ar	77722ea1-2e91-4bf2-a042-31b4cfc12736	\N	\N
712fc138-f7e2-48e4-bcc8-5e24ff9e79b7	     	\N	\N	\N	\N	993	ar	cdc8ce56-a561-4f45-a8db-da537b3dcf4c	\N	\N
cd2d9b5d-5b74-4846-b1eb-85e3535f944a	\N	\N	{"root": {"type": "root", "format": "", "indent": 0, "version": 1, "children": [{"tag": "h3", "type": "heading", "format": "", "indent": 0, "version": 1, "children": [{"mode": "normal", "text": "       ", "type": "text", "style": "", "detail": 0, "format": 0, "version": 1}], "direction": "rtl"}, {"type": "paragraph", "format": "", "indent": 0, "version": 1, "children": [{"mode": "normal", "text": "    HungerStation  Jahez  Careem              .", "type": "text", "style": "", "detail": 0, "format": 0, "version": 1}], "direction": "rtl", "textStyle": "", "textFormat": 0}], "direction": "rtl"}}	   	\N	994	ar	e95e9b35-2d01-4517-9b88-2967e7babfa3	          	\N
5b3e3903-897a-4182-a331-61f448da95d0	\N	\N	{"root": {"type": "root", "format": "", "indent": 0, "version": 1, "children": [{"tag": "h4", "type": "heading", "format": "", "indent": 0, "version": 1, "children": [{"mode": "normal", "text": "     ", "type": "text", "style": "", "detail": 0, "format": 0, "version": 1}], "direction": "rtl"}], "direction": "rtl"}}	  	\N	995	ar	344fdbf5-6586-48d7-82a8-f848fe3f361c	          	\N
7a8a5f6d-dc53-40ab-9daa-217ee1027234	\N	\N	{"root": {"type": "root", "format": "", "indent": 0, "version": 1, "children": [{"tag": "h4", "type": "heading", "format": "", "indent": 0, "version": 1, "children": [{"mode": "normal", "text": "      ", "type": "text", "style": "", "detail": 0, "format": 0, "version": 1}], "direction": "rtl"}], "direction": "rtl"}}	  	\N	996	ar	a4f94bfa-3f08-4762-ad18-6fb9a23e52ab	      	\N
\N	\N	\N	{"root": {"type": "root", "format": "", "indent": 0, "version": 1, "children": [{"tag": "h3", "type": "heading", "format": "", "indent": 0, "version": 1, "children": [{"mode": "normal", "text": "  ", "type": "text", "style": "", "detail": 0, "format": 0, "version": 1}], "direction": "rtl"}, {"type": "paragraph", "format": "", "indent": 0, "version": 1, "children": [{"mode": "normal", "text": "            ...      .", "type": "text", "style": "", "detail": 0, "format": 0, "version": 1}], "direction": "rtl", "textStyle": "", "textFormat": 0}], "direction": "rtl"}}	\N	 	997	ar	157ecd1f-576f-4389-ae86-874661921482	\N	\N
\N	   	                 .	\N	\N	\N	1253	ar	d40ece6a-3d22-44c1-8b8f-d84b1c353b3a	\N	\N
\N	    	              .	\N	\N	\N	1254	ar	e908829f-5e98-4ae6-b9f0-e82d5dc8a34e	\N	\N
\N	   	                 .	\N	\N	\N	1255	ar	733afaaf-a525-4a9e-91bc-09a22aa9aa1c	\N	\N
\N	   	                 .	\N	\N	\N	1256	ar	13833416-d28e-4fdc-8f91-5ae194843339	\N	\N
\N	    	              .	\N	\N	\N	1257	ar	4d318782-35c6-41ef-80bf-3d6e8cdab138	\N	\N
\N	   	                 .	\N	\N	\N	1261	ar	d6e3e841-106d-4dd6-b67f-8687086e8300	\N	\N
\N	   	                 .	\N	\N	\N	1262	ar	c515406f-9ca2-42db-ba7e-a8b1fe17c3ba	\N	\N
\N	    	              .	\N	\N	\N	1263	ar	9fd97da8-6996-455e-a625-2381822ca9ac	\N	\N
\N	   	                 .	\N	\N	\N	1270	ar	1a0a1c42-e33c-4d66-a511-be123cd456d7	\N	\N
\N	   	                 .	\N	\N	\N	1271	ar	d75dfab3-9de7-442c-8d78-643889395eee	\N	\N
\N	    	              .	\N	\N	\N	1272	ar	1bbfd28a-3816-432f-8eec-f3b49bd11cc6	\N	\N
f8f05216-7b1e-4f38-9c78-712c86d1057c	         	\N	\N	\N	\N	1372	ar	a009aecb-af58-4994-92f7-1d6ba9556ed0	\N	\N
edbc376c-731b-4c47-8220-478db6cd03e4	     	\N	\N	\N	\N	1373	ar	475d5e43-4452-4c3a-a3a7-95e6cb39934c	\N	\N
\N	   	                 .	\N	\N	\N	1258	ar	0e6c0f8e-2c73-421e-80ee-1f201fcc98d2	\N	\N
f8f05216-7b1e-4f38-9c78-712c86d1057c	         	\N	\N	\N	\N	998	ar	0b69caa1-4f65-4d0a-895c-f20305407367	\N	\N
edbc376c-731b-4c47-8220-478db6cd03e4	     	\N	\N	\N	\N	999	ar	99c1185c-6b26-494b-8c1e-8ddbc005b8a9	\N	\N
712fc138-f7e2-48e4-bcc8-5e24ff9e79b7	     	\N	\N	\N	\N	1000	ar	259fa302-4662-4136-a35a-c83e95fde294	\N	\N
cd2d9b5d-5b74-4846-b1eb-85e3535f944a	\N	\N	{"root": {"type": "root", "format": "", "indent": 0, "version": 1, "children": [{"tag": "h3", "type": "heading", "format": "", "indent": 0, "version": 1, "children": [{"mode": "normal", "text": "       ", "type": "text", "style": "", "detail": 0, "format": 0, "version": 1}], "direction": "rtl"}, {"type": "paragraph", "format": "", "indent": 0, "version": 1, "children": [{"mode": "normal", "text": "    HungerStation  Jahez  Careem              .", "type": "text", "style": "", "detail": 0, "format": 0, "version": 1}], "direction": "rtl", "textStyle": "", "textFormat": 0}], "direction": "rtl"}}	   	\N	1001	ar	4190b80b-b21f-429a-a33a-3d2485143faf	          	\N
5b3e3903-897a-4182-a331-61f448da95d0	\N	\N	{"root": {"type": "root", "format": "", "indent": 0, "version": 1, "children": [{"tag": "h4", "type": "heading", "format": "", "indent": 0, "version": 1, "children": [{"mode": "normal", "text": "     ", "type": "text", "style": "", "detail": 0, "format": 0, "version": 1}], "direction": "rtl"}], "direction": "rtl"}}	  	\N	1002	ar	976a900e-f06a-4fc2-a2df-9ef37d565a31	          	\N
7a8a5f6d-dc53-40ab-9daa-217ee1027234	\N	\N	{"root": {"type": "root", "format": "", "indent": 0, "version": 1, "children": [{"tag": "h4", "type": "heading", "format": "", "indent": 0, "version": 1, "children": [{"mode": "normal", "text": "      ", "type": "text", "style": "", "detail": 0, "format": 0, "version": 1}], "direction": "rtl"}], "direction": "rtl"}}	  	\N	1003	ar	8fd665b0-b5c7-46b9-980e-845b2e5d59b6	      	\N
\N	\N	\N	{"root": {"type": "root", "format": "", "indent": 0, "version": 1, "children": [{"tag": "h3", "type": "heading", "format": "", "indent": 0, "version": 1, "children": [{"mode": "normal", "text": "  ", "type": "text", "style": "", "detail": 0, "format": 0, "version": 1}], "direction": "rtl"}, {"type": "paragraph", "format": "", "indent": 0, "version": 1, "children": [{"mode": "normal", "text": "            ...      .", "type": "text", "style": "", "detail": 0, "format": 0, "version": 1}], "direction": "rtl", "textStyle": "", "textFormat": 0}], "direction": "rtl"}}	\N	 	1004	ar	f5425ec7-0315-4194-842c-7437e3c70779	\N	\N
\N	   	                 .	\N	\N	\N	1259	ar	d22b1d65-9178-49e9-860d-340f265e7a06	\N	\N
\N	    	              .	\N	\N	\N	1260	ar	70a91842-4622-44c1-9ad5-6bdd5f6bd05d	\N	\N
712fc138-f7e2-48e4-bcc8-5e24ff9e79b7	     	\N	\N	\N	\N	1374	ar	6f150a96-3945-495d-8342-048758ec5b3d	\N	\N
7a8a5f6d-dc53-40ab-9daa-217ee1027234	\N	\N	{"root": {"type": "root", "format": "", "indent": 0, "version": 1, "children": [{"tag": "h4", "type": "heading", "format": "", "indent": 0, "version": 1, "children": [{"mode": "normal", "text": "      ", "type": "text", "style": "", "detail": 0, "format": 0, "version": 1}], "direction": "rtl"}], "direction": "rtl"}}	  	\N	1476	ar	c1777401-00cb-4004-9504-e645028a0ada	      	\N
\N	   	                 .	\N	\N	\N	1267	ar	09a7f88c-058b-4bb4-b79d-f7618eb453b8	\N	\N
\N	   	                 .	\N	\N	\N	1268	ar	9b15b2eb-2c7d-4e38-a80f-9db3a6f282d5	\N	\N
\N	    	              .	\N	\N	\N	1269	ar	3c883894-af9b-4dca-9fdf-f7d0605334fe	\N	\N
\N	   	                 .	\N	\N	\N	1282	ar	002ae730-50e8-4c2f-8813-3190563649ae	\N	\N
\N	   	                 .	\N	\N	\N	1283	ar	a12bdd7b-2b2a-4d8f-93ee-41f6c0480b14	\N	\N
\N	    	              .	\N	\N	\N	1284	ar	ff38e19e-2adf-4a11-bc76-49e4ca672135	\N	\N
cd2d9b5d-5b74-4846-b1eb-85e3535f944a	\N	\N	{"root": {"type": "root", "format": "", "indent": 0, "version": 1, "children": [{"tag": "h3", "type": "heading", "format": "", "indent": 0, "version": 1, "children": [{"mode": "normal", "text": "       ", "type": "text", "style": "", "detail": 0, "format": 0, "version": 1}], "direction": "rtl"}, {"type": "paragraph", "format": "", "indent": 0, "version": 1, "children": [{"mode": "normal", "text": "    HungerStation  Jahez  Careem              .", "type": "text", "style": "", "detail": 0, "format": 0, "version": 1}], "direction": "rtl", "textStyle": "", "textFormat": 0}], "direction": "rtl"}}	   	\N	1382	ar	c3ac3689-401e-48ad-a396-34223738e2c9	          	\N
5b3e3903-897a-4182-a331-61f448da95d0	\N	\N	{"root": {"type": "root", "format": "", "indent": 0, "version": 1, "children": [{"tag": "h4", "type": "heading", "format": "", "indent": 0, "version": 1, "children": [{"mode": "normal", "text": "     ", "type": "text", "style": "", "detail": 0, "format": 0, "version": 1}], "direction": "rtl"}], "direction": "rtl"}}	  	\N	1383	ar	d2e30f0e-fc35-4021-a92b-129c33df52cc	          	\N
7a8a5f6d-dc53-40ab-9daa-217ee1027234	\N	\N	{"root": {"type": "root", "format": "", "indent": 0, "version": 1, "children": [{"tag": "h4", "type": "heading", "format": "", "indent": 0, "version": 1, "children": [{"mode": "normal", "text": "      ", "type": "text", "style": "", "detail": 0, "format": 0, "version": 1}], "direction": "rtl"}], "direction": "rtl"}}	  	\N	1384	ar	1564dfe4-ff14-482d-9cf4-403dde755348	      	\N
\N	\N	\N	{"root": {"type": "root", "format": "", "indent": 0, "version": 1, "children": [{"tag": "h3", "type": "heading", "format": "", "indent": 0, "version": 1, "children": [{"mode": "normal", "text": "  ", "type": "text", "style": "", "detail": 0, "format": 0, "version": 1}], "direction": "rtl"}, {"type": "paragraph", "format": "", "indent": 0, "version": 1, "children": [{"mode": "normal", "text": "            ...      .", "type": "text", "style": "", "detail": 0, "format": 0, "version": 1}], "direction": "rtl", "textStyle": "", "textFormat": 0}], "direction": "rtl"}}	\N	 	1385	ar	501406dd-5d68-4830-a487-c59c7a8b0f98	\N	\N
\N	\N	\N	{"root": {"type": "root", "format": "", "indent": 0, "version": 1, "children": [{"tag": "h3", "type": "heading", "format": "", "indent": 0, "version": 1, "children": [{"mode": "normal", "text": "  ", "type": "text", "style": "", "detail": 0, "format": 0, "version": 1}], "direction": "rtl"}, {"type": "paragraph", "format": "", "indent": 0, "version": 1, "children": [{"mode": "normal", "text": "            ...      .", "type": "text", "style": "", "detail": 0, "format": 0, "version": 1}], "direction": "rtl", "textStyle": "", "textFormat": 0}], "direction": "rtl"}}	\N	 	1477	ar	0264843b-c2cd-4fad-91f1-42c3451001e3	\N	\N
cd2d9b5d-5b74-4846-b1eb-85e3535f944a	\N	\N	{"root": {"type": "root", "format": "", "indent": 0, "version": 1, "children": [{"tag": "h3", "type": "heading", "format": "", "indent": 0, "version": 1, "children": [{"mode": "normal", "text": "       ", "type": "text", "style": "", "detail": 0, "format": 0, "version": 1}], "direction": "rtl"}, {"type": "paragraph", "format": "", "indent": 0, "version": 1, "children": [{"mode": "normal", "text": "    HungerStation  Jahez  Careem              .", "type": "text", "style": "", "detail": 0, "format": 0, "version": 1}], "direction": "rtl", "textStyle": "", "textFormat": 0}], "direction": "rtl"}}	   	\N	1600	ar	9e7d6d08-2852-4470-b2b6-2394568b1b3b	          	\N
5b3e3903-897a-4182-a331-61f448da95d0	\N	\N	{"root": {"type": "root", "format": "", "indent": 0, "version": 1, "children": [{"tag": "h4", "type": "heading", "format": "", "indent": 0, "version": 1, "children": [{"mode": "normal", "text": "     ", "type": "text", "style": "", "detail": 0, "format": 0, "version": 1}], "direction": "rtl"}], "direction": "rtl"}}	  	\N	1601	ar	2d3809bd-df38-4537-b3eb-fc4ec660707f	          	\N
7a8a5f6d-dc53-40ab-9daa-217ee1027234	\N	\N	{"root": {"type": "root", "format": "", "indent": 0, "version": 1, "children": [{"tag": "h4", "type": "heading", "format": "", "indent": 0, "version": 1, "children": [{"mode": "normal", "text": "      ", "type": "text", "style": "", "detail": 0, "format": 0, "version": 1}], "direction": "rtl"}], "direction": "rtl"}}	  	\N	1602	ar	87b03f8b-365c-4fc6-91c6-a27107a929a2	      	\N
\N	\N	\N	{"root": {"type": "root", "format": "", "indent": 0, "version": 1, "children": [{"tag": "h3", "type": "heading", "format": "", "indent": 0, "version": 1, "children": [{"mode": "normal", "text": "  ", "type": "text", "style": "", "detail": 0, "format": 0, "version": 1}], "direction": "rtl"}, {"type": "paragraph", "format": "", "indent": 0, "version": 1, "children": [{"mode": "normal", "text": "            ...      .", "type": "text", "style": "", "detail": 0, "format": 0, "version": 1}], "direction": "rtl", "textStyle": "", "textFormat": 0}], "direction": "rtl"}}	\N	 	1603	ar	92229873-60c6-4a01-8a10-6a2e03e9ef5a	\N	\N
f8f05216-7b1e-4f38-9c78-712c86d1057c	         	\N	\N	\N	\N	1604	ar	71f85c9d-3b7f-46e4-b325-2e2c38c10c6b	\N	\N
edbc376c-731b-4c47-8220-478db6cd03e4	     	\N	\N	\N	\N	1605	ar	a82de0fb-c523-474a-8bae-ff71f3c87410	\N	\N
712fc138-f7e2-48e4-bcc8-5e24ff9e79b7	     	\N	\N	\N	\N	1606	ar	9d6f3458-8095-418e-9967-4fc193c241fc	\N	\N
cd2d9b5d-5b74-4846-b1eb-85e3535f944a	\N	\N	{"root": {"type": "root", "format": "", "indent": 0, "version": 1, "children": [{"tag": "h3", "type": "heading", "format": "", "indent": 0, "version": 1, "children": [{"mode": "normal", "text": "       ", "type": "text", "style": "", "detail": 0, "format": 0, "version": 1}], "direction": "rtl"}, {"type": "paragraph", "format": "", "indent": 0, "version": 1, "children": [{"mode": "normal", "text": "    HungerStation  Jahez  Careem              .", "type": "text", "style": "", "detail": 0, "format": 0, "version": 1}], "direction": "rtl", "textStyle": "", "textFormat": 0}], "direction": "rtl"}}	   	\N	1607	ar	1c716589-d83d-4234-9c50-ab0eea7f97ee	          	\N
5b3e3903-897a-4182-a331-61f448da95d0	\N	\N	{"root": {"type": "root", "format": "", "indent": 0, "version": 1, "children": [{"tag": "h4", "type": "heading", "format": "", "indent": 0, "version": 1, "children": [{"mode": "normal", "text": "     ", "type": "text", "style": "", "detail": 0, "format": 0, "version": 1}], "direction": "rtl"}], "direction": "rtl"}}	  	\N	1608	ar	a56881ae-1db3-4d70-b33c-e8f5ca55323e	          	\N
7a8a5f6d-dc53-40ab-9daa-217ee1027234	\N	\N	{"root": {"type": "root", "format": "", "indent": 0, "version": 1, "children": [{"tag": "h4", "type": "heading", "format": "", "indent": 0, "version": 1, "children": [{"mode": "normal", "text": "      ", "type": "text", "style": "", "detail": 0, "format": 0, "version": 1}], "direction": "rtl"}], "direction": "rtl"}}	  	\N	1609	ar	4a429bdf-d961-42d6-b57c-8bf07df07181	      	\N
\N	\N	\N	{"root": {"type": "root", "format": "", "indent": 0, "version": 1, "children": [{"tag": "h3", "type": "heading", "format": "", "indent": 0, "version": 1, "children": [{"mode": "normal", "text": "  ", "type": "text", "style": "", "detail": 0, "format": 0, "version": 1}], "direction": "rtl"}, {"type": "paragraph", "format": "", "indent": 0, "version": 1, "children": [{"mode": "normal", "text": "            ...      .", "type": "text", "style": "", "detail": 0, "format": 0, "version": 1}], "direction": "rtl", "textStyle": "", "textFormat": 0}], "direction": "rtl"}}	\N	 	1610	ar	8782f13b-3e8e-4c58-924c-44c4e7947b97	\N	\N
\N	   	              	\N	\N	\N	1617	ar	45b7bcc4-6017-4968-88f4-feb843f1f5b5	\N	\N
\N	   	             	\N	\N	\N	1618	ar	cb06746f-ee99-4523-9316-fbd784dc2c89	\N	\N
\N	    	             	\N	\N	\N	1619	ar	7155e2df-88ef-4a11-b15d-26496adac7a5	\N	\N
\N	   	              	\N	\N	\N	1620	ar	fbcaa3c9-a571-4977-9157-69f07bd71b44	\N	\N
\N	   	             	\N	\N	\N	1621	ar	e2ebdbd6-0e45-4f0d-adb2-ec58006a3698	\N	\N
\N	    	             	\N	\N	\N	1622	ar	18034d2d-ba2f-430b-83b5-3f9af226e811	\N	\N
\N	\N	\N	\N	\N	\N	1641	en	d0777921-1d13-40cb-96fe-a46cca3db328	\N	\N
\N	\N	\N	\N	\N	\N	1648	en	96edd338-bec1-4e96-90b4-073e982f4213	\N	\N
\N	\N	\N	\N	\N	\N	1688	en	df3c14cf-19f4-441f-8e51-0bc1692b111d	\N	\N
\N	\N	\N	\N	\N	\N	1689	en	5848f55d-de9b-4829-ad9a-3287b5e3f85e	\N	\N
\N	\N	\N	\N	\N	\N	1690	en	51dcede5-a971-4033-a2d1-f2fb02410356	\N	\N
\N	\N	\N	\N	\N	\N	1691	en	f3bfb8c8-8c6e-4fa3-80e5-bbbf2d4d04ec	\N	\N
\N	\N	\N	\N	\N	\N	1692	en	9492b1c6-50b2-4948-b587-02e7db6752a7	\N	\N
\N	\N	\N	\N	\N	\N	1693	en	d51ca0d0-8345-44e1-bba8-f4ad4448c686	\N	\N
\N	\N	\N	\N	\N	\N	1694	en	b847f9a9-253a-425c-b55c-0304ea9b5bef	\N	\N
\N	\N	\N	\N	\N	\N	1695	en	8f1ff33a-e857-4fce-a51a-f487620d9401	\N	\N
\N	\N	\N	\N	\N	\N	1696	en	973c283d-dec8-4da9-867c-d7a38d2426aa	\N	\N
\N	\N	\N	\N	\N	\N	1697	en	25a7642b-0d1d-4627-80d5-b36727de0123	\N	\N
\N	\N	\N	\N	\N	\N	1698	en	122286fb-e74f-4b93-8402-79dceea3f012	\N	\N
\N	\N	\N	\N	\N	\N	1699	en	1fba1fa9-0fe1-4417-8356-5a8633ee03d9	\N	\N
\N	\N	\N	\N	\N	\N	1700	en	f2631aa0-b803-4bf3-a95f-88d9211724ab	\N	\N
\N	\N	\N	\N	\N	\N	1701	en	28c8b240-4a71-4ad4-94fa-2c330de3bc0a	\N	\N
\N	\N	\N	\N	\N	\N	1702	en	5765c7bf-c9b5-4d20-8aa2-746b1bd8a677	\N	\N
5b3e3903-897a-4182-a331-61f448da95d0	\N	\N	\N	\N	\N	1677	en	03ce5ad4-31e3-494d-ad04-a1e63cdb33b8	\N	\N
f8f05216-7b1e-4f38-9c78-712c86d1057c	\N	\N	\N	\N	\N	1679	en	03f70f1e-4f59-41a9-8e1f-e0ab67bf10fb	\N	\N
edbc376c-731b-4c47-8220-478db6cd03e4	\N	\N	\N	\N	\N	1674	en	122a37de-86d9-4406-9f48-17ea40ba9aad	\N	\N
712fc138-f7e2-48e4-bcc8-5e24ff9e79b7	\N	\N	\N	\N	\N	1663	en	14c7cb33-b4f0-496d-99bd-dd627007d26c	\N	\N
5b3e3903-897a-4182-a331-61f448da95d0	\N	\N	\N	\N	\N	1627	en	15cba7b8-cbcf-4a14-a3c4-3ab0b2085e3c	\N	\N
cd2d9b5d-5b74-4846-b1eb-85e3535f944a	\N	\N	\N	\N	\N	1645	en	1713973a-7258-49a9-8939-2cacad23ec70	\N	\N
712fc138-f7e2-48e4-bcc8-5e24ff9e79b7	\N	\N	\N	\N	\N	1681	en	18453d0f-ded3-490c-b1cd-82cc3f89714f	\N	\N
7a8a5f6d-dc53-40ab-9daa-217ee1027234	\N	\N	\N	\N	\N	1647	en	1ad6a84d-6206-429e-8cca-fbbd54205f87	\N	\N
f8f05216-7b1e-4f38-9c78-712c86d1057c	\N	\N	\N	\N	\N	1661	en	28cf1a1f-2bd2-4cca-804c-3e5b6597ccf5	\N	\N
5b3e3903-897a-4182-a331-61f448da95d0	\N	\N	\N	\N	\N	1665	en	37df3531-d22c-4af1-b4a5-83e1ebef8df4	\N	\N
cd2d9b5d-5b74-4846-b1eb-85e3535f944a	\N	\N	\N	\N	\N	1676	en	38861a89-5f24-4051-b444-23587e2d1470	\N	\N
edbc376c-731b-4c47-8220-478db6cd03e4	\N	\N	\N	\N	\N	1662	en	38ac7103-9dba-49de-adf0-03028058b0a6	\N	\N
5b3e3903-897a-4182-a331-61f448da95d0	\N	\N	\N	\N	\N	1671	en	38d318d2-2394-4ec2-8035-55e2c2a2995c	\N	\N
edbc376c-731b-4c47-8220-478db6cd03e4	\N	\N	\N	\N	\N	1686	en	3a611c65-7ae5-4b20-9347-721a6f06ec56	\N	\N
cd2d9b5d-5b74-4846-b1eb-85e3535f944a	\N	\N	\N	\N	\N	1682	en	3c45bd9e-f5ec-455a-bd15-b53e7ce125d9	\N	\N
5b3e3903-897a-4182-a331-61f448da95d0	\N	\N	\N	\N	\N	1659	en	3db49a0c-a4de-4b4a-82ee-abbb9a343d09	\N	\N
712fc138-f7e2-48e4-bcc8-5e24ff9e79b7	\N	\N	\N	\N	\N	1644	en	40afaa72-bd12-4471-bd20-1e6454476754	\N	\N
712fc138-f7e2-48e4-bcc8-5e24ff9e79b7	\N	\N	\N	\N	\N	1675	en	417aa0c9-5a23-4153-996d-63ff6c0604e1	\N	\N
7a8a5f6d-dc53-40ab-9daa-217ee1027234	\N	\N	\N	\N	\N	1684	en	451ef1bd-0607-4a4e-8ec1-ab4d66be04df	\N	\N
f8f05216-7b1e-4f38-9c78-712c86d1057c	\N	\N	\N	\N	\N	1667	en	45c96df7-dce8-4703-ac4d-419251174a24	\N	\N
cd2d9b5d-5b74-4846-b1eb-85e3535f944a	\N	\N	\N	\N	\N	1664	en	4bd1920f-1a22-4864-80fd-5dc34e4eac86	\N	\N
edbc376c-731b-4c47-8220-478db6cd03e4	\N	\N	\N	\N	\N	1650	en	50d3f2fd-7645-41e9-894d-4b6af0a986bd	\N	\N
\N	\N	\N	\N	\N	\N	1703	en	55b41856-c409-4823-a7f9-0aaad801553f	\N	\N
\N	\N	\N	\N	\N	\N	1704	en	4efbc34c-f2cc-4e42-b438-38968a60be14	\N	\N
\N	\N	\N	\N	\N	\N	1705	en	b7e2662a-8edb-41df-894d-c028a9d598af	\N	\N
\N	\N	\N	\N	\N	\N	1706	en	27e0928d-7575-4e16-a2d2-a0558c469442	\N	\N
\N	\N	\N	\N	\N	\N	1707	en	d35ab54c-8015-4d74-8e42-be830924a86f	\N	\N
\N	\N	\N	\N	\N	\N	1708	en	df478435-9b18-47e0-9fce-08cd21f82b5b	\N	\N
\N	\N	\N	\N	\N	\N	1709	en	0e6c0f8e-2c73-421e-80ee-1f201fcc98d2	\N	\N
\N	\N	\N	\N	\N	\N	1710	en	d22b1d65-9178-49e9-860d-340f265e7a06	\N	\N
\N	\N	\N	\N	\N	\N	1711	en	70a91842-4622-44c1-9ad5-6bdd5f6bd05d	\N	\N
\N	\N	\N	\N	\N	\N	1712	en	0e25676b-14f2-4e31-9950-3f13f6bc9bca	\N	\N
\N	\N	\N	\N	\N	\N	1713	en	d26780bf-bcd7-4ba2-9919-a553d48dcee7	\N	\N
\N	\N	\N	\N	\N	\N	1714	en	09a7f88c-058b-4bb4-b79d-f7618eb453b8	\N	\N
\N	\N	\N	\N	\N	\N	1715	en	9b15b2eb-2c7d-4e38-a80f-9db3a6f282d5	\N	\N
\N	\N	\N	\N	\N	\N	1716	en	3c883894-af9b-4dca-9fdf-f7d0605334fe	\N	\N
f8f05216-7b1e-4f38-9c78-712c86d1057c	\N	\N	\N	\N	\N	1898	en	07594a77-8581-4d7b-b51b-1566b3993398	\N	\N
f8f05216-7b1e-4f38-9c78-712c86d1057c	         	\N	\N	\N	\N	1899	ar	07594a77-8581-4d7b-b51b-1566b3993398	\N	\N
edbc376c-731b-4c47-8220-478db6cd03e4	\N	\N	\N	\N	\N	1900	en	04b85aa2-74c5-4b85-b8b4-67faf77fecf7	\N	\N
edbc376c-731b-4c47-8220-478db6cd03e4	     	\N	\N	\N	\N	1901	ar	04b85aa2-74c5-4b85-b8b4-67faf77fecf7	\N	\N
712fc138-f7e2-48e4-bcc8-5e24ff9e79b7	\N	\N	\N	\N	\N	1902	en	1d6d3efc-6765-4db1-9cc4-ef5f80536264	\N	\N
712fc138-f7e2-48e4-bcc8-5e24ff9e79b7	     	\N	\N	\N	\N	1903	ar	1d6d3efc-6765-4db1-9cc4-ef5f80536264	\N	\N
\N	\N	\N	\N	\N	\N	1723	en	f8388dbd-92b0-4b5e-a333-cdb69d97112c	\N	\N
\N	\N	\N	\N	\N	\N	1724	en	b00047b2-5653-429f-814d-47bcaedbf93c	\N	\N
\N	\N	\N	\N	\N	\N	1725	en	a04abdb9-75a4-42fd-b100-2ea46605a0b0	\N	\N
\N	\N	\N	\N	\N	\N	1726	en	853ea5ee-267f-4f71-b4e0-fe4044c428a1	\N	\N
\N	\N	\N	\N	\N	\N	1727	en	3ac4d099-4ae0-4664-b525-3ba65866d22c	\N	\N
\N	\N	\N	\N	\N	\N	1728	en	b7769bf0-a0d4-4ea6-b8e3-f0d610664184	\N	\N
\N	\N	\N	\N	\N	\N	1729	en	dd778e10-34c0-48dc-bd9f-ad3834645763	\N	\N
\N	\N	\N	\N	\N	\N	1730	en	bc00fdda-849a-459d-b7cc-b8a06944cbce	\N	\N
\N	\N	\N	\N	\N	\N	1731	en	d034f5cc-6b30-481a-85e5-a2680078b4a3	\N	\N
\N	\N	\N	\N	\N	\N	1732	en	002ae730-50e8-4c2f-8813-3190563649ae	\N	\N
\N	\N	\N	\N	\N	\N	1733	en	a12bdd7b-2b2a-4d8f-93ee-41f6c0480b14	\N	\N
\N	\N	\N	\N	\N	\N	1734	en	ff38e19e-2adf-4a11-bc76-49e4ca672135	\N	\N
cd2d9b5d-5b74-4846-b1eb-85e3535f944a	\N	\N	\N	\N	\N	1904	en	fc87b672-8507-446a-9fab-da19f739e3d9	\N	\N
cd2d9b5d-5b74-4846-b1eb-85e3535f944a	\N	\N	{"root": {"type": "root", "format": "", "indent": 0, "version": 1, "children": [{"tag": "h3", "type": "heading", "format": "", "indent": 0, "version": 1, "children": [{"mode": "normal", "text": "       ", "type": "text", "style": "", "detail": 0, "format": 0, "version": 1}], "direction": "rtl"}, {"type": "paragraph", "format": "", "indent": 0, "version": 1, "children": [{"mode": "normal", "text": "    HungerStation  Jahez  Careem              .", "type": "text", "style": "", "detail": 0, "format": 0, "version": 1}], "direction": "rtl", "textStyle": "", "textFormat": 0}], "direction": "rtl"}}	   	\N	1905	ar	fc87b672-8507-446a-9fab-da19f739e3d9	          	\N
5b3e3903-897a-4182-a331-61f448da95d0	\N	\N	\N	\N	\N	1906	en	803bce0d-f71f-40c6-b2b8-e0197ba8dbdc	\N	\N
5b3e3903-897a-4182-a331-61f448da95d0	\N	\N	{"root": {"type": "root", "format": "", "indent": 0, "version": 1, "children": [{"tag": "h4", "type": "heading", "format": "", "indent": 0, "version": 1, "children": [{"mode": "normal", "text": "     ", "type": "text", "style": "", "detail": 0, "format": 0, "version": 1}], "direction": "rtl"}], "direction": "rtl"}}	  	\N	1907	ar	803bce0d-f71f-40c6-b2b8-e0197ba8dbdc	          	\N
7a8a5f6d-dc53-40ab-9daa-217ee1027234	\N	\N	\N	\N	\N	1908	en	7437c4e9-6b66-4b33-a698-ecd450ab041f	\N	\N
7a8a5f6d-dc53-40ab-9daa-217ee1027234	\N	\N	{"root": {"type": "root", "format": "", "indent": 0, "version": 1, "children": [{"tag": "h4", "type": "heading", "format": "", "indent": 0, "version": 1, "children": [{"mode": "normal", "text": "      ", "type": "text", "style": "", "detail": 0, "format": 0, "version": 1}], "direction": "rtl"}], "direction": "rtl"}}	  	\N	1909	ar	7437c4e9-6b66-4b33-a698-ecd450ab041f	      	\N
\N	\N	\N	\N	\N	\N	1741	en	7cb3651c-8c38-478e-95fd-c6ac01079aa1	\N	\N
\N	\N	\N	\N	\N	\N	1910	en	122240a9-a953-4d1e-b4f7-ae7e7b8f32a5	\N	\N
\N	\N	\N	\N	\N	\N	1748	en	17de926a-480c-476b-a9e8-9dae5df91531	\N	\N
\N	\N	\N	\N	\N	\N	1755	en	0bcc9b21-741e-417c-945b-62443a8a01dd	\N	\N
\N	\N	\N	\N	\N	\N	1756	en	940b80c0-acc2-476a-9857-8fc561c57b8a	\N	\N
\N	\N	\N	\N	\N	\N	1757	en	82b9a5fc-e3df-4592-96e4-a74e1b54ccd6	\N	\N
\N	\N	\N	\N	\N	\N	1758	en	f5e682c6-0983-4aef-8c59-42fd441ff56c	\N	\N
\N	\N	\N	\N	\N	\N	1759	en	3805cac3-ae4b-4660-b5a0-37f089c6e852	\N	\N
\N	\N	\N	\N	\N	\N	1760	en	f20250fe-c7a2-417d-8cb6-5058143a7fed	\N	\N
\N	\N	\N	\N	\N	\N	1761	en	e80ef2fc-93a4-490b-84ce-889f75a635c0	\N	\N
\N	\N	\N	\N	\N	\N	1762	en	7f5fcb02-8fea-4d1e-93c4-004294b31ea8	\N	\N
\N	\N	\N	\N	\N	\N	1763	en	322d5fd7-ec84-4c9f-a208-a08626fa753a	\N	\N
\N	\N	\N	\N	\N	\N	1764	en	bf4813d2-9b02-442e-bdf5-844b6c728412	\N	\N
\N	\N	\N	\N	\N	\N	1765	en	b6092d03-27c8-4ba8-93f6-dcb2928ad279	\N	\N
\N	\N	\N	\N	\N	\N	1766	en	15d074eb-fac8-4e44-8a8c-a540ce97083f	\N	\N
\N	\N	\N	\N	\N	\N	1767	en	b2acdd6a-1e57-438d-8cd3-5a0d46a42c62	\N	\N
\N	\N	\N	\N	\N	\N	1768	en	4ddf869e-0c6f-4c87-ae55-aa4ce2996f68	\N	\N
\N	\N	\N	\N	\N	\N	1775	en	7513d516-7ac5-448b-b694-fb2e8d447f22	\N	\N
\N	\N	\N	\N	\N	\N	1782	en	478568a5-2651-44bb-bb4e-649054bf3129	\N	\N
\N	\N	\N	\N	\N	\N	1783	en	157ecd1f-576f-4389-ae86-874661921482	\N	\N
\N	\N	\N	\N	\N	\N	1790	en	f5425ec7-0315-4194-842c-7437e3c70779	\N	\N
\N	\N	\N	\N	\N	\N	1791	en	7d9b3bd4-8827-4c30-bad1-7459bf74c290	\N	\N
\N	\N	\N	\N	\N	\N	1798	en	0a107401-d9cb-4fbe-9220-b624783b8209	\N	\N
\N	\N	\N	\N	\N	\N	1799	en	e0179a01-7152-42be-89a5-e6e4a973b2ca	\N	\N
\N	\N	\N	\N	\N	\N	1800	en	662bbff6-10af-417e-b4a6-5c000ef958c1	\N	\N
\N	\N	\N	\N	\N	\N	1801	en	d40ece6a-3d22-44c1-8b8f-d84b1c353b3a	\N	\N
\N	\N	\N	\N	\N	\N	1802	en	e908829f-5e98-4ae6-b9f0-e82d5dc8a34e	\N	\N
\N	\N	\N	\N	\N	\N	1803	en	733afaaf-a525-4a9e-91bc-09a22aa9aa1c	\N	\N
\N	\N	\N	\N	\N	\N	1804	en	13833416-d28e-4fdc-8f91-5ae194843339	\N	\N
\N	\N	\N	\N	\N	\N	1805	en	4d318782-35c6-41ef-80bf-3d6e8cdab138	\N	\N
\N	\N	\N	\N	\N	\N	1806	en	d6e3e841-106d-4dd6-b67f-8687086e8300	\N	\N
\N	\N	\N	\N	\N	\N	1807	en	c515406f-9ca2-42db-ba7e-a8b1fe17c3ba	\N	\N
\N	\N	\N	\N	\N	\N	1808	en	9fd97da8-6996-455e-a625-2381822ca9ac	\N	\N
\N	\N	\N	\N	\N	\N	1809	en	1a0a1c42-e33c-4d66-a511-be123cd456d7	\N	\N
\N	\N	\N	\N	\N	\N	1810	en	d75dfab3-9de7-442c-8d78-643889395eee	\N	\N
\N	\N	\N	\N	\N	\N	1811	en	1bbfd28a-3816-432f-8eec-f3b49bd11cc6	\N	\N
\N	\N	\N	\N	\N	\N	1815	en	27e4ccc0-5b26-400a-a157-61c008f3d5b5	\N	\N
\N	\N	\N	\N	\N	\N	1822	en	0264843b-c2cd-4fad-91f1-42c3451001e3	\N	\N
\N	\N	\N	\N	\N	\N	1830	en	ca2bba31-edf3-4c22-abf1-0bef4d54f14a	\N	\N
\N	\N	\N	\N	\N	\N	1837	en	4dc9b16f-d06d-4ed2-98db-58aa7d4c040e	\N	\N
\N	\N	\N	{"root": {"type": "root", "format": "", "indent": 0, "version": 1, "children": [{"tag": "h3", "type": "heading", "format": "", "indent": 0, "version": 1, "children": [{"mode": "normal", "text": "  ", "type": "text", "style": "", "detail": 0, "format": 0, "version": 1}], "direction": "rtl"}, {"type": "paragraph", "format": "", "indent": 0, "version": 1, "children": [{"mode": "normal", "text": "            ...      .", "type": "text", "style": "", "detail": 0, "format": 0, "version": 1}], "direction": "rtl", "textStyle": "", "textFormat": 0}], "direction": "rtl"}}	\N	 	1911	ar	122240a9-a953-4d1e-b4f7-ae7e7b8f32a5	\N	\N
\N	\N	\N	\N	\N	\N	1844	en	501406dd-5d68-4830-a487-c59c7a8b0f98	\N	\N
\N	\N	\N	\N	\N	\N	1850	en	92229873-60c6-4a01-8a10-6a2e03e9ef5a	\N	\N
\N	\N	\N	\N	\N	\N	1851	en	2ea5c96f-9a77-4665-a937-5dd02b955f83	\N	\N
\N	\N	\N	\N	\N	\N	1852	en	3d30a86d-1661-4173-a2e7-9ae227d1db44	\N	\N
\N	\N	\N	\N	\N	\N	1853	en	05f4cdcf-1deb-4bec-bd7c-baf2792f8d09	\N	\N
\N	\N	\N	\N	\N	\N	1854	en	479fdb3b-68a0-461d-b521-813f27dac6f7	\N	\N
\N	\N	\N	\N	\N	\N	1855	en	7799ad44-687f-4c80-99df-b69057d80ce5	\N	\N
\N	\N	\N	\N	\N	\N	1856	en	e6934e29-8f84-4cb0-81df-9b6bd48c383c	\N	\N
\N	\N	\N	\N	\N	\N	1863	en	0f58c5eb-7aaf-432f-ab3e-ec04d27b623d	\N	\N
\N	\N	\N	\N	\N	\N	1870	en	925a6bb5-6db5-47eb-b3c4-db5b22ab09a8	\N	\N
\N	\N	\N	\N	\N	\N	1877	en	8782f13b-3e8e-4c58-924c-44c4e7947b97	\N	\N
\N	\N	\N	\N	\N	\N	1878	en	45b7bcc4-6017-4968-88f4-feb843f1f5b5	\N	\N
\N	\N	\N	\N	\N	\N	1879	en	cb06746f-ee99-4523-9316-fbd784dc2c89	\N	\N
\N	\N	\N	\N	\N	\N	1880	en	7155e2df-88ef-4a11-b15d-26496adac7a5	\N	\N
\N	\N	\N	\N	\N	\N	1881	en	fbcaa3c9-a571-4977-9157-69f07bd71b44	\N	\N
\N	\N	\N	\N	\N	\N	1882	en	e2ebdbd6-0e45-4f0d-adb2-ec58006a3698	\N	\N
\N	\N	\N	\N	\N	\N	1883	en	18034d2d-ba2f-430b-83b5-3f9af226e811	\N	\N
5b3e3903-897a-4182-a331-61f448da95d0	\N	\N	\N	\N	\N	1796	en	00d6d7b4-f19d-4221-bce5-2ee33b40544e	\N	\N
f8f05216-7b1e-4f38-9c78-712c86d1057c	\N	\N	\N	\N	\N	1717	en	024a99eb-8a66-45b9-9a15-5b6b3209d4a1	\N	\N
712fc138-f7e2-48e4-bcc8-5e24ff9e79b7	\N	\N	\N	\N	\N	1751	en	027a48ae-6238-46a3-945b-f28532e068a5	\N	\N
f8f05216-7b1e-4f38-9c78-712c86d1057c	\N	\N	\N	\N	\N	1784	en	0b69caa1-4f65-4d0a-895c-f20305407367	\N	\N
7a8a5f6d-dc53-40ab-9daa-217ee1027234	\N	\N	\N	\N	\N	1843	en	1564dfe4-ff14-482d-9cf4-403dde755348	\N	\N
f8f05216-7b1e-4f38-9c78-712c86d1057c	\N	\N	\N	\N	\N	1864	en	1719d78f-f8d4-484d-9a3a-3d5c1a8e74a6	\N	\N
7a8a5f6d-dc53-40ab-9daa-217ee1027234	\N	\N	\N	\N	\N	1740	en	19e99c13-cec8-400c-b82d-a2419984f03e	\N	\N
cd2d9b5d-5b74-4846-b1eb-85e3535f944a	\N	\N	\N	\N	\N	1874	en	1c716589-d83d-4234-9c50-ab0eea7f97ee	\N	\N
f8f05216-7b1e-4f38-9c78-712c86d1057c	\N	\N	\N	\N	\N	1823	en	1cbbec31-de3f-4b14-83e2-e08bce565cbf	\N	\N
7a8a5f6d-dc53-40ab-9daa-217ee1027234	\N	\N	\N	\N	\N	1829	en	1d6fef71-1e28-49d1-88de-b045ef9eb0c2	\N	\N
7a8a5f6d-dc53-40ab-9daa-217ee1027234	\N	\N	\N	\N	\N	1774	en	237beef4-d911-44d7-b7ad-4aaae2478a8e	\N	\N
712fc138-f7e2-48e4-bcc8-5e24ff9e79b7	\N	\N	\N	\N	\N	1786	en	259fa302-4662-4136-a35a-c83e95fde294	\N	\N
edbc376c-731b-4c47-8220-478db6cd03e4	\N	\N	\N	\N	\N	1750	en	267f7c9a-0d0a-4d8b-8c5c-d5cae3b354d2	\N	\N
f8f05216-7b1e-4f38-9c78-712c86d1057c	\N	\N	\N	\N	\N	1769	en	26e296ab-f4ed-4686-ab57-5cab29d3d04f	\N	\N
712fc138-f7e2-48e4-bcc8-5e24ff9e79b7	\N	\N	\N	\N	\N	1744	en	2770fb0b-92fe-4a6e-a3c3-797f83d00570	\N	\N
5b3e3903-897a-4182-a331-61f448da95d0	\N	\N	\N	\N	\N	1848	en	2d3809bd-df38-4537-b3eb-fc4ec660707f	\N	\N
712fc138-f7e2-48e4-bcc8-5e24ff9e79b7	\N	\N	\N	\N	\N	1771	en	303006bd-f883-4202-b75a-1a6feb87f8be	\N	\N
cd2d9b5d-5b74-4846-b1eb-85e3535f944a	\N	\N	\N	\N	\N	1827	en	326a423b-66e5-4efd-885a-aff2b5dd2e64	\N	\N
5b3e3903-897a-4182-a331-61f448da95d0	\N	\N	\N	\N	\N	1721	en	344fdbf5-6586-48d7-82a8-f848fe3f361c	\N	\N
cd2d9b5d-5b74-4846-b1eb-85e3535f944a	\N	\N	\N	\N	\N	1779	en	3b3f7463-4934-4ade-868f-5cab47f45825	\N	\N
712fc138-f7e2-48e4-bcc8-5e24ff9e79b7	\N	\N	\N	\N	\N	1859	en	3e167708-b414-4513-b38a-02dc83a9182f	\N	\N
cd2d9b5d-5b74-4846-b1eb-85e3535f944a	\N	\N	\N	\N	\N	1787	en	4190b80b-b21f-429a-a33a-3d2485143faf	\N	\N
edbc376c-731b-4c47-8220-478db6cd03e4	\N	\N	\N	\N	\N	1832	en	475d5e43-4452-4c3a-a3a7-95e6cb39934c	\N	\N
7a8a5f6d-dc53-40ab-9daa-217ee1027234	\N	\N	\N	\N	\N	1876	en	4a429bdf-d961-42d6-b57c-8bf07df07181	\N	\N
edbc376c-731b-4c47-8220-478db6cd03e4	\N	\N	\N	\N	\N	1770	en	4f664156-f650-4fdf-960e-3cc178372a32	\N	\N
cd2d9b5d-5b74-4846-b1eb-85e3535f944a	\N	\N	\N	\N	\N	1819	en	4f7dc80b-96e7-4c55-9877-229d19b52ff5	\N	\N
edbc376c-731b-4c47-8220-478db6cd03e4	\N	\N	\N	\N	\N	1624	en	5359852d-caf3-4f18-95d5-1259b5f5f653	\N	\N
cd2d9b5d-5b74-4846-b1eb-85e3535f944a	\N	\N	\N	\N	\N	1745	en	558a1bb4-d5c0-4af8-9df3-97113ea39b61	\N	\N
edbc376c-731b-4c47-8220-478db6cd03e4	\N	\N	\N	\N	\N	1656	en	5607e054-416a-47f0-9078-7734f47eb31d	\N	\N
f8f05216-7b1e-4f38-9c78-712c86d1057c	\N	\N	\N	\N	\N	1735	en	583f472c-6e64-4921-9eaf-7b4e103b03e7	\N	\N
712fc138-f7e2-48e4-bcc8-5e24ff9e79b7	\N	\N	\N	\N	\N	1794	en	5d3fd021-049a-4e99-83ed-2e5d0927a84e	\N	\N
edbc376c-731b-4c47-8220-478db6cd03e4	\N	\N	\N	\N	\N	1858	en	5dac6a8f-bf42-4df2-af6d-84807b900e7c	\N	\N
f8f05216-7b1e-4f38-9c78-712c86d1057c	\N	\N	\N	\N	\N	1673	en	5e07fdce-4bdb-4a89-a993-0fb02a7575a3	\N	\N
712fc138-f7e2-48e4-bcc8-5e24ff9e79b7	\N	\N	\N	\N	\N	1669	en	61de7676-340d-4c6a-8f95-82c935f8a95a	\N	\N
edbc376c-731b-4c47-8220-478db6cd03e4	\N	\N	\N	\N	\N	1636	en	65503d7b-857c-4218-b37b-b2505576f095	\N	\N
5b3e3903-897a-4182-a331-61f448da95d0	\N	\N	\N	\N	\N	1868	en	65637100-6446-4581-8dd7-0034ffe6a7ed	\N	\N
712fc138-f7e2-48e4-bcc8-5e24ff9e79b7	\N	\N	\N	\N	\N	1846	en	66450d45-7dd7-4304-9250-0cbfbe90bd4a	\N	\N
7a8a5f6d-dc53-40ab-9daa-217ee1027234	\N	\N	\N	\N	\N	1754	en	66525287-a9c0-467b-b8a3-a99d05047e30	\N	\N
5b3e3903-897a-4182-a331-61f448da95d0	\N	\N	\N	\N	\N	1820	en	66d48ad9-0b01-413a-95f6-26f89c107d86	\N	\N
7a8a5f6d-dc53-40ab-9daa-217ee1027234	\N	\N	\N	\N	\N	1660	en	67d8a970-8d9c-4147-9641-d4dc6431ea5a	\N	\N
edbc376c-731b-4c47-8220-478db6cd03e4	\N	\N	\N	\N	\N	1817	en	6843cdfe-4da7-4193-99d6-4f155929f945	\N	\N
712fc138-f7e2-48e4-bcc8-5e24ff9e79b7	\N	\N	\N	\N	\N	1840	en	6ac0efcb-823b-48b7-b94d-9f74157d6f02	\N	\N
712fc138-f7e2-48e4-bcc8-5e24ff9e79b7	\N	\N	\N	\N	\N	1833	en	6f150a96-3945-495d-8342-048758ec5b3d	\N	\N
f8f05216-7b1e-4f38-9c78-712c86d1057c	\N	\N	\N	\N	\N	1871	en	71f85c9d-3b7f-46e4-b325-2e2c38c10c6b	\N	\N
cd2d9b5d-5b74-4846-b1eb-85e3535f944a	\N	\N	\N	\N	\N	1867	en	740f6b74-b2c3-4103-8798-ad88f25571a5	\N	\N
712fc138-f7e2-48e4-bcc8-5e24ff9e79b7	\N	\N	\N	\N	\N	1737	en	74188cb7-9bd6-44a1-bb13-f4b07ff506ef	\N	\N
7a8a5f6d-dc53-40ab-9daa-217ee1027234	\N	\N	\N	\N	\N	1678	en	74c0880c-ecbc-4a46-89af-1f633cb6fff9	\N	\N
712fc138-f7e2-48e4-bcc8-5e24ff9e79b7	\N	\N	\N	\N	\N	1637	en	77260aa5-f711-4ad0-b879-af7a8c5dc912	\N	\N
edbc376c-731b-4c47-8220-478db6cd03e4	\N	\N	\N	\N	\N	1718	en	77722ea1-2e91-4bf2-a042-31b4cfc12736	\N	\N
712fc138-f7e2-48e4-bcc8-5e24ff9e79b7	\N	\N	\N	\N	\N	1657	en	7777dc4b-c913-4a1d-80e0-13cd26555e1b	\N	\N
edbc376c-731b-4c47-8220-478db6cd03e4	\N	\N	\N	\N	\N	1793	en	7888e536-5dd6-496f-b701-938561375d74	\N	\N
f8f05216-7b1e-4f38-9c78-712c86d1057c	\N	\N	\N	\N	\N	1816	en	7d0025b3-afb2-4419-9be8-e4378030149a	\N	\N
cd2d9b5d-5b74-4846-b1eb-85e3535f944a	\N	\N	\N	\N	\N	1638	en	7f5ed49e-9fa8-40b6-b7fa-506f47db2428	\N	\N
7a8a5f6d-dc53-40ab-9daa-217ee1027234	\N	\N	\N	\N	\N	1836	en	816c330d-0896-4683-8df0-e26ae4f45c44	\N	\N
7a8a5f6d-dc53-40ab-9daa-217ee1027234	\N	\N	\N	\N	\N	1747	en	831881ba-94c3-4615-a6d8-a72325a62a9a	\N	\N
edbc376c-731b-4c47-8220-478db6cd03e4	\N	\N	\N	\N	\N	1643	en	8319e5ce-fc5d-42e3-9a14-8887f75ea880	\N	\N
5b3e3903-897a-4182-a331-61f448da95d0	\N	\N	\N	\N	\N	1773	en	8365da68-bebd-4077-a711-9956ee1c99a3	\N	\N
7a8a5f6d-dc53-40ab-9daa-217ee1027234	\N	\N	\N	\N	\N	1849	en	87b03f8b-365c-4fc6-91c6-a27107a929a2	\N	\N
7a8a5f6d-dc53-40ab-9daa-217ee1027234	\N	\N	\N	\N	\N	1640	en	8eb835d3-090b-482c-a845-10b68a1190bf	\N	\N
f8f05216-7b1e-4f38-9c78-712c86d1057c	\N	\N	\N	\N	\N	1642	en	8f2d4ab9-6096-4b66-88de-12f6a9c16199	\N	\N
5b3e3903-897a-4182-a331-61f448da95d0	\N	\N	\N	\N	\N	1683	en	8f45e4a1-af6c-4530-833b-036465ca8ebe	\N	\N
7a8a5f6d-dc53-40ab-9daa-217ee1027234	\N	\N	\N	\N	\N	1789	en	8fd665b0-b5c7-46b9-980e-845b2e5d59b6	\N	\N
5b3e3903-897a-4182-a331-61f448da95d0	\N	\N	\N	\N	\N	1835	en	922f7248-b660-4324-81d7-30a04dc0d12a	\N	\N
edbc376c-731b-4c47-8220-478db6cd03e4	\N	\N	\N	\N	\N	1736	en	93186197-319c-43bc-8275-13d466b25cb1	\N	\N
f8f05216-7b1e-4f38-9c78-712c86d1057c	\N	\N	\N	\N	\N	1623	en	94eb72fa-c8f6-4765-b8e2-c3ea1fe1bf0c	\N	\N
7a8a5f6d-dc53-40ab-9daa-217ee1027234	\N	\N	\N	\N	\N	1862	en	970db27a-064b-4594-be2f-1e798542d0c3	\N	\N
712fc138-f7e2-48e4-bcc8-5e24ff9e79b7	\N	\N	\N	\N	\N	1687	en	97113670-469e-41a8-adfc-73411af4e5d5	\N	\N
712fc138-f7e2-48e4-bcc8-5e24ff9e79b7	\N	\N	\N	\N	\N	1651	en	97260979-a9b9-4c26-8398-bfa7f611bf53	\N	\N
5b3e3903-897a-4182-a331-61f448da95d0	\N	\N	\N	\N	\N	1788	en	976a900e-f06a-4fc2-a2df-9ef37d565a31	\N	\N
5b3e3903-897a-4182-a331-61f448da95d0	\N	\N	\N	\N	\N	1633	en	9825c273-0e35-4b0f-8d47-0b3d8bc6a3e7	\N	\N
f8f05216-7b1e-4f38-9c78-712c86d1057c	\N	\N	\N	\N	\N	1749	en	989a490b-e148-4718-a1d7-3313610dd7ad	\N	\N
edbc376c-731b-4c47-8220-478db6cd03e4	\N	\N	\N	\N	\N	1785	en	99c1185c-6b26-494b-8c1e-8ddbc005b8a9	\N	\N
712fc138-f7e2-48e4-bcc8-5e24ff9e79b7	\N	\N	\N	\N	\N	1778	en	9b40ba8e-5f97-46ba-b0e0-68c82fd1c195	\N	\N
edbc376c-731b-4c47-8220-478db6cd03e4	\N	\N	\N	\N	\N	1743	en	9bc110b7-b225-4d71-bf65-f53575b3bbb4	\N	\N
712fc138-f7e2-48e4-bcc8-5e24ff9e79b7	\N	\N	\N	\N	\N	1873	en	9d6f3458-8095-418e-9967-4fc193c241fc	\N	\N
cd2d9b5d-5b74-4846-b1eb-85e3535f944a	\N	\N	\N	\N	\N	1847	en	9e7d6d08-2852-4470-b2b6-2394568b1b3b	\N	\N
cd2d9b5d-5b74-4846-b1eb-85e3535f944a	\N	\N	\N	\N	\N	1772	en	9eca749e-ce4e-4931-a7f8-eceacf7cfeab	\N	\N
f8f05216-7b1e-4f38-9c78-712c86d1057c	\N	\N	\N	\N	\N	1831	en	a009aecb-af58-4994-92f7-1d6ba9556ed0	\N	\N
f8f05216-7b1e-4f38-9c78-712c86d1057c	\N	\N	\N	\N	\N	1824	en	a08b0f90-55b5-41e8-8b87-50785eecd1bc	\N	\N
f8f05216-7b1e-4f38-9c78-712c86d1057c	\N	\N	\N	\N	\N	1857	en	a189bf7d-f70f-4834-b5d6-d61f9aab59f7	\N	\N
712fc138-f7e2-48e4-bcc8-5e24ff9e79b7	\N	\N	\N	\N	\N	1654	en	a281c3a2-50c2-4dac-be5b-424b137702d5	\N	\N
7a8a5f6d-dc53-40ab-9daa-217ee1027234	\N	\N	\N	\N	\N	1814	en	a2d25223-ae1e-459f-8748-cf27e06b32aa	\N	\N
5b3e3903-897a-4182-a331-61f448da95d0	\N	\N	\N	\N	\N	1753	en	a4a6e6ee-88a8-4133-88b3-337e0d5e9b26	\N	\N
7a8a5f6d-dc53-40ab-9daa-217ee1027234	\N	\N	\N	\N	\N	1722	en	a4f94bfa-3f08-4762-ad18-6fb9a23e52ab	\N	\N
5b3e3903-897a-4182-a331-61f448da95d0	\N	\N	\N	\N	\N	1875	en	a56881ae-1db3-4d70-b33c-e8f5ca55323e	\N	\N
5b3e3903-897a-4182-a331-61f448da95d0	\N	\N	\N	\N	\N	1813	en	a7d92552-bf40-4c67-9933-fb858bfc4ce9	\N	\N
edbc376c-731b-4c47-8220-478db6cd03e4	\N	\N	\N	\N	\N	1872	en	a82de0fb-c523-474a-8bae-ff71f3c87410	\N	\N
5b3e3903-897a-4182-a331-61f448da95d0	\N	\N	\N	\N	\N	1639	en	a88821f4-28a3-4b6f-9944-1accd9921b04	\N	\N
712fc138-f7e2-48e4-bcc8-5e24ff9e79b7	\N	\N	\N	\N	\N	1818	en	ab94111f-a235-4473-8e94-59089b4f2783	\N	\N
edbc376c-731b-4c47-8220-478db6cd03e4	\N	\N	\N	\N	\N	1653	en	aeea19e7-25c8-41d5-b294-e270b287838b	\N	\N
cd2d9b5d-5b74-4846-b1eb-85e3535f944a	\N	\N	\N	\N	\N	1658	en	af829656-9761-44c3-a048-39df92805c0d	\N	\N
edbc376c-731b-4c47-8220-478db6cd03e4	\N	\N	\N	\N	\N	1825	en	afec06f3-76f6-4ed5-9d36-d230d33467d4	\N	\N
edbc376c-731b-4c47-8220-478db6cd03e4	\N	\N	\N	\N	\N	1668	en	b15e4a76-8320-43f2-af85-98954d1c160e	\N	\N
cd2d9b5d-5b74-4846-b1eb-85e3535f944a	\N	\N	\N	\N	\N	1834	en	b60d7bfc-ce64-483c-a3f1-5f98c36d069f	\N	\N
712fc138-f7e2-48e4-bcc8-5e24ff9e79b7	\N	\N	\N	\N	\N	1826	en	b7cc03ec-372e-4397-a748-a8f1550be5c6	\N	\N
f8f05216-7b1e-4f38-9c78-712c86d1057c	\N	\N	\N	\N	\N	1649	en	b9c2b68c-1b47-41e6-abf7-8cd6fabdd164	\N	\N
edbc376c-731b-4c47-8220-478db6cd03e4	\N	\N	\N	\N	\N	1680	en	babdb403-db4a-4eba-b5da-3a9090c1735d	\N	\N
5b3e3903-897a-4182-a331-61f448da95d0	\N	\N	\N	\N	\N	1746	en	bb30513b-dc58-4864-b665-af7856255b59	\N	\N
f8f05216-7b1e-4f38-9c78-712c86d1057c	\N	\N	\N	\N	\N	1685	en	bca0eb17-d003-4186-9889-a8e91c7f875d	\N	\N
f8f05216-7b1e-4f38-9c78-712c86d1057c	\N	\N	\N	\N	\N	1792	en	bd7e2fae-b517-4cfd-a098-377bd600d55c	\N	\N
5b3e3903-897a-4182-a331-61f448da95d0	\N	\N	\N	\N	\N	1780	en	be75b1f3-efa3-4c4e-96f5-1141ed154a70	\N	\N
712fc138-f7e2-48e4-bcc8-5e24ff9e79b7	\N	\N	\N	\N	\N	1631	en	bfabc0af-faaf-4901-bd36-91d2b512d9de	\N	\N
edbc376c-731b-4c47-8220-478db6cd03e4	\N	\N	\N	\N	\N	1839	en	c148f978-7996-4997-b915-0988274b0857	\N	\N
7a8a5f6d-dc53-40ab-9daa-217ee1027234	\N	\N	\N	\N	\N	1821	en	c1777401-00cb-4004-9504-e645028a0ada	\N	\N
cd2d9b5d-5b74-4846-b1eb-85e3535f944a	\N	\N	\N	\N	\N	1841	en	c3ac3689-401e-48ad-a396-34223738e2c9	\N	\N
cd2d9b5d-5b74-4846-b1eb-85e3535f944a	\N	\N	\N	\N	\N	1738	en	c3da117f-a09d-48f5-a1ec-756b37dc6426	\N	\N
7a8a5f6d-dc53-40ab-9daa-217ee1027234	\N	\N	\N	\N	\N	1672	en	c42b6d40-c72d-4ac0-9253-50505d62ad80	\N	\N
7a8a5f6d-dc53-40ab-9daa-217ee1027234	\N	\N	\N	\N	\N	1628	en	c4494c44-e7f3-46c3-97fc-378fe1e62bf1	\N	\N
cd2d9b5d-5b74-4846-b1eb-85e3535f944a	\N	\N	\N	\N	\N	1752	en	c58d26ec-abd3-4d02-bed8-02be5bcffd52	\N	\N
712fc138-f7e2-48e4-bcc8-5e24ff9e79b7	\N	\N	\N	\N	\N	1866	en	c8709591-d659-4e94-a16e-9cd2b2680610	\N	\N
f8f05216-7b1e-4f38-9c78-712c86d1057c	\N	\N	\N	\N	\N	1776	en	ca72e0fd-c041-45ab-b1eb-b157d43c90e3	\N	\N
edbc376c-731b-4c47-8220-478db6cd03e4	\N	\N	\N	\N	\N	1865	en	cc30203f-1d07-4f67-a416-808d1152d7de	\N	\N
edbc376c-731b-4c47-8220-478db6cd03e4	\N	\N	\N	\N	\N	1630	en	cd5e386e-4803-4158-aa22-d7987a2d4aa3	\N	\N
712fc138-f7e2-48e4-bcc8-5e24ff9e79b7	\N	\N	\N	\N	\N	1719	en	cdc8ce56-a561-4f45-a8db-da537b3dcf4c	\N	\N
5b3e3903-897a-4182-a331-61f448da95d0	\N	\N	\N	\N	\N	1646	en	d002c745-4693-4f07-821e-bcd34e0c3304	\N	\N
5b3e3903-897a-4182-a331-61f448da95d0	\N	\N	\N	\N	\N	1842	en	d2e30f0e-fc35-4021-a92b-129c33df52cc	\N	\N
5b3e3903-897a-4182-a331-61f448da95d0	\N	\N	\N	\N	\N	1739	en	d330c48d-e2af-4df4-b8d8-4df6a90110e8	\N	\N
cd2d9b5d-5b74-4846-b1eb-85e3535f944a	\N	\N	\N	\N	\N	1626	en	d4e1ef89-18e0-45e2-a399-e8ef7aabf913	\N	\N
7a8a5f6d-dc53-40ab-9daa-217ee1027234	\N	\N	\N	\N	\N	1797	en	d716c7aa-06ae-4dfe-b9e4-893323f21fc6	\N	\N
cd2d9b5d-5b74-4846-b1eb-85e3535f944a	\N	\N	\N	\N	\N	1670	en	dbf8de24-b554-4eb9-8039-a8d3f9e4ca44	\N	\N
cd2d9b5d-5b74-4846-b1eb-85e3535f944a	\N	\N	\N	\N	\N	1632	en	dc702711-257b-4205-af38-d4300869fae9	\N	\N
cd2d9b5d-5b74-4846-b1eb-85e3535f944a	\N	\N	\N	\N	\N	1860	en	e57546f2-7633-4db0-a860-4b6a1b8b5bb2	\N	\N
f8f05216-7b1e-4f38-9c78-712c86d1057c	\N	\N	\N	\N	\N	1742	en	e63734ae-a4ff-475f-ad1a-b27172c18aaf	\N	\N
f8f05216-7b1e-4f38-9c78-712c86d1057c	\N	\N	\N	\N	\N	1655	en	e68086b9-e64b-4dab-b53b-c0bbc6fca218	\N	\N
edbc376c-731b-4c47-8220-478db6cd03e4	\N	\N	\N	\N	\N	1845	en	e6fbdf5d-9b9c-4493-a306-24d2f2b54b0f	\N	\N
7a8a5f6d-dc53-40ab-9daa-217ee1027234	\N	\N	\N	\N	\N	1666	en	e938479f-6695-43b6-8c5d-4347c0736370	\N	\N
cd2d9b5d-5b74-4846-b1eb-85e3535f944a	\N	\N	\N	\N	\N	1720	en	e95e9b35-2d01-4517-9b88-2967e7babfa3	\N	\N
f8f05216-7b1e-4f38-9c78-712c86d1057c	\N	\N	\N	\N	\N	1838	en	e9ae8501-1f3b-416d-97e1-fe37b1122e33	\N	\N
f8f05216-7b1e-4f38-9c78-712c86d1057c	\N	\N	\N	\N	\N	1629	en	edd11ccd-8f0c-43f7-b912-2029a46c784e	\N	\N
f8f05216-7b1e-4f38-9c78-712c86d1057c	\N	\N	\N	\N	\N	1652	en	eec23704-4dbe-44de-9b2d-3ebb34051d01	\N	\N
7a8a5f6d-dc53-40ab-9daa-217ee1027234	\N	\N	\N	\N	\N	1869	en	f117634c-4f2b-432e-8981-37592c8ea345	\N	\N
cd2d9b5d-5b74-4846-b1eb-85e3535f944a	\N	\N	\N	\N	\N	1795	en	f179ba69-386b-4367-8ea2-1485e485a256	\N	\N
7a8a5f6d-dc53-40ab-9daa-217ee1027234	\N	\N	\N	\N	\N	1634	en	f5d1b651-36ed-464a-b967-bcaaeaab9581	\N	\N
5b3e3903-897a-4182-a331-61f448da95d0	\N	\N	\N	\N	\N	1861	en	f707c295-5267-419d-b00e-07ee353d66ae	\N	\N
edbc376c-731b-4c47-8220-478db6cd03e4	\N	\N	\N	\N	\N	1777	en	f98f465e-71f5-4102-8f65-e39acda8fd74	\N	\N
f8f05216-7b1e-4f38-9c78-712c86d1057c	\N	\N	\N	\N	\N	1635	en	fa27dacb-dca3-45a2-a5bf-7bbcc597e1d4	\N	\N
712fc138-f7e2-48e4-bcc8-5e24ff9e79b7	\N	\N	\N	\N	\N	1625	en	fa9e3381-9218-49d6-931f-c39c5560bd21	\N	\N
5b3e3903-897a-4182-a331-61f448da95d0	\N	\N	\N	\N	\N	1828	en	fc5952c6-eac9-4c7e-a010-9e06d6a012bb	\N	\N
7a8a5f6d-dc53-40ab-9daa-217ee1027234	\N	\N	\N	\N	\N	1781	en	fdc53398-ffa8-4520-ba41-d700d71c6d24	\N	\N
cd2d9b5d-5b74-4846-b1eb-85e3535f944a	\N	\N	\N	\N	\N	1812	en	fecb5a44-32db-4ea5-bc67-cf4b0062bae1	\N	\N
f8f05216-7b1e-4f38-9c78-712c86d1057c	\N	\N	\N	\N	\N	1912	en	4823cb43-5b38-4847-8462-55ba7a1b23c4	\N	\N
f8f05216-7b1e-4f38-9c78-712c86d1057c	         	\N	\N	\N	\N	1913	ar	4823cb43-5b38-4847-8462-55ba7a1b23c4	\N	\N
edbc376c-731b-4c47-8220-478db6cd03e4	\N	\N	\N	\N	\N	1914	en	33311a8b-7713-4f49-a5a9-350629c289ab	\N	\N
edbc376c-731b-4c47-8220-478db6cd03e4	     	\N	\N	\N	\N	1915	ar	33311a8b-7713-4f49-a5a9-350629c289ab	\N	\N
712fc138-f7e2-48e4-bcc8-5e24ff9e79b7	\N	\N	\N	\N	\N	1916	en	90959b2e-355a-470b-aed9-984fbefd33fc	\N	\N
712fc138-f7e2-48e4-bcc8-5e24ff9e79b7	     	\N	\N	\N	\N	1917	ar	90959b2e-355a-470b-aed9-984fbefd33fc	\N	\N
cd2d9b5d-5b74-4846-b1eb-85e3535f944a	\N	\N	\N	\N	\N	1918	en	a4d539a2-0597-4948-bb82-4caadd83d90f	\N	\N
cd2d9b5d-5b74-4846-b1eb-85e3535f944a	\N	\N	{"root": {"type": "root", "format": "", "indent": 0, "version": 1, "children": [{"tag": "h3", "type": "heading", "format": "", "indent": 0, "version": 1, "children": [{"mode": "normal", "text": "       ", "type": "text", "style": "", "detail": 0, "format": 0, "version": 1}], "direction": "rtl"}, {"type": "paragraph", "format": "", "indent": 0, "version": 1, "children": [{"mode": "normal", "text": "    HungerStation  Jahez  Careem              .", "type": "text", "style": "", "detail": 0, "format": 0, "version": 1}], "direction": "rtl", "textStyle": "", "textFormat": 0}], "direction": "rtl"}}	   	\N	1919	ar	a4d539a2-0597-4948-bb82-4caadd83d90f	          	\N
5b3e3903-897a-4182-a331-61f448da95d0	\N	\N	\N	\N	\N	1920	en	a87a44b1-d0ad-4cb4-b732-7ea30809c7eb	\N	\N
5b3e3903-897a-4182-a331-61f448da95d0	\N	\N	{"root": {"type": "root", "format": "", "indent": 0, "version": 1, "children": [{"tag": "h4", "type": "heading", "format": "", "indent": 0, "version": 1, "children": [{"mode": "normal", "text": "     ", "type": "text", "style": "", "detail": 0, "format": 0, "version": 1}], "direction": "rtl"}], "direction": "rtl"}}	  	\N	1921	ar	a87a44b1-d0ad-4cb4-b732-7ea30809c7eb	          	\N
7a8a5f6d-dc53-40ab-9daa-217ee1027234	\N	\N	\N	\N	\N	1922	en	2c23b183-cf4f-4c2b-9cc2-b609059a0b9d	\N	\N
7a8a5f6d-dc53-40ab-9daa-217ee1027234	\N	\N	{"root": {"type": "root", "format": "", "indent": 0, "version": 1, "children": [{"tag": "h4", "type": "heading", "format": "", "indent": 0, "version": 1, "children": [{"mode": "normal", "text": "      ", "type": "text", "style": "", "detail": 0, "format": 0, "version": 1}], "direction": "rtl"}], "direction": "rtl"}}	  	\N	1923	ar	2c23b183-cf4f-4c2b-9cc2-b609059a0b9d	      	\N
\N	\N	\N	\N	\N	\N	1924	en	86c9165f-7935-40db-a3cb-c9f056d82d09	\N	\N
\N	\N	\N	{"root": {"type": "root", "format": "", "indent": 0, "version": 1, "children": [{"tag": "h3", "type": "heading", "format": "", "indent": 0, "version": 1, "children": [{"mode": "normal", "text": "  ", "type": "text", "style": "", "detail": 0, "format": 0, "version": 1}], "direction": "rtl"}, {"type": "paragraph", "format": "", "indent": 0, "version": 1, "children": [{"mode": "normal", "text": "            ...      .", "type": "text", "style": "", "detail": 0, "format": 0, "version": 1}], "direction": "rtl", "textStyle": "", "textFormat": 0}], "direction": "rtl"}}	\N	 	1925	ar	86c9165f-7935-40db-a3cb-c9f056d82d09	\N	\N
f8f05216-7b1e-4f38-9c78-712c86d1057c	         	\N	\N	\N	\N	1590	ar	1719d78f-f8d4-484d-9a3a-3d5c1a8e74a6	\N	\N
edbc376c-731b-4c47-8220-478db6cd03e4	     	\N	\N	\N	\N	1591	ar	cc30203f-1d07-4f67-a416-808d1152d7de	\N	\N
712fc138-f7e2-48e4-bcc8-5e24ff9e79b7	     	\N	\N	\N	\N	1592	ar	c8709591-d659-4e94-a16e-9cd2b2680610	\N	\N
f8f05216-7b1e-4f38-9c78-712c86d1057c	         	\N	\N	\N	\N	1583	ar	a189bf7d-f70f-4834-b5d6-d61f9aab59f7	\N	\N
edbc376c-731b-4c47-8220-478db6cd03e4	     	\N	\N	\N	\N	1584	ar	5dac6a8f-bf42-4df2-af6d-84807b900e7c	\N	\N
712fc138-f7e2-48e4-bcc8-5e24ff9e79b7	     	\N	\N	\N	\N	1585	ar	3e167708-b414-4513-b38a-02dc83a9182f	\N	\N
cd2d9b5d-5b74-4846-b1eb-85e3535f944a	\N	\N	{"root": {"type": "root", "format": "", "indent": 0, "version": 1, "children": [{"tag": "h3", "type": "heading", "format": "", "indent": 0, "version": 1, "children": [{"mode": "normal", "text": "       ", "type": "text", "style": "", "detail": 0, "format": 0, "version": 1}], "direction": "rtl"}, {"type": "paragraph", "format": "", "indent": 0, "version": 1, "children": [{"mode": "normal", "text": "    HungerStation  Jahez  Careem              .", "type": "text", "style": "", "detail": 0, "format": 0, "version": 1}], "direction": "rtl", "textStyle": "", "textFormat": 0}], "direction": "rtl"}}	   	\N	1586	ar	e57546f2-7633-4db0-a860-4b6a1b8b5bb2	          	\N
5b3e3903-897a-4182-a331-61f448da95d0	\N	\N	{"root": {"type": "root", "format": "", "indent": 0, "version": 1, "children": [{"tag": "h4", "type": "heading", "format": "", "indent": 0, "version": 1, "children": [{"mode": "normal", "text": "     ", "type": "text", "style": "", "detail": 0, "format": 0, "version": 1}], "direction": "rtl"}], "direction": "rtl"}}	  	\N	1587	ar	f707c295-5267-419d-b00e-07ee353d66ae	          	\N
7a8a5f6d-dc53-40ab-9daa-217ee1027234	\N	\N	{"root": {"type": "root", "format": "", "indent": 0, "version": 1, "children": [{"tag": "h4", "type": "heading", "format": "", "indent": 0, "version": 1, "children": [{"mode": "normal", "text": "      ", "type": "text", "style": "", "detail": 0, "format": 0, "version": 1}], "direction": "rtl"}], "direction": "rtl"}}	  	\N	1588	ar	970db27a-064b-4594-be2f-1e798542d0c3	      	\N
\N	\N	\N	{"root": {"type": "root", "format": "", "indent": 0, "version": 1, "children": [{"tag": "h3", "type": "heading", "format": "", "indent": 0, "version": 1, "children": [{"mode": "normal", "text": "  ", "type": "text", "style": "", "detail": 0, "format": 0, "version": 1}], "direction": "rtl"}, {"type": "paragraph", "format": "", "indent": 0, "version": 1, "children": [{"mode": "normal", "text": "            ...      .", "type": "text", "style": "", "detail": 0, "format": 0, "version": 1}], "direction": "rtl", "textStyle": "", "textFormat": 0}], "direction": "rtl"}}	\N	 	1589	ar	0f58c5eb-7aaf-432f-ab3e-ec04d27b623d	\N	\N
cd2d9b5d-5b74-4846-b1eb-85e3535f944a	\N	\N	{"root": {"type": "root", "format": "", "indent": 0, "version": 1, "children": [{"tag": "h3", "type": "heading", "format": "", "indent": 0, "version": 1, "children": [{"mode": "normal", "text": "       ", "type": "text", "style": "", "detail": 0, "format": 0, "version": 1}], "direction": "rtl"}, {"type": "paragraph", "format": "", "indent": 0, "version": 1, "children": [{"mode": "normal", "text": "    HungerStation  Jahez  Careem              .", "type": "text", "style": "", "detail": 0, "format": 0, "version": 1}], "direction": "rtl", "textStyle": "", "textFormat": 0}], "direction": "rtl"}}	   	\N	1593	ar	740f6b74-b2c3-4103-8798-ad88f25571a5	          	\N
5b3e3903-897a-4182-a331-61f448da95d0	\N	\N	{"root": {"type": "root", "format": "", "indent": 0, "version": 1, "children": [{"tag": "h4", "type": "heading", "format": "", "indent": 0, "version": 1, "children": [{"mode": "normal", "text": "     ", "type": "text", "style": "", "detail": 0, "format": 0, "version": 1}], "direction": "rtl"}], "direction": "rtl"}}	  	\N	1594	ar	65637100-6446-4581-8dd7-0034ffe6a7ed	          	\N
7a8a5f6d-dc53-40ab-9daa-217ee1027234	\N	\N	{"root": {"type": "root", "format": "", "indent": 0, "version": 1, "children": [{"tag": "h4", "type": "heading", "format": "", "indent": 0, "version": 1, "children": [{"mode": "normal", "text": "      ", "type": "text", "style": "", "detail": 0, "format": 0, "version": 1}], "direction": "rtl"}], "direction": "rtl"}}	  	\N	1595	ar	f117634c-4f2b-432e-8981-37592c8ea345	      	\N
\N	\N	\N	{"root": {"type": "root", "format": "", "indent": 0, "version": 1, "children": [{"tag": "h3", "type": "heading", "format": "", "indent": 0, "version": 1, "children": [{"mode": "normal", "text": "  ", "type": "text", "style": "", "detail": 0, "format": 0, "version": 1}], "direction": "rtl"}, {"type": "paragraph", "format": "", "indent": 0, "version": 1, "children": [{"mode": "normal", "text": "            ...      .", "type": "text", "style": "", "detail": 0, "format": 0, "version": 1}], "direction": "rtl", "textStyle": "", "textFormat": 0}], "direction": "rtl"}}	\N	 	1596	ar	925a6bb5-6db5-47eb-b3c4-db5b22ab09a8	\N	\N
\.


--
-- Data for Name: _featuresBlock_v_locales; Type: TABLE DATA; Schema: public; Owner: -
--

COPY "public"."_featuresBlock_v_locales" ("block_header_badge_label", "block_header_header_text", "c_t_a_label", "link_label", "id", "_locale", "_parent_id", "stat_label", "stat_value", "block_image_id") FROM stdin;
\N	\N	\N	\N	1010	en	88184f9b-2135-41ca-b467-c533d7ba42b8	\N	\N	\N
\N	{"root": {"type": "root", "format": "", "indent": 0, "version": 1, "children": [{"tag": "h2", "type": "heading", "format": "", "indent": 0, "version": 1, "children": [{"mode": "normal", "text": "  ", "type": "text", "style": "", "detail": 0, "format": 0, "version": 1}], "direction": "rtl"}], "direction": "rtl"}}	\N	/	187	ar	1317352d-e72b-4aaf-8a5d-0c9befc616d2	\N	\N	\N
\N	{"root": {"type": "root", "format": "", "indent": 0, "version": 1, "children": [{"tag": "h2", "type": "heading", "format": "", "indent": 0, "version": 1, "children": [{"mode": "normal", "text": "    ", "type": "text", "style": "", "detail": 0, "format": 0, "version": 1}], "direction": "rtl"}, {"type": "paragraph", "format": "", "indent": 0, "version": 1, "children": [{"mode": "normal", "text": "            .", "type": "text", "style": "", "detail": 0, "format": 0, "version": 1}], "direction": "rtl", "textStyle": "", "textFormat": 0}], "direction": "rtl"}}	\N	\N	188	ar	1f6615c1-e248-4326-8a2e-f8516fb9867a	\N	\N	\N
  	{"root": {"type": "root", "format": "", "indent": 0, "version": 1, "children": [{"tag": "h3", "type": "heading", "format": "", "indent": 0, "version": 1, "children": [{"mode": "normal", "text": "   ", "type": "text", "style": "", "detail": 0, "format": 0, "version": 1}, {"type": "linebreak", "version": 1}, {"mode": "normal", "text": "  ", "type": "text", "style": "", "detail": 0, "format": 0, "version": 1}], "direction": "rtl"}, {"type": "paragraph", "format": "", "indent": 0, "version": 1, "children": [{"mode": "normal", "text": "               ", "type": "text", "style": "", "detail": 0, "format": 0, "version": 1}], "direction": "rtl", "textStyle": "", "textFormat": 0}], "direction": "rtl"}}	\N	\N	189	ar	a385da1c-0fd3-410b-a522-c02fc6351b01	           	\N	\N
	{"root": {"type": "root", "format": "", "indent": 0, "version": 1, "children": [{"tag": "h2", "type": "heading", "format": "", "indent": 0, "version": 1, "children": [{"mode": "normal", "text": "           ", "type": "text", "style": "", "detail": 0, "format": 0, "version": 1}], "direction": "rtl"}], "direction": "rtl"}}	\N	\N	524	ar	640f6e04-ac04-45f9-8bc9-39504a83716b	\N	\N	\N
\N	{"root": {"type": "root", "format": "", "indent": 0, "version": 1, "children": [{"tag": "h2", "type": "heading", "format": "", "indent": 0, "version": 1, "children": [{"mode": "normal", "text": "   ", "type": "text", "style": "", "detail": 0, "format": 0, "version": 1}], "direction": "rtl"}, {"type": "paragraph", "format": "", "indent": 0, "version": 1, "children": [{"mode": "normal", "text": "      ", "type": "text", "style": "", "detail": 0, "format": 0, "version": 1}], "direction": "rtl", "textStyle": "", "textFormat": 0}], "direction": "rtl"}}	\N	\N	525	ar	8f7537e9-a20f-48a5-91a7-b4e9c19295eb	\N	\N	\N
	{"root": {"type": "root", "format": "", "indent": 0, "version": 1, "children": [{"tag": "h2", "type": "heading", "format": "", "indent": 0, "version": 1, "children": [{"mode": "normal", "text": "           ", "type": "text", "style": "", "detail": 0, "format": 0, "version": 1}], "direction": "rtl"}], "direction": "rtl"}}	\N	\N	526	ar	98cfde13-d4f4-4d8a-b5ba-ea54fcbe5fa0	\N	\N	\N
\N	{"root": {"type": "root", "format": "", "indent": 0, "version": 1, "children": [{"tag": "h2", "type": "heading", "format": "", "indent": 0, "version": 1, "children": [{"mode": "normal", "text": "   ", "type": "text", "style": "", "detail": 0, "format": 0, "version": 1}], "direction": "rtl"}, {"type": "paragraph", "format": "", "indent": 0, "version": 1, "children": [{"mode": "normal", "text": "      ", "type": "text", "style": "", "detail": 0, "format": 0, "version": 1}], "direction": "rtl", "textStyle": "", "textFormat": 0}], "direction": "rtl"}}	\N	\N	527	ar	4b618c50-c0da-4013-998a-a3ecdd641540	\N	\N	\N
\N	{"root": {"type": "root", "format": "", "indent": 0, "version": 1, "children": [{"tag": "h2", "type": "heading", "format": "", "indent": 0, "version": 1, "children": [{"mode": "normal", "text": "  ", "type": "text", "style": "", "detail": 0, "format": 0, "version": 1}], "direction": "rtl"}], "direction": "rtl"}}	\N	/	16	ar	bac3fb68-74ef-420e-93e6-1eff7e95d3ce	\N	\N	\N
\N	{"root": {"type": "root", "format": "", "indent": 0, "version": 1, "children": [{"tag": "h2", "type": "heading", "format": "", "indent": 0, "version": 1, "children": [{"mode": "normal", "text": "  ", "type": "text", "style": "", "detail": 0, "format": 0, "version": 1}], "direction": "rtl"}], "direction": "rtl"}}	\N	/	17	ar	15b388bd-e3fd-41ed-9fc1-822af5211713	\N	\N	\N
	{"root": {"type": "root", "format": "", "indent": 0, "version": 1, "children": [{"tag": "h2", "type": "heading", "format": "", "indent": 0, "version": 1, "children": [{"mode": "normal", "text": "           ", "type": "text", "style": "", "detail": 0, "format": 0, "version": 1}], "direction": "rtl"}], "direction": "rtl"}}	\N	\N	472	ar	e3df4ffe-da24-4a1e-9fa7-e640fc88624d	\N	\N	\N
	{"root": {"type": "root", "format": "", "indent": 0, "version": 1, "children": [{"tag": "h2", "type": "heading", "format": "", "indent": 0, "version": 1, "children": [{"mode": "normal", "text": "           ", "type": "text", "style": "", "detail": 0, "format": 0, "version": 1}], "direction": "rtl"}], "direction": "rtl"}}	\N	\N	473	ar	86aecbc5-4f72-4fb8-ba01-713efb5032ac	\N	\N	\N
	{"root": {"type": "root", "format": "", "indent": 0, "version": 1, "children": [{"tag": "h2", "type": "heading", "format": "", "indent": 0, "version": 1, "children": [{"mode": "normal", "text": "           ", "type": "text", "style": "", "detail": 0, "format": 0, "version": 1}], "direction": "rtl"}], "direction": "rtl"}}	\N	\N	616	ar	07c0953b-24e3-4f2c-8031-1bca03785ef1	\N	\N	\N
\N	{"root": {"type": "root", "format": "", "indent": 0, "version": 1, "children": [{"tag": "h2", "type": "heading", "format": "", "indent": 0, "version": 1, "children": [{"mode": "normal", "text": "   ", "type": "text", "style": "", "detail": 0, "format": 0, "version": 1}], "direction": "rtl"}, {"type": "paragraph", "format": "", "indent": 0, "version": 1, "children": [{"mode": "normal", "text": "      ", "type": "text", "style": "", "detail": 0, "format": 0, "version": 1}], "direction": "rtl", "textStyle": "", "textFormat": 0}], "direction": "rtl"}}	\N	\N	617	ar	89e22f08-46eb-4b06-b989-ea464615bee9	\N	\N	\N
\N	{"root": {"type": "root", "format": "", "indent": 0, "version": 1, "children": [{"tag": "h2", "type": "heading", "format": "", "indent": 0, "version": 1, "children": [{"mode": "normal", "text": "  ", "type": "text", "style": "", "detail": 0, "format": 0, "version": 1}], "direction": "rtl"}], "direction": "rtl"}}	\N	/	184	ar	5e5c4807-e6fa-40d9-81eb-8202511d34aa	\N	\N	\N
\N	{"root": {"type": "root", "format": "", "indent": 0, "version": 1, "children": [{"tag": "h2", "type": "heading", "format": "", "indent": 0, "version": 1, "children": [{"mode": "normal", "text": "    ", "type": "text", "style": "", "detail": 0, "format": 0, "version": 1}], "direction": "rtl"}, {"type": "paragraph", "format": "", "indent": 0, "version": 1, "children": [{"mode": "normal", "text": "            .", "type": "text", "style": "", "detail": 0, "format": 0, "version": 1}], "direction": "rtl", "textStyle": "", "textFormat": 0}], "direction": "rtl"}}	\N	\N	185	ar	9c9a756c-0a4f-4646-a0b9-e2a443c38270	\N	\N	\N
  	{"root": {"type": "root", "format": "", "indent": 0, "version": 1, "children": [{"tag": "h3", "type": "heading", "format": "", "indent": 0, "version": 1, "children": [{"mode": "normal", "text": "   ", "type": "text", "style": "", "detail": 0, "format": 0, "version": 1}, {"type": "linebreak", "version": 1}, {"mode": "normal", "text": "  ", "type": "text", "style": "", "detail": 0, "format": 0, "version": 1}], "direction": "rtl"}, {"type": "paragraph", "format": "", "indent": 0, "version": 1, "children": [{"mode": "normal", "text": "               ", "type": "text", "style": "", "detail": 0, "format": 0, "version": 1}], "direction": "rtl", "textStyle": "", "textFormat": 0}], "direction": "rtl"}}	\N	\N	186	ar	07cf7a3d-a759-43df-9071-28fb9ee65d4d	\N	\N	\N
	{"root": {"type": "root", "format": "", "indent": 0, "version": 1, "children": [{"tag": "h2", "type": "heading", "format": "", "indent": 0, "version": 1, "children": [{"mode": "normal", "text": "           ", "type": "text", "style": "", "detail": 0, "format": 0, "version": 1}], "direction": "rtl"}], "direction": "rtl"}}	\N	\N	618	ar	0deb7cba-7f82-4415-8c79-2f48b9832c3f	\N	\N	\N
\N	{"root": {"type": "root", "format": "", "indent": 0, "version": 1, "children": [{"tag": "h2", "type": "heading", "format": "", "indent": 0, "version": 1, "children": [{"mode": "normal", "text": "    ", "type": "text", "style": "", "detail": 0, "format": 0, "version": 1}], "direction": "rtl"}, {"type": "paragraph", "format": "", "indent": 0, "version": 1, "children": [{"mode": "normal", "text": "            .", "type": "text", "style": "", "detail": 0, "format": 0, "version": 1}], "direction": "rtl", "textStyle": "", "textFormat": 0}], "direction": "rtl"}}	\N	\N	111	ar	2a08ee31-aebf-4a35-8b1c-9579ef7cf2bd	\N	\N	\N
	{"root": {"type": "root", "format": "", "indent": 0, "version": 1, "children": [{"tag": "h2", "type": "heading", "format": "", "indent": 0, "version": 1, "children": [{"mode": "normal", "text": "           ", "type": "text", "style": "", "detail": 0, "format": 0, "version": 1}], "direction": "rtl"}], "direction": "rtl"}}	\N	\N	538	ar	5d443aa9-8642-4625-a56e-8b7042a29be0	\N	\N	\N
\N	{"root": {"type": "root", "format": "", "indent": 0, "version": 1, "children": [{"tag": "h2", "type": "heading", "format": "", "indent": 0, "version": 1, "children": [{"mode": "normal", "text": "   ", "type": "text", "style": "", "detail": 0, "format": 0, "version": 1}], "direction": "rtl"}, {"type": "paragraph", "format": "", "indent": 0, "version": 1, "children": [{"mode": "normal", "text": "      ", "type": "text", "style": "", "detail": 0, "format": 0, "version": 1}], "direction": "rtl", "textStyle": "", "textFormat": 0}], "direction": "rtl"}}	\N	\N	539	ar	d2099fb7-87fe-4fb9-8e90-385847bfb165	\N	\N	\N
	{"root": {"type": "root", "format": "", "indent": 0, "version": 1, "children": [{"tag": "h2", "type": "heading", "format": "", "indent": 0, "version": 1, "children": [{"mode": "normal", "text": "           ", "type": "text", "style": "", "detail": 0, "format": 0, "version": 1}], "direction": "rtl"}], "direction": "rtl"}}	\N	\N	540	ar	80520466-722d-4334-bfe6-164c9d5f31c5	\N	\N	\N
\N	{"root": {"type": "root", "format": "", "indent": 0, "version": 1, "children": [{"tag": "h2", "type": "heading", "format": "", "indent": 0, "version": 1, "children": [{"mode": "normal", "text": "   ", "type": "text", "style": "", "detail": 0, "format": 0, "version": 1}], "direction": "rtl"}, {"type": "paragraph", "format": "", "indent": 0, "version": 1, "children": [{"mode": "normal", "text": "      ", "type": "text", "style": "", "detail": 0, "format": 0, "version": 1}], "direction": "rtl", "textStyle": "", "textFormat": 0}], "direction": "rtl"}}	\N	\N	541	ar	e8b1dad0-69e7-4b66-a4a8-8ad4f91c2f7e	\N	\N	\N
\N	{"root": {"type": "root", "format": "", "indent": 0, "version": 1, "children": [{"tag": "h2", "type": "heading", "format": "", "indent": 0, "version": 1, "children": [{"mode": "normal", "text": "   ", "type": "text", "style": "", "detail": 0, "format": 0, "version": 1}], "direction": "rtl"}, {"type": "paragraph", "format": "", "indent": 0, "version": 1, "children": [{"mode": "normal", "text": "      ", "type": "text", "style": "", "detail": 0, "format": 0, "version": 1}], "direction": "rtl", "textStyle": "", "textFormat": 0}], "direction": "rtl"}}	\N	\N	619	ar	96784687-51f5-4ef8-a2f8-c9d1ee9c0759	\N	\N	\N
\N	{"root": {"type": "root", "format": "", "indent": 0, "version": 1, "children": [{"tag": "h2", "type": "heading", "format": "", "indent": 0, "version": 1, "children": [{"mode": "normal", "text": "  ", "type": "text", "style": "", "detail": 0, "format": 0, "version": 1}], "direction": "rtl"}], "direction": "rtl"}}	\N	/	181	ar	502e24a6-4e0f-4013-814a-b50d6023250b	\N	\N	\N
\N	{"root": {"type": "root", "format": "", "indent": 0, "version": 1, "children": [{"tag": "h2", "type": "heading", "format": "", "indent": 0, "version": 1, "children": [{"mode": "normal", "text": "    ", "type": "text", "style": "", "detail": 0, "format": 0, "version": 1}], "direction": "rtl"}, {"type": "paragraph", "format": "", "indent": 0, "version": 1, "children": [{"mode": "normal", "text": "            .", "type": "text", "style": "", "detail": 0, "format": 0, "version": 1}], "direction": "rtl", "textStyle": "", "textFormat": 0}], "direction": "rtl"}}	\N	\N	182	ar	2419edc0-cfc5-4cff-8a15-7b261ac9b072	\N	\N	\N
\N	{"root": {"type": "root", "format": "", "indent": 0, "version": 1, "children": [{"tag": "h2", "type": "heading", "format": "", "indent": 0, "version": 1, "children": [{"mode": "normal", "text": "  ", "type": "text", "style": "", "detail": 0, "format": 0, "version": 1}], "direction": "rtl"}], "direction": "rtl"}}	\N	/	803	ar	6ae60f62-e703-47c7-b69b-ba766c4818ef	\N	\N	\N
	{"root": {"type": "root", "format": "", "indent": 0, "version": 1, "children": [{"tag": "h2", "type": "heading", "format": "", "indent": 0, "version": 1, "children": [{"mode": "normal", "text": "    ", "type": "text", "style": "", "detail": 0, "format": 0, "version": 1}], "direction": "rtl"}, {"type": "paragraph", "format": "", "indent": 0, "version": 1, "children": [{"mode": "normal", "text": "            .", "type": "text", "style": "", "detail": 0, "format": 0, "version": 1}], "direction": "rtl", "textStyle": "", "textFormat": 0}], "direction": "rtl"}}	\N	\N	804	ar	30c0fb2c-73ad-461b-be52-9495d71c602d	\N	\N	\N
\N	{"root": {"type": "root", "format": "", "indent": 0, "version": 1, "children": [{"tag": "h2", "type": "heading", "format": "", "indent": 0, "version": 1, "children": [{"mode": "normal", "text": "  ", "type": "text", "style": "", "detail": 0, "format": 0, "version": 1}], "direction": "rtl"}], "direction": "rtl"}}	\N	/	1011	ar	88184f9b-2135-41ca-b467-c533d7ba42b8	\N	\N	\N
\N	\N	\N	\N	1012	en	30fa16b8-ad3b-4728-9e48-be9c9b11a664	\N	\N	\N
	{"root": {"type": "root", "format": "", "indent": 0, "version": 1, "children": [{"tag": "h2", "type": "heading", "format": "", "indent": 0, "version": 1, "children": [{"mode": "normal", "text": "    ", "type": "text", "style": "", "detail": 0, "format": 0, "version": 1}], "direction": "rtl"}, {"type": "paragraph", "format": "", "indent": 0, "version": 1, "children": [{"mode": "normal", "text": "            .", "type": "text", "style": "", "detail": 0, "format": 0, "version": 1}], "direction": "rtl", "textStyle": "", "textFormat": 0}], "direction": "rtl"}}	\N	\N	1013	ar	30fa16b8-ad3b-4728-9e48-be9c9b11a664	\N	\N	\N
\N	\N	\N	\N	1014	en	38c1204e-5925-44aa-aee8-55d728a435b7	\N	\N	\N
  	{"root": {"type": "root", "format": "", "indent": 0, "version": 1, "children": [{"tag": "h3", "type": "heading", "format": "", "indent": 0, "version": 1, "children": [{"mode": "normal", "text": "   ", "type": "text", "style": "", "detail": 0, "format": 0, "version": 1}, {"type": "linebreak", "version": 1}, {"mode": "normal", "text": "  ", "type": "text", "style": "", "detail": 0, "format": 0, "version": 1}], "direction": "rtl"}, {"type": "paragraph", "format": "", "indent": 0, "version": 1, "children": [{"mode": "normal", "text": "               ", "type": "text", "style": "", "detail": 0, "format": 0, "version": 1}], "direction": "rtl", "textStyle": "", "textFormat": 0}], "direction": "rtl"}}	\N	\N	183	ar	41627b7c-924b-4f28-bf3e-3b291c34db18	           	\N	\N
	{"root": {"type": "root", "format": "", "indent": 0, "version": 1, "children": [{"tag": "h2", "type": "heading", "format": "", "indent": 0, "version": 1, "children": [{"mode": "normal", "text": "           ", "type": "text", "style": "", "detail": 0, "format": 0, "version": 1}], "direction": "rtl"}], "direction": "rtl"}}	\N	\N	620	ar	15ed21ae-53fe-4b28-8664-7972ce6cfab1	\N	\N	\N
\N	{"root": {"type": "root", "format": "", "indent": 0, "version": 1, "children": [{"tag": "h2", "type": "heading", "format": "", "indent": 0, "version": 1, "children": [{"mode": "normal", "text": "   ", "type": "text", "style": "", "detail": 0, "format": 0, "version": 1}], "direction": "rtl"}, {"type": "paragraph", "format": "", "indent": 0, "version": 1, "children": [{"mode": "normal", "text": "      ", "type": "text", "style": "", "detail": 0, "format": 0, "version": 1}], "direction": "rtl", "textStyle": "", "textFormat": 0}], "direction": "rtl"}}	\N	\N	621	ar	3e4c6643-08f4-4782-b8c1-63df9d9c3151	\N	\N	\N
	{"root": {"type": "root", "format": "", "indent": 0, "version": 1, "children": [{"tag": "h2", "type": "heading", "format": "", "indent": 0, "version": 1, "children": [{"mode": "normal", "text": "           ", "type": "text", "style": "", "detail": 0, "format": 0, "version": 1}], "direction": "rtl"}], "direction": "rtl"}}	\N	\N	546	ar	5b958b84-461d-4948-a432-cd6c6ec6b257	\N	\N	\N
\N	{"root": {"type": "root", "format": "", "indent": 0, "version": 1, "children": [{"tag": "h2", "type": "heading", "format": "", "indent": 0, "version": 1, "children": [{"mode": "normal", "text": "   ", "type": "text", "style": "", "detail": 0, "format": 0, "version": 1}], "direction": "rtl"}, {"type": "paragraph", "format": "", "indent": 0, "version": 1, "children": [{"mode": "normal", "text": "      ", "type": "text", "style": "", "detail": 0, "format": 0, "version": 1}], "direction": "rtl", "textStyle": "", "textFormat": 0}], "direction": "rtl"}}	\N	\N	547	ar	45fe1b85-c286-470c-ab84-ebc20576ef3f	\N	\N	\N
\N	{"root": {"type": "root", "format": "", "indent": 0, "version": 1, "children": [{"tag": "h2", "type": "heading", "format": "", "indent": 0, "version": 1, "children": [{"mode": "normal", "text": "  ", "type": "text", "style": "", "detail": 0, "format": 0, "version": 1}], "direction": "rtl"}], "direction": "rtl"}}	\N	/	108	ar	b5e7e13a-a98b-414b-a7f2-268e3874576d	\N	\N	\N
\N	{"root": {"type": "root", "format": "", "indent": 0, "version": 1, "children": [{"tag": "h2", "type": "heading", "format": "", "indent": 0, "version": 1, "children": [{"mode": "normal", "text": "    ", "type": "text", "style": "", "detail": 0, "format": 0, "version": 1}], "direction": "rtl"}, {"type": "paragraph", "format": "", "indent": 0, "version": 1, "children": [{"mode": "normal", "text": "            .", "type": "text", "style": "", "detail": 0, "format": 0, "version": 1}], "direction": "rtl", "textStyle": "", "textFormat": 0}], "direction": "rtl"}}	\N	\N	109	ar	a9f1a598-da7b-4f8d-9d7b-0399af89ba80	\N	\N	\N
\N	{"root": {"type": "root", "format": "", "indent": 0, "version": 1, "children": [{"tag": "h2", "type": "heading", "format": "", "indent": 0, "version": 1, "children": [{"mode": "normal", "text": "  ", "type": "text", "style": "", "detail": 0, "format": 0, "version": 1}], "direction": "rtl"}], "direction": "rtl"}}	\N	/	110	ar	e5353952-1c2d-433f-8bad-e68df70414c5	\N	\N	\N
\N	{"root": {"type": "root", "format": "", "indent": 0, "version": 1, "children": [{"tag": "h2", "type": "heading", "format": "", "indent": 0, "version": 1, "children": [{"mode": "normal", "text": "  ", "type": "text", "style": "", "detail": 0, "format": 0, "version": 1}], "direction": "rtl"}], "direction": "rtl"}}	\N	/	550	ar	d8e64d62-86b1-4ac3-9451-c38dd5fb4859	\N	\N	\N
	{"root": {"type": "root", "format": "", "indent": 0, "version": 1, "children": [{"tag": "h2", "type": "heading", "format": "", "indent": 0, "version": 1, "children": [{"mode": "normal", "text": "    ", "type": "text", "style": "", "detail": 0, "format": 0, "version": 1}], "direction": "rtl"}, {"type": "paragraph", "format": "", "indent": 0, "version": 1, "children": [{"mode": "normal", "text": "            .", "type": "text", "style": "", "detail": 0, "format": 0, "version": 1}], "direction": "rtl", "textStyle": "", "textFormat": 0}], "direction": "rtl"}}	\N	\N	551	ar	b243bd60-fe01-4917-bbe2-1db02017b569	\N	\N	\N
	{"root": {"type": "root", "format": "", "indent": 0, "version": 1, "children": [{"tag": "h2", "type": "heading", "format": "", "indent": 0, "version": 1, "children": [{"mode": "normal", "text": "           ", "type": "text", "style": "", "detail": 0, "format": 0, "version": 1}], "direction": "rtl"}], "direction": "rtl"}}	\N	\N	548	ar	f48b1bec-a639-4ec2-b89d-31921ab56ca0	\N	\N	\N
\N	{"root": {"type": "root", "format": "", "indent": 0, "version": 1, "children": [{"tag": "h2", "type": "heading", "format": "", "indent": 0, "version": 1, "children": [{"mode": "normal", "text": "   ", "type": "text", "style": "", "detail": 0, "format": 0, "version": 1}], "direction": "rtl"}, {"type": "paragraph", "format": "", "indent": 0, "version": 1, "children": [{"mode": "normal", "text": "      ", "type": "text", "style": "", "detail": 0, "format": 0, "version": 1}], "direction": "rtl", "textStyle": "", "textFormat": 0}], "direction": "rtl"}}	\N	\N	549	ar	4a368400-b482-49c5-93c0-a896896439ea	\N	\N	\N
  	{"root": {"type": "root", "format": "", "indent": 0, "version": 1, "children": [{"tag": "h3", "type": "heading", "format": "", "indent": 0, "version": 1, "children": [{"mode": "normal", "text": "   ", "type": "text", "style": "", "detail": 0, "format": 0, "version": 1}, {"type": "linebreak", "version": 1}, {"mode": "normal", "text": "  ", "type": "text", "style": "", "detail": 0, "format": 0, "version": 1}], "direction": "rtl"}, {"type": "paragraph", "format": "", "indent": 0, "version": 1, "children": [{"mode": "normal", "text": "               ", "type": "text", "style": "", "detail": 0, "format": 0, "version": 1}], "direction": "rtl", "textStyle": "", "textFormat": 0}], "direction": "rtl"}}	\N	\N	552	ar	b018717b-3210-4465-8ed9-239cfe5c4427	           	\N	\N
	{"root": {"type": "root", "format": "", "indent": 0, "version": 1, "children": [{"tag": "h2", "type": "heading", "format": "", "indent": 0, "version": 1, "children": [{"mode": "normal", "text": "           ", "type": "text", "style": "", "detail": 0, "format": 0, "version": 1}], "direction": "rtl"}], "direction": "rtl"}}	\N	\N	622	ar	1f0fd594-72a6-4e13-850e-a99ad79d25d1	\N	\N	\N
\N	{"root": {"type": "root", "format": "", "indent": 0, "version": 1, "children": [{"tag": "h2", "type": "heading", "format": "", "indent": 0, "version": 1, "children": [{"mode": "normal", "text": "   ", "type": "text", "style": "", "detail": 0, "format": 0, "version": 1}], "direction": "rtl"}, {"type": "paragraph", "format": "", "indent": 0, "version": 1, "children": [{"mode": "normal", "text": "      ", "type": "text", "style": "", "detail": 0, "format": 0, "version": 1}], "direction": "rtl", "textStyle": "", "textFormat": 0}], "direction": "rtl"}}	\N	\N	623	ar	2aa8c68c-59cd-457b-abcd-8993329f6a68	\N	\N	\N
	{"root": {"type": "root", "format": "", "indent": 0, "version": 1, "children": [{"tag": "h2", "type": "heading", "format": "", "indent": 0, "version": 1, "children": [{"mode": "normal", "text": "           ", "type": "text", "style": "", "detail": 0, "format": 0, "version": 1}], "direction": "rtl"}], "direction": "rtl"}}	\N	\N	628	ar	69987064-7412-47b8-95ac-c6e45a025076	\N	\N	\N
\N	{"root": {"type": "root", "format": "", "indent": 0, "version": 1, "children": [{"tag": "h2", "type": "heading", "format": "", "indent": 0, "version": 1, "children": [{"mode": "normal", "text": "   ", "type": "text", "style": "", "detail": 0, "format": 0, "version": 1}], "direction": "rtl"}, {"type": "paragraph", "format": "", "indent": 0, "version": 1, "children": [{"mode": "normal", "text": "      ", "type": "text", "style": "", "detail": 0, "format": 0, "version": 1}], "direction": "rtl", "textStyle": "", "textFormat": 0}], "direction": "rtl"}}	\N	\N	629	ar	3978e94e-2841-4ec2-a4de-f8054f30effd	\N	\N	\N
	{"root": {"type": "root", "format": "", "indent": 0, "version": 1, "children": [{"tag": "h2", "type": "heading", "format": "", "indent": 0, "version": 1, "children": [{"mode": "normal", "text": "    ", "type": "text", "style": "", "detail": 0, "format": 0, "version": 1}], "direction": "rtl"}, {"type": "paragraph", "format": "", "indent": 0, "version": 1, "children": [{"mode": "normal", "text": "            .", "type": "text", "style": "", "detail": 0, "format": 0, "version": 1}], "direction": "rtl", "textStyle": "", "textFormat": 0}], "direction": "rtl"}}	\N	\N	442	ar	6807eca7-f229-4541-a21c-43d619901752	\N	\N	\N
  	{"root": {"type": "root", "format": "", "indent": 0, "version": 1, "children": [{"tag": "h3", "type": "heading", "format": "", "indent": 0, "version": 1, "children": [{"mode": "normal", "text": "   ", "type": "text", "style": "", "detail": 0, "format": 0, "version": 1}, {"type": "linebreak", "version": 1}, {"mode": "normal", "text": "  ", "type": "text", "style": "", "detail": 0, "format": 0, "version": 1}], "direction": "rtl"}, {"type": "paragraph", "format": "", "indent": 0, "version": 1, "children": [{"mode": "normal", "text": "               ", "type": "text", "style": "", "detail": 0, "format": 0, "version": 1}], "direction": "rtl", "textStyle": "", "textFormat": 0}], "direction": "rtl"}}	\N	\N	443	ar	7affa1a1-2825-4819-8153-88ed9fc3ac9d	           	\N	\N
	{"root": {"type": "root", "format": "", "indent": 0, "version": 1, "children": [{"tag": "h2", "type": "heading", "format": "", "indent": 0, "version": 1, "children": [{"mode": "normal", "text": "    ", "type": "text", "style": "", "detail": 0, "format": 0, "version": 1}], "direction": "rtl"}, {"type": "paragraph", "format": "", "indent": 0, "version": 1, "children": [{"mode": "normal", "text": "            .", "type": "text", "style": "", "detail": 0, "format": 0, "version": 1}], "direction": "rtl", "textStyle": "", "textFormat": 0}], "direction": "rtl"}}	\N	\N	445	ar	0db84ba0-abe7-4ad4-b597-8d5ad6c066dd	\N	\N	\N
  	{"root": {"type": "root", "format": "", "indent": 0, "version": 1, "children": [{"tag": "h3", "type": "heading", "format": "", "indent": 0, "version": 1, "children": [{"mode": "normal", "text": "   ", "type": "text", "style": "", "detail": 0, "format": 0, "version": 1}, {"type": "linebreak", "version": 1}, {"mode": "normal", "text": "  ", "type": "text", "style": "", "detail": 0, "format": 0, "version": 1}], "direction": "rtl"}, {"type": "paragraph", "format": "", "indent": 0, "version": 1, "children": [{"mode": "normal", "text": "               ", "type": "text", "style": "", "detail": 0, "format": 0, "version": 1}], "direction": "rtl", "textStyle": "", "textFormat": 0}], "direction": "rtl"}}	\N	\N	446	ar	e3bb131b-639c-444e-97b6-61232eeee728	           	\N	\N
	{"root": {"type": "root", "format": "", "indent": 0, "version": 1, "children": [{"tag": "h2", "type": "heading", "format": "", "indent": 0, "version": 1, "children": [{"mode": "normal", "text": "           ", "type": "text", "style": "", "detail": 0, "format": 0, "version": 1}], "direction": "rtl"}], "direction": "rtl"}}	\N	\N	626	ar	59cfd84d-1e9e-4886-b828-418cf4f19508	\N	\N	\N
\N	{"root": {"type": "root", "format": "", "indent": 0, "version": 1, "children": [{"tag": "h2", "type": "heading", "format": "", "indent": 0, "version": 1, "children": [{"mode": "normal", "text": "   ", "type": "text", "style": "", "detail": 0, "format": 0, "version": 1}], "direction": "rtl"}, {"type": "paragraph", "format": "", "indent": 0, "version": 1, "children": [{"mode": "normal", "text": "      ", "type": "text", "style": "", "detail": 0, "format": 0, "version": 1}], "direction": "rtl", "textStyle": "", "textFormat": 0}], "direction": "rtl"}}	\N	\N	627	ar	b2e49be2-dc78-4bae-b2e7-0fb855129ea3	\N	\N	\N
\N	{"root": {"type": "root", "format": "", "indent": 0, "version": 1, "children": [{"tag": "h2", "type": "heading", "format": "", "indent": 0, "version": 1, "children": [{"mode": "normal", "text": "  ", "type": "text", "style": "", "detail": 0, "format": 0, "version": 1}], "direction": "rtl"}], "direction": "rtl"}}	\N	/	556	ar	0d95d0e4-8eed-4815-a99c-4132ea293947	\N	\N	\N
	{"root": {"type": "root", "format": "", "indent": 0, "version": 1, "children": [{"tag": "h2", "type": "heading", "format": "", "indent": 0, "version": 1, "children": [{"mode": "normal", "text": "    ", "type": "text", "style": "", "detail": 0, "format": 0, "version": 1}], "direction": "rtl"}, {"type": "paragraph", "format": "", "indent": 0, "version": 1, "children": [{"mode": "normal", "text": "            .", "type": "text", "style": "", "detail": 0, "format": 0, "version": 1}], "direction": "rtl", "textStyle": "", "textFormat": 0}], "direction": "rtl"}}	\N	\N	557	ar	d2154ee5-ff37-4393-97c5-08cb2e6dcc92	\N	\N	\N
  	{"root": {"type": "root", "format": "", "indent": 0, "version": 1, "children": [{"tag": "h3", "type": "heading", "format": "", "indent": 0, "version": 1, "children": [{"mode": "normal", "text": "   ", "type": "text", "style": "", "detail": 0, "format": 0, "version": 1}, {"type": "linebreak", "version": 1}, {"mode": "normal", "text": "  ", "type": "text", "style": "", "detail": 0, "format": 0, "version": 1}], "direction": "rtl"}, {"type": "paragraph", "format": "", "indent": 0, "version": 1, "children": [{"mode": "normal", "text": "               ", "type": "text", "style": "", "detail": 0, "format": 0, "version": 1}], "direction": "rtl", "textStyle": "", "textFormat": 0}], "direction": "rtl"}}	\N	\N	558	ar	84cdbcd7-7602-42d3-b7eb-11092b2a2be9	           	\N	\N
\N	{"root": {"type": "root", "format": "", "indent": 0, "version": 1, "children": [{"tag": "h2", "type": "heading", "format": "", "indent": 0, "version": 1, "children": [{"mode": "normal", "text": "  ", "type": "text", "style": "", "detail": 0, "format": 0, "version": 1}], "direction": "rtl"}], "direction": "rtl"}}	\N	/	559	ar	42543955-c53d-4844-bab9-0eff2f462022	\N	\N	\N
	{"root": {"type": "root", "format": "", "indent": 0, "version": 1, "children": [{"tag": "h2", "type": "heading", "format": "", "indent": 0, "version": 1, "children": [{"mode": "normal", "text": "    ", "type": "text", "style": "", "detail": 0, "format": 0, "version": 1}], "direction": "rtl"}, {"type": "paragraph", "format": "", "indent": 0, "version": 1, "children": [{"mode": "normal", "text": "            .", "type": "text", "style": "", "detail": 0, "format": 0, "version": 1}], "direction": "rtl", "textStyle": "", "textFormat": 0}], "direction": "rtl"}}	\N	\N	560	ar	b370a6c4-d10a-4704-87f8-9494fb2eaab3	\N	\N	\N
  	{"root": {"type": "root", "format": "", "indent": 0, "version": 1, "children": [{"tag": "h3", "type": "heading", "format": "", "indent": 0, "version": 1, "children": [{"mode": "normal", "text": "   ", "type": "text", "style": "", "detail": 0, "format": 0, "version": 1}, {"type": "linebreak", "version": 1}, {"mode": "normal", "text": "  ", "type": "text", "style": "", "detail": 0, "format": 0, "version": 1}], "direction": "rtl"}, {"type": "paragraph", "format": "", "indent": 0, "version": 1, "children": [{"mode": "normal", "text": "               ", "type": "text", "style": "", "detail": 0, "format": 0, "version": 1}], "direction": "rtl", "textStyle": "", "textFormat": 0}], "direction": "rtl"}}	\N	\N	561	ar	358dd4b3-112f-434b-b1e7-5739369efa96	           	\N	\N
\N	{"root": {"type": "root", "format": "", "indent": 0, "version": 1, "children": [{"tag": "h2", "type": "heading", "format": "", "indent": 0, "version": 1, "children": [{"mode": "normal", "text": "  ", "type": "text", "style": "", "detail": 0, "format": 0, "version": 1}], "direction": "rtl"}], "direction": "rtl"}}	\N	/	226	ar	ae49845c-06aa-4775-ae77-72978daea63b	\N	\N	\N
\N	{"root": {"type": "root", "format": "", "indent": 0, "version": 1, "children": [{"tag": "h2", "type": "heading", "format": "", "indent": 0, "version": 1, "children": [{"mode": "normal", "text": "  ", "type": "text", "style": "", "detail": 0, "format": 0, "version": 1}], "direction": "rtl"}], "direction": "rtl"}}	\N	/	223	ar	36f410c0-5ec3-423d-87ca-147158eb1591	\N	\N	\N
   	{"root": {"type": "root", "format": "", "indent": 0, "version": 1, "children": [{"tag": "h2", "type": "heading", "format": "", "indent": 0, "version": 1, "children": [{"mode": "normal", "text": "    ", "type": "text", "style": "", "detail": 0, "format": 0, "version": 1}], "direction": "rtl"}, {"type": "paragraph", "format": "", "indent": 0, "version": 1, "children": [{"mode": "normal", "text": "            .", "type": "text", "style": "", "detail": 0, "format": 0, "version": 1}], "direction": "rtl", "textStyle": "", "textFormat": 0}], "direction": "rtl"}}	\N	\N	224	ar	8868477e-1609-417c-9fae-90ee3ae13fd9	\N	\N	\N
  	{"root": {"type": "root", "format": "", "indent": 0, "version": 1, "children": [{"tag": "h3", "type": "heading", "format": "", "indent": 0, "version": 1, "children": [{"mode": "normal", "text": "   ", "type": "text", "style": "", "detail": 0, "format": 0, "version": 1}, {"type": "linebreak", "version": 1}, {"mode": "normal", "text": "  ", "type": "text", "style": "", "detail": 0, "format": 0, "version": 1}], "direction": "rtl"}, {"type": "paragraph", "format": "", "indent": 0, "version": 1, "children": [{"mode": "normal", "text": "               ", "type": "text", "style": "", "detail": 0, "format": 0, "version": 1}], "direction": "rtl", "textStyle": "", "textFormat": 0}], "direction": "rtl"}}	\N	\N	225	ar	3050c2c8-3df9-45cb-ac09-f74a3daeffeb	           	\N	\N
	{"root": {"type": "root", "format": "", "indent": 0, "version": 1, "children": [{"tag": "h2", "type": "heading", "format": "", "indent": 0, "version": 1, "children": [{"mode": "normal", "text": "           ", "type": "text", "style": "", "detail": 0, "format": 0, "version": 1}], "direction": "rtl"}], "direction": "rtl"}}	\N	\N	576	ar	290359b0-8fe6-4fef-9d52-20439e3fc3f8	\N	\N	\N
\N	{"root": {"type": "root", "format": "", "indent": 0, "version": 1, "children": [{"tag": "h2", "type": "heading", "format": "", "indent": 0, "version": 1, "children": [{"mode": "normal", "text": "   ", "type": "text", "style": "", "detail": 0, "format": 0, "version": 1}], "direction": "rtl"}, {"type": "paragraph", "format": "", "indent": 0, "version": 1, "children": [{"mode": "normal", "text": "      ", "type": "text", "style": "", "detail": 0, "format": 0, "version": 1}], "direction": "rtl", "textStyle": "", "textFormat": 0}], "direction": "rtl"}}	\N	\N	577	ar	dbb8349c-085c-4246-bb88-b07f4ec0b429	\N	\N	\N
	{"root": {"type": "root", "format": "", "indent": 0, "version": 1, "children": [{"tag": "h2", "type": "heading", "format": "", "indent": 0, "version": 1, "children": [{"mode": "normal", "text": "           ", "type": "text", "style": "", "detail": 0, "format": 0, "version": 1}], "direction": "rtl"}], "direction": "rtl"}}	\N	\N	578	ar	3ce2e760-c122-4c89-b924-e6390c841f13	\N	\N	\N
\N	{"root": {"type": "root", "format": "", "indent": 0, "version": 1, "children": [{"tag": "h2", "type": "heading", "format": "", "indent": 0, "version": 1, "children": [{"mode": "normal", "text": "   ", "type": "text", "style": "", "detail": 0, "format": 0, "version": 1}], "direction": "rtl"}, {"type": "paragraph", "format": "", "indent": 0, "version": 1, "children": [{"mode": "normal", "text": "      ", "type": "text", "style": "", "detail": 0, "format": 0, "version": 1}], "direction": "rtl", "textStyle": "", "textFormat": 0}], "direction": "rtl"}}	\N	\N	579	ar	d2bd91c8-1618-4cbc-b41d-7078b373a172	\N	\N	\N
	{"root": {"type": "root", "format": "", "indent": 0, "version": 1, "children": [{"tag": "h2", "type": "heading", "format": "", "indent": 0, "version": 1, "children": [{"mode": "normal", "text": "           ", "type": "text", "style": "", "detail": 0, "format": 0, "version": 1}], "direction": "rtl"}], "direction": "rtl"}}	\N	\N	580	ar	6c8fa350-2aa1-4b5e-a444-ab4dfdafed44	\N	\N	\N
\N	{"root": {"type": "root", "format": "", "indent": 0, "version": 1, "children": [{"tag": "h2", "type": "heading", "format": "", "indent": 0, "version": 1, "children": [{"mode": "normal", "text": "   ", "type": "text", "style": "", "detail": 0, "format": 0, "version": 1}], "direction": "rtl"}, {"type": "paragraph", "format": "", "indent": 0, "version": 1, "children": [{"mode": "normal", "text": "      ", "type": "text", "style": "", "detail": 0, "format": 0, "version": 1}], "direction": "rtl", "textStyle": "", "textFormat": 0}], "direction": "rtl"}}	\N	\N	581	ar	220634a4-4c37-4be1-936a-4eaa7b73a9e5	\N	\N	\N
   	{"root": {"type": "root", "format": "", "indent": 0, "version": 1, "children": [{"tag": "h2", "type": "heading", "format": "", "indent": 0, "version": 1, "children": [{"mode": "normal", "text": "    ", "type": "text", "style": "", "detail": 0, "format": 0, "version": 1}], "direction": "rtl"}, {"type": "paragraph", "format": "", "indent": 0, "version": 1, "children": [{"mode": "normal", "text": "            .", "type": "text", "style": "", "detail": 0, "format": 0, "version": 1}], "direction": "rtl", "textStyle": "", "textFormat": 0}], "direction": "rtl"}}	\N	\N	227	ar	1a0d44e7-09b4-428c-b9e3-b9fdf2affbb0	\N	\N	\N
  	{"root": {"type": "root", "format": "", "indent": 0, "version": 1, "children": [{"tag": "h3", "type": "heading", "format": "", "indent": 0, "version": 1, "children": [{"mode": "normal", "text": "   ", "type": "text", "style": "", "detail": 0, "format": 0, "version": 1}, {"type": "linebreak", "version": 1}, {"mode": "normal", "text": "  ", "type": "text", "style": "", "detail": 0, "format": 0, "version": 1}], "direction": "rtl"}, {"type": "paragraph", "format": "", "indent": 0, "version": 1, "children": [{"mode": "normal", "text": "               ", "type": "text", "style": "", "detail": 0, "format": 0, "version": 1}], "direction": "rtl", "textStyle": "", "textFormat": 0}], "direction": "rtl"}}	\N	\N	228	ar	b990d3b5-b34f-4a45-8ac8-fe54c835f362	           	\N	\N
	{"root": {"type": "root", "format": "", "indent": 0, "version": 1, "children": [{"tag": "h2", "type": "heading", "format": "", "indent": 0, "version": 1, "children": [{"mode": "normal", "text": "           ", "type": "text", "style": "", "detail": 0, "format": 0, "version": 1}], "direction": "rtl"}], "direction": "rtl"}}	\N	\N	634	ar	8810360f-03e7-4be5-a019-9a6cce44e90b	\N	\N	\N
\N	{"root": {"type": "root", "format": "", "indent": 0, "version": 1, "children": [{"tag": "h2", "type": "heading", "format": "", "indent": 0, "version": 1, "children": [{"mode": "normal", "text": "   ", "type": "text", "style": "", "detail": 0, "format": 0, "version": 1}], "direction": "rtl"}, {"type": "paragraph", "format": "", "indent": 0, "version": 1, "children": [{"mode": "normal", "text": "      ", "type": "text", "style": "", "detail": 0, "format": 0, "version": 1}], "direction": "rtl", "textStyle": "", "textFormat": 0}], "direction": "rtl"}}	\N	\N	635	ar	409db2c8-05c6-45ac-83a6-046102d21fdb	\N	\N	\N
	{"root": {"type": "root", "format": "", "indent": 0, "version": 1, "children": [{"tag": "h2", "type": "heading", "format": "", "indent": 0, "version": 1, "children": [{"mode": "normal", "text": "           ", "type": "text", "style": "", "detail": 0, "format": 0, "version": 1}], "direction": "rtl"}], "direction": "rtl"}}	\N	\N	745	ar	3150dff4-3156-4f22-9828-4e701e627978	\N	\N	\N
	{"root": {"type": "root", "format": "", "indent": 0, "version": 1, "children": [{"tag": "h2", "type": "heading", "format": "", "indent": 0, "version": 1, "children": [{"mode": "normal", "text": "           ", "type": "text", "style": "", "detail": 0, "format": 0, "version": 1}], "direction": "rtl"}], "direction": "rtl"}}	\N	\N	582	ar	6a8aaae4-38cc-4f12-a674-3586dab59a7e	\N	\N	\N
\N	{"root": {"type": "root", "format": "", "indent": 0, "version": 1, "children": [{"tag": "h2", "type": "heading", "format": "", "indent": 0, "version": 1, "children": [{"mode": "normal", "text": "   ", "type": "text", "style": "", "detail": 0, "format": 0, "version": 1}], "direction": "rtl"}, {"type": "paragraph", "format": "", "indent": 0, "version": 1, "children": [{"mode": "normal", "text": "      ", "type": "text", "style": "", "detail": 0, "format": 0, "version": 1}], "direction": "rtl", "textStyle": "", "textFormat": 0}], "direction": "rtl"}}	\N	\N	583	ar	fc7ef4d6-3e67-4628-9232-13a63b624fd1	\N	\N	\N
\N	{"root": {"type": "root", "format": "", "indent": 0, "version": 1, "children": [{"tag": "h2", "type": "heading", "format": "", "indent": 0, "version": 1, "children": [{"mode": "normal", "text": "  ", "type": "text", "style": "", "detail": 0, "format": 0, "version": 1}], "direction": "rtl"}], "direction": "rtl"}}	\N	/	444	ar	5280275d-4d50-47c7-b03d-1aeaac5ca4ff	\N	\N	\N
	{"root": {"type": "root", "format": "", "indent": 0, "version": 1, "children": [{"tag": "h2", "type": "heading", "format": "", "indent": 0, "version": 1, "children": [{"mode": "normal", "text": "           ", "type": "text", "style": "", "detail": 0, "format": 0, "version": 1}], "direction": "rtl"}], "direction": "rtl"}}	\N	\N	636	ar	dcad8632-0b2a-4a0e-9a8d-eafb913642ad	\N	\N	\N
\N	{"root": {"type": "root", "format": "", "indent": 0, "version": 1, "children": [{"tag": "h2", "type": "heading", "format": "", "indent": 0, "version": 1, "children": [{"mode": "normal", "text": "  ", "type": "text", "style": "", "detail": 0, "format": 0, "version": 1}], "direction": "rtl"}], "direction": "rtl"}}	\N	/	429	ar	46454ef3-65c7-4632-8f01-215ed82a427f	\N	\N	\N
	{"root": {"type": "root", "format": "", "indent": 0, "version": 1, "children": [{"tag": "h2", "type": "heading", "format": "", "indent": 0, "version": 1, "children": [{"mode": "normal", "text": "    ", "type": "text", "style": "", "detail": 0, "format": 0, "version": 1}], "direction": "rtl"}, {"type": "paragraph", "format": "", "indent": 0, "version": 1, "children": [{"mode": "normal", "text": "            .", "type": "text", "style": "", "detail": 0, "format": 0, "version": 1}], "direction": "rtl", "textStyle": "", "textFormat": 0}], "direction": "rtl"}}	\N	\N	430	ar	56f8f63a-0e2e-402b-b772-c89f7c7a9756	\N	\N	\N
  	{"root": {"type": "root", "format": "", "indent": 0, "version": 1, "children": [{"tag": "h3", "type": "heading", "format": "", "indent": 0, "version": 1, "children": [{"mode": "normal", "text": "   ", "type": "text", "style": "", "detail": 0, "format": 0, "version": 1}, {"type": "linebreak", "version": 1}, {"mode": "normal", "text": "  ", "type": "text", "style": "", "detail": 0, "format": 0, "version": 1}], "direction": "rtl"}, {"type": "paragraph", "format": "", "indent": 0, "version": 1, "children": [{"mode": "normal", "text": "               ", "type": "text", "style": "", "detail": 0, "format": 0, "version": 1}], "direction": "rtl", "textStyle": "", "textFormat": 0}], "direction": "rtl"}}	\N	\N	431	ar	1132ed46-917d-4372-b727-9edce818d049	           	\N	\N
\N	{"root": {"type": "root", "format": "", "indent": 0, "version": 1, "children": [{"tag": "h2", "type": "heading", "format": "", "indent": 0, "version": 1, "children": [{"mode": "normal", "text": "  ", "type": "text", "style": "", "detail": 0, "format": 0, "version": 1}], "direction": "rtl"}], "direction": "rtl"}}	\N	/	432	ar	b31806a0-8f44-4a3f-ab52-13e2f4a99762	\N	\N	\N
	{"root": {"type": "root", "format": "", "indent": 0, "version": 1, "children": [{"tag": "h2", "type": "heading", "format": "", "indent": 0, "version": 1, "children": [{"mode": "normal", "text": "    ", "type": "text", "style": "", "detail": 0, "format": 0, "version": 1}], "direction": "rtl"}, {"type": "paragraph", "format": "", "indent": 0, "version": 1, "children": [{"mode": "normal", "text": "            .", "type": "text", "style": "", "detail": 0, "format": 0, "version": 1}], "direction": "rtl", "textStyle": "", "textFormat": 0}], "direction": "rtl"}}	\N	\N	433	ar	b290ce6b-78fb-463b-9742-08a65cec043d	\N	\N	\N
  	{"root": {"type": "root", "format": "", "indent": 0, "version": 1, "children": [{"tag": "h3", "type": "heading", "format": "", "indent": 0, "version": 1, "children": [{"mode": "normal", "text": "   ", "type": "text", "style": "", "detail": 0, "format": 0, "version": 1}, {"type": "linebreak", "version": 1}, {"mode": "normal", "text": "  ", "type": "text", "style": "", "detail": 0, "format": 0, "version": 1}], "direction": "rtl"}, {"type": "paragraph", "format": "", "indent": 0, "version": 1, "children": [{"mode": "normal", "text": "               ", "type": "text", "style": "", "detail": 0, "format": 0, "version": 1}], "direction": "rtl", "textStyle": "", "textFormat": 0}], "direction": "rtl"}}	\N	\N	434	ar	b63b9079-37b6-4dda-89bc-1259fb37d7b6	           	\N	\N
\N	{"root": {"type": "root", "format": "", "indent": 0, "version": 1, "children": [{"tag": "h2", "type": "heading", "format": "", "indent": 0, "version": 1, "children": [{"mode": "normal", "text": "   ", "type": "text", "style": "", "detail": 0, "format": 0, "version": 1}], "direction": "rtl"}, {"type": "paragraph", "format": "", "indent": 0, "version": 1, "children": [{"mode": "normal", "text": "      ", "type": "text", "style": "", "detail": 0, "format": 0, "version": 1}], "direction": "rtl", "textStyle": "", "textFormat": 0}], "direction": "rtl"}}	\N	\N	637	ar	dc2bc5ad-30e3-4a2f-ae56-ab29a28f9f74	\N	\N	\N
\N	{"root": {"type": "root", "format": "", "indent": 0, "version": 1, "children": [{"tag": "h2", "type": "heading", "format": "", "indent": 0, "version": 1, "children": [{"mode": "normal", "text": "  ", "type": "text", "style": "", "detail": 0, "format": 0, "version": 1}], "direction": "rtl"}], "direction": "rtl"}}	\N	/	314	ar	3fa30a41-58b5-40cc-9ce2-791c0c965a7a	\N	\N	\N
	{"root": {"type": "root", "format": "", "indent": 0, "version": 1, "children": [{"tag": "h2", "type": "heading", "format": "", "indent": 0, "version": 1, "children": [{"mode": "normal", "text": "    ", "type": "text", "style": "", "detail": 0, "format": 0, "version": 1}], "direction": "rtl"}, {"type": "paragraph", "format": "", "indent": 0, "version": 1, "children": [{"mode": "normal", "text": "            .", "type": "text", "style": "", "detail": 0, "format": 0, "version": 1}], "direction": "rtl", "textStyle": "", "textFormat": 0}], "direction": "rtl"}}	\N	\N	315	ar	e6769cfa-6f93-4afa-9e68-885c9841d287	\N	\N	\N
  	{"root": {"type": "root", "format": "", "indent": 0, "version": 1, "children": [{"tag": "h3", "type": "heading", "format": "", "indent": 0, "version": 1, "children": [{"mode": "normal", "text": "   ", "type": "text", "style": "", "detail": 0, "format": 0, "version": 1}, {"type": "linebreak", "version": 1}, {"mode": "normal", "text": "  ", "type": "text", "style": "", "detail": 0, "format": 0, "version": 1}], "direction": "rtl"}, {"type": "paragraph", "format": "", "indent": 0, "version": 1, "children": [{"mode": "normal", "text": "               ", "type": "text", "style": "", "detail": 0, "format": 0, "version": 1}], "direction": "rtl", "textStyle": "", "textFormat": 0}], "direction": "rtl"}}	\N	\N	316	ar	e1b521fb-62dc-4120-917d-323b81834337	           	\N	\N
\N	{"root": {"type": "root", "format": "", "indent": 0, "version": 1, "children": [{"tag": "h2", "type": "heading", "format": "", "indent": 0, "version": 1, "children": [{"mode": "normal", "text": "  ", "type": "text", "style": "", "detail": 0, "format": 0, "version": 1}], "direction": "rtl"}], "direction": "rtl"}}	\N	/	317	ar	44281774-c31a-4e3d-b3de-5b674d2cad28	\N	\N	\N
	{"root": {"type": "root", "format": "", "indent": 0, "version": 1, "children": [{"tag": "h2", "type": "heading", "format": "", "indent": 0, "version": 1, "children": [{"mode": "normal", "text": "    ", "type": "text", "style": "", "detail": 0, "format": 0, "version": 1}], "direction": "rtl"}, {"type": "paragraph", "format": "", "indent": 0, "version": 1, "children": [{"mode": "normal", "text": "            .", "type": "text", "style": "", "detail": 0, "format": 0, "version": 1}], "direction": "rtl", "textStyle": "", "textFormat": 0}], "direction": "rtl"}}	\N	\N	318	ar	1f9288ca-eb52-4e04-8e7a-d438f1edbcec	\N	\N	\N
	{"root": {"type": "root", "format": "", "indent": 0, "version": 1, "children": [{"tag": "h2", "type": "heading", "format": "", "indent": 0, "version": 1, "children": [{"mode": "normal", "text": "           ", "type": "text", "style": "", "detail": 0, "format": 0, "version": 1}], "direction": "rtl"}], "direction": "rtl"}}	\N	\N	662	ar	66e2f915-91dc-40e6-82e6-25711d2f1d9e	\N	\N	\N
\N	{"root": {"type": "root", "format": "", "indent": 0, "version": 1, "children": [{"tag": "h2", "type": "heading", "format": "", "indent": 0, "version": 1, "children": [{"mode": "normal", "text": "   ", "type": "text", "style": "", "detail": 0, "format": 0, "version": 1}], "direction": "rtl"}, {"type": "paragraph", "format": "", "indent": 0, "version": 1, "children": [{"mode": "normal", "text": "      ", "type": "text", "style": "", "detail": 0, "format": 0, "version": 1}], "direction": "rtl", "textStyle": "", "textFormat": 0}], "direction": "rtl"}}	\N	\N	663	ar	1d7f1371-babb-4760-ba9a-405cf0df7aeb	\N	\N	\N
	{"root": {"type": "root", "format": "", "indent": 0, "version": 1, "children": [{"tag": "h2", "type": "heading", "format": "", "indent": 0, "version": 1, "children": [{"mode": "normal", "text": "           ", "type": "text", "style": "", "detail": 0, "format": 0, "version": 1}], "direction": "rtl"}], "direction": "rtl"}}	\N	\N	664	ar	4af3d7ce-b936-479f-906f-b712e2f92790	\N	\N	\N
	{"root": {"type": "root", "format": "", "indent": 0, "version": 1, "children": [{"tag": "h2", "type": "heading", "format": "", "indent": 0, "version": 1, "children": [{"mode": "normal", "text": "           ", "type": "text", "style": "", "detail": 0, "format": 0, "version": 1}], "direction": "rtl"}], "direction": "rtl"}}	\N	\N	666	ar	11cd5692-21e6-451c-b6f9-07ea009c35c7	\N	\N	\N
\N	{"root": {"type": "root", "format": "", "indent": 0, "version": 1, "children": [{"tag": "h2", "type": "heading", "format": "", "indent": 0, "version": 1, "children": [{"mode": "normal", "text": "   ", "type": "text", "style": "", "detail": 0, "format": 0, "version": 1}], "direction": "rtl"}, {"type": "paragraph", "format": "", "indent": 0, "version": 1, "children": [{"mode": "normal", "text": "      ", "type": "text", "style": "", "detail": 0, "format": 0, "version": 1}], "direction": "rtl", "textStyle": "", "textFormat": 0}], "direction": "rtl"}}	\N	\N	667	ar	cfd99805-d172-47f9-aab2-17f55bdac45d	\N	\N	\N
  	{"root": {"type": "root", "format": "", "indent": 0, "version": 1, "children": [{"tag": "h3", "type": "heading", "format": "", "indent": 0, "version": 1, "children": [{"mode": "normal", "text": "   ", "type": "text", "style": "", "detail": 0, "format": 0, "version": 1}, {"type": "linebreak", "version": 1}, {"mode": "normal", "text": "  ", "type": "text", "style": "", "detail": 0, "format": 0, "version": 1}], "direction": "rtl"}, {"type": "paragraph", "format": "", "indent": 0, "version": 1, "children": [{"mode": "normal", "text": "               ", "type": "text", "style": "", "detail": 0, "format": 0, "version": 1}], "direction": "rtl", "textStyle": "", "textFormat": 0}], "direction": "rtl"}}	\N	\N	319	ar	483acf8c-ca2e-474c-b2d2-781366636f31	           	\N	\N
\N	{"root": {"type": "root", "format": "", "indent": 0, "version": 1, "children": [{"tag": "h2", "type": "heading", "format": "", "indent": 0, "version": 1, "children": [{"mode": "normal", "text": "  ", "type": "text", "style": "", "detail": 0, "format": 0, "version": 1}], "direction": "rtl"}], "direction": "rtl"}}	\N	/	255	ar	3e5d3e77-f3ae-480b-a93f-8b516bc36f93	\N	\N	\N
	{"root": {"type": "root", "format": "", "indent": 0, "version": 1, "children": [{"tag": "h2", "type": "heading", "format": "", "indent": 0, "version": 1, "children": [{"mode": "normal", "text": "    ", "type": "text", "style": "", "detail": 0, "format": 0, "version": 1}], "direction": "rtl"}, {"type": "paragraph", "format": "", "indent": 0, "version": 1, "children": [{"mode": "normal", "text": "            .", "type": "text", "style": "", "detail": 0, "format": 0, "version": 1}], "direction": "rtl", "textStyle": "", "textFormat": 0}], "direction": "rtl"}}	\N	\N	256	ar	3c356f56-872c-419a-80ba-c81a331f411e	\N	\N	\N
  	{"root": {"type": "root", "format": "", "indent": 0, "version": 1, "children": [{"tag": "h3", "type": "heading", "format": "", "indent": 0, "version": 1, "children": [{"mode": "normal", "text": "   ", "type": "text", "style": "", "detail": 0, "format": 0, "version": 1}, {"type": "linebreak", "version": 1}, {"mode": "normal", "text": "  ", "type": "text", "style": "", "detail": 0, "format": 0, "version": 1}], "direction": "rtl"}, {"type": "paragraph", "format": "", "indent": 0, "version": 1, "children": [{"mode": "normal", "text": "               ", "type": "text", "style": "", "detail": 0, "format": 0, "version": 1}], "direction": "rtl", "textStyle": "", "textFormat": 0}], "direction": "rtl"}}	\N	\N	257	ar	b22e3667-5c16-4675-bc1b-ed570dff6019	           	\N	\N
\N	{"root": {"type": "root", "format": "", "indent": 0, "version": 1, "children": [{"tag": "h2", "type": "heading", "format": "", "indent": 0, "version": 1, "children": [{"mode": "normal", "text": "   ", "type": "text", "style": "", "detail": 0, "format": 0, "version": 1}], "direction": "rtl"}, {"type": "paragraph", "format": "", "indent": 0, "version": 1, "children": [{"mode": "normal", "text": "     ", "type": "text", "style": "", "detail": 0, "format": 0, "version": 1}], "direction": "rtl", "textStyle": "", "textFormat": 0}], "direction": "rtl"}}	\N	\N	746	ar	83e89ed3-1fef-4a8d-9d37-d4daac4ab2a4	\N	\N	\N
\N	{"root": {"type": "root", "format": "", "indent": 0, "version": 1, "children": [{"tag": "h2", "type": "heading", "format": "", "indent": 0, "version": 1, "children": [{"mode": "normal", "text": "  ", "type": "text", "style": "", "detail": 0, "format": 0, "version": 1}], "direction": "rtl"}], "direction": "rtl"}}	\N	/	441	ar	cc7f4992-b52f-4ad7-9760-34416a6fd830	\N	\N	\N
\N	\N	\N	\N	820	en	e6769cfa-6f93-4afa-9e68-885c9841d287	\N	\N	\N
\N	\N	\N	\N	821	en	e1b521fb-62dc-4120-917d-323b81834337	\N	\N	\N
\N	\N	\N	\N	822	en	8b134f9f-34b0-45c7-8d7b-976bfb31d015	\N	\N	\N
\N	\N	\N	\N	823	en	1f9288ca-eb52-4e04-8e7a-d438f1edbcec	\N	\N	\N
\N	\N	\N	\N	824	en	483acf8c-ca2e-474c-b2d2-781366636f31	\N	\N	\N
\N	\N	\N	\N	825	en	fed991c5-d671-4e5a-af30-8459b82fcee9	\N	\N	\N
\N	\N	\N	\N	826	en	2419edc0-cfc5-4cff-8a15-7b261ac9b072	\N	\N	\N
\N	\N	\N	\N	827	en	41627b7c-924b-4f28-bf3e-3b291c34db18	\N	\N	\N
\N	\N	\N	\N	828	en	9c9a756c-0a4f-4646-a0b9-e2a443c38270	\N	\N	\N
\N	\N	\N	\N	829	en	07cf7a3d-a759-43df-9071-28fb9ee65d4d	\N	\N	\N
\N	\N	\N	\N	830	en	1f6615c1-e248-4326-8a2e-f8516fb9867a	\N	\N	\N
\N	\N	\N	\N	831	en	a385da1c-0fd3-410b-a522-c02fc6351b01	\N	\N	\N
\N	\N	\N	\N	832	en	56f8f63a-0e2e-402b-b772-c89f7c7a9756	\N	\N	\N
\N	\N	\N	\N	833	en	1132ed46-917d-4372-b727-9edce818d049	\N	\N	\N
\N	\N	\N	\N	834	en	a173d6f1-ba4a-49e9-bd25-47ebab316458	\N	\N	\N
\N	\N	\N	\N	835	en	b290ce6b-78fb-463b-9742-08a65cec043d	\N	\N	\N
\N	\N	\N	\N	836	en	b63b9079-37b6-4dda-89bc-1259fb37d7b6	\N	\N	\N
\N	\N	\N	\N	837	en	7fae5c52-ffa9-4dac-b947-eec589801593	\N	\N	\N
\N	\N	\N	\N	838	en	6807eca7-f229-4541-a21c-43d619901752	\N	\N	\N
\N	\N	\N	\N	839	en	7affa1a1-2825-4819-8153-88ed9fc3ac9d	\N	\N	\N
\N	\N	\N	\N	840	en	d4057bb9-1cee-4823-b698-6740fa409c1c	\N	\N	\N
\N	\N	\N	\N	841	en	a9f1a598-da7b-4f8d-9d7b-0399af89ba80	\N	\N	\N
\N	\N	\N	\N	842	en	2a08ee31-aebf-4a35-8b1c-9579ef7cf2bd	\N	\N	\N
\N	\N	\N	\N	843	en	8868477e-1609-417c-9fae-90ee3ae13fd9	\N	\N	\N
\N	\N	\N	\N	844	en	3050c2c8-3df9-45cb-ac09-f74a3daeffeb	\N	\N	\N
\N	\N	\N	\N	845	en	1a0d44e7-09b4-428c-b9e3-b9fdf2affbb0	\N	\N	\N
\N	\N	\N	\N	846	en	b990d3b5-b34f-4a45-8ac8-fe54c835f362	\N	\N	\N
\N	\N	\N	\N	847	en	640f6e04-ac04-45f9-8bc9-39504a83716b	\N	\N	\N
\N	\N	\N	\N	848	en	8f7537e9-a20f-48a5-91a7-b4e9c19295eb	\N	\N	\N
\N	\N	\N	\N	849	en	98cfde13-d4f4-4d8a-b5ba-ea54fcbe5fa0	\N	\N	\N
\N	\N	\N	\N	850	en	4b618c50-c0da-4013-998a-a3ecdd641540	\N	\N	\N
\N	\N	\N	\N	851	en	80520466-722d-4334-bfe6-164c9d5f31c5	\N	\N	\N
	{"root": {"type": "root", "format": "", "indent": 0, "version": 1, "children": [{"tag": "h2", "type": "heading", "format": "", "indent": 0, "version": 1, "children": [{"mode": "normal", "text": "           ", "type": "text", "style": "", "detail": 0, "format": 0, "version": 1}], "direction": "rtl"}], "direction": "rtl"}}	\N	\N	747	ar	b960e3b9-f9f6-4be8-97bb-21d5402c1284	\N	\N	\N
\N	{"root": {"type": "root", "format": "", "indent": 0, "version": 1, "children": [{"tag": "h2", "type": "heading", "format": "", "indent": 0, "version": 1, "children": [{"mode": "normal", "text": "   ", "type": "text", "style": "", "detail": 0, "format": 0, "version": 1}], "direction": "rtl"}, {"type": "paragraph", "format": "", "indent": 0, "version": 1, "children": [{"mode": "normal", "text": "     ", "type": "text", "style": "", "detail": 0, "format": 0, "version": 1}], "direction": "rtl", "textStyle": "", "textFormat": 0}], "direction": "rtl"}}	\N	\N	748	ar	274752fe-78e5-4bcb-b2d4-d64b5686cb60	\N	\N	\N
\N	\N	\N	\N	852	en	e8b1dad0-69e7-4b66-a4a8-8ad4f91c2f7e	\N	\N	\N
\N	\N	\N	\N	853	en	f48b1bec-a639-4ec2-b89d-31921ab56ca0	\N	\N	\N
\N	\N	\N	\N	854	en	4a368400-b482-49c5-93c0-a896896439ea	\N	\N	\N
\N	\N	\N	\N	855	en	3c356f56-872c-419a-80ba-c81a331f411e	\N	\N	\N
\N	\N	\N	\N	856	en	b22e3667-5c16-4675-bc1b-ed570dff6019	\N	\N	\N
\N	\N	\N	\N	857	en	0db84ba0-abe7-4ad4-b597-8d5ad6c066dd	\N	\N	\N
\N	\N	\N	\N	858	en	e3bb131b-639c-444e-97b6-61232eeee728	\N	\N	\N
\N	\N	\N	\N	859	en	64188f3d-548b-4db0-9d0e-97524b3519bf	\N	\N	\N
\N	\N	\N	\N	860	en	5d443aa9-8642-4625-a56e-8b7042a29be0	\N	\N	\N
\N	\N	\N	\N	861	en	d2099fb7-87fe-4fb9-8e90-385847bfb165	\N	\N	\N
\N	\N	\N	\N	862	en	5b958b84-461d-4948-a432-cd6c6ec6b257	\N	\N	\N
\N	\N	\N	\N	863	en	45fe1b85-c286-470c-ab84-ebc20576ef3f	\N	\N	\N
\N	\N	\N	\N	864	en	b243bd60-fe01-4917-bbe2-1db02017b569	\N	\N	\N
\N	\N	\N	\N	865	en	b018717b-3210-4465-8ed9-239cfe5c4427	\N	\N	\N
\N	{"root": {"type": "root", "format": "", "indent": 0, "version": 1, "children": [{"tag": "h2", "type": "heading", "format": "", "indent": 0, "version": 1, "children": [{"mode": "normal", "text": "   ", "type": "text", "style": "", "detail": 0, "format": 0, "version": 1}], "direction": "rtl"}, {"type": "paragraph", "format": "", "indent": 0, "version": 1, "children": [{"mode": "normal", "text": "      ", "type": "text", "style": "", "detail": 0, "format": 0, "version": 1}], "direction": "rtl", "textStyle": "", "textFormat": 0}], "direction": "rtl"}}	\N	\N	665	ar	ac9b0188-e70a-4fab-b59c-fd5d9f8a1647	\N	\N	\N
\N	{"root": {"type": "root", "format": "", "indent": 0, "version": 1, "children": [{"tag": "h2", "type": "heading", "format": "", "indent": 0, "version": 1, "children": [{"mode": "normal", "text": "  ", "type": "text", "style": "", "detail": 0, "format": 0, "version": 1}], "direction": "rtl"}], "direction": "rtl"}}	\N	/	749	ar	43971856-bf24-40d9-b317-b1a4dd63c516	\N	\N	\N
	{"root": {"type": "root", "format": "", "indent": 0, "version": 1, "children": [{"tag": "h2", "type": "heading", "format": "", "indent": 0, "version": 1, "children": [{"mode": "normal", "text": "    ", "type": "text", "style": "", "detail": 0, "format": 0, "version": 1}], "direction": "rtl"}, {"type": "paragraph", "format": "", "indent": 0, "version": 1, "children": [{"mode": "normal", "text": "            .", "type": "text", "style": "", "detail": 0, "format": 0, "version": 1}], "direction": "rtl", "textStyle": "", "textFormat": 0}], "direction": "rtl"}}	\N	\N	750	ar	d53d45fc-d873-4a78-9d8e-22b9f8075c16	\N	\N	\N
  	{"root": {"type": "root", "format": "", "indent": 0, "version": 1, "children": [{"tag": "h3", "type": "heading", "format": "", "indent": 0, "version": 1, "children": [{"mode": "normal", "text": "   ", "type": "text", "style": "", "detail": 0, "format": 0, "version": 1}, {"type": "linebreak", "version": 1}, {"mode": "normal", "text": "  ", "type": "text", "style": "", "detail": 0, "format": 0, "version": 1}], "direction": "rtl"}, {"type": "paragraph", "format": "", "indent": 0, "version": 1, "children": [{"mode": "normal", "text": "               ", "type": "text", "style": "", "detail": 0, "format": 0, "version": 1}], "direction": "rtl", "textStyle": "", "textFormat": 0}], "direction": "rtl"}}	\N	\N	751	ar	d3b231af-dd13-4399-bfae-c84d7dac29c0	           	\N	\N
\N	{"root": {"type": "root", "format": "", "indent": 0, "version": 1, "children": [{"tag": "h2", "type": "heading", "format": "", "indent": 0, "version": 1, "children": [{"mode": "normal", "text": "  ", "type": "text", "style": "", "detail": 0, "format": 0, "version": 1}], "direction": "rtl"}], "direction": "rtl"}}	\N	/	752	ar	be8dca89-74f3-4f35-82ee-14afc620808b	\N	\N	\N
	{"root": {"type": "root", "format": "", "indent": 0, "version": 1, "children": [{"tag": "h2", "type": "heading", "format": "", "indent": 0, "version": 1, "children": [{"mode": "normal", "text": "           ", "type": "text", "style": "", "detail": 0, "format": 0, "version": 1}], "direction": "rtl"}], "direction": "rtl"}}	\N	\N	680	ar	32a0c746-2b42-4498-a1ee-9206a1978f95	\N	\N	\N
\N	{"root": {"type": "root", "format": "", "indent": 0, "version": 1, "children": [{"tag": "h2", "type": "heading", "format": "", "indent": 0, "version": 1, "children": [{"mode": "normal", "text": "   ", "type": "text", "style": "", "detail": 0, "format": 0, "version": 1}], "direction": "rtl"}, {"type": "paragraph", "format": "", "indent": 0, "version": 1, "children": [{"mode": "normal", "text": "     ", "type": "text", "style": "", "detail": 0, "format": 0, "version": 1}], "direction": "rtl", "textStyle": "", "textFormat": 0}], "direction": "rtl"}}	\N	\N	681	ar	3cfdc750-c852-48c6-b914-eaa383575303	\N	\N	\N
	{"root": {"type": "root", "format": "", "indent": 0, "version": 1, "children": [{"tag": "h2", "type": "heading", "format": "", "indent": 0, "version": 1, "children": [{"mode": "normal", "text": "    ", "type": "text", "style": "", "detail": 0, "format": 0, "version": 1}], "direction": "rtl"}, {"type": "paragraph", "format": "", "indent": 0, "version": 1, "children": [{"mode": "normal", "text": "            .", "type": "text", "style": "", "detail": 0, "format": 0, "version": 1}], "direction": "rtl", "textStyle": "", "textFormat": 0}], "direction": "rtl"}}	\N	\N	753	ar	764ed95d-be62-4a6a-be5d-de09f2ba4ed7	\N	\N	\N
\N	\N	\N	\N	866	en	1c78dcce-1bb9-492e-b0b2-e0de2a74c06c	\N	\N	\N
\N	\N	\N	\N	867	en	d2154ee5-ff37-4393-97c5-08cb2e6dcc92	\N	\N	\N
\N	\N	\N	\N	868	en	84cdbcd7-7602-42d3-b7eb-11092b2a2be9	\N	\N	\N
\N	\N	\N	\N	869	en	3912fe30-df53-4088-ba30-5514e2517e95	\N	\N	\N
\N	\N	\N	\N	870	en	b370a6c4-d10a-4704-87f8-9494fb2eaab3	\N	\N	\N
\N	\N	\N	\N	871	en	358dd4b3-112f-434b-b1e7-5739369efa96	\N	\N	\N
\N	\N	\N	\N	872	en	31100521-532e-449d-a1bd-8e3c9ceaa4ea	\N	\N	\N
\N	\N	\N	\N	873	en	e3df4ffe-da24-4a1e-9fa7-e640fc88624d	\N	\N	\N
\N	\N	\N	\N	874	en	03832c06-839b-4344-aa53-82caf6312357	\N	\N	\N
\N	\N	\N	\N	875	en	86aecbc5-4f72-4fb8-ba01-713efb5032ac	\N	\N	\N
\N	\N	\N	\N	876	en	8d26fe3b-ed76-4e17-8e63-8520e94dda1e	\N	\N	\N
\N	\N	\N	\N	877	en	66e2f915-91dc-40e6-82e6-25711d2f1d9e	\N	\N	\N
\N	\N	\N	\N	878	en	1d7f1371-babb-4760-ba9a-405cf0df7aeb	\N	\N	\N
\N	\N	\N	\N	879	en	4af3d7ce-b936-479f-906f-b712e2f92790	\N	\N	\N
\N	\N	\N	\N	880	en	ac9b0188-e70a-4fab-b59c-fd5d9f8a1647	\N	\N	\N
\N	\N	\N	\N	881	en	11cd5692-21e6-451c-b6f9-07ea009c35c7	\N	\N	\N
\N	\N	\N	\N	882	en	cfd99805-d172-47f9-aab2-17f55bdac45d	\N	\N	\N
\N	\N	\N	\N	883	en	290359b0-8fe6-4fef-9d52-20439e3fc3f8	\N	\N	\N
\N	\N	\N	\N	884	en	dbb8349c-085c-4246-bb88-b07f4ec0b429	\N	\N	\N
\N	\N	\N	\N	885	en	3ce2e760-c122-4c89-b924-e6390c841f13	\N	\N	\N
\N	\N	\N	\N	886	en	d2bd91c8-1618-4cbc-b41d-7078b373a172	\N	\N	\N
\N	\N	\N	\N	887	en	6c8fa350-2aa1-4b5e-a444-ab4dfdafed44	\N	\N	\N
  	{"root": {"type": "root", "format": "", "indent": 0, "version": 1, "children": [{"tag": "h3", "type": "heading", "format": "", "indent": 0, "version": 1, "children": [{"mode": "normal", "text": "   ", "type": "text", "style": "", "detail": 0, "format": 0, "version": 1}, {"type": "linebreak", "version": 1}, {"mode": "normal", "text": "  ", "type": "text", "style": "", "detail": 0, "format": 0, "version": 1}], "direction": "rtl"}, {"type": "paragraph", "format": "", "indent": 0, "version": 1, "children": [{"mode": "normal", "text": "               ", "type": "text", "style": "", "detail": 0, "format": 0, "version": 1}], "direction": "rtl", "textStyle": "", "textFormat": 0}], "direction": "rtl"}}	\N	\N	754	ar	fa8b9b8e-7cf2-4e8b-9ed1-2c48b13151cc	           	\N	\N
\N	\N	\N	\N	888	en	220634a4-4c37-4be1-936a-4eaa7b73a9e5	\N	\N	\N
\N	\N	\N	\N	889	en	6a8aaae4-38cc-4f12-a674-3586dab59a7e	\N	\N	\N
	{"root": {"type": "root", "format": "", "indent": 0, "version": 1, "children": [{"tag": "h2", "type": "heading", "format": "", "indent": 0, "version": 1, "children": [{"mode": "normal", "text": "           ", "type": "text", "style": "", "detail": 0, "format": 0, "version": 1}], "direction": "rtl"}], "direction": "rtl"}}	\N	\N	678	ar	5e56dd19-7338-4891-ba12-ec8c67024e25	\N	\N	\N
\N	{"root": {"type": "root", "format": "", "indent": 0, "version": 1, "children": [{"tag": "h2", "type": "heading", "format": "", "indent": 0, "version": 1, "children": [{"mode": "normal", "text": "   ", "type": "text", "style": "", "detail": 0, "format": 0, "version": 1}], "direction": "rtl"}, {"type": "paragraph", "format": "", "indent": 0, "version": 1, "children": [{"mode": "normal", "text": "     ", "type": "text", "style": "", "detail": 0, "format": 0, "version": 1}], "direction": "rtl", "textStyle": "", "textFormat": 0}], "direction": "rtl"}}	\N	\N	679	ar	59792665-8210-4a4a-a063-1bc89b7bd691	\N	\N	\N
\N	{"root": {"type": "root", "format": "", "indent": 0, "version": 1, "children": [{"tag": "h2", "type": "heading", "format": "", "indent": 0, "version": 1, "children": [{"mode": "normal", "text": "  ", "type": "text", "style": "", "detail": 0, "format": 0, "version": 1}], "direction": "rtl"}], "direction": "rtl"}}	\N	/	691	ar	83ae1d07-a3d0-484c-b834-e49b255fe2c0	\N	\N	\N
	{"root": {"type": "root", "format": "", "indent": 0, "version": 1, "children": [{"tag": "h2", "type": "heading", "format": "", "indent": 0, "version": 1, "children": [{"mode": "normal", "text": "    ", "type": "text", "style": "", "detail": 0, "format": 0, "version": 1}], "direction": "rtl"}, {"type": "paragraph", "format": "", "indent": 0, "version": 1, "children": [{"mode": "normal", "text": "            .", "type": "text", "style": "", "detail": 0, "format": 0, "version": 1}], "direction": "rtl", "textStyle": "", "textFormat": 0}], "direction": "rtl"}}	\N	\N	692	ar	969b59c0-559f-41e9-85c9-1a6652400c6f	\N	\N	\N
\N	\N	\N	\N	890	en	fc7ef4d6-3e67-4628-9232-13a63b624fd1	\N	\N	\N
\N	\N	\N	\N	891	en	07c0953b-24e3-4f2c-8031-1bca03785ef1	\N	\N	\N
\N	\N	\N	\N	892	en	89e22f08-46eb-4b06-b989-ea464615bee9	\N	\N	\N
\N	\N	\N	\N	893	en	0deb7cba-7f82-4415-8c79-2f48b9832c3f	\N	\N	\N
\N	\N	\N	\N	894	en	96784687-51f5-4ef8-a2f8-c9d1ee9c0759	\N	\N	\N
\N	\N	\N	\N	895	en	15ed21ae-53fe-4b28-8664-7972ce6cfab1	\N	\N	\N
\N	\N	\N	\N	896	en	3e4c6643-08f4-4782-b8c1-63df9d9c3151	\N	\N	\N
\N	\N	\N	\N	897	en	1f0fd594-72a6-4e13-850e-a99ad79d25d1	\N	\N	\N
\N	\N	\N	\N	898	en	2aa8c68c-59cd-457b-abcd-8993329f6a68	\N	\N	\N
\N	\N	\N	\N	899	en	59cfd84d-1e9e-4886-b828-418cf4f19508	\N	\N	\N
\N	\N	\N	\N	900	en	b2e49be2-dc78-4bae-b2e7-0fb855129ea3	\N	\N	\N
\N	\N	\N	\N	901	en	69987064-7412-47b8-95ac-c6e45a025076	\N	\N	\N
\N	{"root": {"type": "root", "format": "", "indent": 0, "version": 1, "children": [{"tag": "h2", "type": "heading", "format": "", "indent": 0, "version": 1, "children": [{"mode": "normal", "text": "  ", "type": "text", "style": "", "detail": 0, "format": 0, "version": 1}], "direction": "rtl"}], "direction": "rtl"}}	\N	/	688	ar	4db3b9eb-f20b-4928-9be2-dcff601a4f23	\N	\N	\N
	{"root": {"type": "root", "format": "", "indent": 0, "version": 1, "children": [{"tag": "h2", "type": "heading", "format": "", "indent": 0, "version": 1, "children": [{"mode": "normal", "text": "    ", "type": "text", "style": "", "detail": 0, "format": 0, "version": 1}], "direction": "rtl"}, {"type": "paragraph", "format": "", "indent": 0, "version": 1, "children": [{"mode": "normal", "text": "            .", "type": "text", "style": "", "detail": 0, "format": 0, "version": 1}], "direction": "rtl", "textStyle": "", "textFormat": 0}], "direction": "rtl"}}	\N	\N	689	ar	1ac4faaa-ff50-4577-8279-ff4a6c395bfd	\N	\N	\N
  	{"root": {"type": "root", "format": "", "indent": 0, "version": 1, "children": [{"tag": "h3", "type": "heading", "format": "", "indent": 0, "version": 1, "children": [{"mode": "normal", "text": "   ", "type": "text", "style": "", "detail": 0, "format": 0, "version": 1}, {"type": "linebreak", "version": 1}, {"mode": "normal", "text": "  ", "type": "text", "style": "", "detail": 0, "format": 0, "version": 1}], "direction": "rtl"}, {"type": "paragraph", "format": "", "indent": 0, "version": 1, "children": [{"mode": "normal", "text": "               ", "type": "text", "style": "", "detail": 0, "format": 0, "version": 1}], "direction": "rtl", "textStyle": "", "textFormat": 0}], "direction": "rtl"}}	\N	\N	690	ar	9b6aabe5-636a-4069-9bab-8d9e831a60ae	           	\N	\N
\N	\N	\N	\N	902	en	3978e94e-2841-4ec2-a4de-f8054f30effd	\N	\N	\N
\N	\N	\N	\N	903	en	8810360f-03e7-4be5-a019-9a6cce44e90b	\N	\N	\N
\N	\N	\N	\N	904	en	409db2c8-05c6-45ac-83a6-046102d21fdb	\N	\N	\N
\N	\N	\N	\N	905	en	dcad8632-0b2a-4a0e-9a8d-eafb913642ad	\N	\N	\N
\N	\N	\N	\N	906	en	dc2bc5ad-30e3-4a2f-ae56-ab29a28f9f74	\N	\N	\N
\N	\N	\N	\N	907	en	5e56dd19-7338-4891-ba12-ec8c67024e25	\N	\N	\N
\N	\N	\N	\N	908	en	59792665-8210-4a4a-a063-1bc89b7bd691	\N	\N	\N
\N	\N	\N	\N	909	en	969b59c0-559f-41e9-85c9-1a6652400c6f	\N	\N	\N
\N	\N	\N	\N	910	en	4c7fb42d-95a9-441e-b87b-10c3252719a2	\N	\N	\N
\N	\N	\N	\N	911	en	42492313-848a-456f-a8c5-5bf4492a8ec7	\N	\N	\N
\N	\N	\N	\N	912	en	30c0fb2c-73ad-461b-be52-9495d71c602d	\N	\N	\N
\N	\N	\N	\N	913	en	b8bd223e-0f75-418a-b4ac-e000d1eefa0f	\N	\N	\N
\N	\N	\N	\N	914	en	8d4ca5e2-759a-4777-96ea-883abadc904b	\N	\N	\N
\N	\N	\N	\N	915	en	32a0c746-2b42-4498-a1ee-9206a1978f95	\N	\N	\N
\N	\N	\N	\N	916	en	3cfdc750-c852-48c6-b914-eaa383575303	\N	\N	\N
\N	\N	\N	\N	917	en	1ac4faaa-ff50-4577-8279-ff4a6c395bfd	\N	\N	\N
\N	\N	\N	\N	918	en	9b6aabe5-636a-4069-9bab-8d9e831a60ae	\N	\N	\N
\N	\N	\N	\N	919	en	1d41680c-ee7f-4b86-af12-54582cc01082	\N	\N	\N
\N	\N	\N	\N	920	en	6a280100-add4-49ad-95ac-90597a7da682	\N	\N	\N
\N	\N	\N	\N	921	en	d752df66-861d-4f76-8c8c-565bc137ad88	\N	\N	\N
\N	\N	\N	\N	922	en	20df0ff6-08e0-4ff5-b29b-805c8b5ee4bd	\N	\N	\N
\N	\N	\N	\N	923	en	526608bc-69f2-4991-ae13-9fe3da69a4d0	\N	\N	\N
\N	\N	\N	\N	924	en	1c4ada83-01b2-496f-b392-084372233e9e	\N	\N	\N
\N	\N	\N	\N	925	en	f5ed2bfe-69fe-4506-80df-8eab89a8e555	\N	\N	\N
\N	\N	\N	\N	926	en	91e9ca25-4e18-482d-8c79-b73c503e9e03	\N	\N	\N
\N	\N	\N	\N	927	en	8d8efaad-b13e-42f1-bb9a-c61f6e6e8b09	\N	\N	\N
\N	\N	\N	\N	928	en	879d1fec-d0f6-47db-8115-ec4fa2a2c95a	\N	\N	\N
\N	\N	\N	\N	929	en	96263471-3bed-4d5c-bccb-4f1c437c2a4c	\N	\N	\N
\N	\N	\N	\N	930	en	df8306e3-8bac-437b-ac4b-60df2bbd890f	\N	\N	\N
\N	\N	\N	\N	931	en	ffa0f63d-e94d-4b43-b00f-6d4e232caf6e	\N	\N	\N
\N	\N	\N	\N	932	en	d50db694-9a90-4718-bb97-5a602a9c7a23	\N	\N	\N
\N	\N	\N	\N	933	en	8ea6b236-0a64-4f65-917d-6e91a8c37880	\N	\N	\N
\N	\N	\N	\N	934	en	94948777-fa2e-4b9f-8fe1-f2f5406fcfd5	\N	\N	\N
\N	\N	\N	\N	935	en	abedb9ed-e2be-429e-b8dd-d06af3a48325	\N	\N	\N
\N	\N	\N	\N	936	en	3150dff4-3156-4f22-9828-4e701e627978	\N	\N	\N
\N	\N	\N	\N	937	en	83e89ed3-1fef-4a8d-9d37-d4daac4ab2a4	\N	\N	\N
\N	\N	\N	\N	938	en	b960e3b9-f9f6-4be8-97bb-21d5402c1284	\N	\N	\N
\N	\N	\N	\N	939	en	274752fe-78e5-4bcb-b2d4-d64b5686cb60	\N	\N	\N
\N	\N	\N	\N	940	en	d53d45fc-d873-4a78-9d8e-22b9f8075c16	\N	\N	\N
\N	\N	\N	\N	941	en	d3b231af-dd13-4399-bfae-c84d7dac29c0	\N	\N	\N
\N	\N	\N	\N	942	en	767b7c00-1897-42d3-be2e-6682bf11c6cc	\N	\N	\N
\N	\N	\N	\N	943	en	764ed95d-be62-4a6a-be5d-de09f2ba4ed7	\N	\N	\N
\N	\N	\N	\N	944	en	fa8b9b8e-7cf2-4e8b-9ed1-2c48b13151cc	\N	\N	\N
\N	\N	\N	\N	945	en	090df94b-27fd-4e5f-baf8-9a1d5d5da341	\N	\N	\N
\N	\N	\N	\N	946	en	3fa30a41-58b5-40cc-9ce2-791c0c965a7a	\N	\N	\N
\N	\N	\N	\N	947	en	44281774-c31a-4e3d-b3de-5b674d2cad28	\N	\N	\N
\N	\N	\N	\N	948	en	502e24a6-4e0f-4013-814a-b50d6023250b	\N	\N	\N
\N	\N	\N	\N	949	en	5e5c4807-e6fa-40d9-81eb-8202511d34aa	\N	\N	\N
\N	\N	\N	\N	950	en	1317352d-e72b-4aaf-8a5d-0c9befc616d2	\N	\N	\N
\N	\N	\N	\N	951	en	bac3fb68-74ef-420e-93e6-1eff7e95d3ce	\N	\N	\N
\N	\N	\N	\N	952	en	15b388bd-e3fd-41ed-9fc1-822af5211713	\N	\N	\N
\N	\N	\N	\N	953	en	46454ef3-65c7-4632-8f01-215ed82a427f	\N	\N	\N
\N	\N	\N	\N	954	en	b31806a0-8f44-4a3f-ab52-13e2f4a99762	\N	\N	\N
\N	\N	\N	\N	955	en	cc7f4992-b52f-4ad7-9760-34416a6fd830	\N	\N	\N
\N	\N	\N	\N	956	en	5280275d-4d50-47c7-b03d-1aeaac5ca4ff	\N	\N	\N
\N	\N	\N	\N	957	en	b5e7e13a-a98b-414b-a7f2-268e3874576d	\N	\N	\N
\N	\N	\N	\N	958	en	e5353952-1c2d-433f-8bad-e68df70414c5	\N	\N	\N
\N	\N	\N	\N	959	en	4db3b9eb-f20b-4928-9be2-dcff601a4f23	\N	\N	\N
\N	\N	\N	\N	960	en	d8e64d62-86b1-4ac3-9451-c38dd5fb4859	\N	\N	\N
\N	\N	\N	\N	961	en	0d95d0e4-8eed-4815-a99c-4132ea293947	\N	\N	\N
\N	\N	\N	\N	962	en	42543955-c53d-4844-bab9-0eff2f462022	\N	\N	\N
\N	\N	\N	\N	963	en	36f410c0-5ec3-423d-87ca-147158eb1591	\N	\N	\N
\N	\N	\N	\N	964	en	ae49845c-06aa-4775-ae77-72978daea63b	\N	\N	\N
\N	\N	\N	\N	965	en	3e5d3e77-f3ae-480b-a93f-8b516bc36f93	\N	\N	\N
\N	\N	\N	\N	966	en	83ae1d07-a3d0-484c-b834-e49b255fe2c0	\N	\N	\N
\N	\N	\N	\N	967	en	6ae60f62-e703-47c7-b69b-ba766c4818ef	\N	\N	\N
\N	\N	\N	\N	968	en	706db240-1d25-4ffb-870b-2f04e3f2add0	\N	\N	\N
\N	\N	\N	\N	969	en	43971856-bf24-40d9-b317-b1a4dd63c516	\N	\N	\N
\N	\N	\N	\N	970	en	be8dca89-74f3-4f35-82ee-14afc620808b	\N	\N	\N
\N	\N	\N	\N	971	en	8a89b85e-edb1-4c7d-af78-613fb249750b	\N	\N	\N
\N	\N	\N	\N	972	en	abeddfc5-570e-40f0-ac73-391235569c45	\N	\N	\N
\N	\N	\N	\N	973	en	c17b1e3b-3808-4e7d-90f9-498bee1058bd	\N	\N	\N
\N	\N	\N	\N	974	ar	8b134f9f-34b0-45c7-8d7b-976bfb31d015	\N	\N	\N
\N	\N	\N	\N	975	ar	fed991c5-d671-4e5a-af30-8459b82fcee9	\N	\N	\N
\N	\N	\N	\N	976	ar	a173d6f1-ba4a-49e9-bd25-47ebab316458	\N	\N	\N
\N	\N	\N	\N	977	ar	7fae5c52-ffa9-4dac-b947-eec589801593	\N	\N	\N
\N	\N	\N	\N	978	ar	d4057bb9-1cee-4823-b698-6740fa409c1c	\N	\N	\N
\N	\N	\N	\N	979	ar	64188f3d-548b-4db0-9d0e-97524b3519bf	\N	\N	\N
\N	\N	\N	\N	980	ar	1c78dcce-1bb9-492e-b0b2-e0de2a74c06c	\N	\N	\N
\N	\N	\N	\N	981	ar	3912fe30-df53-4088-ba30-5514e2517e95	\N	\N	\N
\N	\N	\N	\N	982	ar	31100521-532e-449d-a1bd-8e3c9ceaa4ea	\N	\N	\N
\N	\N	\N	\N	983	ar	03832c06-839b-4344-aa53-82caf6312357	\N	\N	\N
\N	\N	\N	\N	984	ar	8d26fe3b-ed76-4e17-8e63-8520e94dda1e	\N	\N	\N
\N	\N	\N	\N	985	ar	42492313-848a-456f-a8c5-5bf4492a8ec7	\N	\N	\N
\N	\N	\N	\N	986	ar	8d4ca5e2-759a-4777-96ea-883abadc904b	\N	\N	\N
\N	\N	\N	\N	987	ar	1d41680c-ee7f-4b86-af12-54582cc01082	\N	\N	\N
\N	\N	\N	\N	988	ar	20df0ff6-08e0-4ff5-b29b-805c8b5ee4bd	\N	\N	\N
  	{"root": {"type": "root", "format": "", "indent": 0, "version": 1, "children": [{"tag": "h3", "type": "heading", "format": "", "indent": 0, "version": 1, "children": [{"mode": "normal", "text": "   ", "type": "text", "style": "", "detail": 0, "format": 0, "version": 1}, {"type": "linebreak", "version": 1}, {"mode": "normal", "text": "  ", "type": "text", "style": "", "detail": 0, "format": 0, "version": 1}], "direction": "rtl"}, {"type": "paragraph", "format": "", "indent": 0, "version": 1, "children": [{"mode": "normal", "text": "               ", "type": "text", "style": "", "detail": 0, "format": 0, "version": 1}], "direction": "rtl", "textStyle": "", "textFormat": 0}], "direction": "rtl"}}	\N	\N	693	ar	4c7fb42d-95a9-441e-b87b-10c3252719a2	           	\N	\N
\N	{"root": {"type": "root", "format": "", "indent": 0, "version": 1, "children": [{"tag": "h2", "type": "heading", "format": "", "indent": 0, "version": 1, "children": [{"mode": "normal", "text": "  ", "type": "text", "style": "", "detail": 0, "format": 0, "version": 1}], "direction": "rtl"}], "direction": "rtl"}}	\N	/	694	ar	8a89b85e-edb1-4c7d-af78-613fb249750b	\N	\N	\N
	{"root": {"type": "root", "format": "", "indent": 0, "version": 1, "children": [{"tag": "h2", "type": "heading", "format": "", "indent": 0, "version": 1, "children": [{"mode": "normal", "text": "    ", "type": "text", "style": "", "detail": 0, "format": 0, "version": 1}], "direction": "rtl"}, {"type": "paragraph", "format": "", "indent": 0, "version": 1, "children": [{"mode": "normal", "text": "            .", "type": "text", "style": "", "detail": 0, "format": 0, "version": 1}], "direction": "rtl", "textStyle": "", "textFormat": 0}], "direction": "rtl"}}	\N	\N	695	ar	6a280100-add4-49ad-95ac-90597a7da682	\N	\N	\N
  	{"root": {"type": "root", "format": "", "indent": 0, "version": 1, "children": [{"tag": "h3", "type": "heading", "format": "", "indent": 0, "version": 1, "children": [{"mode": "normal", "text": "   ", "type": "text", "style": "", "detail": 0, "format": 0, "version": 1}, {"type": "linebreak", "version": 1}, {"mode": "normal", "text": "  ", "type": "text", "style": "", "detail": 0, "format": 0, "version": 1}], "direction": "rtl"}, {"type": "paragraph", "format": "", "indent": 0, "version": 1, "children": [{"mode": "normal", "text": "               ", "type": "text", "style": "", "detail": 0, "format": 0, "version": 1}], "direction": "rtl", "textStyle": "", "textFormat": 0}], "direction": "rtl"}}	\N	\N	696	ar	d752df66-861d-4f76-8c8c-565bc137ad88	           	\N	\N
\N	\N	\N	\N	989	ar	f5ed2bfe-69fe-4506-80df-8eab89a8e555	\N	\N	\N
\N	\N	\N	\N	990	ar	879d1fec-d0f6-47db-8115-ec4fa2a2c95a	\N	\N	\N
\N	\N	\N	\N	991	ar	ffa0f63d-e94d-4b43-b00f-6d4e232caf6e	\N	\N	\N
\N	\N	\N	\N	992	ar	767b7c00-1897-42d3-be2e-6682bf11c6cc	\N	\N	\N
\N	\N	\N	\N	993	ar	090df94b-27fd-4e5f-baf8-9a1d5d5da341	\N	\N	\N
\N	\N	\N	\N	1002	en	0dc27697-31c7-4804-b2b5-e82a4c03dacb	\N	\N	\N
\N	{"root": {"type": "root", "format": "", "indent": 0, "version": 1, "children": [{"tag": "h2", "type": "heading", "format": "", "indent": 0, "version": 1, "children": [{"mode": "normal", "text": "  ", "type": "text", "style": "", "detail": 0, "format": 0, "version": 1}], "direction": "rtl"}], "direction": "rtl"}}	\N	/	1003	ar	0dc27697-31c7-4804-b2b5-e82a4c03dacb	\N	\N	\N
\N	\N	\N	\N	1004	en	2b8b61f5-e215-44ec-b4d4-32d0bf8b2444	\N	\N	\N
	{"root": {"type": "root", "format": "", "indent": 0, "version": 1, "children": [{"tag": "h2", "type": "heading", "format": "", "indent": 0, "version": 1, "children": [{"mode": "normal", "text": "    ", "type": "text", "style": "", "detail": 0, "format": 0, "version": 1}], "direction": "rtl"}, {"type": "paragraph", "format": "", "indent": 0, "version": 1, "children": [{"mode": "normal", "text": "            .", "type": "text", "style": "", "detail": 0, "format": 0, "version": 1}], "direction": "rtl", "textStyle": "", "textFormat": 0}], "direction": "rtl"}}	\N	\N	1005	ar	2b8b61f5-e215-44ec-b4d4-32d0bf8b2444	\N	\N	\N
\N	\N	\N	\N	1006	en	77fbec19-1369-44ed-8906-eaf8583edc83	\N	\N	\N
  	{"root": {"type": "root", "format": "", "indent": 0, "version": 1, "children": [{"tag": "h3", "type": "heading", "format": "", "indent": 0, "version": 1, "children": [{"mode": "normal", "text": "   ", "type": "text", "style": "", "detail": 0, "format": 0, "version": 1}, {"type": "linebreak", "version": 1}, {"mode": "normal", "text": "  ", "type": "text", "style": "", "detail": 0, "format": 0, "version": 1}], "direction": "rtl"}, {"type": "paragraph", "format": "", "indent": 0, "version": 1, "children": [{"mode": "normal", "text": "               ", "type": "text", "style": "", "detail": 0, "format": 0, "version": 1}], "direction": "rtl", "textStyle": "", "textFormat": 0}], "direction": "rtl"}}	\N	\N	1007	ar	77fbec19-1369-44ed-8906-eaf8583edc83	           	\N	fe54a595-3fe0-406c-8274-f5ed27ea3ec5
\N	\N	\N	\N	1008	en	0168648d-8afa-4580-acbb-f35751973db4	\N	\N	\N
\N	\N	\N	\N	1009	ar	0168648d-8afa-4580-acbb-f35751973db4	\N	\N	c2d2f059-e34e-42b0-bdb5-758d52f52e77
\N	{"root": {"type": "root", "format": "", "indent": 0, "version": 1, "children": [{"tag": "h2", "type": "heading", "format": "", "indent": 0, "version": 1, "children": [{"mode": "normal", "text": "  ", "type": "text", "style": "", "detail": 0, "format": 0, "version": 1}], "direction": "rtl"}], "direction": "rtl"}}	\N	/	800	ar	abeddfc5-570e-40f0-ac73-391235569c45	\N	\N	\N
	{"root": {"type": "root", "format": "", "indent": 0, "version": 1, "children": [{"tag": "h2", "type": "heading", "format": "", "indent": 0, "version": 1, "children": [{"mode": "normal", "text": "    ", "type": "text", "style": "", "detail": 0, "format": 0, "version": 1}], "direction": "rtl"}, {"type": "paragraph", "format": "", "indent": 0, "version": 1, "children": [{"mode": "normal", "text": "            .", "type": "text", "style": "", "detail": 0, "format": 0, "version": 1}], "direction": "rtl", "textStyle": "", "textFormat": 0}], "direction": "rtl"}}	\N	\N	801	ar	526608bc-69f2-4991-ae13-9fe3da69a4d0	\N	\N	\N
  	{"root": {"type": "root", "format": "", "indent": 0, "version": 1, "children": [{"tag": "h3", "type": "heading", "format": "", "indent": 0, "version": 1, "children": [{"mode": "normal", "text": "   ", "type": "text", "style": "", "detail": 0, "format": 0, "version": 1}, {"type": "linebreak", "version": 1}, {"mode": "normal", "text": "  ", "type": "text", "style": "", "detail": 0, "format": 0, "version": 1}], "direction": "rtl"}, {"type": "paragraph", "format": "", "indent": 0, "version": 1, "children": [{"mode": "normal", "text": "               ", "type": "text", "style": "", "detail": 0, "format": 0, "version": 1}], "direction": "rtl", "textStyle": "", "textFormat": 0}], "direction": "rtl"}}	\N	\N	802	ar	1c4ada83-01b2-496f-b392-084372233e9e	           	\N	\N
  	{"root": {"type": "root", "format": "", "indent": 0, "version": 1, "children": [{"tag": "h3", "type": "heading", "format": "", "indent": 0, "version": 1, "children": [{"mode": "normal", "text": "   ", "type": "text", "style": "", "detail": 0, "format": 0, "version": 1}, {"type": "linebreak", "version": 1}, {"mode": "normal", "text": "  ", "type": "text", "style": "", "detail": 0, "format": 0, "version": 1}], "direction": "rtl"}, {"type": "paragraph", "format": "", "indent": 0, "version": 1, "children": [{"mode": "normal", "text": "               ", "type": "text", "style": "", "detail": 0, "format": 0, "version": 1}], "direction": "rtl", "textStyle": "", "textFormat": 0}], "direction": "rtl"}}	\N	\N	805	ar	b8bd223e-0f75-418a-b4ac-e000d1eefa0f	           	\N	\N
\N	{"root": {"type": "root", "format": "", "indent": 0, "version": 1, "children": [{"tag": "h2", "type": "heading", "format": "", "indent": 0, "version": 1, "children": [{"mode": "normal", "text": "  ", "type": "text", "style": "", "detail": 0, "format": 0, "version": 1}], "direction": "rtl"}], "direction": "rtl"}}	\N	/	806	ar	c17b1e3b-3808-4e7d-90f9-498bee1058bd	\N	\N	\N
	{"root": {"type": "root", "format": "", "indent": 0, "version": 1, "children": [{"tag": "h2", "type": "heading", "format": "", "indent": 0, "version": 1, "children": [{"mode": "normal", "text": "    ", "type": "text", "style": "", "detail": 0, "format": 0, "version": 1}], "direction": "rtl"}, {"type": "paragraph", "format": "", "indent": 0, "version": 1, "children": [{"mode": "normal", "text": "            .", "type": "text", "style": "", "detail": 0, "format": 0, "version": 1}], "direction": "rtl", "textStyle": "", "textFormat": 0}], "direction": "rtl"}}	\N	\N	807	ar	91e9ca25-4e18-482d-8c79-b73c503e9e03	\N	\N	\N
  	{"root": {"type": "root", "format": "", "indent": 0, "version": 1, "children": [{"tag": "h3", "type": "heading", "format": "", "indent": 0, "version": 1, "children": [{"mode": "normal", "text": "   ", "type": "text", "style": "", "detail": 0, "format": 0, "version": 1}, {"type": "linebreak", "version": 1}, {"mode": "normal", "text": "  ", "type": "text", "style": "", "detail": 0, "format": 0, "version": 1}], "direction": "rtl"}, {"type": "paragraph", "format": "", "indent": 0, "version": 1, "children": [{"mode": "normal", "text": "               ", "type": "text", "style": "", "detail": 0, "format": 0, "version": 1}], "direction": "rtl", "textStyle": "", "textFormat": 0}], "direction": "rtl"}}	\N	\N	808	ar	8d8efaad-b13e-42f1-bb9a-c61f6e6e8b09	           	\N	\N
\N	{"root": {"type": "root", "format": "", "indent": 0, "version": 1, "children": [{"tag": "h2", "type": "heading", "format": "", "indent": 0, "version": 1, "children": [{"mode": "normal", "text": "  ", "type": "text", "style": "", "detail": 0, "format": 0, "version": 1}], "direction": "rtl"}], "direction": "rtl"}}	\N	/	809	ar	706db240-1d25-4ffb-870b-2f04e3f2add0	\N	\N	\N
	{"root": {"type": "root", "format": "", "indent": 0, "version": 1, "children": [{"tag": "h2", "type": "heading", "format": "", "indent": 0, "version": 1, "children": [{"mode": "normal", "text": "    ", "type": "text", "style": "", "detail": 0, "format": 0, "version": 1}], "direction": "rtl"}, {"type": "paragraph", "format": "", "indent": 0, "version": 1, "children": [{"mode": "normal", "text": "            .", "type": "text", "style": "", "detail": 0, "format": 0, "version": 1}], "direction": "rtl", "textStyle": "", "textFormat": 0}], "direction": "rtl"}}	\N	\N	810	ar	96263471-3bed-4d5c-bccb-4f1c437c2a4c	\N	\N	\N
  	{"root": {"type": "root", "format": "", "indent": 0, "version": 1, "children": [{"tag": "h3", "type": "heading", "format": "", "indent": 0, "version": 1, "children": [{"mode": "normal", "text": "   ", "type": "text", "style": "", "detail": 0, "format": 0, "version": 1}, {"type": "linebreak", "version": 1}, {"mode": "normal", "text": "  ", "type": "text", "style": "", "detail": 0, "format": 0, "version": 1}], "direction": "rtl"}, {"type": "paragraph", "format": "", "indent": 0, "version": 1, "children": [{"mode": "normal", "text": "               ", "type": "text", "style": "", "detail": 0, "format": 0, "version": 1}], "direction": "rtl", "textStyle": "", "textFormat": 0}], "direction": "rtl"}}	\N	\N	811	ar	df8306e3-8bac-437b-ac4b-60df2bbd890f	           	\N	\N
	{"root": {"type": "root", "format": "", "indent": 0, "version": 1, "children": [{"tag": "h2", "type": "heading", "format": "", "indent": 0, "version": 1, "children": [{"mode": "normal", "text": "           ", "type": "text", "style": "", "detail": 0, "format": 0, "version": 1}], "direction": "rtl"}], "direction": "rtl"}}	\N	\N	816	ar	d50db694-9a90-4718-bb97-5a602a9c7a23	\N	\N	\N
\N	{"root": {"type": "root", "format": "", "indent": 0, "version": 1, "children": [{"tag": "h2", "type": "heading", "format": "", "indent": 0, "version": 1, "children": [{"mode": "normal", "text": "   ", "type": "text", "style": "", "detail": 0, "format": 0, "version": 1}], "direction": "rtl"}, {"type": "paragraph", "format": "", "indent": 0, "version": 1, "children": [{"mode": "normal", "text": "     ", "type": "text", "style": "", "detail": 0, "format": 0, "version": 1}], "direction": "rtl", "textStyle": "", "textFormat": 0}], "direction": "rtl"}}	\N	\N	817	ar	8ea6b236-0a64-4f65-917d-6e91a8c37880	\N	\N	\N
	{"root": {"type": "root", "format": "", "indent": 0, "version": 1, "children": [{"tag": "h2", "type": "heading", "format": "", "indent": 0, "version": 1, "children": [{"mode": "normal", "text": "           ", "type": "text", "style": "", "detail": 0, "format": 0, "version": 1}], "direction": "rtl"}], "direction": "rtl"}}	\N	\N	818	ar	94948777-fa2e-4b9f-8fe1-f2f5406fcfd5	\N	\N	\N
\N	{"root": {"type": "root", "format": "", "indent": 0, "version": 1, "children": [{"tag": "h2", "type": "heading", "format": "", "indent": 0, "version": 1, "children": [{"mode": "normal", "text": "   ", "type": "text", "style": "", "detail": 0, "format": 0, "version": 1}], "direction": "rtl"}, {"type": "paragraph", "format": "", "indent": 0, "version": 1, "children": [{"mode": "normal", "text": "     ", "type": "text", "style": "", "detail": 0, "format": 0, "version": 1}], "direction": "rtl", "textStyle": "", "textFormat": 0}], "direction": "rtl"}}	\N	\N	819	ar	abedb9ed-e2be-429e-b8dd-d06af3a48325	\N	\N	\N
  	{"root": {"type": "root", "format": "", "indent": 0, "version": 1, "children": [{"tag": "h3", "type": "heading", "format": "", "indent": 0, "version": 1, "children": [{"mode": "normal", "text": "   ", "type": "text", "style": "", "detail": 0, "format": 0, "version": 1}, {"type": "linebreak", "version": 1}, {"mode": "normal", "text": "  ", "type": "text", "style": "", "detail": 0, "format": 0, "version": 1}], "direction": "rtl"}, {"type": "paragraph", "format": "", "indent": 0, "version": 1, "children": [{"mode": "normal", "text": "               ", "type": "text", "style": "", "detail": 0, "format": 0, "version": 1}], "direction": "rtl", "textStyle": "", "textFormat": 0}], "direction": "rtl"}}	\N	\N	1015	ar	38c1204e-5925-44aa-aee8-55d728a435b7	           	\N	fe54a595-3fe0-406c-8274-f5ed27ea3ec5
\N	\N	\N	\N	1016	en	483fd136-9925-4729-a482-b191cc2619fd	\N	\N	\N
\N	\N	\N	\N	1017	ar	483fd136-9925-4729-a482-b191cc2619fd	\N	\N	c2d2f059-e34e-42b0-bdb5-758d52f52e77
\.


--
-- Data for Name: _formBlock_v; Type: TABLE DATA; Schema: public; Owner: -
--

COPY "public"."_formBlock_v" ("_order", "_parent_id", "_path", "id", "form_id", "enable_intro", "intro_content", "_uuid", "block_name") FROM stdin;
\.


--
-- Data for Name: _galleryBlock_v; Type: TABLE DATA; Schema: public; Owner: -
--

COPY "public"."_galleryBlock_v" ("_order", "_parent_id", "_path", "id", "block_header_type", "block_header_badge_type", "block_header_badge_color", "block_header_badge_icon", "block_header_badge_icon_position", "type", "_uuid", "block_name") FROM stdin;
\.


--
-- Data for Name: _galleryBlock_v_block_header_links; Type: TABLE DATA; Schema: public; Owner: -
--

COPY "public"."_galleryBlock_v_block_header_links" ("_order", "_parent_id", "id", "link_type", "link_new_tab", "link_url", "link_color", "link_variant", "_uuid") FROM stdin;
\.


--
-- Data for Name: _galleryBlock_v_block_header_links_locales; Type: TABLE DATA; Schema: public; Owner: -
--

COPY "public"."_galleryBlock_v_block_header_links_locales" ("link_label", "id", "_locale", "_parent_id") FROM stdin;
\.


--
-- Data for Name: _galleryBlock_v_interactive_gallery; Type: TABLE DATA; Schema: public; Owner: -
--

COPY "public"."_galleryBlock_v_interactive_gallery" ("_order", "_parent_id", "id", "_uuid") FROM stdin;
\.


--
-- Data for Name: _galleryBlock_v_interactive_gallery_locales; Type: TABLE DATA; Schema: public; Owner: -
--

COPY "public"."_galleryBlock_v_interactive_gallery_locales" ("image_id", "panel_title", "panel_description", "id", "_locale", "_parent_id") FROM stdin;
\.


--
-- Data for Name: _galleryBlock_v_locales; Type: TABLE DATA; Schema: public; Owner: -
--

COPY "public"."_galleryBlock_v_locales" ("block_header_badge_label", "block_header_header_text", "id", "_locale", "_parent_id") FROM stdin;
\.


--
-- Data for Name: _logosBlock_v; Type: TABLE DATA; Schema: public; Owner: -
--

COPY "public"."_logosBlock_v" ("_order", "_parent_id", "_path", "id", "block_header_type", "block_header_badge_type", "block_header_badge_color", "block_header_badge_icon", "block_header_badge_icon_position", "type", "_uuid", "block_name") FROM stdin;
2	3b7333a2-daa5-498c-88e2-379fe5c31d7b	version.layout	481cb764-fbcc-4dc2-8ef3-864397ab4f82	center	\N	blue	\N	flex-row	03	6886953573e9e43a4a6e3c09	\N
2	67aa8e57-e509-4c57-b165-2c5bfd47d94f	version.layout	11b1b370-0fd5-4274-a81d-7a064b23944b	center	\N	blue	\N	flex-row	03	6886953573e9e43a4a6e3c09	\N
6	5daad5c5-875d-4b1a-a149-104e6386d7e1	version.layout	cbc7b640-bf8b-4d38-8ad0-dde9cfc11284	center	\N	blue	\N	flex-row	03	6886ad3cdf64ca6dd9ecfe74	\N
6	c21624fa-2468-4a75-81c3-2e915c43ea04	version.layout	9daa3ce3-9135-4b61-8df4-04ffe9edaf51	center	\N	blue	\N	flex-row	03	6886ad3cdf64ca6dd9ecfe74	\N
6	66191476-6739-46e9-832b-99f58a05dcee	version.layout	c5918c40-86c6-465a-a628-479b6d8447ca	center	\N	blue	\N	flex-row	03	6886ad3cdf64ca6dd9ecfe74	\N
6	a97e39c7-1ff9-4ab6-8ff7-a5a7fe85b1ca	version.layout	b181e8bd-5822-4738-aafb-a85c6319d547	center	\N	blue	\N	flex-row	03	6886ad3cdf64ca6dd9ecfe74	\N
2	1f91be73-fce5-4495-9619-5b10ba8b92c9	version.layout	54938e61-3afb-495e-ba02-dc17c4206cc1	center	\N	blue	\N	flex-row	03	6886953573e9e43a4a6e3c09	\N
2	e534ac8f-d8b4-4fc4-b77d-febb04366632	version.layout	9c03c048-ff11-4ddb-8bd3-f379def500be	center	\N	blue	\N	flex-row	03	6886953573e9e43a4a6e3c09	\N
2	4389a3c7-2b44-4dda-b26c-b3db9aa06ea8	version.layout	68bc98bd-04ac-4331-84b8-4c835b93bba1	center	\N	blue	\N	flex-row	03	6886953573e9e43a4a6e3c09	\N
2	ec2f0054-a44a-4dfe-b38c-2280a621a0df	version.layout	59505c97-d4c4-472c-912c-cd2463535739	center	\N	blue	\N	flex-row	03	6886953573e9e43a4a6e3c09	\N
2	96a690f0-6b75-40a2-bc6b-94e17419a077	version.layout	4d9f872f-cd0d-4fde-876e-0096e7e22903	center	\N	blue	\N	flex-row	03	6886953573e9e43a4a6e3c09	\N
2	be9c7e75-dc9a-4619-8a8e-5ef58c098864	version.layout	cbddacc6-4a04-41b5-86ad-f2b9dbdbbcfb	center	\N	blue	\N	flex-row	03	6886953573e9e43a4a6e3c09	\N
6	c20c2c0b-4fa6-45f3-acb3-34e06f115342	version.layout	fb368842-77c7-477c-a986-f6eb1f923739	center	\N	blue	\N	flex-row	03	6886ad3cdf64ca6dd9ecfe74	\N
6	90cf9707-369c-4799-8aa5-8c6eeab55ba2	version.layout	bca5cef7-f4b4-4445-84dd-a08d346300ea	center	\N	blue	\N	flex-row	03	6886ad3cdf64ca6dd9ecfe74	\N
6	57ff426a-9250-4471-94f7-2ce9173606fa	version.layout	ffb62cbe-4816-4d86-b939-b8d2b9e04afb	center	\N	blue	\N	flex-row	03	6886ad3cdf64ca6dd9ecfe74	\N
6	8a100411-d7e9-4035-bcda-bb9916e0c4ff	version.layout	b9f2c45b-f281-4019-a5a7-b12ebc04b999	center	\N	blue	\N	flex-row	03	6886ad3cdf64ca6dd9ecfe74	\N
2	475931ac-474c-47ac-a1ba-e14920a6ebb8	version.layout	df9aae20-52f8-41e6-afc4-ae6ff9379b7d	center	\N	blue	\N	flex-row	03	6886953573e9e43a4a6e3c09	\N
6	42c8f4e2-6b54-4c96-9da9-672741e82033	version.layout	20bdcb2e-81ff-4b93-a15d-b176a8848818	center	\N	blue	\N	flex-row	03	6886ad3cdf64ca6dd9ecfe74	\N
6	0f74cab3-d27d-472e-b2eb-35ab19e69c72	version.layout	544390b1-e76f-4916-b385-f1cff380aeb9	center	\N	blue	\N	flex-row	03	6886ad3cdf64ca6dd9ecfe74	\N
2	df9022a7-63b1-4017-b716-518f2d69d9c2	version.layout	0c8a9aa8-03bb-428f-abc6-6752bdbb357f	center	\N	blue	\N	flex-row	03	6886953573e9e43a4a6e3c09	\N
2	57af9290-93a8-46d6-8475-65260fba9301	version.layout	0dfde786-b5e8-47ce-a207-67760f8151d4	center	\N	blue	\N	flex-row	03	6886953573e9e43a4a6e3c09	\N
2	b8643aac-9e6d-40cb-960a-50219579096e	version.layout	f2635032-5446-4c14-a6b9-a2f364ea87b3	center	\N	blue	\N	flex-row	03	6886953573e9e43a4a6e3c09	\N
2	bf780b52-7054-4988-a733-0d397f0f0b3a	version.layout	98759db0-165d-4694-af1e-00c13d498437	center	\N	blue	\N	flex-row	03	6886953573e9e43a4a6e3c09	\N
6	c3e0ac67-68ff-45a0-a95f-0bae5b004b85	version.layout	181bf466-9fc3-4f08-9219-d1b49cbd5fad	center	\N	blue	\N	flex-row	03	6886ad3cdf64ca6dd9ecfe74	\N
6	2522dd02-3c88-4d0f-8f54-000c6331c042	version.layout	8251f39b-c272-4919-a0d2-c610ae3efc83	center	\N	blue	\N	flex-row	03	6886ad3cdf64ca6dd9ecfe74	\N
6	50ab6bc6-7eb9-4e97-98f4-4e27d6d699ef	version.layout	d9767d8f-5819-4f47-ba97-6f00c4565d45	center	\N	blue	\N	flex-row	03	6886ad3cdf64ca6dd9ecfe74	\N
6	9faf6e5f-3f02-41dc-90ca-2facbefcb29b	version.layout	5cb384d2-a568-4d94-9c53-9c05128fe7e1	center	\N	blue	\N	flex-row	03	6886ad3cdf64ca6dd9ecfe74	\N
2	99bd2e73-564f-485c-9ff6-4421e9090e2a	version.layout	86c33982-9aeb-4ab7-b6eb-cbc1b8bddf94	center	\N	blue	\N	flex-row	03	6886953573e9e43a4a6e3c09	\N
2	5d7acef8-c5c7-41df-b43a-b0a7019f4c57	version.layout	f00ee3e7-14b8-4640-bf07-e981a07a40d6	center	\N	blue	\N	flex-row	03	6886953573e9e43a4a6e3c09	\N
2	063f8a38-1c45-4ae7-acd1-5a2a877fff5f	version.layout	0be24248-df90-4d9e-9828-f4e74e4e2e62	center	\N	blue	\N	flex-row	03	6886953573e9e43a4a6e3c09	\N
2	df25eab2-1f33-408c-930f-d845fabe2a9a	version.layout	6e68a966-1ddc-4d73-a998-393d246938c9	center	\N	blue	\N	flex-row	03	6886953573e9e43a4a6e3c09	\N
2	1aa29553-e446-407b-b3c0-5c37067f4c85	version.layout	03381366-d8a2-47c9-963c-d817b1880d2d	center	\N	blue	\N	flex-row	03	6886953573e9e43a4a6e3c09	\N
2	41c60df7-54ab-4683-8983-1204117e7975	version.layout	36e6eaf2-adb2-4dbf-811c-f85ad529da4e	center	\N	blue	\N	flex-row	03	6886953573e9e43a4a6e3c09	\N
2	deefcd27-f08b-46fa-8843-0703ff59e6cc	version.layout	94b0c133-0be1-45f1-a2b2-d4dfd771e5e6	center	\N	blue	\N	flex-row	03	6886953573e9e43a4a6e3c09	\N
2	b710c38f-af35-4722-9c8f-279f18021757	version.layout	aa1620b4-cf8c-4b76-b93b-ff91c5d92238	center	\N	blue	\N	flex-row	03	6886953573e9e43a4a6e3c09	\N
2	b8a5a99b-2195-4066-a86c-95aa63c90330	version.layout	f569dc41-2496-4741-b389-04c34c0fde12	center	\N	blue	\N	flex-row	03	6886953573e9e43a4a6e3c09	\N
6	9907622f-51f6-4107-b865-5f8fa357f96c	version.layout	d795ca0c-57e5-4ab2-aaa2-fce3c855f65b	center	\N	blue	\N	flex-row	03	6886ad3cdf64ca6dd9ecfe74	\N
6	274a0b43-8c00-4a28-aa9e-f2d70144f72e	version.layout	ce14c7d7-1bdc-46b7-a5a3-5d051ec87439	center	\N	blue	\N	flex-row	03	6886ad3cdf64ca6dd9ecfe74	\N
6	dbf959bb-8af9-427b-9320-f4aeb0536d2c	version.layout	3214b3a1-4689-4a94-9232-9cae956e09af	center	\N	blue	\N	flex-row	03	6886ad3cdf64ca6dd9ecfe74	\N
6	c93e6899-deb6-44f3-a367-f01466a9d3d8	version.layout	679d0355-0777-4032-bd14-e2059153821c	center	\N	blue	\N	flex-row	03	6886ad3cdf64ca6dd9ecfe74	\N
6	0326068d-5498-4884-9909-417a1e302c9b	version.layout	fbe2d3e5-da14-4a15-bfb1-40d56c28ede8	center	\N	blue	\N	flex-row	03	6886ad3cdf64ca6dd9ecfe74	\N
6	0184009f-30c7-4a91-970a-e632fdc5dd41	version.layout	612f54fd-f43b-4712-a545-79df1336d009	center	\N	blue	\N	flex-row	03	6886ad3cdf64ca6dd9ecfe74	\N
6	f223e689-6799-47bf-8a55-75f2d2a07e4b	version.layout	cafae561-7ad2-4b96-8f1d-cb7803693bbf	center	\N	blue	\N	flex-row	03	6886ad3cdf64ca6dd9ecfe74	\N
2	abeae401-02ea-4a9d-bd80-73851afc2ffd	version.layout	34fa9a5d-0409-480a-ae50-e4c9edd11dfa	center	\N	blue	\N	flex-row	03	6886953573e9e43a4a6e3c09	\N
2	990afa8d-fbf0-4bab-9b6a-8cbfe7488ddc	version.layout	ce2e7e22-463c-4e0a-9d86-a0ec75ed8041	center	\N	blue	\N	flex-row	03	6886953573e9e43a4a6e3c09	\N
2	70b04d51-b412-4e9d-95a4-7bf9fdd2a1c1	version.layout	9e877b60-3992-404b-9cd4-9afa73072675	center	\N	blue	\N	flex-row	03	6886953573e9e43a4a6e3c09	\N
6	39ed86c1-7622-472a-a921-06def66d1ca6	version.layout	add48115-f047-44d3-90dc-a2ecccce2d34	center	\N	blue	\N	flex-row	03	6886ad3cdf64ca6dd9ecfe74	\N
6	7cb3435f-1591-4a85-9538-1a329412829b	version.layout	01993a82-cef5-4794-aca1-5a58228bd80c	center	\N	blue	\N	flex-row	03	6886ad3cdf64ca6dd9ecfe74	\N
2	191829da-fed4-4378-835d-355bb725534e	version.layout	a7bae3dc-c4ea-4361-b83a-35ff919a8e15	center	\N	blue	\N	flex-row	03	6886953573e9e43a4a6e3c09	\N
2	9f09b6d6-5dd1-4b72-b23f-90cd5c745e61	version.layout	86ae1254-69fe-476e-8644-fb7683115927	center	\N	blue	\N	flex-row	03	6886953573e9e43a4a6e3c09	\N
2	01fe3f95-b2e0-4adc-8e06-a37200de75b3	version.layout	b5157c4d-868b-43c3-92c8-7f138bab15fa	center	\N	blue	\N	flex-row	03	6886953573e9e43a4a6e3c09	\N
6	5cf29f02-25c3-4b24-b574-1aadab774686	version.layout	4a09a395-5303-4db3-958c-0a3ab747a2cc	center	\N	blue	\N	flex-row	03	6886ad3cdf64ca6dd9ecfe74	\N
6	5a14f13d-26a1-40fe-af37-216b5bd0fe17	version.layout	9949b2fb-abaf-4866-a952-3a164d8c271c	center	\N	blue	\N	flex-row	03	6886ad3cdf64ca6dd9ecfe74	\N
\.


--
-- Data for Name: _logosBlock_v_block_header_links; Type: TABLE DATA; Schema: public; Owner: -
--

COPY "public"."_logosBlock_v_block_header_links" ("_order", "_parent_id", "id", "link_type", "link_new_tab", "link_url", "link_color", "link_variant", "_uuid") FROM stdin;
\.


--
-- Data for Name: _logosBlock_v_block_header_links_locales; Type: TABLE DATA; Schema: public; Owner: -
--

COPY "public"."_logosBlock_v_block_header_links_locales" ("link_label", "id", "_locale", "_parent_id") FROM stdin;
\.


--
-- Data for Name: _logosBlock_v_locales; Type: TABLE DATA; Schema: public; Owner: -
--

COPY "public"."_logosBlock_v_locales" ("block_header_badge_label", "block_header_header_text", "id", "_locale", "_parent_id") FROM stdin;
\N	{"root": {"type": "root", "format": "", "indent": 0, "version": 1, "children": [{"type": "paragraph", "format": "", "indent": 0, "version": 1, "children": [{"mode": "normal", "text": "   ", "type": "text", "style": "", "detail": 0, "format": 1, "version": 1}], "direction": "rtl", "textStyle": "", "textFormat": 1}], "direction": "rtl", "textFormat": 1}}	186	ar	c5918c40-86c6-465a-a628-479b6d8447ca
\N	{"root": {"type": "root", "format": "", "indent": 0, "version": 1, "children": [{"type": "paragraph", "format": "", "indent": 0, "version": 1, "children": [{"mode": "normal", "text": "   ", "type": "text", "style": "", "detail": 0, "format": 1, "version": 1}], "direction": "rtl", "textStyle": "", "textFormat": 1}], "direction": "rtl", "textFormat": 1}}	187	ar	b181e8bd-5822-4738-aafb-a85c6319d547
\N	{"root": {"type": "root", "format": "", "indent": 0, "version": 1, "children": [{"type": "paragraph", "format": "", "indent": 0, "version": 1, "children": [{"mode": "normal", "text": "   ", "type": "text", "style": "", "detail": 0, "format": 0, "version": 1}], "direction": "rtl", "textStyle": "", "textFormat": 0}], "direction": "rtl"}}	122	ar	54938e61-3afb-495e-ba02-dc17c4206cc1
\N	{"root": {"type": "root", "format": "", "indent": 0, "version": 1, "children": [{"type": "paragraph", "format": "", "indent": 0, "version": 1, "children": [{"mode": "normal", "text": "   ", "type": "text", "style": "", "detail": 0, "format": 0, "version": 1}], "direction": "rtl", "textStyle": "", "textFormat": 0}], "direction": "rtl"}}	123	ar	9c03c048-ff11-4ddb-8bd3-f379def500be
\N	{"root": {"type": "root", "format": "", "indent": 0, "version": 1, "children": [{"type": "paragraph", "format": "", "indent": 0, "version": 1, "children": [{"mode": "normal", "text": "   ", "type": "text", "style": "", "detail": 0, "format": 0, "version": 1}], "direction": "rtl", "textStyle": "", "textFormat": 0}], "direction": "rtl"}}	80	ar	68bc98bd-04ac-4331-84b8-4c835b93bba1
\N	{"root": {"type": "root", "format": "", "indent": 0, "version": 1, "children": [{"type": "paragraph", "format": "", "indent": 0, "version": 1, "children": [{"mode": "normal", "text": "   ", "type": "text", "style": "", "detail": 0, "format": 0, "version": 1}], "direction": "rtl", "textStyle": "", "textFormat": 0}], "direction": "rtl"}}	81	ar	59505c97-d4c4-472c-912c-cd2463535739
\N	{"root": {"type": "root", "format": "", "indent": 0, "version": 1, "children": [{"type": "paragraph", "format": "", "indent": 0, "version": 1, "children": [{"mode": "normal", "text": "   ", "type": "text", "style": "", "detail": 0, "format": 0, "version": 1}], "direction": "rtl", "textStyle": "", "textFormat": 0}], "direction": "rtl"}}	82	ar	4d9f872f-cd0d-4fde-876e-0096e7e22903
\N	{"root": {"type": "root", "format": "", "indent": 0, "version": 1, "children": [{"type": "paragraph", "format": "", "indent": 0, "version": 1, "children": [{"mode": "normal", "text": "   ", "type": "text", "style": "", "detail": 0, "format": 0, "version": 1}], "direction": "rtl", "textStyle": "", "textFormat": 0}], "direction": "rtl"}}	94	ar	f2635032-5446-4c14-a6b9-a2f364ea87b3
\N	{"root": {"type": "root", "format": "", "indent": 0, "version": 1, "children": [{"type": "paragraph", "format": "", "indent": 0, "version": 1, "children": [{"mode": "normal", "text": "   ", "type": "text", "style": "", "detail": 0, "format": 0, "version": 1}], "direction": "rtl", "textStyle": "", "textFormat": 0}], "direction": "rtl"}}	95	ar	98759db0-165d-4694-af1e-00c13d498437
\N	{"root": {"type": "root", "format": "", "indent": 0, "version": 1, "children": [{"type": "paragraph", "format": "", "indent": 0, "version": 1, "children": [{"mode": "normal", "text": "   ", "type": "text", "style": "", "detail": 0, "format": 0, "version": 1}], "direction": "rtl", "textStyle": "", "textFormat": 0}], "direction": "rtl"}}	104	ar	f00ee3e7-14b8-4640-bf07-e981a07a40d6
\N	{"root": {"type": "root", "format": "", "indent": 0, "version": 1, "children": [{"type": "paragraph", "format": "", "indent": 0, "version": 1, "children": [{"mode": "normal", "text": "   ", "type": "text", "style": "", "detail": 0, "format": 0, "version": 1}], "direction": "rtl", "textStyle": "", "textFormat": 0}], "direction": "rtl"}}	49	ar	6e68a966-1ddc-4d73-a998-393d246938c9
\N	{"root": {"type": "root", "format": "", "indent": 0, "version": 1, "children": [{"type": "paragraph", "format": "", "indent": 0, "version": 1, "children": [{"mode": "normal", "text": "   ", "type": "text", "style": "", "detail": 0, "format": 0, "version": 1}], "direction": "rtl", "textStyle": "", "textFormat": 0}], "direction": "rtl"}}	50	ar	03381366-d8a2-47c9-963c-d817b1880d2d
\N	{"root": {"type": "root", "format": "", "indent": 0, "version": 1, "children": [{"type": "paragraph", "format": "", "indent": 0, "version": 1, "children": [{"mode": "normal", "text": "   ", "type": "text", "style": "", "detail": 0, "format": 0, "version": 1}], "direction": "rtl", "textStyle": "", "textFormat": 0}], "direction": "rtl"}}	160	ar	36e6eaf2-adb2-4dbf-811c-f85ad529da4e
\N	{"root": {"type": "root", "format": "", "indent": 0, "version": 1, "children": [{"type": "paragraph", "format": "", "indent": 0, "version": 1, "children": [{"mode": "normal", "text": "   ", "type": "text", "style": "", "detail": 0, "format": 0, "version": 1}], "direction": "rtl", "textStyle": "", "textFormat": 0}], "direction": "rtl"}}	161	ar	94b0c133-0be1-45f1-a2b2-d4dfd771e5e6
\N	{"root": {"type": "root", "format": "", "indent": 0, "version": 1, "children": [{"type": "paragraph", "format": "", "indent": 0, "version": 1, "children": [{"mode": "normal", "text": "   ", "type": "text", "style": "", "detail": 0, "format": 0, "version": 1}], "direction": "rtl", "textStyle": "", "textFormat": 0}], "direction": "rtl"}}	164	ar	aa1620b4-cf8c-4b76-b93b-ff91c5d92238
\N	{"root": {"type": "root", "format": "", "indent": 0, "version": 1, "children": [{"type": "paragraph", "format": "", "indent": 0, "version": 1, "children": [{"mode": "normal", "text": "   ", "type": "text", "style": "", "detail": 0, "format": 0, "version": 1}], "direction": "rtl", "textStyle": "", "textFormat": 0}], "direction": "rtl"}}	165	ar	f569dc41-2496-4741-b389-04c34c0fde12
\N	{"root": {"type": "root", "format": "", "indent": 0, "version": 1, "children": [{"type": "paragraph", "format": "", "indent": 0, "version": 1, "children": [{"mode": "normal", "text": "   ", "type": "text", "style": "", "detail": 0, "format": 1, "version": 1}], "direction": "rtl", "textStyle": "", "textFormat": 1}], "direction": "rtl", "textFormat": 1}}	167	ar	679d0355-0777-4032-bd14-e2059153821c
\N	{"root": {"type": "root", "format": "", "indent": 0, "version": 1, "children": [{"type": "paragraph", "format": "", "indent": 0, "version": 1, "children": [{"mode": "normal", "text": "   ", "type": "text", "style": "", "detail": 0, "format": 1, "version": 1}], "direction": "rtl", "textStyle": "", "textFormat": 1}], "direction": "rtl", "textFormat": 1}}	168	ar	fbe2d3e5-da14-4a15-bfb1-40d56c28ede8
\N	{"root": {"type": "root", "format": "", "indent": 0, "version": 1, "children": [{"type": "paragraph", "format": "", "indent": 0, "version": 1, "children": [{"mode": "normal", "text": "   ", "type": "text", "style": "", "detail": 0, "format": 1, "version": 1}], "direction": "rtl", "textStyle": "", "textFormat": 1}], "direction": "rtl", "textFormat": 1}}	171	ar	612f54fd-f43b-4712-a545-79df1336d009
\N	{"root": {"type": "root", "format": "", "indent": 0, "version": 1, "children": [{"type": "paragraph", "format": "", "indent": 0, "version": 1, "children": [{"mode": "normal", "text": "   ", "type": "text", "style": "", "detail": 0, "format": 1, "version": 1}], "direction": "rtl", "textStyle": "", "textFormat": 1}], "direction": "rtl", "textFormat": 1}}	172	ar	cafae561-7ad2-4b96-8f1d-cb7803693bbf
\N	{"root": {"type": "root", "format": "", "indent": 0, "version": 1, "children": [{"type": "paragraph", "format": "", "indent": 0, "version": 1, "children": [{"mode": "normal", "text": "   ", "type": "text", "style": "", "detail": 0, "format": 0, "version": 1}], "direction": "rtl", "textStyle": "", "textFormat": 0}], "direction": "rtl"}}	173	ar	34fa9a5d-0409-480a-ae50-e4c9edd11dfa
\N	{"root": {"type": "root", "format": "", "indent": 0, "version": 1, "children": [{"type": "paragraph", "format": "", "indent": 0, "version": 1, "children": [{"mode": "normal", "text": "   ", "type": "text", "style": "", "detail": 0, "format": 0, "version": 1}], "direction": "rtl", "textStyle": "", "textFormat": 0}], "direction": "rtl"}}	175	ar	ce2e7e22-463c-4e0a-9d86-a0ec75ed8041
\N	{"root": {"type": "root", "format": "", "indent": 0, "version": 1, "children": [{"type": "paragraph", "format": "", "indent": 0, "version": 1, "children": [{"mode": "normal", "text": "   ", "type": "text", "style": "", "detail": 0, "format": 0, "version": 1}], "direction": "rtl", "textStyle": "", "textFormat": 0}], "direction": "rtl"}}	176	ar	9e877b60-3992-404b-9cd4-9afa73072675
\N	{"root": {"type": "root", "format": "", "indent": 0, "version": 1, "children": [{"type": "paragraph", "format": "", "indent": 0, "version": 1, "children": [{"mode": "normal", "text": "   ", "type": "text", "style": "", "detail": 0, "format": 1, "version": 1}], "direction": "rtl", "textStyle": "", "textFormat": 1}], "direction": "rtl", "textFormat": 1}}	184	ar	cbc7b640-bf8b-4d38-8ad0-dde9cfc11284
\N	{"root": {"type": "root", "format": "", "indent": 0, "version": 1, "children": [{"type": "paragraph", "format": "", "indent": 0, "version": 1, "children": [{"mode": "normal", "text": "   ", "type": "text", "style": "", "detail": 0, "format": 1, "version": 1}], "direction": "rtl", "textStyle": "", "textFormat": 1}], "direction": "rtl", "textFormat": 1}}	185	ar	9daa3ce3-9135-4b61-8df4-04ffe9edaf51
\N	{"root": {"type": "root", "format": "", "indent": 0, "version": 1, "children": [{"type": "paragraph", "format": "", "indent": 0, "version": 1, "children": [{"mode": "normal", "text": "   ", "type": "text", "style": "", "detail": 0, "format": 1, "version": 1}], "direction": "rtl", "textStyle": "", "textFormat": 1}], "direction": "rtl", "textFormat": 1}}	204	ar	fb368842-77c7-477c-a986-f6eb1f923739
\N	{"root": {"type": "root", "format": "", "indent": 0, "version": 1, "children": [{"type": "paragraph", "format": "", "indent": 0, "version": 1, "children": [{"mode": "normal", "text": "   ", "type": "text", "style": "", "detail": 0, "format": 1, "version": 1}], "direction": "rtl", "textStyle": "", "textFormat": 1}], "direction": "rtl", "textFormat": 1}}	205	ar	bca5cef7-f4b4-4445-84dd-a08d346300ea
\N	{"root": {"type": "root", "format": "", "indent": 0, "version": 1, "children": [{"type": "paragraph", "format": "", "indent": 0, "version": 1, "children": [{"mode": "normal", "text": "   ", "type": "text", "style": "", "detail": 0, "format": 1, "version": 1}], "direction": "rtl", "textStyle": "", "textFormat": 1}], "direction": "rtl", "textFormat": 1}}	206	ar	ffb62cbe-4816-4d86-b939-b8d2b9e04afb
\N	{"root": {"type": "root", "format": "", "indent": 0, "version": 1, "children": [{"type": "paragraph", "format": "", "indent": 0, "version": 1, "children": [{"mode": "normal", "text": "   ", "type": "text", "style": "", "detail": 0, "format": 1, "version": 1}], "direction": "rtl", "textStyle": "", "textFormat": 1}], "direction": "rtl", "textFormat": 1}}	207	ar	b9f2c45b-f281-4019-a5a7-b12ebc04b999
\N	{"root": {"type": "root", "format": "", "indent": 0, "version": 1, "children": [{"type": "paragraph", "format": "", "indent": 0, "version": 1, "children": [{"mode": "normal", "text": "   ", "type": "text", "style": "", "detail": 0, "format": 1, "version": 1}], "direction": "rtl", "textStyle": "", "textFormat": 1}], "direction": "rtl", "textFormat": 1}}	210	ar	544390b1-e76f-4916-b385-f1cff380aeb9
\N	{"root": {"type": "root", "format": "", "indent": 0, "version": 1, "children": [{"type": "paragraph", "format": "", "indent": 0, "version": 1, "children": [{"mode": "normal", "text": "   ", "type": "text", "style": "", "detail": 0, "format": 0, "version": 1}], "direction": "rtl", "textStyle": "", "textFormat": 0}], "direction": "rtl"}}	268	ar	481cb764-fbcc-4dc2-8ef3-864397ab4f82
\N	{"root": {"type": "root", "format": "", "indent": 0, "version": 1, "children": [{"type": "paragraph", "format": "", "indent": 0, "version": 1, "children": [{"mode": "normal", "text": "   ", "type": "text", "style": "", "detail": 0, "format": 0, "version": 1}], "direction": "rtl", "textStyle": "", "textFormat": 0}], "direction": "rtl"}}	269	ar	11b1b370-0fd5-4274-a81d-7a064b23944b
\N	{"root": {"type": "root", "format": "", "indent": 0, "version": 1, "children": [{"type": "paragraph", "format": "", "indent": 0, "version": 1, "children": [{"mode": "normal", "text": "   ", "type": "text", "style": "", "detail": 0, "format": 0, "version": 1}], "direction": "rtl", "textStyle": "", "textFormat": 0}], "direction": "rtl"}}	285	ar	cbddacc6-4a04-41b5-86ad-f2b9dbdbbcfb
\N	{"root": {"type": "root", "format": "", "indent": 0, "version": 1, "children": [{"type": "paragraph", "format": "", "indent": 0, "version": 1, "children": [{"mode": "normal", "text": "   ", "type": "text", "style": "", "detail": 0, "format": 0, "version": 1}], "direction": "rtl", "textStyle": "", "textFormat": 0}], "direction": "rtl"}}	287	ar	0c8a9aa8-03bb-428f-abc6-6752bdbb357f
\N	{"root": {"type": "root", "format": "", "indent": 0, "version": 1, "children": [{"type": "paragraph", "format": "", "indent": 0, "version": 1, "children": [{"mode": "normal", "text": "   ", "type": "text", "style": "", "detail": 0, "format": 0, "version": 1}], "direction": "rtl", "textStyle": "", "textFormat": 0}], "direction": "rtl"}}	288	ar	0dfde786-b5e8-47ce-a207-67760f8151d4
\N	{"root": {"type": "root", "format": "", "indent": 0, "version": 1, "children": [{"type": "paragraph", "format": "", "indent": 0, "version": 1, "children": [{"mode": "normal", "text": "   ", "type": "text", "style": "", "detail": 0, "format": 1, "version": 1}], "direction": "rtl", "textStyle": "", "textFormat": 1}], "direction": "rtl", "textFormat": 1}}	291	ar	d9767d8f-5819-4f47-ba97-6f00c4565d45
\N	{"root": {"type": "root", "format": "", "indent": 0, "version": 1, "children": [{"type": "paragraph", "format": "", "indent": 0, "version": 1, "children": [{"mode": "normal", "text": "   ", "type": "text", "style": "", "detail": 0, "format": 1, "version": 1}], "direction": "rtl", "textStyle": "", "textFormat": 1}], "direction": "rtl", "textFormat": 1}}	292	ar	5cb384d2-a568-4d94-9c53-9c05128fe7e1
\N	{"root": {"type": "root", "format": "", "indent": 0, "version": 1, "children": [{"type": "paragraph", "format": "", "indent": 0, "version": 1, "children": [{"mode": "normal", "text": "   ", "type": "text", "style": "", "detail": 0, "format": 0, "version": 1}], "direction": "rtl", "textStyle": "", "textFormat": 0}], "direction": "rtl"}}	294	ar	86c33982-9aeb-4ab7-b6eb-cbc1b8bddf94
\N	{"root": {"type": "root", "format": "", "indent": 0, "version": 1, "children": [{"type": "paragraph", "format": "", "indent": 0, "version": 1, "children": [{"mode": "normal", "text": "   ", "type": "text", "style": "", "detail": 0, "format": 0, "version": 1}], "direction": "rtl", "textStyle": "", "textFormat": 0}], "direction": "rtl"}}	295	ar	0be24248-df90-4d9e-9828-f4e74e4e2e62
\N	{"root": {"type": "root", "format": "", "indent": 0, "version": 1, "children": [{"type": "paragraph", "format": "", "indent": 0, "version": 1, "children": [{"mode": "normal", "text": "   ", "type": "text", "style": "", "detail": 0, "format": 0, "version": 1}], "direction": "rtl", "textStyle": "", "textFormat": 0}], "direction": "rtl"}}	286	ar	df9aae20-52f8-41e6-afc4-ae6ff9379b7d
\N	{"root": {"type": "root", "format": "", "indent": 0, "version": 1, "children": [{"type": "paragraph", "format": "", "indent": 0, "version": 1, "children": [{"mode": "normal", "text": "   ", "type": "text", "style": "", "detail": 0, "format": 1, "version": 1}], "direction": "rtl", "textStyle": "", "textFormat": 1}], "direction": "rtl", "textFormat": 1}}	209	ar	20bdcb2e-81ff-4b93-a15d-b176a8848818
\N	{"root": {"type": "root", "format": "", "indent": 0, "version": 1, "children": [{"type": "paragraph", "format": "", "indent": 0, "version": 1, "children": [{"mode": "normal", "text": "   ", "type": "text", "style": "", "detail": 0, "format": 1, "version": 1}], "direction": "rtl", "textStyle": "", "textFormat": 1}], "direction": "rtl", "textFormat": 1}}	213	ar	181bf466-9fc3-4f08-9219-d1b49cbd5fad
\N	{"root": {"type": "root", "format": "", "indent": 0, "version": 1, "children": [{"type": "paragraph", "format": "", "indent": 0, "version": 1, "children": [{"mode": "normal", "text": "   ", "type": "text", "style": "", "detail": 0, "format": 1, "version": 1}], "direction": "rtl", "textStyle": "", "textFormat": 1}], "direction": "rtl", "textFormat": 1}}	214	ar	8251f39b-c272-4919-a0d2-c610ae3efc83
\N	{"root": {"type": "root", "format": "", "indent": 0, "version": 1, "children": [{"type": "paragraph", "format": "", "indent": 0, "version": 1, "children": [{"mode": "normal", "text": "   ", "type": "text", "style": "", "detail": 0, "format": 1, "version": 1}], "direction": "rtl", "textStyle": "", "textFormat": 1}], "direction": "rtl", "textFormat": 1}}	227	ar	d795ca0c-57e5-4ab2-aaa2-fce3c855f65b
\N	{"root": {"type": "root", "format": "", "indent": 0, "version": 1, "children": [{"type": "paragraph", "format": "", "indent": 0, "version": 1, "children": [{"mode": "normal", "text": "   ", "type": "text", "style": "", "detail": 0, "format": 1, "version": 1}], "direction": "rtl", "textStyle": "", "textFormat": 1}], "direction": "rtl", "textFormat": 1}}	228	ar	ce14c7d7-1bdc-46b7-a5a3-5d051ec87439
\N	{"root": {"type": "root", "format": "", "indent": 0, "version": 1, "children": [{"type": "paragraph", "format": "", "indent": 0, "version": 1, "children": [{"mode": "normal", "text": "   ", "type": "text", "style": "", "detail": 0, "format": 1, "version": 1}], "direction": "rtl", "textStyle": "", "textFormat": 1}], "direction": "rtl", "textFormat": 1}}	229	ar	3214b3a1-4689-4a94-9232-9cae956e09af
\N	{"root": {"type": "root", "format": "", "indent": 0, "version": 1, "children": [{"type": "paragraph", "format": "", "indent": 0, "version": 1, "children": [{"mode": "normal", "text": "   ", "type": "text", "style": "", "detail": 0, "format": 1, "version": 1}], "direction": "rtl", "textStyle": "", "textFormat": 1}], "direction": "rtl", "textFormat": 1}}	235	ar	add48115-f047-44d3-90dc-a2ecccce2d34
\N	{"root": {"type": "root", "format": "", "indent": 0, "version": 1, "children": [{"type": "paragraph", "format": "", "indent": 0, "version": 1, "children": [{"mode": "normal", "text": "   ", "type": "text", "style": "", "detail": 0, "format": 1, "version": 1}], "direction": "rtl", "textStyle": "", "textFormat": 1}], "direction": "rtl", "textFormat": 1}}	236	ar	01993a82-cef5-4794-aca1-5a58228bd80c
\N	{"root": {"type": "root", "format": "", "indent": 0, "version": 1, "children": [{"type": "paragraph", "format": "", "indent": 0, "version": 1, "children": [{"mode": "normal", "text": "   ", "type": "text", "style": "", "detail": 0, "format": 0, "version": 1}], "direction": "rtl", "textStyle": "", "textFormat": 0}], "direction": "rtl"}}	239	ar	a7bae3dc-c4ea-4361-b83a-35ff919a8e15
\N	{"root": {"type": "root", "format": "", "indent": 0, "version": 1, "children": [{"type": "paragraph", "format": "", "indent": 0, "version": 1, "children": [{"mode": "normal", "text": "   ", "type": "text", "style": "", "detail": 0, "format": 0, "version": 1}], "direction": "rtl", "textStyle": "", "textFormat": 0}], "direction": "rtl"}}	240	ar	86ae1254-69fe-476e-8644-fb7683115927
\N	{"root": {"type": "root", "format": "", "indent": 0, "version": 1, "children": [{"type": "paragraph", "format": "", "indent": 0, "version": 1, "children": [{"mode": "normal", "text": "   ", "type": "text", "style": "", "detail": 0, "format": 0, "version": 1}], "direction": "rtl", "textStyle": "", "textFormat": 0}], "direction": "rtl"}}	241	ar	b5157c4d-868b-43c3-92c8-7f138bab15fa
\N	{"root": {"type": "root", "format": "", "indent": 0, "version": 1, "children": [{"type": "paragraph", "format": "", "indent": 0, "version": 1, "children": [{"mode": "normal", "text": "   ", "type": "text", "style": "", "detail": 0, "format": 1, "version": 1}], "direction": "rtl", "textStyle": "", "textFormat": 1}], "direction": "rtl", "textFormat": 1}}	266	ar	4a09a395-5303-4db3-958c-0a3ab747a2cc
\N	{"root": {"type": "root", "format": "", "indent": 0, "version": 1, "children": [{"type": "paragraph", "format": "", "indent": 0, "version": 1, "children": [{"mode": "normal", "text": "   ", "type": "text", "style": "", "detail": 0, "format": 1, "version": 1}], "direction": "rtl", "textStyle": "", "textFormat": 1}], "direction": "rtl", "textFormat": 1}}	267	ar	9949b2fb-abaf-4866-a952-3a164d8c271c
\.


--
-- Data for Name: _metricsBlock_v; Type: TABLE DATA; Schema: public; Owner: -
--

COPY "public"."_metricsBlock_v" ("_order", "_parent_id", "_path", "id", "block_header_type", "block_header_badge_type", "block_header_badge_color", "block_header_badge_icon", "block_header_badge_icon_position", "type", "table_styling_striped", "table_styling_bordered", "table_styling_compact", "enable_logos", "_uuid", "block_name") FROM stdin;
3	9907622f-51f6-4107-b865-5f8fa357f96c	version.layout	85092310-b7ee-4234-b4c2-5750eaa2f17c	center	\N	blue	\N	flex-row	02	t	t	f	\N	6886aaccdf64ca6dd9ecfe5d	\N
3	274a0b43-8c00-4a28-aa9e-f2d70144f72e	version.layout	c38f8837-3d9f-413d-86ff-07144c3422c2	center	\N	blue	\N	flex-row	02	t	t	f	\N	6886aaccdf64ca6dd9ecfe5d	\N
3	dbf959bb-8af9-427b-9320-f4aeb0536d2c	version.layout	37397468-0ed9-40ac-be26-7c33c917255b	center	\N	blue	\N	flex-row	02	t	t	f	\N	6886aaccdf64ca6dd9ecfe5d	\N
3	39ed86c1-7622-472a-a921-06def66d1ca6	version.layout	8dc3211d-d912-41fd-8e30-f9badd88e1c7	center	\N	blue	\N	flex-row	02	t	t	f	\N	6886aaccdf64ca6dd9ecfe5d	\N
3	7cb3435f-1591-4a85-9538-1a329412829b	version.layout	c11bdbff-61f7-4296-b9b9-44b7d6e100ed	center	\N	blue	\N	flex-row	02	t	t	f	\N	6886aaccdf64ca6dd9ecfe5d	\N
3	76c86155-458d-4f2c-826b-7eef3e448239	version.layout	7a79f060-4706-497e-b359-7aea580096e3	center	\N	blue	\N	flex-row	02	t	t	f	\N	6886aaccdf64ca6dd9ecfe5d	\N
3	f99ec098-a847-4647-872b-781d5d8abf92	version.layout	93c128a2-e17f-4a1f-b899-9e2dac3d66c3	center	\N	blue	\N	flex-row	02	t	t	f	\N	6886aaccdf64ca6dd9ecfe5d	\N
3	c93e6899-deb6-44f3-a367-f01466a9d3d8	version.layout	a56ae23c-c43c-4cab-8f8c-cefbc96d4444	center	\N	blue	\N	flex-row	02	t	t	f	\N	6886aaccdf64ca6dd9ecfe5d	\N
3	0326068d-5498-4884-9909-417a1e302c9b	version.layout	033c2489-9cee-49ec-ba7b-42864f19d684	center	\N	blue	\N	flex-row	02	t	t	f	\N	6886aaccdf64ca6dd9ecfe5d	\N
3	0184009f-30c7-4a91-970a-e632fdc5dd41	version.layout	3ef5a49d-bc0c-4763-87df-6a026f8b982a	center	\N	blue	\N	flex-row	02	t	t	f	\N	6886aaccdf64ca6dd9ecfe5d	\N
3	f223e689-6799-47bf-8a55-75f2d2a07e4b	version.layout	93dac27b-2408-4c1a-ab58-d832b167cdfe	center	\N	blue	\N	flex-row	02	t	t	f	\N	6886aaccdf64ca6dd9ecfe5d	\N
3	eb75a85f-8a75-4ada-b510-fbd186ded5fd	version.layout	7f12f86d-5b95-4d28-8aa8-c05612c27618	center	\N	blue	\N	flex-row	02	t	t	f	\N	6886aaccdf64ca6dd9ecfe5d	\N
3	b131c47a-ae81-4501-9cfc-d34c5970d09e	version.layout	9dcd1b4b-50b9-4599-b552-439ffccdaeb1	center	\N	blue	\N	flex-row	02	t	t	f	\N	6886aaccdf64ca6dd9ecfe5d	\N
3	5daad5c5-875d-4b1a-a149-104e6386d7e1	version.layout	4be1312e-dcbb-4016-8850-469663dde165	center	\N	blue	\N	flex-row	02	t	t	f	\N	6886aaccdf64ca6dd9ecfe5d	\N
3	c21624fa-2468-4a75-81c3-2e915c43ea04	version.layout	00de8445-831c-40d0-8fc7-cf5bf36de884	center	\N	blue	\N	flex-row	02	t	t	f	\N	6886aaccdf64ca6dd9ecfe5d	\N
3	66191476-6739-46e9-832b-99f58a05dcee	version.layout	5e6e029c-220b-4d7c-99df-f14012ef0b62	center	\N	blue	\N	flex-row	02	t	t	f	\N	6886aaccdf64ca6dd9ecfe5d	\N
3	a97e39c7-1ff9-4ab6-8ff7-a5a7fe85b1ca	version.layout	e5ef1c4e-32c2-429e-ba45-0a7686fa0699	center	\N	blue	\N	flex-row	02	t	t	f	\N	6886aaccdf64ca6dd9ecfe5d	\N
3	5cf29f02-25c3-4b24-b574-1aadab774686	version.layout	2ba73048-2747-4c92-a8b2-2b57dd5af645	center	\N	blue	\N	flex-row	02	t	t	f	\N	6886aaccdf64ca6dd9ecfe5d	\N
3	5a14f13d-26a1-40fe-af37-216b5bd0fe17	version.layout	71ad8d09-dd95-497c-9b12-0439226abb1b	center	\N	blue	\N	flex-row	02	t	t	f	\N	6886aaccdf64ca6dd9ecfe5d	\N
3	50ab6bc6-7eb9-4e97-98f4-4e27d6d699ef	version.layout	abe77068-17f2-461c-b05b-66a0b81d2a7a	center	\N	blue	\N	flex-row	02	t	t	f	\N	6886aaccdf64ca6dd9ecfe5d	\N
3	9faf6e5f-3f02-41dc-90ca-2facbefcb29b	version.layout	1ee87961-57f6-46c8-bb8a-122870b70d44	center	\N	blue	\N	flex-row	02	t	t	f	\N	6886aaccdf64ca6dd9ecfe5d	\N
3	c20c2c0b-4fa6-45f3-acb3-34e06f115342	version.layout	492adb68-c5b0-4104-a18c-b9ba5166d956	center	\N	blue	\N	flex-row	02	t	t	f	\N	6886aaccdf64ca6dd9ecfe5d	\N
3	90cf9707-369c-4799-8aa5-8c6eeab55ba2	version.layout	89c2b54c-6964-4179-adef-361ae152d675	center	\N	blue	\N	flex-row	02	t	t	f	\N	6886aaccdf64ca6dd9ecfe5d	\N
3	57ff426a-9250-4471-94f7-2ce9173606fa	version.layout	0689a504-68f3-416e-8487-e0f3a03ebb5b	center	\N	blue	\N	flex-row	02	t	t	f	\N	6886aaccdf64ca6dd9ecfe5d	\N
3	8a100411-d7e9-4035-bcda-bb9916e0c4ff	version.layout	d1e04c87-0e60-4eca-85d1-7444706fa806	center	\N	blue	\N	flex-row	02	t	t	f	\N	6886aaccdf64ca6dd9ecfe5d	\N
3	42c8f4e2-6b54-4c96-9da9-672741e82033	version.layout	a23e5a53-fcc7-46f3-865c-fbd435fb28df	center	\N	blue	\N	flex-row	02	t	t	f	\N	6886aaccdf64ca6dd9ecfe5d	\N
3	0f74cab3-d27d-472e-b2eb-35ab19e69c72	version.layout	b8276c39-1c1b-44e6-8a5f-6b2b6661c9d5	center	\N	blue	\N	flex-row	02	t	t	f	\N	6886aaccdf64ca6dd9ecfe5d	\N
3	c3e0ac67-68ff-45a0-a95f-0bae5b004b85	version.layout	dd9baf22-0ff6-430f-bd9c-905c83cf4d9a	center	\N	blue	\N	flex-row	02	t	t	f	\N	6886aaccdf64ca6dd9ecfe5d	\N
3	2522dd02-3c88-4d0f-8f54-000c6331c042	version.layout	f5187d9a-5d01-4018-8887-851eb9c8531e	center	\N	blue	\N	flex-row	02	t	t	f	\N	6886aaccdf64ca6dd9ecfe5d	\N
\.


--
-- Data for Name: _metricsBlock_v_block_header_links; Type: TABLE DATA; Schema: public; Owner: -
--

COPY "public"."_metricsBlock_v_block_header_links" ("_order", "_parent_id", "id", "link_type", "link_new_tab", "link_url", "link_color", "link_variant", "_uuid") FROM stdin;
\.


--
-- Data for Name: _metricsBlock_v_block_header_links_locales; Type: TABLE DATA; Schema: public; Owner: -
--

COPY "public"."_metricsBlock_v_block_header_links_locales" ("link_label", "id", "_locale", "_parent_id") FROM stdin;
\.


--
-- Data for Name: _metricsBlock_v_locales; Type: TABLE DATA; Schema: public; Owner: -
--

COPY "public"."_metricsBlock_v_locales" ("block_header_badge_label", "block_header_header_text", "block_image_media_id", "table_title", "logos_headline", "id", "_locale", "_parent_id") FROM stdin;
\N	{"root": {"type": "root", "format": "", "indent": 0, "version": 1, "children": [{"tag": "h2", "type": "heading", "format": "", "indent": 0, "version": 1, "children": [{"mode": "normal", "text": "           ", "type": "text", "style": "", "detail": 0, "format": 0, "version": 1}], "direction": "rtl"}], "direction": "rtl"}}	\N	\N	\N	58	ar	7a79f060-4706-497e-b359-7aea580096e3
\N	{"root": {"type": "root", "format": "", "indent": 0, "version": 1, "children": [{"tag": "h2", "type": "heading", "format": "", "indent": 0, "version": 1, "children": [{"mode": "normal", "text": "           ", "type": "text", "style": "", "detail": 0, "format": 0, "version": 1}], "direction": "rtl"}], "direction": "rtl"}}	\N	\N	\N	59	ar	93c128a2-e17f-4a1f-b899-9e2dac3d66c3
\N	{"root": {"type": "root", "format": "", "indent": 0, "version": 1, "children": [{"tag": "h2", "type": "heading", "format": "", "indent": 0, "version": 1, "children": [{"mode": "normal", "text": "           ", "type": "text", "style": "", "detail": 0, "format": 0, "version": 1}], "direction": "rtl"}], "direction": "rtl"}}	\N	\N	\N	65	ar	a56ae23c-c43c-4cab-8f8c-cefbc96d4444
\N	{"root": {"type": "root", "format": "", "indent": 0, "version": 1, "children": [{"tag": "h2", "type": "heading", "format": "", "indent": 0, "version": 1, "children": [{"mode": "normal", "text": "           ", "type": "text", "style": "", "detail": 0, "format": 0, "version": 1}], "direction": "rtl"}], "direction": "rtl"}}	\N	\N	\N	66	ar	033c2489-9cee-49ec-ba7b-42864f19d684
\N	{"root": {"type": "root", "format": "", "indent": 0, "version": 1, "children": [{"tag": "h2", "type": "heading", "format": "", "indent": 0, "version": 1, "children": [{"mode": "normal", "text": "           ", "type": "text", "style": "", "detail": 0, "format": 0, "version": 1}], "direction": "rtl"}], "direction": "rtl"}}	\N	\N	\N	69	ar	3ef5a49d-bc0c-4763-87df-6a026f8b982a
\N	{"root": {"type": "root", "format": "", "indent": 0, "version": 1, "children": [{"tag": "h2", "type": "heading", "format": "", "indent": 0, "version": 1, "children": [{"mode": "normal", "text": "           ", "type": "text", "style": "", "detail": 0, "format": 0, "version": 1}], "direction": "rtl"}], "direction": "rtl"}}	\N	\N	\N	70	ar	93dac27b-2408-4c1a-ab58-d832b167cdfe
\N	{"root": {"type": "root", "format": "", "indent": 0, "version": 1, "children": [{"tag": "h2", "type": "heading", "format": "", "indent": 0, "version": 1, "children": [{"mode": "normal", "text": "           ", "type": "text", "style": "", "detail": 0, "format": 0, "version": 1}], "direction": "rtl"}], "direction": "rtl"}}	\N	\N	\N	16	ar	7f12f86d-5b95-4d28-8aa8-c05612c27618
\N	{"root": {"type": "root", "format": "", "indent": 0, "version": 1, "children": [{"tag": "h2", "type": "heading", "format": "", "indent": 0, "version": 1, "children": [{"mode": "normal", "text": "           ", "type": "text", "style": "", "detail": 0, "format": 0, "version": 1}], "direction": "rtl"}], "direction": "rtl"}}	\N	\N	\N	17	ar	9dcd1b4b-50b9-4599-b552-439ffccdaeb1
\N	{"root": {"type": "root", "format": "", "indent": 0, "version": 1, "children": [{"tag": "h2", "type": "heading", "format": "", "indent": 0, "version": 1, "children": [{"mode": "normal", "text": "           ", "type": "text", "style": "", "detail": 0, "format": 0, "version": 1}], "direction": "rtl"}], "direction": "rtl"}}	\N	\N	\N	78	ar	4be1312e-dcbb-4016-8850-469663dde165
\N	{"root": {"type": "root", "format": "", "indent": 0, "version": 1, "children": [{"tag": "h2", "type": "heading", "format": "", "indent": 0, "version": 1, "children": [{"mode": "normal", "text": "           ", "type": "text", "style": "", "detail": 0, "format": 0, "version": 1}], "direction": "rtl"}], "direction": "rtl"}}	\N	\N	\N	79	ar	00de8445-831c-40d0-8fc7-cf5bf36de884
\N	{"root": {"type": "root", "format": "", "indent": 0, "version": 1, "children": [{"tag": "h2", "type": "heading", "format": "", "indent": 0, "version": 1, "children": [{"mode": "normal", "text": "           ", "type": "text", "style": "", "detail": 0, "format": 0, "version": 1}], "direction": "rtl"}], "direction": "rtl"}}	\N	\N	\N	80	ar	5e6e029c-220b-4d7c-99df-f14012ef0b62
\N	{"root": {"type": "root", "format": "", "indent": 0, "version": 1, "children": [{"tag": "h2", "type": "heading", "format": "", "indent": 0, "version": 1, "children": [{"mode": "normal", "text": "           ", "type": "text", "style": "", "detail": 0, "format": 0, "version": 1}], "direction": "rtl"}], "direction": "rtl"}}	\N	\N	\N	81	ar	e5ef1c4e-32c2-429e-ba45-0a7686fa0699
\N	{"root": {"type": "root", "format": "", "indent": 0, "version": 1, "children": [{"tag": "h2", "type": "heading", "format": "", "indent": 0, "version": 1, "children": [{"mode": "normal", "text": "           ", "type": "text", "style": "", "detail": 0, "format": 0, "version": 1}], "direction": "rtl"}], "direction": "rtl"}}	\N	\N	\N	98	ar	492adb68-c5b0-4104-a18c-b9ba5166d956
\N	{"root": {"type": "root", "format": "", "indent": 0, "version": 1, "children": [{"tag": "h2", "type": "heading", "format": "", "indent": 0, "version": 1, "children": [{"mode": "normal", "text": "           ", "type": "text", "style": "", "detail": 0, "format": 0, "version": 1}], "direction": "rtl"}], "direction": "rtl"}}	\N	\N	\N	99	ar	89c2b54c-6964-4179-adef-361ae152d675
\N	{"root": {"type": "root", "format": "", "indent": 0, "version": 1, "children": [{"tag": "h2", "type": "heading", "format": "", "indent": 0, "version": 1, "children": [{"mode": "normal", "text": "           ", "type": "text", "style": "", "detail": 0, "format": 0, "version": 1}], "direction": "rtl"}], "direction": "rtl"}}	\N	\N	\N	100	ar	0689a504-68f3-416e-8487-e0f3a03ebb5b
\N	{"root": {"type": "root", "format": "", "indent": 0, "version": 1, "children": [{"tag": "h2", "type": "heading", "format": "", "indent": 0, "version": 1, "children": [{"mode": "normal", "text": "           ", "type": "text", "style": "", "detail": 0, "format": 0, "version": 1}], "direction": "rtl"}], "direction": "rtl"}}	\N	\N	\N	101	ar	d1e04c87-0e60-4eca-85d1-7444706fa806
\N	{"root": {"type": "root", "format": "", "indent": 0, "version": 1, "children": [{"tag": "h2", "type": "heading", "format": "", "indent": 0, "version": 1, "children": [{"mode": "normal", "text": "           ", "type": "text", "style": "", "detail": 0, "format": 0, "version": 1}], "direction": "rtl"}], "direction": "rtl"}}	\N	\N	\N	103	ar	a23e5a53-fcc7-46f3-865c-fbd435fb28df
\N	{"root": {"type": "root", "format": "", "indent": 0, "version": 1, "children": [{"tag": "h2", "type": "heading", "format": "", "indent": 0, "version": 1, "children": [{"mode": "normal", "text": "           ", "type": "text", "style": "", "detail": 0, "format": 0, "version": 1}], "direction": "rtl"}], "direction": "rtl"}}	\N	\N	\N	104	ar	b8276c39-1c1b-44e6-8a5f-6b2b6661c9d5
\N	{"root": {"type": "root", "format": "", "indent": 0, "version": 1, "children": [{"tag": "h2", "type": "heading", "format": "", "indent": 0, "version": 1, "children": [{"mode": "normal", "text": "           ", "type": "text", "style": "", "detail": 0, "format": 0, "version": 1}], "direction": "rtl"}], "direction": "rtl"}}	\N	\N	\N	107	ar	dd9baf22-0ff6-430f-bd9c-905c83cf4d9a
\N	{"root": {"type": "root", "format": "", "indent": 0, "version": 1, "children": [{"tag": "h2", "type": "heading", "format": "", "indent": 0, "version": 1, "children": [{"mode": "normal", "text": "           ", "type": "text", "style": "", "detail": 0, "format": 0, "version": 1}], "direction": "rtl"}], "direction": "rtl"}}	\N	\N	\N	108	ar	f5187d9a-5d01-4018-8887-851eb9c8531e
\N	{"root": {"type": "root", "format": "", "indent": 0, "version": 1, "children": [{"tag": "h2", "type": "heading", "format": "", "indent": 0, "version": 1, "children": [{"mode": "normal", "text": "           ", "type": "text", "style": "", "detail": 0, "format": 0, "version": 1}], "direction": "rtl"}], "direction": "rtl"}}	\N	\N	\N	121	ar	85092310-b7ee-4234-b4c2-5750eaa2f17c
\N	{"root": {"type": "root", "format": "", "indent": 0, "version": 1, "children": [{"tag": "h2", "type": "heading", "format": "", "indent": 0, "version": 1, "children": [{"mode": "normal", "text": "           ", "type": "text", "style": "", "detail": 0, "format": 0, "version": 1}], "direction": "rtl"}], "direction": "rtl"}}	\N	\N	\N	122	ar	c38f8837-3d9f-413d-86ff-07144c3422c2
\N	{"root": {"type": "root", "format": "", "indent": 0, "version": 1, "children": [{"tag": "h2", "type": "heading", "format": "", "indent": 0, "version": 1, "children": [{"mode": "normal", "text": "           ", "type": "text", "style": "", "detail": 0, "format": 0, "version": 1}], "direction": "rtl"}], "direction": "rtl"}}	\N	\N	\N	123	ar	37397468-0ed9-40ac-be26-7c33c917255b
\N	{"root": {"type": "root", "format": "", "indent": 0, "version": 1, "children": [{"tag": "h2", "type": "heading", "format": "", "indent": 0, "version": 1, "children": [{"mode": "normal", "text": "           ", "type": "text", "style": "", "detail": 0, "format": 0, "version": 1}], "direction": "rtl"}], "direction": "rtl"}}	\N	\N	\N	129	ar	8dc3211d-d912-41fd-8e30-f9badd88e1c7
\N	{"root": {"type": "root", "format": "", "indent": 0, "version": 1, "children": [{"tag": "h2", "type": "heading", "format": "", "indent": 0, "version": 1, "children": [{"mode": "normal", "text": "           ", "type": "text", "style": "", "detail": 0, "format": 0, "version": 1}], "direction": "rtl"}], "direction": "rtl"}}	\N	\N	\N	156	ar	71ad8d09-dd95-497c-9b12-0439226abb1b
\N	{"root": {"type": "root", "format": "", "indent": 0, "version": 1, "children": [{"tag": "h2", "type": "heading", "format": "", "indent": 0, "version": 1, "children": [{"mode": "normal", "text": "           ", "type": "text", "style": "", "detail": 0, "format": 0, "version": 1}], "direction": "rtl"}], "direction": "rtl"}}	\N	\N	\N	159	ar	abe77068-17f2-461c-b05b-66a0b81d2a7a
\N	{"root": {"type": "root", "format": "", "indent": 0, "version": 1, "children": [{"tag": "h2", "type": "heading", "format": "", "indent": 0, "version": 1, "children": [{"mode": "normal", "text": "           ", "type": "text", "style": "", "detail": 0, "format": 0, "version": 1}], "direction": "rtl"}], "direction": "rtl"}}	\N	\N	\N	160	ar	1ee87961-57f6-46c8-bb8a-122870b70d44
\N	{"root": {"type": "root", "format": "", "indent": 0, "version": 1, "children": [{"tag": "h2", "type": "heading", "format": "", "indent": 0, "version": 1, "children": [{"mode": "normal", "text": "           ", "type": "text", "style": "", "detail": 0, "format": 0, "version": 1}], "direction": "rtl"}], "direction": "rtl"}}	\N	\N	\N	130	ar	c11bdbff-61f7-4296-b9b9-44b7d6e100ed
\N	{"root": {"type": "root", "format": "", "indent": 0, "version": 1, "children": [{"tag": "h2", "type": "heading", "format": "", "indent": 0, "version": 1, "children": [{"mode": "normal", "text": "           ", "type": "text", "style": "", "detail": 0, "format": 0, "version": 1}], "direction": "rtl"}], "direction": "rtl"}}	\N	\N	\N	155	ar	2ba73048-2747-4c92-a8b2-2b57dd5af645
\.


--
-- Data for Name: _metricsBlock_v_stats; Type: TABLE DATA; Schema: public; Owner: -
--

COPY "public"."_metricsBlock_v_stats" ("_order", "_parent_id", "id", "indicator", "_uuid") FROM stdin;
1	a56ae23c-c43c-4cab-8f8c-cefbc96d4444	5d37e954-038b-4e8c-aa93-9fac4c555140	noChange	6886ab80df64ca6dd9ecfe60
2	a56ae23c-c43c-4cab-8f8c-cefbc96d4444	86f60f05-76e7-450f-8425-0734217cbf7a	noChange	6886ab9cdf64ca6dd9ecfe62
3	a56ae23c-c43c-4cab-8f8c-cefbc96d4444	1bea1aed-9b98-4ffb-a2ba-6b41c9febe76	noChange	6886ab9edf64ca6dd9ecfe65
4	a56ae23c-c43c-4cab-8f8c-cefbc96d4444	56cdbf67-a2d5-4b61-94c6-a449a198f0a9	noChange	6886ab9fdf64ca6dd9ecfe68
1	033c2489-9cee-49ec-ba7b-42864f19d684	e58fa16c-c162-4c3c-a4a9-834ec36815e6	noChange	6886ab80df64ca6dd9ecfe60
2	033c2489-9cee-49ec-ba7b-42864f19d684	d59cd67e-5933-4da7-b143-35454b093220	noChange	6886ab9cdf64ca6dd9ecfe62
3	033c2489-9cee-49ec-ba7b-42864f19d684	0a249353-373d-4258-9e9f-89d9c273fa2f	noChange	6886ab9edf64ca6dd9ecfe65
4	033c2489-9cee-49ec-ba7b-42864f19d684	cf03933f-795d-47b7-92ae-f6b278ce2133	noChange	6886ab9fdf64ca6dd9ecfe68
1	3ef5a49d-bc0c-4763-87df-6a026f8b982a	ab5ae830-f860-43af-b28b-325f4cb17856	noChange	6886ab80df64ca6dd9ecfe60
2	3ef5a49d-bc0c-4763-87df-6a026f8b982a	868f9d03-64a2-47b3-8416-434e6d78edfb	noChange	6886ab9cdf64ca6dd9ecfe62
3	3ef5a49d-bc0c-4763-87df-6a026f8b982a	27883aa7-ee7a-4bcf-9848-3803fd970c75	noChange	6886ab9edf64ca6dd9ecfe65
4	3ef5a49d-bc0c-4763-87df-6a026f8b982a	f0b207a4-4354-4936-b712-89e4faeaadc1	noChange	6886ab9fdf64ca6dd9ecfe68
1	93dac27b-2408-4c1a-ab58-d832b167cdfe	776de705-2a97-4327-a2a4-dd83cc57bd5b	noChange	6886ab80df64ca6dd9ecfe60
2	93dac27b-2408-4c1a-ab58-d832b167cdfe	e4f65afc-5c10-4503-98f7-f2ed14ac4c94	noChange	6886ab9cdf64ca6dd9ecfe62
3	93dac27b-2408-4c1a-ab58-d832b167cdfe	c03a0611-8c2b-48fe-8de7-1d220a6dbddb	noChange	6886ab9edf64ca6dd9ecfe65
4	93dac27b-2408-4c1a-ab58-d832b167cdfe	2c37b130-0d32-4e2c-a626-4b17bf53ff3e	noChange	6886ab9fdf64ca6dd9ecfe68
1	7f12f86d-5b95-4d28-8aa8-c05612c27618	6c78a109-b7c2-4664-abe1-093ab75271c1	noChange	6886ab80df64ca6dd9ecfe60
2	7f12f86d-5b95-4d28-8aa8-c05612c27618	d61a3b5e-a380-4a48-98af-f66b02ccb1ba	noChange	6886ab9cdf64ca6dd9ecfe62
3	7f12f86d-5b95-4d28-8aa8-c05612c27618	8c4fb667-bb66-4bd0-a77c-97c35215a294	noChange	6886ab9edf64ca6dd9ecfe65
4	7f12f86d-5b95-4d28-8aa8-c05612c27618	817410c6-8d84-4148-9347-9f19ea6cce30	noChange	6886ab9fdf64ca6dd9ecfe68
1	9dcd1b4b-50b9-4599-b552-439ffccdaeb1	87de33fc-1620-4c23-a0c5-aadef4528c07	noChange	6886ab80df64ca6dd9ecfe60
2	9dcd1b4b-50b9-4599-b552-439ffccdaeb1	529e84c9-bfa1-4b95-991c-2008c5a2a54c	noChange	6886ab9cdf64ca6dd9ecfe62
3	9dcd1b4b-50b9-4599-b552-439ffccdaeb1	984ab9cd-0f69-4808-b578-bf9f55636fb6	noChange	6886ab9edf64ca6dd9ecfe65
4	9dcd1b4b-50b9-4599-b552-439ffccdaeb1	8f16af6c-c910-4732-96af-cbe06cb319b1	noChange	6886ab9fdf64ca6dd9ecfe68
1	492adb68-c5b0-4104-a18c-b9ba5166d956	e19b3a54-f95b-49be-bd7e-9c377dc1e54e	noChange	6886ab80df64ca6dd9ecfe60
2	492adb68-c5b0-4104-a18c-b9ba5166d956	d4f4d6d0-6f47-48ed-a8b9-f5ecde0ef666	noChange	6886ab9cdf64ca6dd9ecfe62
3	492adb68-c5b0-4104-a18c-b9ba5166d956	3bea8e16-0edc-499b-bff8-3d21ceea003f	noChange	6886ab9edf64ca6dd9ecfe65
4	492adb68-c5b0-4104-a18c-b9ba5166d956	26376ac5-44bd-4594-a676-37ce3ecabdcb	noChange	6886ab9fdf64ca6dd9ecfe68
1	7a79f060-4706-497e-b359-7aea580096e3	da13f851-41a6-4ab3-8101-db8d1333f363	noChange	6886ab80df64ca6dd9ecfe60
2	7a79f060-4706-497e-b359-7aea580096e3	d4a53be7-1e7c-4d97-86ea-9f91eb491763	noChange	6886ab9cdf64ca6dd9ecfe62
3	7a79f060-4706-497e-b359-7aea580096e3	72903058-04a6-4e3b-aba9-de13c4cf174f	noChange	6886ab9edf64ca6dd9ecfe65
4	7a79f060-4706-497e-b359-7aea580096e3	9c5cb7b6-e896-4f99-85df-1673e4c55289	noChange	6886ab9fdf64ca6dd9ecfe68
1	93c128a2-e17f-4a1f-b899-9e2dac3d66c3	b760bcaa-2703-4ea0-ba31-a38e8a259c51	noChange	6886ab80df64ca6dd9ecfe60
2	93c128a2-e17f-4a1f-b899-9e2dac3d66c3	bd18fdba-ec84-4a34-9e41-3bfff1454af9	noChange	6886ab9cdf64ca6dd9ecfe62
3	93c128a2-e17f-4a1f-b899-9e2dac3d66c3	98a82aff-7349-4a51-b3a4-0241776f9248	noChange	6886ab9edf64ca6dd9ecfe65
4	93c128a2-e17f-4a1f-b899-9e2dac3d66c3	b4f14cb8-c21c-4d74-a692-f822332a96a3	noChange	6886ab9fdf64ca6dd9ecfe68
1	89c2b54c-6964-4179-adef-361ae152d675	b48d5346-477c-4148-8845-4433f699f59d	noChange	6886ab80df64ca6dd9ecfe60
2	89c2b54c-6964-4179-adef-361ae152d675	57643e10-1e06-481c-b0ca-d4ac76af8623	noChange	6886ab9cdf64ca6dd9ecfe62
3	89c2b54c-6964-4179-adef-361ae152d675	1ffd4343-196a-476e-8722-5a49dcbfa93f	noChange	6886ab9edf64ca6dd9ecfe65
4	89c2b54c-6964-4179-adef-361ae152d675	c9b193c3-4405-4e14-8e58-3bc0104c96fa	noChange	6886ab9fdf64ca6dd9ecfe68
1	0689a504-68f3-416e-8487-e0f3a03ebb5b	0472add0-489c-43c0-81e8-5ce691ac9e1c	noChange	6886ab80df64ca6dd9ecfe60
2	0689a504-68f3-416e-8487-e0f3a03ebb5b	3a3fed46-88ec-4840-80e0-4354f6b711be	noChange	6886ab9cdf64ca6dd9ecfe62
3	0689a504-68f3-416e-8487-e0f3a03ebb5b	8cda4d32-4b32-4e4a-afb4-a1a4c21937e5	noChange	6886ab9edf64ca6dd9ecfe65
4	0689a504-68f3-416e-8487-e0f3a03ebb5b	53e9ca3a-3f58-47f5-8806-58d0b36e0ffd	noChange	6886ab9fdf64ca6dd9ecfe68
1	4be1312e-dcbb-4016-8850-469663dde165	a721d936-9eba-4ca2-aa1c-1af5255a70ac	noChange	6886ab80df64ca6dd9ecfe60
2	4be1312e-dcbb-4016-8850-469663dde165	aaa6137e-5fd4-4e93-96ef-2150f33831b0	noChange	6886ab9cdf64ca6dd9ecfe62
3	4be1312e-dcbb-4016-8850-469663dde165	b60d35c7-87a2-4089-987d-15ed764f4630	noChange	6886ab9edf64ca6dd9ecfe65
4	4be1312e-dcbb-4016-8850-469663dde165	6694f375-0cf0-4a0b-a4ab-f5b5e1839098	noChange	6886ab9fdf64ca6dd9ecfe68
1	d1e04c87-0e60-4eca-85d1-7444706fa806	d8c81aa9-65bc-4bf8-9f57-be3d1e3f527b	noChange	6886ab80df64ca6dd9ecfe60
2	d1e04c87-0e60-4eca-85d1-7444706fa806	9bc71b9a-5aff-42d7-8e93-d0363cadadba	noChange	6886ab9cdf64ca6dd9ecfe62
3	d1e04c87-0e60-4eca-85d1-7444706fa806	17a92c3b-6f76-4aee-bc12-63e079e5baf3	noChange	6886ab9edf64ca6dd9ecfe65
4	d1e04c87-0e60-4eca-85d1-7444706fa806	27cb0f7e-f2d6-425e-bafa-89d30daadf58	noChange	6886ab9fdf64ca6dd9ecfe68
1	00de8445-831c-40d0-8fc7-cf5bf36de884	d660c07c-8e9a-4ead-9e4e-106ff7d5e112	noChange	6886ab80df64ca6dd9ecfe60
2	00de8445-831c-40d0-8fc7-cf5bf36de884	6e08bfaf-0f33-48c6-bcb8-da3afc0ebc46	noChange	6886ab9cdf64ca6dd9ecfe62
3	00de8445-831c-40d0-8fc7-cf5bf36de884	e9a112d1-42f7-4d0c-9df3-68b124580f56	noChange	6886ab9edf64ca6dd9ecfe65
4	00de8445-831c-40d0-8fc7-cf5bf36de884	24aff8f6-a092-4a72-8d11-ded5286d8f55	noChange	6886ab9fdf64ca6dd9ecfe68
1	5e6e029c-220b-4d7c-99df-f14012ef0b62	17d41255-7bb0-40ae-8209-a6c066010eaf	noChange	6886ab80df64ca6dd9ecfe60
2	5e6e029c-220b-4d7c-99df-f14012ef0b62	235f5df3-fa04-47df-8c82-413f5a9cfd44	noChange	6886ab9cdf64ca6dd9ecfe62
3	5e6e029c-220b-4d7c-99df-f14012ef0b62	40f1d190-cb89-4f85-9597-0866bc980429	noChange	6886ab9edf64ca6dd9ecfe65
4	5e6e029c-220b-4d7c-99df-f14012ef0b62	7106cf82-5f99-4b53-ab2c-582cea65d71c	noChange	6886ab9fdf64ca6dd9ecfe68
1	e5ef1c4e-32c2-429e-ba45-0a7686fa0699	8454d911-73d1-4169-9595-7ee0b76055db	noChange	6886ab80df64ca6dd9ecfe60
2	e5ef1c4e-32c2-429e-ba45-0a7686fa0699	d9ecc166-d71a-42f9-8a5b-494ac1252d21	noChange	6886ab9cdf64ca6dd9ecfe62
3	e5ef1c4e-32c2-429e-ba45-0a7686fa0699	bcf323e4-2539-4e91-bc43-5333dcc30a1e	noChange	6886ab9edf64ca6dd9ecfe65
4	e5ef1c4e-32c2-429e-ba45-0a7686fa0699	8e7f6b41-48da-49f5-9ac8-c0981cac5b93	noChange	6886ab9fdf64ca6dd9ecfe68
1	a23e5a53-fcc7-46f3-865c-fbd435fb28df	0fdb640a-8cf0-49eb-af04-cc6c78b090c4	noChange	6886ab80df64ca6dd9ecfe60
2	a23e5a53-fcc7-46f3-865c-fbd435fb28df	f2279219-ecd4-40cb-8886-99c10f214d46	noChange	6886ab9cdf64ca6dd9ecfe62
3	a23e5a53-fcc7-46f3-865c-fbd435fb28df	7b22c4b0-eae0-4b36-be5e-3083a0639134	noChange	6886ab9edf64ca6dd9ecfe65
1	b8276c39-1c1b-44e6-8a5f-6b2b6661c9d5	d59e85df-ec99-4cb2-823d-bdaef65f400e	noChange	6886ab80df64ca6dd9ecfe60
2	b8276c39-1c1b-44e6-8a5f-6b2b6661c9d5	0dd2ed08-eeb1-4ad6-b1a1-0e1d011e7085	noChange	6886ab9cdf64ca6dd9ecfe62
3	b8276c39-1c1b-44e6-8a5f-6b2b6661c9d5	8d297cbd-19e9-4f3b-a085-e62c7474acfb	noChange	6886ab9edf64ca6dd9ecfe65
4	b8276c39-1c1b-44e6-8a5f-6b2b6661c9d5	e7dcd130-bfe5-47f9-949d-da8f0efaf25a	noChange	6886ab9fdf64ca6dd9ecfe68
4	a23e5a53-fcc7-46f3-865c-fbd435fb28df	8f84748b-557f-4e91-a4d2-036fd4ae6fde	noChange	6886ab9fdf64ca6dd9ecfe68
1	85092310-b7ee-4234-b4c2-5750eaa2f17c	fb2e633f-ea8e-4dd4-a693-ab52b69c37ca	noChange	6886ab80df64ca6dd9ecfe60
2	85092310-b7ee-4234-b4c2-5750eaa2f17c	c7d4855e-9175-4201-b12d-480490daf175	noChange	6886ab9cdf64ca6dd9ecfe62
3	85092310-b7ee-4234-b4c2-5750eaa2f17c	9a63010e-c393-455c-a0e2-3dd192cb0498	noChange	6886ab9edf64ca6dd9ecfe65
1	c38f8837-3d9f-413d-86ff-07144c3422c2	4eb706ec-81bd-461a-9854-a5d8ef9ba6d1	noChange	6886ab80df64ca6dd9ecfe60
2	c38f8837-3d9f-413d-86ff-07144c3422c2	13f0d7d3-b72c-4c09-9689-eecfc21acfba	noChange	6886ab9cdf64ca6dd9ecfe62
3	c38f8837-3d9f-413d-86ff-07144c3422c2	e04eb670-10d4-487f-a3e7-53392913dfbe	noChange	6886ab9edf64ca6dd9ecfe65
1	dd9baf22-0ff6-430f-bd9c-905c83cf4d9a	23d7a2e7-400b-4bbd-9b11-e218573e31fe	noChange	6886ab80df64ca6dd9ecfe60
2	dd9baf22-0ff6-430f-bd9c-905c83cf4d9a	d86e658b-87d9-42e0-9425-33c3ef1a5252	noChange	6886ab9cdf64ca6dd9ecfe62
3	dd9baf22-0ff6-430f-bd9c-905c83cf4d9a	a0da4058-2e03-4f0e-8714-36bd97f11090	noChange	6886ab9edf64ca6dd9ecfe65
4	dd9baf22-0ff6-430f-bd9c-905c83cf4d9a	c9a64661-87f7-43a2-892a-ca6c77669fab	noChange	6886ab9fdf64ca6dd9ecfe68
1	f5187d9a-5d01-4018-8887-851eb9c8531e	55418866-93f0-4649-a17d-dd581d69d3fe	noChange	6886ab80df64ca6dd9ecfe60
2	f5187d9a-5d01-4018-8887-851eb9c8531e	2b8e757e-4f0d-464a-a175-c540921e6bb4	noChange	6886ab9cdf64ca6dd9ecfe62
3	f5187d9a-5d01-4018-8887-851eb9c8531e	55983b7f-56a7-40ab-bb3c-d8f68b3dfdfc	noChange	6886ab9edf64ca6dd9ecfe65
1	37397468-0ed9-40ac-be26-7c33c917255b	d1d312ba-4313-45e9-9c83-8cb1b40a61b9	noChange	6886ab80df64ca6dd9ecfe60
2	37397468-0ed9-40ac-be26-7c33c917255b	3278194c-e05c-4fa9-8677-95e772b67c27	noChange	6886ab9cdf64ca6dd9ecfe62
3	37397468-0ed9-40ac-be26-7c33c917255b	451b13d5-c780-4093-9789-cb53db90505c	noChange	6886ab9edf64ca6dd9ecfe65
1	8dc3211d-d912-41fd-8e30-f9badd88e1c7	bbf3df76-7d4c-4d9b-bf86-aef2df86074e	noChange	6886ab80df64ca6dd9ecfe60
2	8dc3211d-d912-41fd-8e30-f9badd88e1c7	3642015b-a9f6-4c04-bac3-bd4c4b443004	noChange	6886ab9cdf64ca6dd9ecfe62
3	8dc3211d-d912-41fd-8e30-f9badd88e1c7	564e8946-f2a0-4d28-821e-cb20c739c6a2	noChange	6886ab9edf64ca6dd9ecfe65
1	c11bdbff-61f7-4296-b9b9-44b7d6e100ed	25cc19bb-ec89-44eb-aa8d-5a8b027ce6e9	noChange	6886ab80df64ca6dd9ecfe60
2	c11bdbff-61f7-4296-b9b9-44b7d6e100ed	bf57907b-54c5-4a4c-a3b1-1eb991358f25	noChange	6886ab9cdf64ca6dd9ecfe62
3	c11bdbff-61f7-4296-b9b9-44b7d6e100ed	2efc6d6d-8f09-4f1d-b177-2417738e25e3	noChange	6886ab9edf64ca6dd9ecfe65
1	2ba73048-2747-4c92-a8b2-2b57dd5af645	9b9e35fc-e821-4416-bc22-efdfe6c5362a	noChange	6886ab80df64ca6dd9ecfe60
2	2ba73048-2747-4c92-a8b2-2b57dd5af645	f76b9059-2fe6-4232-8d72-52c5edc8dacd	noChange	6886ab9cdf64ca6dd9ecfe62
3	2ba73048-2747-4c92-a8b2-2b57dd5af645	cfb841b6-786f-4d5a-b0a4-b0c01438a3ed	noChange	6886ab9edf64ca6dd9ecfe65
1	71ad8d09-dd95-497c-9b12-0439226abb1b	f6e399ac-a23d-4aa9-9529-7ff4493cb614	noChange	6886ab80df64ca6dd9ecfe60
2	71ad8d09-dd95-497c-9b12-0439226abb1b	c48583ec-72e4-4945-9594-94263f69e883	noChange	6886ab9cdf64ca6dd9ecfe62
3	71ad8d09-dd95-497c-9b12-0439226abb1b	1ffe66f5-d43d-4c0e-92cf-87b01bd9439f	noChange	6886ab9edf64ca6dd9ecfe65
1	abe77068-17f2-461c-b05b-66a0b81d2a7a	d673d56d-d07f-4650-a572-b77a9da76fba	noChange	6886ab80df64ca6dd9ecfe60
2	abe77068-17f2-461c-b05b-66a0b81d2a7a	6087e9fd-4f11-4abf-8de8-3282012a047b	noChange	6886ab9cdf64ca6dd9ecfe62
3	abe77068-17f2-461c-b05b-66a0b81d2a7a	3c034f26-5bb3-460a-9132-0037f7cc595b	noChange	6886ab9edf64ca6dd9ecfe65
1	1ee87961-57f6-46c8-bb8a-122870b70d44	6b374c31-dea6-4a11-9e52-d88eef1a5d0f	noChange	6886ab80df64ca6dd9ecfe60
2	1ee87961-57f6-46c8-bb8a-122870b70d44	5baa6274-ce38-41ea-b168-2a2780b591f9	noChange	6886ab9cdf64ca6dd9ecfe62
3	1ee87961-57f6-46c8-bb8a-122870b70d44	850f31d8-c7e6-432a-aa32-1801c0136fcc	noChange	6886ab9edf64ca6dd9ecfe65
\.


--
-- Data for Name: _metricsBlock_v_stats_locales; Type: TABLE DATA; Schema: public; Owner: -
--

COPY "public"."_metricsBlock_v_stats_locales" ("label", "id", "_locale", "_parent_id", "value") FROM stdin;
          	231	ar	5d37e954-038b-4e8c-aa93-9fac4c555140	\N
      	232	ar	86f60f05-76e7-450f-8425-0734217cbf7a	\N
      	233	ar	1bea1aed-9b98-4ffb-a2ba-6b41c9febe76	\N
           	234	ar	56cdbf67-a2d5-4b61-94c6-a449a198f0a9	\N
          	235	ar	e58fa16c-c162-4c3c-a4a9-834ec36815e6	\N
      	236	ar	d59cd67e-5933-4da7-b143-35454b093220	\N
      	237	ar	0a249353-373d-4258-9e9f-89d9c273fa2f	\N
           	238	ar	cf03933f-795d-47b7-92ae-f6b278ce2133	\N
          	247	ar	ab5ae830-f860-43af-b28b-325f4cb17856	\N
      	248	ar	868f9d03-64a2-47b3-8416-434e6d78edfb	\N
      	249	ar	27883aa7-ee7a-4bcf-9848-3803fd970c75	\N
           	250	ar	f0b207a4-4354-4936-b712-89e4faeaadc1	\N
          	251	ar	776de705-2a97-4327-a2a4-dd83cc57bd5b	\N
      	252	ar	e4f65afc-5c10-4503-98f7-f2ed14ac4c94	\N
      	253	ar	c03a0611-8c2b-48fe-8de7-1d220a6dbddb	\N
           	254	ar	2c37b130-0d32-4e2c-a626-4b17bf53ff3e	\N
          	35	ar	6c78a109-b7c2-4664-abe1-093ab75271c1	\N
      	36	ar	d61a3b5e-a380-4a48-98af-f66b02ccb1ba	\N
      	37	ar	8c4fb667-bb66-4bd0-a77c-97c35215a294	\N
           	38	ar	817410c6-8d84-4148-9347-9f19ea6cce30	\N
          	39	ar	87de33fc-1620-4c23-a0c5-aadef4528c07	\N
      	40	ar	529e84c9-bfa1-4b95-991c-2008c5a2a54c	\N
      	41	ar	984ab9cd-0f69-4808-b578-bf9f55636fb6	\N
           	42	ar	8f16af6c-c910-4732-96af-cbe06cb319b1	\N
          	203	ar	da13f851-41a6-4ab3-8101-db8d1333f363	\N
      	204	ar	d4a53be7-1e7c-4d97-86ea-9f91eb491763	\N
      	205	ar	72903058-04a6-4e3b-aba9-de13c4cf174f	\N
           	206	ar	9c5cb7b6-e896-4f99-85df-1673e4c55289	\N
          	207	ar	b760bcaa-2703-4ea0-ba31-a38e8a259c51	\N
      	208	ar	bd18fdba-ec84-4a34-9e41-3bfff1454af9	\N
      	209	ar	98a82aff-7349-4a51-b3a4-0241776f9248	\N
           	210	ar	b4f14cb8-c21c-4d74-a692-f822332a96a3	\N
          	283	ar	a721d936-9eba-4ca2-aa1c-1af5255a70ac	\N
      	284	ar	aaa6137e-5fd4-4e93-96ef-2150f33831b0	\N
      	285	ar	b60d35c7-87a2-4089-987d-15ed764f4630	\N
           	286	ar	6694f375-0cf0-4a0b-a4ab-f5b5e1839098	\N
          	287	ar	d660c07c-8e9a-4ead-9e4e-106ff7d5e112	\N
      	288	ar	6e08bfaf-0f33-48c6-bcb8-da3afc0ebc46	\N
      	289	ar	e9a112d1-42f7-4d0c-9df3-68b124580f56	\N
           	290	ar	24aff8f6-a092-4a72-8d11-ded5286d8f55	\N
          	291	ar	17d41255-7bb0-40ae-8209-a6c066010eaf	\N
      	292	ar	235f5df3-fa04-47df-8c82-413f5a9cfd44	\N
      	293	ar	40f1d190-cb89-4f85-9597-0866bc980429	\N
           	294	ar	7106cf82-5f99-4b53-ab2c-582cea65d71c	\N
          	295	ar	8454d911-73d1-4169-9595-7ee0b76055db	\N
      	296	ar	d9ecc166-d71a-42f9-8a5b-494ac1252d21	\N
      	297	ar	bcf323e4-2539-4e91-bc43-5333dcc30a1e	\N
           	298	ar	8e7f6b41-48da-49f5-9ac8-c0981cac5b93	\N
               .	442	ar	fb2e633f-ea8e-4dd4-a693-ab52b69c37ca	\N
   (GMV)        .	443	ar	c7d4855e-9175-4201-b12d-480490daf175	\N
              	444	ar	9a63010e-c393-455c-a0e2-3dd192cb0498	\N
               .	445	ar	4eb706ec-81bd-461a-9854-a5d8ef9ba6d1	\N
   (GMV)        .	446	ar	13f0d7d3-b72c-4c09-9689-eecfc21acfba	\N
              	447	ar	e04eb670-10d4-487f-a3e7-53392913dfbe	\N
               .	448	ar	d1d312ba-4313-45e9-9c83-8cb1b40a61b9	\N
               .	363	ar	e19b3a54-f95b-49be-bd7e-9c377dc1e54e	\N
      	364	ar	d4f4d6d0-6f47-48ed-a8b9-f5ecde0ef666	\N
      	365	ar	3bea8e16-0edc-499b-bff8-3d21ceea003f	\N
           	366	ar	26376ac5-44bd-4594-a676-37ce3ecabdcb	\N
               .	367	ar	b48d5346-477c-4148-8845-4433f699f59d	\N
      	368	ar	57643e10-1e06-481c-b0ca-d4ac76af8623	\N
      	369	ar	1ffd4343-196a-476e-8722-5a49dcbfa93f	\N
           	370	ar	c9b193c3-4405-4e14-8e58-3bc0104c96fa	\N
               .	371	ar	0472add0-489c-43c0-81e8-5ce691ac9e1c	\N
      	372	ar	3a3fed46-88ec-4840-80e0-4354f6b711be	\N
      	373	ar	8cda4d32-4b32-4e4a-afb4-a1a4c21937e5	\N
           	374	ar	53e9ca3a-3f58-47f5-8806-58d0b36e0ffd	\N
               .	375	ar	d8c81aa9-65bc-4bf8-9f57-be3d1e3f527b	\N
      	376	ar	9bc71b9a-5aff-42d7-8e93-d0363cadadba	\N
      	377	ar	17a92c3b-6f76-4aee-bc12-63e079e5baf3	\N
           	378	ar	27cb0f7e-f2d6-425e-bafa-89d30daadf58	\N
               .	383	ar	0fdb640a-8cf0-49eb-af04-cc6c78b090c4	\N
   (GMV)        .	384	ar	f2279219-ecd4-40cb-8886-99c10f214d46	\N
      	385	ar	7b22c4b0-eae0-4b36-be5e-3083a0639134	\N
           	386	ar	8f84748b-557f-4e91-a4d2-036fd4ae6fde	\N
               .	387	ar	d59e85df-ec99-4cb2-823d-bdaef65f400e	\N
   (GMV)        .	388	ar	0dd2ed08-eeb1-4ad6-b1a1-0e1d011e7085	\N
      	389	ar	8d297cbd-19e9-4f3b-a085-e62c7474acfb	\N
           	390	ar	e7dcd130-bfe5-47f9-949d-da8f0efaf25a	\N
               .	399	ar	23d7a2e7-400b-4bbd-9b11-e218573e31fe	\N
   (GMV)        .	400	ar	d86e658b-87d9-42e0-9425-33c3ef1a5252	\N
              	401	ar	a0da4058-2e03-4f0e-8714-36bd97f11090	\N
           	402	ar	c9a64661-87f7-43a2-892a-ca6c77669fab	\N
               .	403	ar	55418866-93f0-4649-a17d-dd581d69d3fe	\N
   (GMV)        .	404	ar	2b8e757e-4f0d-464a-a175-c540921e6bb4	\N
              	405	ar	55983b7f-56a7-40ab-bb3c-d8f68b3dfdfc	\N
   (GMV)        .	449	ar	3278194c-e05c-4fa9-8677-95e772b67c27	\N
              	450	ar	451b13d5-c780-4093-9789-cb53db90505c	\N
               .	466	ar	bbf3df76-7d4c-4d9b-bf86-aef2df86074e	\N
   (GMV)        .	467	ar	3642015b-a9f6-4c04-bac3-bd4c4b443004	\N
              	468	ar	564e8946-f2a0-4d28-821e-cb20c739c6a2	\N
               .	544	ar	9b9e35fc-e821-4416-bc22-efdfe6c5362a	\N
   (GMV)        .	545	ar	f76b9059-2fe6-4232-8d72-52c5edc8dacd	\N
              	546	ar	cfb841b6-786f-4d5a-b0a4-b0c01438a3ed	\N
               .	556	ar	d673d56d-d07f-4650-a572-b77a9da76fba	\N
   (GMV)        .	557	ar	6087e9fd-4f11-4abf-8de8-3282012a047b	\N
              	558	ar	3c034f26-5bb3-460a-9132-0037f7cc595b	\N
               .	559	ar	6b374c31-dea6-4a11-9e52-d88eef1a5d0f	\N
   (GMV)        .	560	ar	5baa6274-ce38-41ea-b168-2a2780b591f9	\N
              	561	ar	850f31d8-c7e6-432a-aa32-1801c0136fcc	\N
               .	547	ar	f6e399ac-a23d-4aa9-9529-7ff4493cb614	\N
   (GMV)        .	548	ar	c48583ec-72e4-4945-9594-94263f69e883	\N
              	549	ar	1ffe66f5-d43d-4c0e-92cf-87b01bd9439f	\N
               .	469	ar	25cc19bb-ec89-44eb-aa8d-5a8b027ce6e9	\N
   (GMV)        .	470	ar	bf57907b-54c5-4a4c-a3b1-1eb991358f25	\N
              	471	ar	2efc6d6d-8f09-4f1d-b177-2417738e25e3	\N
\.


--
-- Data for Name: _metricsBlock_v_table_headers; Type: TABLE DATA; Schema: public; Owner: -
--

COPY "public"."_metricsBlock_v_table_headers" ("_order", "_parent_id", "_locale", "id", "header", "width", "_uuid") FROM stdin;
\.


--
-- Data for Name: _metricsBlock_v_table_rows; Type: TABLE DATA; Schema: public; Owner: -
--

COPY "public"."_metricsBlock_v_table_rows" ("_order", "_parent_id", "_locale", "id", "is_expandable", "_uuid") FROM stdin;
\.


--
-- Data for Name: _metricsBlock_v_table_rows_cells; Type: TABLE DATA; Schema: public; Owner: -
--

COPY "public"."_metricsBlock_v_table_rows_cells" ("_order", "_parent_id", "_locale", "id", "content", "is_header", "_uuid") FROM stdin;
\.


--
-- Data for Name: _metricsBlock_v_table_rows_children; Type: TABLE DATA; Schema: public; Owner: -
--

COPY "public"."_metricsBlock_v_table_rows_children" ("_order", "_parent_id", "_locale", "id", "_uuid") FROM stdin;
\.


--
-- Data for Name: _metricsBlock_v_table_rows_children_cells; Type: TABLE DATA; Schema: public; Owner: -
--

COPY "public"."_metricsBlock_v_table_rows_children_cells" ("_order", "_parent_id", "_locale", "id", "content", "_uuid") FROM stdin;
\.


--
-- Data for Name: _pages_v; Type: TABLE DATA; Schema: public; Owner: -
--

COPY "public"."_pages_v" ("id", "parent_id", "version_title", "version_hero_type", "version_hero_badge_type", "version_hero_badge_color", "version_hero_badge_icon", "version_hero_badge_icon_position", "version_hero_caption", "version_published_at", "version_slug", "version_slug_lock", "version_updated_at", "version_created_at", "version__status", "created_at", "updated_at", "snapshot", "published_locale", "latest", "autosave", "version_hero_list_style") FROM stdin;
bf44ecdc-b752-4d40-98af-9a8196b52040	e2c88328-cc74-46c9-aabd-7e7c2f92d013	\N	lowImpact	\N	blue	\N	flex-row	\N	\N	\N	t	2025-07-28 04:37:29.424+00	2025-07-28 04:37:29.274+00	draft	2025-07-28 04:37:29.946+00	2025-07-28 04:37:29.946+00	\N	\N	f	f	bullet
475931ac-474c-47ac-a1ba-e14920a6ebb8	a14442b0-9282-4efc-9df0-51d6374608d8	home	highImpact	\N	blue	\N	flex-row	\N	2025-07-27 20:53:08.677+00	home	t	2025-08-03 08:08:12.243+00	2025-07-27 20:48:06.623+00	published	2025-08-03 08:08:16.471+00	2025-08-03 08:08:16.474+00	\N	\N	f	f	icons
01fe3f95-b2e0-4adc-8e06-a37200de75b3	a14442b0-9282-4efc-9df0-51d6374608d8	home	highImpact	\N	blue	\N	flex-row	\N	2025-07-27 20:53:08.677+00	home	t	2025-08-01 21:47:50.706+00	2025-07-27 20:48:06.623+00	published	2025-08-01 21:47:54.043+00	2025-08-01 21:47:54.045+00	\N	\N	f	f	bullet
b8a5a99b-2195-4066-a86c-95aa63c90330	a14442b0-9282-4efc-9df0-51d6374608d8	home	highImpact	\N	blue	\N	flex-row	\N	2025-07-27 20:53:08.677+00	home	t	2025-07-27 22:04:16.112+00	2025-07-27 20:48:06.623+00	draft	2025-07-27 22:04:16.112+00	2025-07-27 22:04:16.114+00	\N	\N	f	f	bullet
deefcd27-f08b-46fa-8843-0703ff59e6cc	a14442b0-9282-4efc-9df0-51d6374608d8	home	highImpact	\N	blue	\N	flex-row	\N	2025-07-27 20:53:08.677+00	home	t	2025-07-27 22:02:50.622+00	2025-07-27 20:48:06.623+00	draft	2025-07-27 22:02:50.622+00	2025-07-27 22:02:50.624+00	\N	\N	f	f	bullet
41c60df7-54ab-4683-8983-1204117e7975	a14442b0-9282-4efc-9df0-51d6374608d8	home	highImpact	\N	blue	\N	flex-row	\N	2025-07-27 20:53:08.677+00	home	t	2025-07-27 22:01:54.131+00	2025-07-27 20:48:06.623+00	draft	2025-07-27 21:45:46.369+00	2025-07-27 22:01:54.253+00	\N	\N	f	t	bullet
e534ac8f-d8b4-4fc4-b77d-febb04366632	a14442b0-9282-4efc-9df0-51d6374608d8	home	highImpact	\N	blue	\N	flex-row	\N	2025-07-27 20:53:08.677+00	home	t	2025-07-27 21:45:15.21+00	2025-07-27 20:48:06.623+00	draft	2025-07-27 21:45:15.21+00	2025-07-27 21:45:15.215+00	\N	\N	f	f	bullet
5d7acef8-c5c7-41df-b43a-b0a7019f4c57	a14442b0-9282-4efc-9df0-51d6374608d8	home	highImpact	\N	blue	\N	flex-row	\N	2025-07-27 20:53:08.677+00	home	t	2025-07-27 21:40:37.661+00	2025-07-27 20:48:06.623+00	draft	2025-07-27 21:40:37.661+00	2025-07-27 21:40:37.663+00	\N	\N	f	f	bullet
be9c7e75-dc9a-4619-8a8e-5ef58c098864	a14442b0-9282-4efc-9df0-51d6374608d8	home	highImpact	\N	blue	\N	flex-row	\N	2025-07-27 20:53:08.677+00	home	t	2025-08-03 08:08:07.625+00	2025-07-27 20:48:06.623+00	draft	2025-08-03 07:46:10.005+00	2025-08-03 08:08:07.769+00	\N	\N	f	t	icons
bc46ad15-d597-4471-8111-07e803be8f94	a14442b0-9282-4efc-9df0-51d6374608d8	\N	lowImpact	\N	blue	\N	flex-row	\N	\N	\N	t	2025-07-27 20:48:06.767+00	2025-07-27 20:48:06.623+00	draft	2025-07-27 20:48:07.29+00	2025-07-27 20:48:07.291+00	\N	\N	f	f	bullet
99bd2e73-564f-485c-9ff6-4421e9090e2a	a14442b0-9282-4efc-9df0-51d6374608d8	home	highImpact	\N	blue	\N	flex-row	\N	2025-07-27 20:53:08.677+00	home	t	2025-08-16 08:53:14.808+00	2025-07-27 20:48:06.623+00	draft	2025-08-16 08:52:35.169+00	2025-08-16 08:53:15.149+00	\N	\N	f	t	icons
9faf6e5f-3f02-41dc-90ca-2facbefcb29b	742d2308-808d-4f0e-91f2-03d18be57d5c	about	mediumImpact	label	gray	\N	flex-row	\N	2025-07-27 21:55:39.98+00	about	t	2025-08-03 10:36:16.209+00	2025-07-27 21:36:21.924+00	published	2025-08-03 10:36:19.965+00	2025-08-03 10:36:19.966+00	\N	\N	t	f	bullet
5a14f13d-26a1-40fe-af37-216b5bd0fe17	742d2308-808d-4f0e-91f2-03d18be57d5c	about	mediumImpact	label	gray	\N	flex-row	\N	2025-07-27 21:55:39.98+00	about	t	2025-08-01 22:30:42.537+00	2025-07-27 21:36:21.924+00	published	2025-08-01 22:30:46.461+00	2025-08-01 22:30:46.466+00	\N	\N	f	f	bullet
5cf29f02-25c3-4b24-b574-1aadab774686	742d2308-808d-4f0e-91f2-03d18be57d5c	about	mediumImpact	label	gray	\N	flex-row	\N	2025-07-27 21:55:39.98+00	about	t	2025-08-01 22:30:38.624+00	2025-07-27 21:36:21.924+00	draft	2025-08-01 22:28:24.261+00	2025-08-01 22:30:38.738+00	\N	\N	f	t	bullet
7cb3435f-1591-4a85-9538-1a329412829b	742d2308-808d-4f0e-91f2-03d18be57d5c	about	mediumImpact	label	gray	\N	flex-row	\N	2025-07-27 21:55:39.98+00	about	t	2025-08-01 21:42:29.981+00	2025-07-27 21:36:21.924+00	published	2025-08-01 21:42:33.567+00	2025-08-01 21:42:33.568+00	\N	\N	f	f	bullet
0f74cab3-d27d-472e-b2eb-35ab19e69c72	742d2308-808d-4f0e-91f2-03d18be57d5c	about	mediumImpact	label	gray	\N	flex-row	\N	2025-07-27 21:55:39.98+00	about	t	2025-08-01 21:38:23.534+00	2025-07-27 21:36:21.924+00	draft	2025-08-01 21:38:23.534+00	2025-08-01 21:38:23.536+00	\N	\N	f	f	bullet
8a100411-d7e9-4035-bcda-bb9916e0c4ff	742d2308-808d-4f0e-91f2-03d18be57d5c	about	mediumImpact	label	gray	\N	flex-row	\N	2025-07-27 21:55:39.98+00	about	t	2025-08-01 21:37:52.854+00	2025-07-27 21:36:21.924+00	draft	2025-08-01 21:37:52.854+00	2025-08-01 21:37:52.856+00	\N	\N	f	f	bullet
90cf9707-369c-4799-8aa5-8c6eeab55ba2	742d2308-808d-4f0e-91f2-03d18be57d5c	about	mediumImpact	label	gray	\N	flex-row	\N	2025-07-27 21:55:39.98+00	about	t	2025-08-01 21:37:42.49+00	2025-07-27 21:36:21.924+00	draft	2025-08-01 21:37:42.49+00	2025-08-01 21:37:42.492+00	\N	\N	f	f	bullet
c20c2c0b-4fa6-45f3-acb3-34e06f115342	742d2308-808d-4f0e-91f2-03d18be57d5c	about	mediumImpact	label	gray	\N	flex-row	\N	2025-07-27 21:55:39.98+00	about	t	2025-08-01 21:37:36.073+00	2025-07-27 21:36:21.924+00	draft	2025-08-01 21:32:11.769+00	2025-08-01 21:37:36.208+00	\N	\N	f	t	bullet
a97e39c7-1ff9-4ab6-8ff7-a5a7fe85b1ca	742d2308-808d-4f0e-91f2-03d18be57d5c	about	mediumImpact	label	gray	\N	flex-row	\N	2025-07-27 21:55:39.98+00	about	t	2025-07-28 13:14:28.168+00	2025-07-27 21:36:21.924+00	published	2025-07-28 13:14:31.825+00	2025-07-28 13:14:31.827+00	\N	\N	f	f	bullet
66191476-6739-46e9-832b-99f58a05dcee	742d2308-808d-4f0e-91f2-03d18be57d5c	about	mediumImpact	label	gray	\N	flex-row	\N	2025-07-27 21:55:39.98+00	about	t	2025-07-28 13:14:22.07+00	2025-07-27 21:36:21.924+00	draft	2025-07-28 13:14:22.07+00	2025-07-28 13:14:22.208+00	\N	\N	f	t	bullet
f99ec098-a847-4647-872b-781d5d8abf92	742d2308-808d-4f0e-91f2-03d18be57d5c	about	mediumImpact	label	gray	\N	flex-row	\N	2025-07-27 21:55:39.98+00	about	t	2025-07-27 22:49:57.47+00	2025-07-27 21:36:21.924+00	published	2025-07-27 22:50:00.728+00	2025-07-27 22:50:00.73+00	\N	\N	f	f	bullet
eb75a85f-8a75-4ada-b510-fbd186ded5fd	742d2308-808d-4f0e-91f2-03d18be57d5c	about	mediumImpact	label	gray	\N	flex-row	\N	2025-07-27 21:55:39.98+00	about	t	2025-07-27 22:43:52.284+00	2025-07-27 21:36:21.924+00	draft	2025-07-27 21:37:57.541+00	2025-07-27 22:43:52.422+00	\N	\N	f	t	bullet
16fdc303-814a-4b89-aa3a-e7bf647df635	742d2308-808d-4f0e-91f2-03d18be57d5c	\N	lowImpact	\N	blue	\N	flex-row	\N	\N	\N	t	2025-07-27 21:36:50.459+00	2025-07-27 21:36:21.924+00	draft	2025-07-27 21:36:52.173+00	2025-07-27 21:36:52.174+00	\N	\N	f	f	bullet
50ab6bc6-7eb9-4e97-98f4-4e27d6d699ef	742d2308-808d-4f0e-91f2-03d18be57d5c	about	mediumImpact	label	gray	\N	flex-row	\N	2025-07-27 21:55:39.98+00	about	t	2025-08-03 10:36:01.991+00	2025-07-27 21:36:21.924+00	draft	2025-08-03 10:35:47.488+00	2025-08-03 10:36:02.217+00	\N	\N	f	t	bullet
1e3d46fa-61b7-41fd-911c-46d1119016a1	e2c88328-cc74-46c9-aabd-7e7c2f92d013	blog	mediumImpact	\N	blue	\N	flex-row	\N	2025-07-28 04:38:21.68+00	blog	t	2025-07-28 04:38:21.693+00	2025-07-28 04:37:29.274+00	published	2025-07-28 04:38:23.721+00	2025-07-28 04:38:23.722+00	\N	\N	t	f	bullet
141da744-820e-4f89-95f2-db68ef29930a	e2c88328-cc74-46c9-aabd-7e7c2f92d013	blog	mediumImpact	\N	blue	\N	flex-row	\N	2025-07-28 04:38:19.709+00	blog	t	2025-07-28 04:38:19.71+00	2025-07-28 04:37:29.274+00	draft	2025-07-28 04:37:35.1+00	2025-07-28 04:38:19.854+00	\N	\N	f	t	bullet
2522dd02-3c88-4d0f-8f54-000c6331c042	742d2308-808d-4f0e-91f2-03d18be57d5c	about	mediumImpact	label	gray	\N	flex-row	\N	2025-07-27 21:55:39.98+00	about	t	2025-08-01 21:38:42.201+00	2025-07-27 21:36:21.924+00	draft	2025-08-01 21:38:42.201+00	2025-08-01 21:38:42.203+00	\N	\N	f	f	bullet
c93e6899-deb6-44f3-a367-f01466a9d3d8	742d2308-808d-4f0e-91f2-03d18be57d5c	about	mediumImpact	label	gray	\N	flex-row	\N	2025-07-27 21:55:39.98+00	about	t	2025-07-27 22:50:43.498+00	2025-07-27 21:36:21.924+00	draft	2025-07-27 22:50:09.64+00	2025-07-27 22:50:43.623+00	\N	\N	f	t	bullet
0184009f-30c7-4a91-970a-e632fdc5dd41	742d2308-808d-4f0e-91f2-03d18be57d5c	about	mediumImpact	label	gray	\N	flex-row	\N	2025-07-27 21:55:39.98+00	about	t	2025-07-28 00:22:52.613+00	2025-07-27 21:36:21.924+00	draft	2025-07-28 00:22:36.752+00	2025-07-28 00:22:52.764+00	\N	\N	f	t	bullet
57ff426a-9250-4471-94f7-2ce9173606fa	742d2308-808d-4f0e-91f2-03d18be57d5c	about	mediumImpact	label	gray	\N	flex-row	\N	2025-07-27 21:55:39.98+00	about	t	2025-08-01 21:37:50.056+00	2025-07-27 21:36:21.924+00	draft	2025-08-01 21:37:50.056+00	2025-08-01 21:37:50.193+00	\N	\N	f	t	bullet
c21624fa-2468-4a75-81c3-2e915c43ea04	742d2308-808d-4f0e-91f2-03d18be57d5c	about	mediumImpact	label	gray	\N	flex-row	\N	2025-07-27 21:55:39.98+00	about	t	2025-07-28 04:41:44.925+00	2025-07-27 21:36:21.924+00	published	2025-07-28 04:41:48.532+00	2025-07-28 04:41:48.533+00	\N	\N	f	f	bullet
f223e689-6799-47bf-8a55-75f2d2a07e4b	742d2308-808d-4f0e-91f2-03d18be57d5c	about	mediumImpact	label	gray	\N	flex-row	\N	2025-07-27 21:55:39.98+00	about	t	2025-07-28 00:25:01.074+00	2025-07-27 21:36:21.924+00	published	2025-07-28 00:25:04.724+00	2025-07-28 00:25:04.727+00	\N	\N	f	f	bullet
063f8a38-1c45-4ae7-acd1-5a2a877fff5f	a14442b0-9282-4efc-9df0-51d6374608d8	home	highImpact	\N	blue	\N	flex-row	\N	2025-07-27 20:53:08.677+00	home	t	2025-08-16 08:53:30.284+00	2025-07-27 20:48:06.623+00	published	2025-08-16 08:53:34.579+00	2025-08-16 08:53:34.581+00	\N	\N	t	f	icons
df9022a7-63b1-4017-b716-518f2d69d9c2	a14442b0-9282-4efc-9df0-51d6374608d8	home	highImpact	\N	blue	\N	flex-row	\N	2025-07-27 20:53:08.677+00	home	t	2025-08-03 08:11:33.424+00	2025-07-27 20:48:06.623+00	draft	2025-08-03 08:11:33.424+00	2025-08-03 08:11:33.593+00	\N	\N	f	t	icons
67aa8e57-e509-4c57-b165-2c5bfd47d94f	a14442b0-9282-4efc-9df0-51d6374608d8	home	highImpact	\N	blue	\N	flex-row	\N	2025-07-27 20:53:08.677+00	home	t	2025-08-02 21:03:08.952+00	2025-07-27 20:48:06.623+00	published	2025-08-02 21:03:12.452+00	2025-08-02 21:03:12.465+00	\N	\N	f	f	bullet
bf780b52-7054-4988-a733-0d397f0f0b3a	a14442b0-9282-4efc-9df0-51d6374608d8	home	highImpact	\N	blue	\N	flex-row	\N	2025-07-27 20:53:08.677+00	home	t	2025-07-27 21:39:16.333+00	2025-07-27 20:48:06.623+00	draft	2025-07-27 21:39:16.333+00	2025-07-27 21:39:16.334+00	\N	\N	f	f	bullet
3b7333a2-daa5-498c-88e2-379fe5c31d7b	a14442b0-9282-4efc-9df0-51d6374608d8	home	highImpact	\N	blue	\N	flex-row	\N	2025-07-27 20:53:08.677+00	home	t	2025-08-02 21:02:51.257+00	2025-07-27 20:48:06.623+00	draft	2025-08-02 21:02:51.257+00	2025-08-02 21:02:51.434+00	\N	\N	f	t	bullet
70b04d51-b412-4e9d-95a4-7bf9fdd2a1c1	a14442b0-9282-4efc-9df0-51d6374608d8	home	highImpact	\N	blue	\N	flex-row	\N	2025-07-27 20:53:08.677+00	home	t	2025-07-28 02:05:13.11+00	2025-07-27 20:48:06.623+00	published	2025-07-28 02:05:16.507+00	2025-07-28 02:05:16.509+00	\N	\N	f	f	bullet
abeae401-02ea-4a9d-bd80-73851afc2ffd	a14442b0-9282-4efc-9df0-51d6374608d8	home	highImpact	\N	blue	\N	flex-row	\N	2025-07-27 20:53:08.677+00	home	t	2025-07-28 01:59:10.379+00	2025-07-27 20:48:06.623+00	published	2025-07-28 01:59:13.897+00	2025-07-28 01:59:13.902+00	\N	\N	f	f	bullet
31b5ae11-e3c5-4e2b-b6a6-24aaabf8f28a	a14442b0-9282-4efc-9df0-51d6374608d8	home	highImpact	\N	blue	\N	flex-row	\N	2025-07-27 20:53:08.677+00	home	t	2025-07-27 21:07:23.349+00	2025-07-27 20:48:06.623+00	published	2025-07-27 21:07:25.787+00	2025-07-27 21:07:25.788+00	\N	\N	f	f	bullet
af90617d-cf5f-4812-afb8-2a0dfd9fdc12	a14442b0-9282-4efc-9df0-51d6374608d8	home	highImpact	\N	blue	\N	flex-row	\N	2025-07-27 20:53:08.677+00	home	t	2025-07-27 21:07:23.671+00	2025-07-27 20:48:06.623+00	draft	2025-07-27 20:48:50.154+00	2025-07-27 21:07:23.792+00	\N	\N	f	t	bullet
b8643aac-9e6d-40cb-960a-50219579096e	a14442b0-9282-4efc-9df0-51d6374608d8	home	highImpact	\N	blue	\N	flex-row	\N	2025-07-27 20:53:08.677+00	home	t	2025-07-27 21:39:12.881+00	2025-07-27 20:48:06.623+00	draft	2025-07-27 21:37:40.408+00	2025-07-27 21:39:13.005+00	\N	\N	f	t	bullet
1f91be73-fce5-4495-9619-5b10ba8b92c9	a14442b0-9282-4efc-9df0-51d6374608d8	home	highImpact	\N	blue	\N	flex-row	\N	2025-07-27 20:53:08.677+00	home	t	2025-07-27 21:44:47.725+00	2025-07-27 20:48:06.623+00	draft	2025-07-27 21:39:17.826+00	2025-07-27 21:44:47.859+00	\N	\N	f	t	bullet
990afa8d-fbf0-4bab-9b6a-8cbfe7488ddc	a14442b0-9282-4efc-9df0-51d6374608d8	home	highImpact	\N	blue	\N	flex-row	\N	2025-07-27 20:53:08.677+00	home	t	2025-07-28 02:05:06.42+00	2025-07-27 20:48:06.623+00	draft	2025-07-28 02:04:59.858+00	2025-07-28 02:05:06.565+00	\N	\N	f	t	bullet
57af9290-93a8-46d6-8475-65260fba9301	a14442b0-9282-4efc-9df0-51d6374608d8	home	highImpact	\N	blue	\N	flex-row	\N	2025-07-27 20:53:08.677+00	home	t	2025-08-03 08:11:39.402+00	2025-07-27 20:48:06.623+00	published	2025-08-03 08:11:43.243+00	2025-08-03 08:11:43.245+00	\N	\N	f	f	icons
191829da-fed4-4378-835d-355bb725534e	a14442b0-9282-4efc-9df0-51d6374608d8	home	highImpact	\N	blue	\N	flex-row	\N	2025-07-27 20:53:08.677+00	home	t	2025-08-01 21:45:05.745+00	2025-07-27 20:48:06.623+00	draft	2025-08-01 21:44:56.358+00	2025-08-01 21:45:05.915+00	\N	\N	f	t	bullet
9f09b6d6-5dd1-4b72-b23f-90cd5c745e61	a14442b0-9282-4efc-9df0-51d6374608d8	home	highImpact	\N	blue	\N	flex-row	\N	2025-07-27 20:53:08.677+00	home	t	2025-08-01 21:45:04.748+00	2025-07-27 20:48:06.623+00	published	2025-08-01 21:45:08.276+00	2025-08-01 21:45:08.278+00	\N	\N	f	f	bullet
96a690f0-6b75-40a2-bc6b-94e17419a077	a14442b0-9282-4efc-9df0-51d6374608d8	home	highImpact	\N	blue	\N	flex-row	\N	2025-07-27 20:53:08.677+00	home	t	2025-07-27 21:36:05.978+00	2025-07-27 20:48:06.623+00	draft	2025-07-27 21:36:05.978+00	2025-07-27 21:36:05.981+00	\N	\N	f	f	bullet
ec2f0054-a44a-4dfe-b38c-2280a621a0df	a14442b0-9282-4efc-9df0-51d6374608d8	home	highImpact	\N	blue	\N	flex-row	\N	2025-07-27 20:53:08.677+00	home	t	2025-07-27 21:35:16.994+00	2025-07-27 20:48:06.623+00	published	2025-07-27 21:35:27.622+00	2025-07-27 21:35:27.625+00	\N	\N	f	f	bullet
4389a3c7-2b44-4dda-b26c-b3db9aa06ea8	a14442b0-9282-4efc-9df0-51d6374608d8	home	highImpact	\N	blue	\N	flex-row	\N	2025-07-27 20:53:08.677+00	home	t	2025-07-27 21:34:27.615+00	2025-07-27 20:48:06.623+00	draft	2025-07-27 21:27:40.895+00	2025-07-27 21:34:27.738+00	\N	\N	f	t	bullet
1aa29553-e446-407b-b3c0-5c37067f4c85	a14442b0-9282-4efc-9df0-51d6374608d8	home	highImpact	\N	blue	\N	flex-row	\N	2025-07-27 20:53:08.677+00	home	t	2025-07-27 21:27:00.235+00	2025-07-27 20:48:06.623+00	draft	2025-07-27 21:27:00.235+00	2025-07-27 21:27:00.237+00	\N	\N	f	f	bullet
b710c38f-af35-4722-9c8f-279f18021757	a14442b0-9282-4efc-9df0-51d6374608d8	home	highImpact	\N	blue	\N	flex-row	\N	2025-07-27 20:53:08.677+00	home	t	2025-07-27 22:04:13.495+00	2025-07-27 20:48:06.623+00	draft	2025-07-27 22:04:04.679+00	2025-07-27 22:04:13.618+00	\N	\N	f	t	bullet
df25eab2-1f33-408c-930f-d845fabe2a9a	a14442b0-9282-4efc-9df0-51d6374608d8	home	highImpact	\N	blue	\N	flex-row	\N	2025-07-27 20:53:08.677+00	home	t	2025-07-27 21:26:48.148+00	2025-07-27 20:48:06.623+00	draft	2025-07-27 21:07:27.966+00	2025-07-27 21:26:48.295+00	\N	\N	f	t	bullet
39ed86c1-7622-472a-a921-06def66d1ca6	742d2308-808d-4f0e-91f2-03d18be57d5c	about	mediumImpact	label	gray	\N	flex-row	\N	2025-07-27 21:55:39.98+00	about	t	2025-08-01 21:42:29.071+00	2025-07-27 21:36:21.924+00	draft	2025-08-01 21:41:46.251+00	2025-08-01 21:42:29.2+00	\N	\N	f	t	bullet
dbf959bb-8af9-427b-9320-f4aeb0536d2c	742d2308-808d-4f0e-91f2-03d18be57d5c	about	mediumImpact	label	gray	\N	flex-row	\N	2025-07-27 21:55:39.98+00	about	t	2025-08-01 21:41:20.867+00	2025-07-27 21:36:21.924+00	published	2025-08-01 21:41:24.54+00	2025-08-01 21:41:24.541+00	\N	\N	f	f	bullet
274a0b43-8c00-4a28-aa9e-f2d70144f72e	742d2308-808d-4f0e-91f2-03d18be57d5c	about	mediumImpact	label	gray	\N	flex-row	\N	2025-07-27 21:55:39.98+00	about	t	2025-08-01 21:41:13.468+00	2025-07-27 21:36:21.924+00	draft	2025-08-01 21:41:13.468+00	2025-08-01 21:41:13.47+00	\N	\N	f	f	bullet
0326068d-5498-4884-9909-417a1e302c9b	742d2308-808d-4f0e-91f2-03d18be57d5c	about	mediumImpact	label	gray	\N	flex-row	\N	2025-07-27 21:55:39.98+00	about	t	2025-07-27 22:50:47.448+00	2025-07-27 21:36:21.924+00	published	2025-07-27 22:50:51.283+00	2025-07-27 22:50:51.285+00	\N	\N	f	f	bullet
b131c47a-ae81-4501-9cfc-d34c5970d09e	742d2308-808d-4f0e-91f2-03d18be57d5c	about	mediumImpact	label	gray	\N	flex-row	\N	2025-07-27 21:55:39.98+00	about	t	2025-07-27 22:43:53.927+00	2025-07-27 21:36:21.924+00	published	2025-07-27 22:43:56.738+00	2025-07-27 22:43:56.739+00	\N	\N	f	f	bullet
76c86155-458d-4f2c-826b-7eef3e448239	742d2308-808d-4f0e-91f2-03d18be57d5c	about	mediumImpact	label	gray	\N	flex-row	\N	2025-07-27 21:55:39.98+00	about	t	2025-07-27 22:49:51.226+00	2025-07-27 21:36:21.924+00	draft	2025-07-27 22:44:55.556+00	2025-07-27 22:49:51.365+00	\N	\N	f	t	bullet
c3e0ac67-68ff-45a0-a95f-0bae5b004b85	742d2308-808d-4f0e-91f2-03d18be57d5c	about	mediumImpact	label	gray	\N	flex-row	\N	2025-07-27 21:55:39.98+00	about	t	2025-08-01 21:38:37.044+00	2025-07-27 21:36:21.924+00	draft	2025-08-01 21:38:26.096+00	2025-08-01 21:38:37.181+00	\N	\N	f	t	bullet
5daad5c5-875d-4b1a-a149-104e6386d7e1	742d2308-808d-4f0e-91f2-03d18be57d5c	about	mediumImpact	label	gray	\N	flex-row	\N	2025-07-27 21:55:39.98+00	about	t	2025-07-28 04:41:27.942+00	2025-07-27 21:36:21.924+00	draft	2025-07-28 04:40:36.157+00	2025-07-28 04:41:28.089+00	\N	\N	f	t	bullet
42c8f4e2-6b54-4c96-9da9-672741e82033	742d2308-808d-4f0e-91f2-03d18be57d5c	about	mediumImpact	label	gray	\N	flex-row	\N	2025-07-27 21:55:39.98+00	about	t	2025-08-01 21:38:19.609+00	2025-07-27 21:36:21.924+00	draft	2025-08-01 21:38:14.072+00	2025-08-01 21:38:19.768+00	\N	\N	f	t	bullet
9907622f-51f6-4107-b865-5f8fa357f96c	742d2308-808d-4f0e-91f2-03d18be57d5c	about	mediumImpact	label	gray	\N	flex-row	\N	2025-07-27 21:55:39.98+00	about	t	2025-08-01 21:41:09.512+00	2025-07-27 21:36:21.924+00	draft	2025-08-01 21:38:44.481+00	2025-08-01 21:41:09.658+00	\N	\N	f	t	bullet
\.


--
-- Data for Name: _pages_v_locales; Type: TABLE DATA; Schema: public; Owner: -
--

COPY "public"."_pages_v_locales" ("version_hero_badge_label", "version_hero_rich_text", "version_hero_media_desktop_light_id", "version_hero_media_desktop_dark_id", "version_hero_logos_headline", "version_meta_title", "version_meta_image_id", "version_meta_description", "id", "_locale", "_parent_id", "version_hero_media_mobile_light_id", "version_hero_media_mobile_dark_id", "version_disable_page") FROM stdin;
\N	\N	\N	\N	\N	\N	\N	\N	2	ar	bc46ad15-d597-4471-8111-07e803be8f94	\N	\N	f
 	{"root": {"type": "root", "format": "", "indent": 0, "version": 1, "children": [{"tag": "h1", "type": "heading", "format": "", "indent": 0, "version": 1, "children": [{"mode": "normal", "text": "        ", "type": "text", "style": "", "detail": 0, "format": 0, "version": 1}], "direction": "rtl"}, {"type": "paragraph", "format": "", "indent": 0, "version": 1, "children": [{"mode": "normal", "text": "      .                         .", "type": "text", "style": "", "detail": 0, "format": 0, "version": 1}], "direction": "rtl", "textStyle": "", "textFormat": 0}, {"type": "paragraph", "format": "", "indent": 0, "version": 1, "children": [{"mode": "normal", "text": "          ..                       .", "type": "text", "style": "", "detail": 0, "format": 0, "version": 1}], "direction": "rtl", "textStyle": "", "textFormat": 0}, {"type": "paragraph", "format": "", "indent": 0, "version": 1, "children": [{"mode": "normal", "text": "            .. ", "type": "text", "style": "", "detail": 0, "format": 0, "version": 1}], "direction": "rtl", "textStyle": "", "textFormat": 0}, {"type": "paragraph", "format": "", "indent": 0, "version": 1, "children": [{"mode": "normal", "text": "          ..               ", "type": "text", "style": "", "detail": 0, "format": 0, "version": 1}], "direction": "rtl", "textStyle": "", "textFormat": 0}], "direction": "rtl"}}	\N	\N	\N	        	\N	                     .	381	ar	39ed86c1-7622-472a-a921-06def66d1ca6	\N	\N	f
\N	{"root": {"type": "root", "format": "", "indent": 0, "version": 1, "children": [{"tag": "h1", "type": "heading", "format": "", "indent": 0, "version": 1, "children": [{"mode": "normal", "text": "    ", "type": "text", "style": "", "detail": 0, "format": 0, "version": 1}], "direction": "rtl"}, {"type": "paragraph", "format": "", "indent": 0, "version": 1, "children": [{"mode": "normal", "text": "                       ", "type": "text", "style": "", "detail": 0, "format": 0, "version": 1}], "direction": "rtl", "textStyle": "", "textFormat": 0}], "direction": "rtl"}}	5afde42d-6a3f-4d34-a6ba-6eca5caea614	\N	\N	        	\N	                     .	386	ar	9f09b6d6-5dd1-4b72-b23f-90cd5c745e61	\N	\N	f
\N	{"root": {"type": "root", "format": "", "indent": 0, "version": 1, "children": [{"tag": "h1", "type": "heading", "format": "", "indent": 0, "version": 1, "children": [{"mode": "normal", "text": "    ", "type": "text", "style": "", "detail": 0, "format": 0, "version": 1}], "direction": "rtl"}, {"type": "paragraph", "format": "", "indent": 0, "version": 1, "children": [{"mode": "normal", "text": "                       ", "type": "text", "style": "", "detail": 0, "format": 0, "version": 1}], "direction": "rtl", "textStyle": "", "textFormat": 0}], "direction": "rtl"}}	5afde42d-6a3f-4d34-a6ba-6eca5caea614	\N	\N	\N	\N	\N	93	ar	df25eab2-1f33-408c-930f-d845fabe2a9a	\N	\N	f
\N	{"root": {"type": "root", "format": "", "indent": 0, "version": 1, "children": [{"tag": "h1", "type": "heading", "format": "", "indent": 0, "version": 1, "children": [{"mode": "normal", "text": "    ", "type": "text", "style": "", "detail": 0, "format": 0, "version": 1}], "direction": "rtl"}, {"type": "paragraph", "format": "", "indent": 0, "version": 1, "children": [{"mode": "normal", "text": "                       ", "type": "text", "style": "", "detail": 0, "format": 0, "version": 1}], "direction": "rtl", "textStyle": "", "textFormat": 0}], "direction": "rtl"}}	5afde42d-6a3f-4d34-a6ba-6eca5caea614	\N	\N	\N	\N	\N	94	ar	1aa29553-e446-407b-b3c0-5c37067f4c85	\N	\N	f
\N	{"root": {"type": "root", "format": "", "indent": 0, "version": 1, "children": [{"tag": "h1", "type": "heading", "format": "", "indent": 0, "version": 1, "children": [{"mode": "normal", "text": "    ", "type": "text", "style": "", "detail": 0, "format": 0, "version": 1}], "direction": "rtl"}, {"type": "paragraph", "format": "", "indent": 0, "version": 1, "children": [{"mode": "normal", "text": "                       ", "type": "text", "style": "", "detail": 0, "format": 0, "version": 1}], "direction": "rtl", "textStyle": "", "textFormat": 0}], "direction": "rtl"}}	5afde42d-6a3f-4d34-a6ba-6eca5caea614	\N	\N	\N	\N	\N	225	ar	b710c38f-af35-4722-9c8f-279f18021757	\N	\N	f
\N	{"root": {"type": "root", "format": "", "indent": 0, "version": 1, "children": [{"tag": "h1", "type": "heading", "format": "", "indent": 0, "version": 1, "children": [{"mode": "normal", "text": "    ", "type": "text", "style": "", "detail": 0, "format": 0, "version": 1}], "direction": "rtl"}, {"type": "paragraph", "format": "", "indent": 0, "version": 1, "children": [{"mode": "normal", "text": "                       ", "type": "text", "style": "", "detail": 0, "format": 0, "version": 1}], "direction": "rtl", "textStyle": "", "textFormat": 0}], "direction": "rtl"}}	5afde42d-6a3f-4d34-a6ba-6eca5caea614	\N	\N	\N	\N	\N	148	ar	bf780b52-7054-4988-a733-0d397f0f0b3a	\N	\N	f
 	{"root": {"type": "root", "format": "", "indent": 0, "version": 1, "children": [{"tag": "h1", "type": "heading", "format": "", "indent": 0, "version": 1, "children": [{"mode": "normal", "text": "    .", "type": "text", "style": "", "detail": 0, "format": 0, "version": 1}], "direction": "rtl"}, {"type": "paragraph", "format": "", "indent": 0, "version": 1, "children": [{"mode": "normal", "text": "                            ", "type": "text", "style": "", "detail": 0, "format": 0, "version": 1}], "direction": "rtl", "textStyle": "", "textFormat": 0}], "direction": "rtl"}}	\N	\N	\N	\N	\N	\N	294	ar	76c86155-458d-4f2c-826b-7eef3e448239	\N	\N	f
\N	{"root": {"type": "root", "format": "", "indent": 0, "version": 1, "children": [{"tag": "h1", "type": "heading", "format": "", "indent": 0, "version": 1, "children": [{"mode": "normal", "text": "    ", "type": "text", "style": "", "detail": 0, "format": 0, "version": 1}], "direction": "rtl"}, {"type": "paragraph", "format": "", "indent": 0, "version": 1, "children": [{"mode": "normal", "text": "                       ", "type": "text", "style": "", "detail": 0, "format": 0, "version": 1}], "direction": "rtl", "textStyle": "", "textFormat": 0}], "direction": "rtl"}}	5afde42d-6a3f-4d34-a6ba-6eca5caea614	\N	\N	\N	\N	\N	124	ar	4389a3c7-2b44-4dda-b26c-b3db9aa06ea8	\N	\N	f
\N	{"root": {"type": "root", "format": "", "indent": 0, "version": 1, "children": [{"tag": "h1", "type": "heading", "format": "", "indent": 0, "version": 1, "children": [{"mode": "normal", "text": "    ", "type": "text", "style": "", "detail": 0, "format": 0, "version": 1}], "direction": "rtl"}, {"type": "paragraph", "format": "", "indent": 0, "version": 1, "children": [{"mode": "normal", "text": "                       ", "type": "text", "style": "", "detail": 0, "format": 0, "version": 1}], "direction": "rtl", "textStyle": "", "textFormat": 0}], "direction": "rtl"}}	5afde42d-6a3f-4d34-a6ba-6eca5caea614	\N	\N	\N	\N	\N	125	ar	ec2f0054-a44a-4dfe-b38c-2280a621a0df	\N	\N	f
\N	{"root": {"type": "root", "format": "", "indent": 0, "version": 1, "children": [{"tag": "h1", "type": "heading", "format": "", "indent": 0, "version": 1, "children": [{"mode": "normal", "text": "    ", "type": "text", "style": "", "detail": 0, "format": 0, "version": 1}], "direction": "rtl"}, {"type": "paragraph", "format": "", "indent": 0, "version": 1, "children": [{"mode": "normal", "text": "                       ", "type": "text", "style": "", "detail": 0, "format": 0, "version": 1}], "direction": "rtl", "textStyle": "", "textFormat": 0}], "direction": "rtl"}}	5afde42d-6a3f-4d34-a6ba-6eca5caea614	\N	\N	\N	\N	\N	126	ar	96a690f0-6b75-40a2-bc6b-94e17419a077	\N	\N	f
\N	\N	\N	\N	\N	\N	\N	\N	127	ar	16fdc303-814a-4b89-aa3a-e7bf647df635	\N	\N	f
\N	{"root": {"type": "root", "format": "", "indent": 0, "version": 1, "children": [{"tag": "h1", "type": "heading", "format": "", "indent": 0, "version": 1, "children": [{"mode": "normal", "text": "    ", "type": "text", "style": "", "detail": 0, "format": 0, "version": 1}], "direction": "rtl"}, {"type": "paragraph", "format": "", "indent": 0, "version": 1, "children": [{"mode": "normal", "text": "                       ", "type": "text", "style": "", "detail": 0, "format": 0, "version": 1}], "direction": "rtl", "textStyle": "", "textFormat": 0}], "direction": "rtl"}}	5afde42d-6a3f-4d34-a6ba-6eca5caea614	\N	\N	\N	\N	\N	40	ar	af90617d-cf5f-4812-afb8-2a0dfd9fdc12	\N	\N	f
\N	{"root": {"type": "root", "format": "", "indent": 0, "version": 1, "children": [{"tag": "h1", "type": "heading", "format": "", "indent": 0, "version": 1, "children": [{"mode": "normal", "text": "    ", "type": "text", "style": "", "detail": 0, "format": 0, "version": 1}], "direction": "rtl"}, {"type": "paragraph", "format": "", "indent": 0, "version": 1, "children": [{"mode": "normal", "text": "                       ", "type": "text", "style": "", "detail": 0, "format": 0, "version": 1}], "direction": "rtl", "textStyle": "", "textFormat": 0}], "direction": "rtl"}}	5afde42d-6a3f-4d34-a6ba-6eca5caea614	\N	\N	\N	\N	\N	41	ar	31b5ae11-e3c5-4e2b-b6a6-24aaabf8f28a	\N	\N	f
 	{"root": {"type": "root", "format": "", "indent": 0, "version": 1, "children": [{"tag": "h1", "type": "heading", "format": "", "indent": 0, "version": 1, "children": [{"mode": "normal", "text": "    .", "type": "text", "style": "", "detail": 0, "format": 0, "version": 1}], "direction": "rtl"}, {"type": "paragraph", "format": "", "indent": 0, "version": 1, "children": [{"mode": "normal", "text": "                            ", "type": "text", "style": "", "detail": 0, "format": 0, "version": 1}], "direction": "rtl", "textStyle": "", "textFormat": 0}], "direction": "rtl"}}	\N	\N	\N	\N	\N	\N	295	ar	f99ec098-a847-4647-872b-781d5d8abf92	\N	\N	f
\N	{"root": {"type": "root", "format": "", "indent": 0, "version": 1, "children": [{"tag": "h1", "type": "heading", "format": "", "indent": 0, "version": 1, "children": [{"mode": "normal", "text": "    ", "type": "text", "style": "", "detail": 0, "format": 0, "version": 1}], "direction": "rtl"}, {"type": "paragraph", "format": "", "indent": 0, "version": 1, "children": [{"mode": "normal", "text": "                       ", "type": "text", "style": "", "detail": 0, "format": 0, "version": 1}], "direction": "rtl", "textStyle": "", "textFormat": 0}], "direction": "rtl"}}	5afde42d-6a3f-4d34-a6ba-6eca5caea614	\N	\N	\N	\N	\N	226	ar	b8a5a99b-2195-4066-a86c-95aa63c90330	\N	\N	f
\N	{"root": {"type": "root", "format": "", "indent": 0, "version": 1, "children": [{"tag": "h1", "type": "heading", "format": "", "indent": 0, "version": 1, "children": [{"mode": "normal", "text": "    ", "type": "text", "style": "", "detail": 0, "format": 0, "version": 1}], "direction": "rtl"}, {"type": "paragraph", "format": "", "indent": 0, "version": 1, "children": [{"mode": "normal", "text": "                       ", "type": "text", "style": "", "detail": 0, "format": 0, "version": 1}], "direction": "rtl", "textStyle": "", "textFormat": 0}], "direction": "rtl"}}	5afde42d-6a3f-4d34-a6ba-6eca5caea614	\N	\N	\N	\N	\N	147	ar	b8643aac-9e6d-40cb-960a-50219579096e	\N	\N	f
\N	{"root": {"type": "root", "format": "", "indent": 0, "version": 1, "children": [{"tag": "h1", "type": "heading", "format": "", "indent": 0, "version": 1, "children": [{"mode": "normal", "text": "    ", "type": "text", "style": "", "detail": 0, "format": 0, "version": 1}], "direction": "rtl"}, {"type": "paragraph", "format": "", "indent": 0, "version": 1, "children": [{"mode": "normal", "text": "                       ", "type": "text", "style": "", "detail": 0, "format": 0, "version": 1}], "direction": "rtl", "textStyle": "", "textFormat": 0}], "direction": "rtl"}}	5afde42d-6a3f-4d34-a6ba-6eca5caea614	\N	\N	\N	\N	\N	182	ar	1f91be73-fce5-4495-9619-5b10ba8b92c9	\N	\N	f
\N	{"root": {"type": "root", "format": "", "indent": 0, "version": 1, "children": [{"tag": "h1", "type": "heading", "format": "", "indent": 0, "version": 1, "children": [{"mode": "normal", "text": "    ", "type": "text", "style": "", "detail": 0, "format": 0, "version": 1}], "direction": "rtl"}, {"type": "paragraph", "format": "", "indent": 0, "version": 1, "children": [{"mode": "normal", "text": "                       ", "type": "text", "style": "", "detail": 0, "format": 0, "version": 1}], "direction": "rtl", "textStyle": "", "textFormat": 0}], "direction": "rtl"}}	5afde42d-6a3f-4d34-a6ba-6eca5caea614	\N	\N	\N	\N	\N	183	ar	e534ac8f-d8b4-4fc4-b77d-febb04366632	\N	\N	f
 	{"root": {"type": "root", "format": "", "indent": 0, "version": 1, "children": [{"tag": "h1", "type": "heading", "format": "", "indent": 0, "version": 1, "children": [{"mode": "normal", "text": "        ", "type": "text", "style": "", "detail": 0, "format": 0, "version": 1}], "direction": "rtl"}, {"type": "paragraph", "format": "", "indent": 0, "version": 1, "children": [{"mode": "normal", "text": "      .                         .", "type": "text", "style": "", "detail": 0, "format": 0, "version": 1}], "direction": "rtl", "textStyle": "", "textFormat": 0}, {"type": "paragraph", "format": "", "indent": 0, "version": 1, "children": [{"mode": "normal", "text": "          ..                       .", "type": "text", "style": "", "detail": 0, "format": 0, "version": 1}], "direction": "rtl", "textStyle": "", "textFormat": 0}, {"type": "paragraph", "format": "", "indent": 0, "version": 1, "children": [{"mode": "normal", "text": "            .. ", "type": "text", "style": "", "detail": 0, "format": 0, "version": 1}], "direction": "rtl", "textStyle": "", "textFormat": 0}, {"type": "paragraph", "format": "", "indent": 0, "version": 1, "children": [{"mode": "normal", "text": "          ..               ", "type": "text", "style": "", "detail": 0, "format": 0, "version": 1}], "direction": "rtl", "textStyle": "", "textFormat": 0}], "direction": "rtl"}}	\N	\N	\N	        	\N	                     .	382	ar	7cb3435f-1591-4a85-9538-1a329412829b	\N	\N	f
 	{"root": {"type": "root", "format": "", "indent": 0, "version": 1, "children": [{"tag": "h1", "type": "heading", "format": "", "indent": 0, "version": 1, "children": [{"mode": "normal", "text": "    .", "type": "text", "style": "", "detail": 0, "format": 0, "version": 1}], "direction": "rtl"}, {"type": "paragraph", "format": "", "indent": 0, "version": 1, "children": [{"mode": "normal", "text": "                            ", "type": "text", "style": "", "detail": 0, "format": 0, "version": 1}], "direction": "rtl", "textStyle": "", "textFormat": 0}], "direction": "rtl"}}	\N	\N	\N	\N	\N	\N	301	ar	c93e6899-deb6-44f3-a367-f01466a9d3d8	\N	\N	f
 	{"root": {"type": "root", "format": "", "indent": 0, "version": 1, "children": [{"tag": "h1", "type": "heading", "format": "", "indent": 0, "version": 1, "children": [{"mode": "normal", "text": "    .", "type": "text", "style": "", "detail": 0, "format": 0, "version": 1}], "direction": "rtl"}, {"type": "paragraph", "format": "", "indent": 0, "version": 1, "children": [{"mode": "normal", "text": "                            ", "type": "text", "style": "", "detail": 0, "format": 0, "version": 1}], "direction": "rtl", "textStyle": "", "textFormat": 0}], "direction": "rtl"}}	\N	\N	\N	\N	\N	\N	302	ar	0326068d-5498-4884-9909-417a1e302c9b	\N	\N	f
 	{"root": {"type": "root", "format": "", "indent": 0, "version": 1, "children": [{"tag": "h1", "type": "heading", "format": "", "indent": 0, "version": 1, "children": [{"mode": "normal", "text": "        ", "type": "text", "style": "", "detail": 0, "format": 0, "version": 1}], "direction": "rtl"}, {"type": "paragraph", "format": "", "indent": 0, "version": 1, "children": [{"mode": "normal", "text": "      .                         .", "type": "text", "style": "", "detail": 0, "format": 0, "version": 1}], "direction": "rtl", "textStyle": "", "textFormat": 0}, {"type": "paragraph", "format": "", "indent": 0, "version": 1, "children": [{"mode": "normal", "text": "          ..                       .", "type": "text", "style": "", "detail": 0, "format": 0, "version": 1}], "direction": "rtl", "textStyle": "", "textFormat": 0}, {"type": "paragraph", "format": "", "indent": 0, "version": 1, "children": [{"mode": "normal", "text": "            .. ", "type": "text", "style": "", "detail": 0, "format": 0, "version": 1}], "direction": "rtl", "textStyle": "", "textFormat": 0}, {"type": "paragraph", "format": "", "indent": 0, "version": 1, "children": [{"mode": "normal", "text": "          ..               ", "type": "text", "style": "", "detail": 0, "format": 0, "version": 1}], "direction": "rtl", "textStyle": "", "textFormat": 0}], "direction": "rtl"}}	\N	\N	\N	        	\N	                     .	350	ar	c20c2c0b-4fa6-45f3-acb3-34e06f115342	\N	\N	f
\N	{"root": {"type": "root", "format": "", "indent": 0, "version": 1, "children": [{"tag": "h1", "type": "heading", "format": "", "indent": 0, "version": 1, "children": [{"mode": "normal", "text": "    ", "type": "text", "style": "", "detail": 0, "format": 0, "version": 1}], "direction": "rtl"}, {"type": "paragraph", "format": "", "indent": 0, "version": 1, "children": [{"mode": "normal", "text": "                       ", "type": "text", "style": "", "detail": 0, "format": 0, "version": 1}], "direction": "rtl", "textStyle": "", "textFormat": 0}], "direction": "rtl"}}	5afde42d-6a3f-4d34-a6ba-6eca5caea614	\N	\N	\N	\N	\N	159	ar	5d7acef8-c5c7-41df-b43a-b0a7019f4c57	\N	\N	f
\N	{"root": {"type": "root", "format": "", "indent": 0, "version": 1, "children": [{"tag": "h1", "type": "heading", "format": "", "indent": 0, "version": 1, "children": [{"mode": "normal", "text": "    ", "type": "text", "style": "", "detail": 0, "format": 0, "version": 1}], "direction": "rtl"}, {"type": "paragraph", "format": "", "indent": 0, "version": 1, "children": [{"mode": "normal", "text": "                       ", "type": "text", "style": "", "detail": 0, "format": 0, "version": 1}], "direction": "rtl", "textStyle": "", "textFormat": 0}], "direction": "rtl"}}	5afde42d-6a3f-4d34-a6ba-6eca5caea614	\N	\N	        	\N	                     .	385	ar	191829da-fed4-4378-835d-355bb725534e	\N	\N	f
 	{"root": {"type": "root", "format": "", "indent": 0, "version": 1, "children": [{"tag": "h1", "type": "heading", "format": "", "indent": 0, "version": 1, "children": [{"mode": "normal", "text": "    .", "type": "text", "style": "", "detail": 0, "format": 0, "version": 1}], "direction": "rtl"}, {"type": "paragraph", "format": "", "indent": 0, "version": 1, "children": [{"mode": "normal", "text": "                            ", "type": "text", "style": "", "detail": 0, "format": 0, "version": 1}], "direction": "rtl", "textStyle": "", "textFormat": 0}], "direction": "rtl"}}	\N	\N	\N	        	\N	                     .	305	ar	0184009f-30c7-4a91-970a-e632fdc5dd41	\N	\N	f
 	{"root": {"type": "root", "format": "", "indent": 0, "version": 1, "children": [{"tag": "h1", "type": "heading", "format": "", "indent": 0, "version": 1, "children": [{"mode": "normal", "text": "    .", "type": "text", "style": "", "detail": 0, "format": 0, "version": 1}], "direction": "rtl"}, {"type": "paragraph", "format": "", "indent": 0, "version": 1, "children": [{"mode": "normal", "text": "                            ", "type": "text", "style": "", "detail": 0, "format": 0, "version": 1}], "direction": "rtl", "textStyle": "", "textFormat": 0}], "direction": "rtl"}}	\N	\N	\N	\N	\N	\N	252	ar	eb75a85f-8a75-4ada-b510-fbd186ded5fd	\N	\N	f
\N	{"root": {"type": "root", "format": "", "indent": 0, "version": 1, "children": [{"tag": "h1", "type": "heading", "format": "", "indent": 0, "version": 1, "children": [{"mode": "normal", "text": "    ", "type": "text", "style": "", "detail": 0, "format": 0, "version": 1}], "direction": "rtl"}, {"type": "paragraph", "format": "", "indent": 0, "version": 1, "children": [{"mode": "normal", "text": "                       ", "type": "text", "style": "", "detail": 0, "format": 0, "version": 1}], "direction": "rtl", "textStyle": "", "textFormat": 0}], "direction": "rtl"}}	5afde42d-6a3f-4d34-a6ba-6eca5caea614	\N	\N	\N	\N	\N	307	ar	abeae401-02ea-4a9d-bd80-73851afc2ffd	\N	\N	f
\N	\N	\N	\N	\N	\N	\N	\N	311	ar	bf44ecdc-b752-4d40-98af-9a8196b52040	\N	\N	f
 	{"root": {"type": "root", "format": "", "indent": 0, "version": 1, "children": [{"tag": "h1", "type": "heading", "format": "", "indent": 0, "version": 1, "children": [{"mode": "normal", "text": "    .", "type": "text", "style": "", "detail": 0, "format": 0, "version": 1}], "direction": "rtl"}, {"type": "paragraph", "format": "", "indent": 0, "version": 1, "children": [{"mode": "normal", "text": "                            ", "type": "text", "style": "", "detail": 0, "format": 0, "version": 1}], "direction": "rtl", "textStyle": "", "textFormat": 0}], "direction": "rtl"}}	\N	\N	\N	\N	\N	\N	253	ar	b131c47a-ae81-4501-9cfc-d34c5970d09e	\N	\N	f
 	{"root": {"type": "root", "format": "", "indent": 0, "version": 1, "children": [{"tag": "h1", "type": "heading", "format": "", "indent": 0, "version": 1, "children": [{"mode": "normal", "text": "    .", "type": "text", "style": "", "detail": 0, "format": 0, "version": 1}], "direction": "rtl"}, {"type": "paragraph", "format": "", "indent": 0, "version": 1, "children": [{"mode": "normal", "text": "                            ", "type": "text", "style": "", "detail": 0, "format": 0, "version": 1}], "direction": "rtl", "textStyle": "", "textFormat": 0}], "direction": "rtl"}}	\N	\N	\N	        	\N	                     .	306	ar	f223e689-6799-47bf-8a55-75f2d2a07e4b	\N	\N	f
\N	{"root": {"type": "root", "format": "", "indent": 0, "version": 1, "children": [{"tag": "h1", "type": "heading", "format": "", "indent": 0, "version": 1, "children": [{"mode": "normal", "text": "    ", "type": "text", "style": "", "detail": 0, "format": 0, "version": 1}], "direction": "rtl"}, {"type": "paragraph", "format": "", "indent": 0, "version": 1, "children": [{"mode": "normal", "text": "                       ", "type": "text", "style": "", "detail": 0, "format": 0, "version": 1}], "direction": "rtl", "textStyle": "", "textFormat": 0}], "direction": "rtl"}}	5afde42d-6a3f-4d34-a6ba-6eca5caea614	\N	\N	        	\N	                     .	309	ar	990afa8d-fbf0-4bab-9b6a-8cbfe7488ddc	\N	\N	f
\N	{"root": {"type": "root", "format": "", "indent": 0, "version": 1, "children": [{"tag": "h1", "type": "heading", "format": "", "indent": 0, "version": 1, "children": [{"mode": "normal", "text": "    ", "type": "text", "style": "", "detail": 0, "format": 0, "version": 1}], "direction": "rtl"}, {"type": "paragraph", "format": "", "indent": 0, "version": 1, "children": [{"mode": "normal", "text": "                       ", "type": "text", "style": "", "detail": 0, "format": 0, "version": 1}], "direction": "rtl", "textStyle": "", "textFormat": 0}], "direction": "rtl"}}	5afde42d-6a3f-4d34-a6ba-6eca5caea614	\N	\N	        	\N	                     .	310	ar	70b04d51-b412-4e9d-95a4-7bf9fdd2a1c1	\N	\N	f
\N	{"root": {"type": "root", "format": "", "indent": 0, "version": 1, "children": [{"tag": "h1", "type": "heading", "format": "", "indent": 0, "version": 1, "children": [{"mode": "normal", "text": "    ", "type": "text", "style": "", "detail": 0, "format": 0, "version": 1}], "direction": "rtl"}, {"type": "paragraph", "format": "", "indent": 0, "version": 1, "children": [{"mode": "normal", "text": "                       ", "type": "text", "style": "", "detail": 0, "format": 0, "version": 1}], "direction": "rtl", "textStyle": "", "textFormat": 0}], "direction": "rtl"}}	5afde42d-6a3f-4d34-a6ba-6eca5caea614	\N	\N	\N	\N	\N	221	ar	41c60df7-54ab-4683-8983-1204117e7975	\N	\N	f
\N	{"root": {"type": "root", "format": "", "indent": 0, "version": 1, "children": [{"tag": "h1", "type": "heading", "format": "", "indent": 0, "version": 1, "children": [{"mode": "normal", "text": "    ", "type": "text", "style": "", "detail": 0, "format": 0, "version": 1}], "direction": "rtl"}, {"type": "paragraph", "format": "", "indent": 0, "version": 1, "children": [{"mode": "normal", "text": "                       ", "type": "text", "style": "", "detail": 0, "format": 0, "version": 1}], "direction": "rtl", "textStyle": "", "textFormat": 0}], "direction": "rtl"}}	5afde42d-6a3f-4d34-a6ba-6eca5caea614	\N	\N	\N	\N	\N	222	ar	deefcd27-f08b-46fa-8843-0703ff59e6cc	\N	\N	f
\N	{"root": {"type": "root", "format": "", "indent": 0, "version": 1, "children": [{"tag": "h1", "type": "heading", "format": "", "indent": 0, "version": 1, "children": [{"mode": "normal", "text": "    ", "type": "text", "style": "", "detail": 0, "format": 0, "version": 1}], "direction": "rtl"}, {"type": "paragraph", "format": "", "indent": 0, "version": 1, "children": [{"mode": "normal", "text": "                       ", "type": "text", "style": "", "detail": 0, "format": 0, "version": 1}], "direction": "rtl", "textStyle": "", "textFormat": 0}], "direction": "rtl"}}	5afde42d-6a3f-4d34-a6ba-6eca5caea614	\N	\N	        	\N	                     .	387	ar	01fe3f95-b2e0-4adc-8e06-a37200de75b3	\N	\N	f
 	{"root": {"type": "root", "format": "", "indent": 0, "version": 1, "children": [{"tag": "h1", "type": "heading", "format": "", "indent": 0, "version": 1, "children": [{"mode": "normal", "text": "        ", "type": "text", "style": "", "detail": 0, "format": 0, "version": 1}], "direction": "rtl"}, {"type": "paragraph", "format": "", "indent": 0, "version": 1, "children": [{"mode": "normal", "text": "      .                         .", "type": "text", "style": "", "detail": 0, "format": 0, "version": 1}], "direction": "rtl", "textStyle": "", "textFormat": 0}, {"type": "paragraph", "format": "", "indent": 0, "version": 1, "children": [{"mode": "normal", "text": "          ..                       .", "type": "text", "style": "", "detail": 0, "format": 0, "version": 1}], "direction": "rtl", "textStyle": "", "textFormat": 0}, {"type": "paragraph", "format": "", "indent": 0, "version": 1, "children": [{"mode": "normal", "text": "            .. ", "type": "text", "style": "", "detail": 0, "format": 0, "version": 1}], "direction": "rtl", "textStyle": "", "textFormat": 0}, {"type": "paragraph", "format": "", "indent": 0, "version": 1, "children": [{"mode": "normal", "text": "          ..               ", "type": "text", "style": "", "detail": 0, "format": 0, "version": 1}], "direction": "rtl", "textStyle": "", "textFormat": 0}], "direction": "rtl"}}	\N	\N	\N	        	\N	                     .	413	ar	5a14f13d-26a1-40fe-af37-216b5bd0fe17	\N	\N	f
\N	{"root": {"type": "root", "format": "", "indent": 0, "version": 1, "children": [{"tag": "h1", "type": "heading", "format": "", "indent": 0, "version": 1, "children": [{"mode": "normal", "text": "    ", "type": "text", "style": "", "detail": 0, "format": 0, "version": 1}], "direction": "rtl"}, {"type": "paragraph", "format": "", "indent": 0, "version": 1, "children": [{"mode": "normal", "text": "                       ", "type": "text", "style": "", "detail": 0, "format": 0, "version": 1}], "direction": "rtl", "textStyle": "", "textFormat": 0}], "direction": "rtl"}}	5afde42d-6a3f-4d34-a6ba-6eca5caea614	\N	\N	        	\N	                     .	414	ar	3b7333a2-daa5-498c-88e2-379fe5c31d7b	\N	\N	f
\N	{"root": {"type": "root", "format": "", "indent": 0, "version": 1, "children": [{"tag": "h1", "type": "heading", "format": "", "indent": 0, "version": 1, "children": [{"mode": "normal", "text": "    ", "type": "text", "style": "", "detail": 0, "format": 0, "version": 1}], "direction": "rtl"}, {"type": "paragraph", "format": "", "indent": 0, "version": 1, "children": [{"mode": "normal", "text": "                       ", "type": "text", "style": "", "detail": 0, "format": 0, "version": 1}], "direction": "rtl", "textStyle": "", "textFormat": 0}], "direction": "rtl"}}	5afde42d-6a3f-4d34-a6ba-6eca5caea614	\N	\N	        	\N	                     .	415	ar	67aa8e57-e509-4c57-b165-2c5bfd47d94f	\N	\N	f
\N	{"root": {"type": "root", "format": "", "indent": 0, "version": 1, "children": [{"tag": "h1", "type": "heading", "format": "", "indent": 0, "version": 1, "children": [{"mode": "normal", "text": " :      ", "type": "text", "style": "", "detail": 0, "format": 0, "version": 1}], "direction": "rtl"}, {"type": "paragraph", "format": "", "indent": 0, "version": 1, "children": [{"mode": "normal", "text": "                   -      .", "type": "text", "style": "", "detail": 0, "format": 0, "version": 1}], "direction": "rtl", "textStyle": "", "textFormat": 0}], "direction": "rtl"}}	\N	\N	\N	\N	\N	\N	322	ar	1e3d46fa-61b7-41fd-911c-46d1119016a1	\N	\N	f
 	{"root": {"type": "root", "format": "", "indent": 0, "version": 1, "children": [{"tag": "h1", "type": "heading", "format": "", "indent": 0, "version": 1, "children": [{"mode": "normal", "text": "        ", "type": "text", "style": "", "detail": 0, "format": 0, "version": 1}], "direction": "rtl"}, {"type": "paragraph", "format": "", "indent": 0, "version": 1, "children": [{"mode": "normal", "text": "      .                         .", "type": "text", "style": "", "detail": 0, "format": 0, "version": 1}], "direction": "rtl", "textStyle": "", "textFormat": 0}, {"type": "paragraph", "format": "", "indent": 0, "version": 1, "children": [{"mode": "normal", "text": "          ..                       .", "type": "text", "style": "", "detail": 0, "format": 0, "version": 1}], "direction": "rtl", "textStyle": "", "textFormat": 0}, {"type": "paragraph", "format": "", "indent": 0, "version": 1, "children": [{"mode": "normal", "text": "            .. ", "type": "text", "style": "", "detail": 0, "format": 0, "version": 1}], "direction": "rtl", "textStyle": "", "textFormat": 0}, {"type": "paragraph", "format": "", "indent": 0, "version": 1, "children": [{"mode": "normal", "text": "          ..               ", "type": "text", "style": "", "detail": 0, "format": 0, "version": 1}], "direction": "rtl", "textStyle": "", "textFormat": 0}], "direction": "rtl"}}	\N	\N	\N	        	\N	                     .	412	ar	5cf29f02-25c3-4b24-b574-1aadab774686	\N	\N	f
 	{"root": {"type": "root", "format": "", "indent": 0, "version": 1, "children": [{"tag": "h1", "type": "heading", "format": "", "indent": 0, "version": 1, "children": [{"mode": "normal", "text": "        ", "type": "text", "style": "", "detail": 0, "format": 0, "version": 1}], "direction": "rtl"}, {"type": "paragraph", "format": "", "indent": 0, "version": 1, "children": [{"mode": "normal", "text": "      .                         .", "type": "text", "style": "", "detail": 0, "format": 0, "version": 1}], "direction": "rtl", "textStyle": "", "textFormat": 0}, {"type": "paragraph", "format": "", "indent": 0, "version": 1, "children": [{"mode": "normal", "text": "          ..                       .", "type": "text", "style": "", "detail": 0, "format": 0, "version": 1}], "direction": "rtl", "textStyle": "", "textFormat": 0}, {"type": "paragraph", "format": "", "indent": 0, "version": 1, "children": [{"mode": "normal", "text": "            .. ", "type": "text", "style": "", "detail": 0, "format": 0, "version": 1}], "direction": "rtl", "textStyle": "", "textFormat": 0}, {"type": "paragraph", "format": "", "indent": 0, "version": 1, "children": [{"mode": "normal", "text": "          ..               ", "type": "text", "style": "", "detail": 0, "format": 0, "version": 1}], "direction": "rtl", "textStyle": "", "textFormat": 0}], "direction": "rtl"}}	\N	\N	\N	        	\N	                     .	437	ar	50ab6bc6-7eb9-4e97-98f4-4e27d6d699ef	\N	\N	f
 	{"root": {"type": "root", "format": "", "indent": 0, "version": 1, "children": [{"tag": "h1", "type": "heading", "format": "", "indent": 0, "version": 1, "children": [{"mode": "normal", "text": "        ", "type": "text", "style": "", "detail": 0, "format": 0, "version": 1}], "direction": "rtl"}, {"type": "paragraph", "format": "", "indent": 0, "version": 1, "children": [{"mode": "normal", "text": "      .                         .", "type": "text", "style": "", "detail": 0, "format": 0, "version": 1}], "direction": "rtl", "textStyle": "", "textFormat": 0}, {"type": "paragraph", "format": "", "indent": 0, "version": 1, "children": [{"mode": "normal", "text": "          ..                       .", "type": "text", "style": "", "detail": 0, "format": 0, "version": 1}], "direction": "rtl", "textStyle": "", "textFormat": 0}, {"type": "paragraph", "format": "", "indent": 0, "version": 1, "children": [{"mode": "normal", "text": "            .. ", "type": "text", "style": "", "detail": 0, "format": 0, "version": 1}], "direction": "rtl", "textStyle": "", "textFormat": 0}, {"type": "paragraph", "format": "", "indent": 0, "version": 1, "children": [{"mode": "normal", "text": "          ..               ", "type": "text", "style": "", "detail": 0, "format": 0, "version": 1}], "direction": "rtl", "textStyle": "", "textFormat": 0}], "direction": "rtl"}}	\N	\N	\N	        	\N	                     .	438	ar	9faf6e5f-3f02-41dc-90ca-2facbefcb29b	\N	\N	f
\N	{"root": {"type": "root", "format": "", "indent": 0, "version": 1, "children": [{"tag": "h1", "type": "heading", "format": "", "indent": 0, "version": 1, "children": [{"mode": "normal", "text": "    ", "type": "text", "style": "", "detail": 0, "format": 0, "version": 1}], "direction": "rtl"}, {"type": "paragraph", "format": "", "indent": 0, "version": 1, "children": [{"mode": "normal", "text": "                       ", "type": "text", "style": "", "detail": 0, "format": 0, "version": 1}], "direction": "rtl", "textStyle": "", "textFormat": 0}], "direction": "rtl"}}	5afde42d-6a3f-4d34-a6ba-6eca5caea614	\N	\N	        	\N	                     .	441	ar	063f8a38-1c45-4ae7-acd1-5a2a877fff5f	\N	\N	f
\N	{"root": {"type": "root", "format": "", "indent": 0, "version": 1, "children": [{"tag": "h1", "type": "heading", "format": "", "indent": 0, "version": 1, "children": [{"mode": "normal", "text": " :      ", "type": "text", "style": "", "detail": 0, "format": 0, "version": 1}], "direction": "rtl"}, {"type": "paragraph", "format": "", "indent": 0, "version": 1, "children": [{"mode": "normal", "text": "                   -      .", "type": "text", "style": "", "detail": 0, "format": 0, "version": 1}], "direction": "rtl", "textStyle": "", "textFormat": 0}], "direction": "rtl"}}	\N	\N	\N	\N	\N	\N	321	ar	141da744-820e-4f89-95f2-db68ef29930a	\N	\N	f
 	{"root": {"type": "root", "format": "", "indent": 0, "version": 1, "children": [{"tag": "h1", "type": "heading", "format": "", "indent": 0, "version": 1, "children": [{"mode": "normal", "text": "    .", "type": "text", "style": "", "detail": 0, "format": 0, "version": 1}], "direction": "rtl"}, {"type": "paragraph", "format": "", "indent": 0, "version": 1, "children": [{"mode": "normal", "text": "                            ", "type": "text", "style": "", "detail": 0, "format": 0, "version": 1}], "direction": "rtl", "textStyle": "", "textFormat": 0}], "direction": "rtl"}}	\N	\N	\N	        	\N	                     .	330	ar	5daad5c5-875d-4b1a-a149-104e6386d7e1	\N	\N	f
 	{"root": {"type": "root", "format": "", "indent": 0, "version": 1, "children": [{"tag": "h1", "type": "heading", "format": "", "indent": 0, "version": 1, "children": [{"mode": "normal", "text": "    .", "type": "text", "style": "", "detail": 0, "format": 0, "version": 1}], "direction": "rtl"}, {"type": "paragraph", "format": "", "indent": 0, "version": 1, "children": [{"mode": "normal", "text": "                            ", "type": "text", "style": "", "detail": 0, "format": 0, "version": 1}], "direction": "rtl", "textStyle": "", "textFormat": 0}], "direction": "rtl"}}	\N	\N	\N	        	\N	                     .	331	ar	c21624fa-2468-4a75-81c3-2e915c43ea04	\N	\N	f
 	{"root": {"type": "root", "format": "", "indent": 0, "version": 1, "children": [{"tag": "h1", "type": "heading", "format": "", "indent": 0, "version": 1, "children": [{"mode": "normal", "text": "        ", "type": "text", "style": "", "detail": 0, "format": 0, "version": 1}], "direction": "rtl"}, {"type": "paragraph", "format": "", "indent": 0, "version": 1, "children": [{"mode": "normal", "text": "      .                         .", "type": "text", "style": "", "detail": 0, "format": 0, "version": 1}], "direction": "rtl", "textStyle": "", "textFormat": 0}, {"type": "paragraph", "format": "", "indent": 0, "version": 1, "children": [{"mode": "normal", "text": "          ..                       .", "type": "text", "style": "", "detail": 0, "format": 0, "version": 1}], "direction": "rtl", "textStyle": "", "textFormat": 0}, {"type": "paragraph", "format": "", "indent": 0, "version": 1, "children": [{"mode": "normal", "text": "            .. ", "type": "text", "style": "", "detail": 0, "format": 0, "version": 1}], "direction": "rtl", "textStyle": "", "textFormat": 0}, {"type": "paragraph", "format": "", "indent": 0, "version": 1, "children": [{"mode": "normal", "text": "          ..               ", "type": "text", "style": "", "detail": 0, "format": 0, "version": 1}], "direction": "rtl", "textStyle": "", "textFormat": 0}], "direction": "rtl"}}	\N	\N	\N	        	\N	                     .	351	ar	90cf9707-369c-4799-8aa5-8c6eeab55ba2	\N	\N	f
 	{"root": {"type": "root", "format": "", "indent": 0, "version": 1, "children": [{"tag": "h1", "type": "heading", "format": "", "indent": 0, "version": 1, "children": [{"mode": "normal", "text": "        ", "type": "text", "style": "", "detail": 0, "format": 0, "version": 1}], "direction": "rtl"}, {"type": "paragraph", "format": "", "indent": 0, "version": 1, "children": [{"mode": "normal", "text": "      .                         .", "type": "text", "style": "", "detail": 0, "format": 0, "version": 1}], "direction": "rtl", "textStyle": "", "textFormat": 0}, {"type": "paragraph", "format": "", "indent": 0, "version": 1, "children": [{"mode": "normal", "text": "          ..                       .", "type": "text", "style": "", "detail": 0, "format": 0, "version": 1}], "direction": "rtl", "textStyle": "", "textFormat": 0}, {"type": "paragraph", "format": "", "indent": 0, "version": 1, "children": [{"mode": "normal", "text": "            .. ", "type": "text", "style": "", "detail": 0, "format": 0, "version": 1}], "direction": "rtl", "textStyle": "", "textFormat": 0}, {"type": "paragraph", "format": "", "indent": 0, "version": 1, "children": [{"mode": "normal", "text": "          ..               ", "type": "text", "style": "", "detail": 0, "format": 0, "version": 1}], "direction": "rtl", "textStyle": "", "textFormat": 0}], "direction": "rtl"}}	\N	\N	\N	        	\N	                     .	353	ar	8a100411-d7e9-4035-bcda-bb9916e0c4ff	\N	\N	f
 	{"root": {"type": "root", "format": "", "indent": 0, "version": 1, "children": [{"tag": "h1", "type": "heading", "format": "", "indent": 0, "version": 1, "children": [{"mode": "normal", "text": "        ", "type": "text", "style": "", "detail": 0, "format": 0, "version": 1}], "direction": "rtl"}, {"type": "paragraph", "format": "", "indent": 0, "version": 1, "children": [{"mode": "normal", "text": "      .                         .", "type": "text", "style": "", "detail": 0, "format": 0, "version": 1}], "direction": "rtl", "textStyle": "", "textFormat": 0}, {"type": "paragraph", "format": "", "indent": 0, "version": 1, "children": [{"mode": "normal", "text": "          ..                       .", "type": "text", "style": "", "detail": 0, "format": 0, "version": 1}], "direction": "rtl", "textStyle": "", "textFormat": 0}, {"type": "paragraph", "format": "", "indent": 0, "version": 1, "children": [{"mode": "normal", "text": "            .. ", "type": "text", "style": "", "detail": 0, "format": 0, "version": 1}], "direction": "rtl", "textStyle": "", "textFormat": 0}, {"type": "paragraph", "format": "", "indent": 0, "version": 1, "children": [{"mode": "normal", "text": "          ..               ", "type": "text", "style": "", "detail": 0, "format": 0, "version": 1}], "direction": "rtl", "textStyle": "", "textFormat": 0}], "direction": "rtl"}}	\N	\N	\N	        	\N	                     .	356	ar	0f74cab3-d27d-472e-b2eb-35ab19e69c72	\N	\N	f
 	{"root": {"type": "root", "format": "", "indent": 0, "version": 1, "children": [{"tag": "h1", "type": "heading", "format": "", "indent": 0, "version": 1, "children": [{"mode": "normal", "text": "    .", "type": "text", "style": "", "detail": 0, "format": 0, "version": 1}], "direction": "rtl"}, {"type": "paragraph", "format": "", "indent": 0, "version": 1, "children": [{"mode": "normal", "text": "                            ", "type": "text", "style": "", "detail": 0, "format": 0, "version": 1}], "direction": "rtl", "textStyle": "", "textFormat": 0}], "direction": "rtl"}}	\N	\N	\N	        	\N	                     .	332	ar	66191476-6739-46e9-832b-99f58a05dcee	\N	\N	f
 	{"root": {"type": "root", "format": "", "indent": 0, "version": 1, "children": [{"tag": "h1", "type": "heading", "format": "", "indent": 0, "version": 1, "children": [{"mode": "normal", "text": "    .", "type": "text", "style": "", "detail": 0, "format": 0, "version": 1}], "direction": "rtl"}, {"type": "paragraph", "format": "", "indent": 0, "version": 1, "children": [{"mode": "normal", "text": "                            ", "type": "text", "style": "", "detail": 0, "format": 0, "version": 1}], "direction": "rtl", "textStyle": "", "textFormat": 0}], "direction": "rtl"}}	\N	\N	\N	        	\N	                     .	333	ar	a97e39c7-1ff9-4ab6-8ff7-a5a7fe85b1ca	\N	\N	f
 	{"root": {"type": "root", "format": "", "indent": 0, "version": 1, "children": [{"tag": "h1", "type": "heading", "format": "", "indent": 0, "version": 1, "children": [{"mode": "normal", "text": "        ", "type": "text", "style": "", "detail": 0, "format": 0, "version": 1}], "direction": "rtl"}, {"type": "paragraph", "format": "", "indent": 0, "version": 1, "children": [{"mode": "normal", "text": "      .                         .", "type": "text", "style": "", "detail": 0, "format": 0, "version": 1}], "direction": "rtl", "textStyle": "", "textFormat": 0}, {"type": "paragraph", "format": "", "indent": 0, "version": 1, "children": [{"mode": "normal", "text": "          ..                       .", "type": "text", "style": "", "detail": 0, "format": 0, "version": 1}], "direction": "rtl", "textStyle": "", "textFormat": 0}, {"type": "paragraph", "format": "", "indent": 0, "version": 1, "children": [{"mode": "normal", "text": "            .. ", "type": "text", "style": "", "detail": 0, "format": 0, "version": 1}], "direction": "rtl", "textStyle": "", "textFormat": 0}, {"type": "paragraph", "format": "", "indent": 0, "version": 1, "children": [{"mode": "normal", "text": "          ..               ", "type": "text", "style": "", "detail": 0, "format": 0, "version": 1}], "direction": "rtl", "textStyle": "", "textFormat": 0}], "direction": "rtl"}}	\N	\N	\N	        	\N	                     .	352	ar	57ff426a-9250-4471-94f7-2ce9173606fa	\N	\N	f
 	{"root": {"type": "root", "format": "", "indent": 0, "version": 1, "children": [{"tag": "h1", "type": "heading", "format": "", "indent": 0, "version": 1, "children": [{"mode": "normal", "text": "        ", "type": "text", "style": "", "detail": 0, "format": 0, "version": 1}], "direction": "rtl"}, {"type": "paragraph", "format": "", "indent": 0, "version": 1, "children": [{"mode": "normal", "text": "      .                         .", "type": "text", "style": "", "detail": 0, "format": 0, "version": 1}], "direction": "rtl", "textStyle": "", "textFormat": 0}, {"type": "paragraph", "format": "", "indent": 0, "version": 1, "children": [{"mode": "normal", "text": "          ..                       .", "type": "text", "style": "", "detail": 0, "format": 0, "version": 1}], "direction": "rtl", "textStyle": "", "textFormat": 0}, {"type": "paragraph", "format": "", "indent": 0, "version": 1, "children": [{"mode": "normal", "text": "            .. ", "type": "text", "style": "", "detail": 0, "format": 0, "version": 1}], "direction": "rtl", "textStyle": "", "textFormat": 0}, {"type": "paragraph", "format": "", "indent": 0, "version": 1, "children": [{"mode": "normal", "text": "          ..               ", "type": "text", "style": "", "detail": 0, "format": 0, "version": 1}], "direction": "rtl", "textStyle": "", "textFormat": 0}], "direction": "rtl"}}	\N	\N	\N	        	\N	                     .	355	ar	42c8f4e2-6b54-4c96-9da9-672741e82033	\N	\N	f
\N	{"root": {"type": "root", "format": "", "indent": 0, "version": 1, "children": [{"tag": "h1", "type": "heading", "format": "", "indent": 0, "version": 1, "children": [{"mode": "normal", "text": "    ", "type": "text", "style": "", "detail": 0, "format": 0, "version": 1}], "direction": "rtl"}, {"type": "paragraph", "format": "", "indent": 0, "version": 1, "children": [{"mode": "normal", "text": "                       ", "type": "text", "style": "", "detail": 0, "format": 0, "version": 1}], "direction": "rtl", "textStyle": "", "textFormat": 0}], "direction": "rtl"}}	5afde42d-6a3f-4d34-a6ba-6eca5caea614	\N	\N	        	\N	                     .	431	ar	be9c7e75-dc9a-4619-8a8e-5ef58c098864	\N	\N	f
 	{"root": {"type": "root", "format": "", "indent": 0, "version": 1, "children": [{"tag": "h1", "type": "heading", "format": "", "indent": 0, "version": 1, "children": [{"mode": "normal", "text": "        ", "type": "text", "style": "", "detail": 0, "format": 0, "version": 1}], "direction": "rtl"}, {"type": "paragraph", "format": "", "indent": 0, "version": 1, "children": [{"mode": "normal", "text": "      .                         .", "type": "text", "style": "", "detail": 0, "format": 0, "version": 1}], "direction": "rtl", "textStyle": "", "textFormat": 0}, {"type": "paragraph", "format": "", "indent": 0, "version": 1, "children": [{"mode": "normal", "text": "          ..                       .", "type": "text", "style": "", "detail": 0, "format": 0, "version": 1}], "direction": "rtl", "textStyle": "", "textFormat": 0}, {"type": "paragraph", "format": "", "indent": 0, "version": 1, "children": [{"mode": "normal", "text": "            .. ", "type": "text", "style": "", "detail": 0, "format": 0, "version": 1}], "direction": "rtl", "textStyle": "", "textFormat": 0}, {"type": "paragraph", "format": "", "indent": 0, "version": 1, "children": [{"mode": "normal", "text": "          ..               ", "type": "text", "style": "", "detail": 0, "format": 0, "version": 1}], "direction": "rtl", "textStyle": "", "textFormat": 0}], "direction": "rtl"}}	\N	\N	\N	        	\N	                     .	359	ar	c3e0ac67-68ff-45a0-a95f-0bae5b004b85	\N	\N	f
 	{"root": {"type": "root", "format": "", "indent": 0, "version": 1, "children": [{"tag": "h1", "type": "heading", "format": "", "indent": 0, "version": 1, "children": [{"mode": "normal", "text": "        ", "type": "text", "style": "", "detail": 0, "format": 0, "version": 1}], "direction": "rtl"}, {"type": "paragraph", "format": "", "indent": 0, "version": 1, "children": [{"mode": "normal", "text": "      .                         .", "type": "text", "style": "", "detail": 0, "format": 0, "version": 1}], "direction": "rtl", "textStyle": "", "textFormat": 0}, {"type": "paragraph", "format": "", "indent": 0, "version": 1, "children": [{"mode": "normal", "text": "          ..                       .", "type": "text", "style": "", "detail": 0, "format": 0, "version": 1}], "direction": "rtl", "textStyle": "", "textFormat": 0}, {"type": "paragraph", "format": "", "indent": 0, "version": 1, "children": [{"mode": "normal", "text": "            .. ", "type": "text", "style": "", "detail": 0, "format": 0, "version": 1}], "direction": "rtl", "textStyle": "", "textFormat": 0}, {"type": "paragraph", "format": "", "indent": 0, "version": 1, "children": [{"mode": "normal", "text": "          ..               ", "type": "text", "style": "", "detail": 0, "format": 0, "version": 1}], "direction": "rtl", "textStyle": "", "textFormat": 0}], "direction": "rtl"}}	\N	\N	\N	        	\N	                     .	360	ar	2522dd02-3c88-4d0f-8f54-000c6331c042	\N	\N	f
 	{"root": {"type": "root", "format": "", "indent": 0, "version": 1, "children": [{"tag": "h1", "type": "heading", "format": "", "indent": 0, "version": 1, "children": [{"mode": "normal", "text": "        ", "type": "text", "style": "", "detail": 0, "format": 0, "version": 1}], "direction": "rtl"}, {"type": "paragraph", "format": "", "indent": 0, "version": 1, "children": [{"mode": "normal", "text": "      .                         .", "type": "text", "style": "", "detail": 0, "format": 0, "version": 1}], "direction": "rtl", "textStyle": "", "textFormat": 0}, {"type": "paragraph", "format": "", "indent": 0, "version": 1, "children": [{"mode": "normal", "text": "          ..                       .", "type": "text", "style": "", "detail": 0, "format": 0, "version": 1}], "direction": "rtl", "textStyle": "", "textFormat": 0}, {"type": "paragraph", "format": "", "indent": 0, "version": 1, "children": [{"mode": "normal", "text": "            .. ", "type": "text", "style": "", "detail": 0, "format": 0, "version": 1}], "direction": "rtl", "textStyle": "", "textFormat": 0}, {"type": "paragraph", "format": "", "indent": 0, "version": 1, "children": [{"mode": "normal", "text": "          ..               ", "type": "text", "style": "", "detail": 0, "format": 0, "version": 1}], "direction": "rtl", "textStyle": "", "textFormat": 0}], "direction": "rtl"}}	\N	\N	\N	        	\N	                     .	373	ar	9907622f-51f6-4107-b865-5f8fa357f96c	\N	\N	f
 	{"root": {"type": "root", "format": "", "indent": 0, "version": 1, "children": [{"tag": "h1", "type": "heading", "format": "", "indent": 0, "version": 1, "children": [{"mode": "normal", "text": "        ", "type": "text", "style": "", "detail": 0, "format": 0, "version": 1}], "direction": "rtl"}, {"type": "paragraph", "format": "", "indent": 0, "version": 1, "children": [{"mode": "normal", "text": "      .                         .", "type": "text", "style": "", "detail": 0, "format": 0, "version": 1}], "direction": "rtl", "textStyle": "", "textFormat": 0}, {"type": "paragraph", "format": "", "indent": 0, "version": 1, "children": [{"mode": "normal", "text": "          ..                       .", "type": "text", "style": "", "detail": 0, "format": 0, "version": 1}], "direction": "rtl", "textStyle": "", "textFormat": 0}, {"type": "paragraph", "format": "", "indent": 0, "version": 1, "children": [{"mode": "normal", "text": "            .. ", "type": "text", "style": "", "detail": 0, "format": 0, "version": 1}], "direction": "rtl", "textStyle": "", "textFormat": 0}, {"type": "paragraph", "format": "", "indent": 0, "version": 1, "children": [{"mode": "normal", "text": "          ..               ", "type": "text", "style": "", "detail": 0, "format": 0, "version": 1}], "direction": "rtl", "textStyle": "", "textFormat": 0}], "direction": "rtl"}}	\N	\N	\N	        	\N	                     .	374	ar	274a0b43-8c00-4a28-aa9e-f2d70144f72e	\N	\N	f
 	{"root": {"type": "root", "format": "", "indent": 0, "version": 1, "children": [{"tag": "h1", "type": "heading", "format": "", "indent": 0, "version": 1, "children": [{"mode": "normal", "text": "        ", "type": "text", "style": "", "detail": 0, "format": 0, "version": 1}], "direction": "rtl"}, {"type": "paragraph", "format": "", "indent": 0, "version": 1, "children": [{"mode": "normal", "text": "      .                         .", "type": "text", "style": "", "detail": 0, "format": 0, "version": 1}], "direction": "rtl", "textStyle": "", "textFormat": 0}, {"type": "paragraph", "format": "", "indent": 0, "version": 1, "children": [{"mode": "normal", "text": "          ..                       .", "type": "text", "style": "", "detail": 0, "format": 0, "version": 1}], "direction": "rtl", "textStyle": "", "textFormat": 0}, {"type": "paragraph", "format": "", "indent": 0, "version": 1, "children": [{"mode": "normal", "text": "            .. ", "type": "text", "style": "", "detail": 0, "format": 0, "version": 1}], "direction": "rtl", "textStyle": "", "textFormat": 0}, {"type": "paragraph", "format": "", "indent": 0, "version": 1, "children": [{"mode": "normal", "text": "          ..               ", "type": "text", "style": "", "detail": 0, "format": 0, "version": 1}], "direction": "rtl", "textStyle": "", "textFormat": 0}], "direction": "rtl"}}	\N	\N	\N	        	\N	                     .	375	ar	dbf959bb-8af9-427b-9320-f4aeb0536d2c	\N	\N	f
\N	{"root": {"type": "root", "format": "", "indent": 0, "version": 1, "children": [{"tag": "h1", "type": "heading", "format": "", "indent": 0, "version": 1, "children": [{"mode": "normal", "text": "    ", "type": "text", "style": "", "detail": 0, "format": 0, "version": 1}], "direction": "rtl"}, {"type": "paragraph", "format": "", "indent": 0, "version": 1, "children": [{"mode": "normal", "text": "                       ", "type": "text", "style": "", "detail": 0, "format": 0, "version": 1}], "direction": "rtl", "textStyle": "", "textFormat": 0}], "direction": "rtl"}}	5afde42d-6a3f-4d34-a6ba-6eca5caea614	\N	\N	        	\N	                     .	432	ar	475931ac-474c-47ac-a1ba-e14920a6ebb8	\N	\N	f
\N	{"root": {"type": "root", "format": "", "indent": 0, "version": 1, "children": [{"tag": "h1", "type": "heading", "format": "", "indent": 0, "version": 1, "children": [{"mode": "normal", "text": "    ", "type": "text", "style": "", "detail": 0, "format": 0, "version": 1}], "direction": "rtl"}, {"type": "paragraph", "format": "", "indent": 0, "version": 1, "children": [{"mode": "normal", "text": "                       ", "type": "text", "style": "", "detail": 0, "format": 0, "version": 1}], "direction": "rtl", "textStyle": "", "textFormat": 0}], "direction": "rtl"}}	5afde42d-6a3f-4d34-a6ba-6eca5caea614	\N	\N	        	\N	                     .	433	ar	df9022a7-63b1-4017-b716-518f2d69d9c2	\N	\N	f
\N	{"root": {"type": "root", "format": "", "indent": 0, "version": 1, "children": [{"tag": "h1", "type": "heading", "format": "", "indent": 0, "version": 1, "children": [{"mode": "normal", "text": "    ", "type": "text", "style": "", "detail": 0, "format": 0, "version": 1}], "direction": "rtl"}, {"type": "paragraph", "format": "", "indent": 0, "version": 1, "children": [{"mode": "normal", "text": "                       ", "type": "text", "style": "", "detail": 0, "format": 0, "version": 1}], "direction": "rtl", "textStyle": "", "textFormat": 0}], "direction": "rtl"}}	5afde42d-6a3f-4d34-a6ba-6eca5caea614	\N	\N	        	\N	                     .	434	ar	57af9290-93a8-46d6-8475-65260fba9301	\N	\N	f
\N	{"root": {"type": "root", "format": "", "indent": 0, "version": 1, "children": [{"tag": "h1", "type": "heading", "format": "", "indent": 0, "version": 1, "children": [{"mode": "normal", "text": "    ", "type": "text", "style": "", "detail": 0, "format": 0, "version": 1}], "direction": "rtl"}, {"type": "paragraph", "format": "", "indent": 0, "version": 1, "children": [{"mode": "normal", "text": "                       ", "type": "text", "style": "", "detail": 0, "format": 0, "version": 1}], "direction": "rtl", "textStyle": "", "textFormat": 0}], "direction": "rtl"}}	5afde42d-6a3f-4d34-a6ba-6eca5caea614	\N	\N	        	\N	                     .	440	ar	99bd2e73-564f-485c-9ff6-4421e9090e2a	\N	\N	f
\.


--
-- Data for Name: _pages_v_rels; Type: TABLE DATA; Schema: public; Owner: -
--

COPY "public"."_pages_v_rels" ("id", "order", "parent_id", "path", "locale", "pages_id", "blog_posts_id", "media_id", "faq_id", "customers_id") FROM stdin;
797	1	df9022a7-63b1-4017-b716-518f2d69d9c2	version.layout.1.logos	\N	\N	\N	513d34fb-5dbc-4333-b0ab-af8e3756cc8a	\N	\N
798	2	df9022a7-63b1-4017-b716-518f2d69d9c2	version.layout.1.logos	\N	\N	\N	92890105-dde4-4c79-acac-d81ad6dd978a	\N	\N
376	1	41c60df7-54ab-4683-8983-1204117e7975	version.layout.1.logos	\N	\N	\N	513d34fb-5dbc-4333-b0ab-af8e3756cc8a	\N	\N
377	2	41c60df7-54ab-4683-8983-1204117e7975	version.layout.1.logos	\N	\N	\N	92890105-dde4-4c79-acac-d81ad6dd978a	\N	\N
378	1	41c60df7-54ab-4683-8983-1204117e7975	version.layout.2.selectedTestimonials	\N	\N	\N	\N	\N	b440e19a-7d00-487a-9927-d384dee97e22
379	1	41c60df7-54ab-4683-8983-1204117e7975	version.layout.6.selectedTestimonials	\N	\N	\N	\N	\N	ad1d03ad-f60b-4f83-90c2-d456f1fbaf21
380	1	deefcd27-f08b-46fa-8843-0703ff59e6cc	version.layout.1.logos	\N	\N	\N	513d34fb-5dbc-4333-b0ab-af8e3756cc8a	\N	\N
381	2	deefcd27-f08b-46fa-8843-0703ff59e6cc	version.layout.1.logos	\N	\N	\N	92890105-dde4-4c79-acac-d81ad6dd978a	\N	\N
202	1	5d7acef8-c5c7-41df-b43a-b0a7019f4c57	version.layout.1.logos	\N	\N	\N	513d34fb-5dbc-4333-b0ab-af8e3756cc8a	\N	\N
203	2	5d7acef8-c5c7-41df-b43a-b0a7019f4c57	version.layout.1.logos	\N	\N	\N	92890105-dde4-4c79-acac-d81ad6dd978a	\N	\N
382	1	deefcd27-f08b-46fa-8843-0703ff59e6cc	version.layout.2.selectedTestimonials	\N	\N	\N	\N	\N	b440e19a-7d00-487a-9927-d384dee97e22
383	1	deefcd27-f08b-46fa-8843-0703ff59e6cc	version.layout.6.selectedTestimonials	\N	\N	\N	\N	\N	ad1d03ad-f60b-4f83-90c2-d456f1fbaf21
486	1	c20c2c0b-4fa6-45f3-acb3-34e06f115342	version.layout.5.logos	\N	\N	\N	92890105-dde4-4c79-acac-d81ad6dd978a	\N	\N
487	2	c20c2c0b-4fa6-45f3-acb3-34e06f115342	version.layout.5.logos	\N	\N	\N	513d34fb-5dbc-4333-b0ab-af8e3756cc8a	\N	\N
488	1	90cf9707-369c-4799-8aa5-8c6eeab55ba2	version.layout.5.logos	\N	\N	\N	92890105-dde4-4c79-acac-d81ad6dd978a	\N	\N
489	2	90cf9707-369c-4799-8aa5-8c6eeab55ba2	version.layout.5.logos	\N	\N	\N	513d34fb-5dbc-4333-b0ab-af8e3756cc8a	\N	\N
490	1	57ff426a-9250-4471-94f7-2ce9173606fa	version.layout.5.logos	\N	\N	\N	92890105-dde4-4c79-acac-d81ad6dd978a	\N	\N
273	1	41c60df7-54ab-4683-8983-1204117e7975	version.layout.5.selectedTestimonials	\N	\N	\N	\N	\N	ad1d03ad-f60b-4f83-90c2-d456f1fbaf21
491	2	57ff426a-9250-4471-94f7-2ce9173606fa	version.layout.5.logos	\N	\N	\N	513d34fb-5dbc-4333-b0ab-af8e3756cc8a	\N	\N
392	1	b710c38f-af35-4722-9c8f-279f18021757	version.layout.1.logos	\N	\N	\N	513d34fb-5dbc-4333-b0ab-af8e3756cc8a	\N	\N
393	2	b710c38f-af35-4722-9c8f-279f18021757	version.layout.1.logos	\N	\N	\N	92890105-dde4-4c79-acac-d81ad6dd978a	\N	\N
394	1	b710c38f-af35-4722-9c8f-279f18021757	version.layout.2.selectedTestimonials	\N	\N	\N	\N	\N	b440e19a-7d00-487a-9927-d384dee97e22
92	1	df25eab2-1f33-408c-930f-d845fabe2a9a	version.layout.1.logos	\N	\N	\N	513d34fb-5dbc-4333-b0ab-af8e3756cc8a	\N	\N
93	2	df25eab2-1f33-408c-930f-d845fabe2a9a	version.layout.1.logos	\N	\N	\N	92890105-dde4-4c79-acac-d81ad6dd978a	\N	\N
94	1	1aa29553-e446-407b-b3c0-5c37067f4c85	version.layout.1.logos	\N	\N	\N	513d34fb-5dbc-4333-b0ab-af8e3756cc8a	\N	\N
95	2	1aa29553-e446-407b-b3c0-5c37067f4c85	version.layout.1.logos	\N	\N	\N	92890105-dde4-4c79-acac-d81ad6dd978a	\N	\N
154	1	4389a3c7-2b44-4dda-b26c-b3db9aa06ea8	version.layout.1.logos	\N	\N	\N	513d34fb-5dbc-4333-b0ab-af8e3756cc8a	\N	\N
155	2	4389a3c7-2b44-4dda-b26c-b3db9aa06ea8	version.layout.1.logos	\N	\N	\N	92890105-dde4-4c79-acac-d81ad6dd978a	\N	\N
156	1	ec2f0054-a44a-4dfe-b38c-2280a621a0df	version.layout.1.logos	\N	\N	\N	513d34fb-5dbc-4333-b0ab-af8e3756cc8a	\N	\N
157	2	ec2f0054-a44a-4dfe-b38c-2280a621a0df	version.layout.1.logos	\N	\N	\N	92890105-dde4-4c79-acac-d81ad6dd978a	\N	\N
158	1	96a690f0-6b75-40a2-bc6b-94e17419a077	version.layout.1.logos	\N	\N	\N	513d34fb-5dbc-4333-b0ab-af8e3756cc8a	\N	\N
159	2	96a690f0-6b75-40a2-bc6b-94e17419a077	version.layout.1.logos	\N	\N	\N	92890105-dde4-4c79-acac-d81ad6dd978a	\N	\N
395	1	b710c38f-af35-4722-9c8f-279f18021757	version.layout.6.selectedTestimonials	\N	\N	\N	\N	\N	ad1d03ad-f60b-4f83-90c2-d456f1fbaf21
396	1	b8a5a99b-2195-4066-a86c-95aa63c90330	version.layout.1.logos	\N	\N	\N	513d34fb-5dbc-4333-b0ab-af8e3756cc8a	\N	\N
397	2	b8a5a99b-2195-4066-a86c-95aa63c90330	version.layout.1.logos	\N	\N	\N	92890105-dde4-4c79-acac-d81ad6dd978a	\N	\N
398	1	b8a5a99b-2195-4066-a86c-95aa63c90330	version.layout.2.selectedTestimonials	\N	\N	\N	\N	\N	b440e19a-7d00-487a-9927-d384dee97e22
399	1	b8a5a99b-2195-4066-a86c-95aa63c90330	version.layout.6.selectedTestimonials	\N	\N	\N	\N	\N	ad1d03ad-f60b-4f83-90c2-d456f1fbaf21
492	1	8a100411-d7e9-4035-bcda-bb9916e0c4ff	version.layout.5.logos	\N	\N	\N	92890105-dde4-4c79-acac-d81ad6dd978a	\N	\N
493	2	8a100411-d7e9-4035-bcda-bb9916e0c4ff	version.layout.5.logos	\N	\N	\N	513d34fb-5dbc-4333-b0ab-af8e3756cc8a	\N	\N
404	1	c93e6899-deb6-44f3-a367-f01466a9d3d8	version.layout.5.logos	\N	\N	\N	92890105-dde4-4c79-acac-d81ad6dd978a	\N	\N
405	2	c93e6899-deb6-44f3-a367-f01466a9d3d8	version.layout.5.logos	\N	\N	\N	513d34fb-5dbc-4333-b0ab-af8e3756cc8a	\N	\N
406	1	0326068d-5498-4884-9909-417a1e302c9b	version.layout.5.logos	\N	\N	\N	92890105-dde4-4c79-acac-d81ad6dd978a	\N	\N
407	2	0326068d-5498-4884-9909-417a1e302c9b	version.layout.5.logos	\N	\N	\N	513d34fb-5dbc-4333-b0ab-af8e3756cc8a	\N	\N
496	1	42c8f4e2-6b54-4c96-9da9-672741e82033	version.layout.5.logos	\N	\N	\N	92890105-dde4-4c79-acac-d81ad6dd978a	\N	\N
497	2	42c8f4e2-6b54-4c96-9da9-672741e82033	version.layout.5.logos	\N	\N	\N	513d34fb-5dbc-4333-b0ab-af8e3756cc8a	\N	\N
412	1	0184009f-30c7-4a91-970a-e632fdc5dd41	version.layout.5.logos	\N	\N	\N	92890105-dde4-4c79-acac-d81ad6dd978a	\N	\N
413	2	0184009f-30c7-4a91-970a-e632fdc5dd41	version.layout.5.logos	\N	\N	\N	513d34fb-5dbc-4333-b0ab-af8e3756cc8a	\N	\N
414	1	f223e689-6799-47bf-8a55-75f2d2a07e4b	version.layout.5.logos	\N	\N	\N	92890105-dde4-4c79-acac-d81ad6dd978a	\N	\N
238	1	1f91be73-fce5-4495-9619-5b10ba8b92c9	version.layout.1.logos	\N	\N	\N	513d34fb-5dbc-4333-b0ab-af8e3756cc8a	\N	\N
239	2	1f91be73-fce5-4495-9619-5b10ba8b92c9	version.layout.1.logos	\N	\N	\N	92890105-dde4-4c79-acac-d81ad6dd978a	\N	\N
240	1	e534ac8f-d8b4-4fc4-b77d-febb04366632	version.layout.1.logos	\N	\N	\N	513d34fb-5dbc-4333-b0ab-af8e3756cc8a	\N	\N
241	2	e534ac8f-d8b4-4fc4-b77d-febb04366632	version.layout.1.logos	\N	\N	\N	92890105-dde4-4c79-acac-d81ad6dd978a	\N	\N
182	1	b8643aac-9e6d-40cb-960a-50219579096e	version.layout.1.logos	\N	\N	\N	513d34fb-5dbc-4333-b0ab-af8e3756cc8a	\N	\N
183	2	b8643aac-9e6d-40cb-960a-50219579096e	version.layout.1.logos	\N	\N	\N	92890105-dde4-4c79-acac-d81ad6dd978a	\N	\N
184	1	bf780b52-7054-4988-a733-0d397f0f0b3a	version.layout.1.logos	\N	\N	\N	513d34fb-5dbc-4333-b0ab-af8e3756cc8a	\N	\N
185	2	bf780b52-7054-4988-a733-0d397f0f0b3a	version.layout.1.logos	\N	\N	\N	92890105-dde4-4c79-acac-d81ad6dd978a	\N	\N
415	2	f223e689-6799-47bf-8a55-75f2d2a07e4b	version.layout.5.logos	\N	\N	\N	513d34fb-5dbc-4333-b0ab-af8e3756cc8a	\N	\N
416	1	abeae401-02ea-4a9d-bd80-73851afc2ffd	version.layout.1.logos	\N	\N	\N	513d34fb-5dbc-4333-b0ab-af8e3756cc8a	\N	\N
417	2	abeae401-02ea-4a9d-bd80-73851afc2ffd	version.layout.1.logos	\N	\N	\N	92890105-dde4-4c79-acac-d81ad6dd978a	\N	\N
418	1	abeae401-02ea-4a9d-bd80-73851afc2ffd	version.layout.2.selectedTestimonials	\N	\N	\N	\N	\N	b440e19a-7d00-487a-9927-d384dee97e22
419	1	abeae401-02ea-4a9d-bd80-73851afc2ffd	version.layout.6.selectedTestimonials	\N	\N	\N	\N	\N	ad1d03ad-f60b-4f83-90c2-d456f1fbaf21
424	1	990afa8d-fbf0-4bab-9b6a-8cbfe7488ddc	version.layout.1.logos	\N	\N	\N	513d34fb-5dbc-4333-b0ab-af8e3756cc8a	\N	\N
425	2	990afa8d-fbf0-4bab-9b6a-8cbfe7488ddc	version.layout.1.logos	\N	\N	\N	92890105-dde4-4c79-acac-d81ad6dd978a	\N	\N
426	1	990afa8d-fbf0-4bab-9b6a-8cbfe7488ddc	version.layout.2.selectedTestimonials	\N	\N	\N	\N	\N	b440e19a-7d00-487a-9927-d384dee97e22
427	1	990afa8d-fbf0-4bab-9b6a-8cbfe7488ddc	version.layout.6.selectedTestimonials	\N	\N	\N	\N	\N	ad1d03ad-f60b-4f83-90c2-d456f1fbaf21
428	1	70b04d51-b412-4e9d-95a4-7bf9fdd2a1c1	version.layout.1.logos	\N	\N	\N	513d34fb-5dbc-4333-b0ab-af8e3756cc8a	\N	\N
429	2	70b04d51-b412-4e9d-95a4-7bf9fdd2a1c1	version.layout.1.logos	\N	\N	\N	92890105-dde4-4c79-acac-d81ad6dd978a	\N	\N
430	1	70b04d51-b412-4e9d-95a4-7bf9fdd2a1c1	version.layout.2.selectedTestimonials	\N	\N	\N	\N	\N	b440e19a-7d00-487a-9927-d384dee97e22
431	1	70b04d51-b412-4e9d-95a4-7bf9fdd2a1c1	version.layout.6.selectedTestimonials	\N	\N	\N	\N	\N	ad1d03ad-f60b-4f83-90c2-d456f1fbaf21
446	1	5daad5c5-875d-4b1a-a149-104e6386d7e1	version.layout.5.logos	\N	\N	\N	92890105-dde4-4c79-acac-d81ad6dd978a	\N	\N
447	2	5daad5c5-875d-4b1a-a149-104e6386d7e1	version.layout.5.logos	\N	\N	\N	513d34fb-5dbc-4333-b0ab-af8e3756cc8a	\N	\N
448	1	c21624fa-2468-4a75-81c3-2e915c43ea04	version.layout.5.logos	\N	\N	\N	92890105-dde4-4c79-acac-d81ad6dd978a	\N	\N
449	2	c21624fa-2468-4a75-81c3-2e915c43ea04	version.layout.5.logos	\N	\N	\N	513d34fb-5dbc-4333-b0ab-af8e3756cc8a	\N	\N
450	1	66191476-6739-46e9-832b-99f58a05dcee	version.layout.5.logos	\N	\N	\N	92890105-dde4-4c79-acac-d81ad6dd978a	\N	\N
451	2	66191476-6739-46e9-832b-99f58a05dcee	version.layout.5.logos	\N	\N	\N	513d34fb-5dbc-4333-b0ab-af8e3756cc8a	\N	\N
452	1	a97e39c7-1ff9-4ab6-8ff7-a5a7fe85b1ca	version.layout.5.logos	\N	\N	\N	92890105-dde4-4c79-acac-d81ad6dd978a	\N	\N
453	2	a97e39c7-1ff9-4ab6-8ff7-a5a7fe85b1ca	version.layout.5.logos	\N	\N	\N	513d34fb-5dbc-4333-b0ab-af8e3756cc8a	\N	\N
498	1	0f74cab3-d27d-472e-b2eb-35ab19e69c72	version.layout.5.logos	\N	\N	\N	92890105-dde4-4c79-acac-d81ad6dd978a	\N	\N
499	2	0f74cab3-d27d-472e-b2eb-35ab19e69c72	version.layout.5.logos	\N	\N	\N	513d34fb-5dbc-4333-b0ab-af8e3756cc8a	\N	\N
799	1	df9022a7-63b1-4017-b716-518f2d69d9c2	version.layout.2.selectedTestimonials	\N	\N	\N	\N	\N	b440e19a-7d00-487a-9927-d384dee97e22
800	1	df9022a7-63b1-4017-b716-518f2d69d9c2	version.layout.6.selectedTestimonials	\N	\N	\N	\N	\N	ad1d03ad-f60b-4f83-90c2-d456f1fbaf21
801	1	df9022a7-63b1-4017-b716-518f2d69d9c2	version.layout.8.faqs	\N	\N	\N	\N	487d16ef-4d7e-4603-885d-53d42734b0f1	\N
802	2	df9022a7-63b1-4017-b716-518f2d69d9c2	version.layout.8.faqs	\N	\N	\N	\N	2d37f238-e71e-4291-8919-33e4c7a73544	\N
803	3	df9022a7-63b1-4017-b716-518f2d69d9c2	version.layout.8.faqs	\N	\N	\N	\N	4696359a-45b8-4fea-b14f-ca34e928e5d0	\N
804	4	df9022a7-63b1-4017-b716-518f2d69d9c2	version.layout.8.faqs	\N	\N	\N	\N	0786b804-85ea-4269-841e-5f4fe762ada3	\N
805	5	df9022a7-63b1-4017-b716-518f2d69d9c2	version.layout.8.faqs	\N	\N	\N	\N	0ad17856-43c0-4ec9-bd88-c26f826dfb68	\N
806	6	df9022a7-63b1-4017-b716-518f2d69d9c2	version.layout.8.faqs	\N	\N	\N	\N	cf06eaf5-c215-44fc-82c2-a7696336ef41	\N
807	1	57af9290-93a8-46d6-8475-65260fba9301	version.layout.1.logos	\N	\N	\N	513d34fb-5dbc-4333-b0ab-af8e3756cc8a	\N	\N
808	2	57af9290-93a8-46d6-8475-65260fba9301	version.layout.1.logos	\N	\N	\N	92890105-dde4-4c79-acac-d81ad6dd978a	\N	\N
809	1	57af9290-93a8-46d6-8475-65260fba9301	version.layout.2.selectedTestimonials	\N	\N	\N	\N	\N	b440e19a-7d00-487a-9927-d384dee97e22
810	1	57af9290-93a8-46d6-8475-65260fba9301	version.layout.6.selectedTestimonials	\N	\N	\N	\N	\N	ad1d03ad-f60b-4f83-90c2-d456f1fbaf21
811	1	57af9290-93a8-46d6-8475-65260fba9301	version.layout.8.faqs	\N	\N	\N	\N	487d16ef-4d7e-4603-885d-53d42734b0f1	\N
812	2	57af9290-93a8-46d6-8475-65260fba9301	version.layout.8.faqs	\N	\N	\N	\N	2d37f238-e71e-4291-8919-33e4c7a73544	\N
813	3	57af9290-93a8-46d6-8475-65260fba9301	version.layout.8.faqs	\N	\N	\N	\N	4696359a-45b8-4fea-b14f-ca34e928e5d0	\N
814	4	57af9290-93a8-46d6-8475-65260fba9301	version.layout.8.faqs	\N	\N	\N	\N	0786b804-85ea-4269-841e-5f4fe762ada3	\N
815	5	57af9290-93a8-46d6-8475-65260fba9301	version.layout.8.faqs	\N	\N	\N	\N	0ad17856-43c0-4ec9-bd88-c26f826dfb68	\N
816	6	57af9290-93a8-46d6-8475-65260fba9301	version.layout.8.faqs	\N	\N	\N	\N	cf06eaf5-c215-44fc-82c2-a7696336ef41	\N
622	1	5a14f13d-26a1-40fe-af37-216b5bd0fe17	version.layout.5.logos	\N	\N	\N	92890105-dde4-4c79-acac-d81ad6dd978a	\N	\N
623	2	5a14f13d-26a1-40fe-af37-216b5bd0fe17	version.layout.5.logos	\N	\N	\N	513d34fb-5dbc-4333-b0ab-af8e3756cc8a	\N	\N
835	1	99bd2e73-564f-485c-9ff6-4421e9090e2a	version.layout.1.logos	\N	\N	\N	513d34fb-5dbc-4333-b0ab-af8e3756cc8a	\N	\N
836	2	99bd2e73-564f-485c-9ff6-4421e9090e2a	version.layout.1.logos	\N	\N	\N	92890105-dde4-4c79-acac-d81ad6dd978a	\N	\N
837	1	99bd2e73-564f-485c-9ff6-4421e9090e2a	version.layout.2.selectedTestimonials	\N	\N	\N	\N	\N	b440e19a-7d00-487a-9927-d384dee97e22
838	1	99bd2e73-564f-485c-9ff6-4421e9090e2a	version.layout.6.selectedTestimonials	\N	\N	\N	\N	\N	ad1d03ad-f60b-4f83-90c2-d456f1fbaf21
839	1	99bd2e73-564f-485c-9ff6-4421e9090e2a	version.layout.8.faqs	\N	\N	\N	\N	487d16ef-4d7e-4603-885d-53d42734b0f1	\N
840	2	99bd2e73-564f-485c-9ff6-4421e9090e2a	version.layout.8.faqs	\N	\N	\N	\N	2d37f238-e71e-4291-8919-33e4c7a73544	\N
841	3	99bd2e73-564f-485c-9ff6-4421e9090e2a	version.layout.8.faqs	\N	\N	\N	\N	4696359a-45b8-4fea-b14f-ca34e928e5d0	\N
842	4	99bd2e73-564f-485c-9ff6-4421e9090e2a	version.layout.8.faqs	\N	\N	\N	\N	0786b804-85ea-4269-841e-5f4fe762ada3	\N
843	5	99bd2e73-564f-485c-9ff6-4421e9090e2a	version.layout.8.faqs	\N	\N	\N	\N	0ad17856-43c0-4ec9-bd88-c26f826dfb68	\N
844	6	99bd2e73-564f-485c-9ff6-4421e9090e2a	version.layout.8.faqs	\N	\N	\N	\N	cf06eaf5-c215-44fc-82c2-a7696336ef41	\N
777	1	be9c7e75-dc9a-4619-8a8e-5ef58c098864	version.layout.1.logos	\N	\N	\N	513d34fb-5dbc-4333-b0ab-af8e3756cc8a	\N	\N
778	2	be9c7e75-dc9a-4619-8a8e-5ef58c098864	version.layout.1.logos	\N	\N	\N	92890105-dde4-4c79-acac-d81ad6dd978a	\N	\N
779	1	be9c7e75-dc9a-4619-8a8e-5ef58c098864	version.layout.2.selectedTestimonials	\N	\N	\N	\N	\N	b440e19a-7d00-487a-9927-d384dee97e22
780	1	be9c7e75-dc9a-4619-8a8e-5ef58c098864	version.layout.6.selectedTestimonials	\N	\N	\N	\N	\N	ad1d03ad-f60b-4f83-90c2-d456f1fbaf21
781	1	be9c7e75-dc9a-4619-8a8e-5ef58c098864	version.layout.8.faqs	\N	\N	\N	\N	487d16ef-4d7e-4603-885d-53d42734b0f1	\N
782	2	be9c7e75-dc9a-4619-8a8e-5ef58c098864	version.layout.8.faqs	\N	\N	\N	\N	2d37f238-e71e-4291-8919-33e4c7a73544	\N
783	3	be9c7e75-dc9a-4619-8a8e-5ef58c098864	version.layout.8.faqs	\N	\N	\N	\N	4696359a-45b8-4fea-b14f-ca34e928e5d0	\N
784	4	be9c7e75-dc9a-4619-8a8e-5ef58c098864	version.layout.8.faqs	\N	\N	\N	\N	0786b804-85ea-4269-841e-5f4fe762ada3	\N
785	5	be9c7e75-dc9a-4619-8a8e-5ef58c098864	version.layout.8.faqs	\N	\N	\N	\N	0ad17856-43c0-4ec9-bd88-c26f826dfb68	\N
786	6	be9c7e75-dc9a-4619-8a8e-5ef58c098864	version.layout.8.faqs	\N	\N	\N	\N	cf06eaf5-c215-44fc-82c2-a7696336ef41	\N
787	1	475931ac-474c-47ac-a1ba-e14920a6ebb8	version.layout.1.logos	\N	\N	\N	513d34fb-5dbc-4333-b0ab-af8e3756cc8a	\N	\N
788	2	475931ac-474c-47ac-a1ba-e14920a6ebb8	version.layout.1.logos	\N	\N	\N	92890105-dde4-4c79-acac-d81ad6dd978a	\N	\N
504	1	c3e0ac67-68ff-45a0-a95f-0bae5b004b85	version.layout.5.logos	\N	\N	\N	92890105-dde4-4c79-acac-d81ad6dd978a	\N	\N
505	2	c3e0ac67-68ff-45a0-a95f-0bae5b004b85	version.layout.5.logos	\N	\N	\N	513d34fb-5dbc-4333-b0ab-af8e3756cc8a	\N	\N
506	1	2522dd02-3c88-4d0f-8f54-000c6331c042	version.layout.5.logos	\N	\N	\N	92890105-dde4-4c79-acac-d81ad6dd978a	\N	\N
507	2	2522dd02-3c88-4d0f-8f54-000c6331c042	version.layout.5.logos	\N	\N	\N	513d34fb-5dbc-4333-b0ab-af8e3756cc8a	\N	\N
789	1	475931ac-474c-47ac-a1ba-e14920a6ebb8	version.layout.2.selectedTestimonials	\N	\N	\N	\N	\N	b440e19a-7d00-487a-9927-d384dee97e22
790	1	475931ac-474c-47ac-a1ba-e14920a6ebb8	version.layout.6.selectedTestimonials	\N	\N	\N	\N	\N	ad1d03ad-f60b-4f83-90c2-d456f1fbaf21
791	1	475931ac-474c-47ac-a1ba-e14920a6ebb8	version.layout.8.faqs	\N	\N	\N	\N	487d16ef-4d7e-4603-885d-53d42734b0f1	\N
792	2	475931ac-474c-47ac-a1ba-e14920a6ebb8	version.layout.8.faqs	\N	\N	\N	\N	2d37f238-e71e-4291-8919-33e4c7a73544	\N
793	3	475931ac-474c-47ac-a1ba-e14920a6ebb8	version.layout.8.faqs	\N	\N	\N	\N	4696359a-45b8-4fea-b14f-ca34e928e5d0	\N
794	4	475931ac-474c-47ac-a1ba-e14920a6ebb8	version.layout.8.faqs	\N	\N	\N	\N	0786b804-85ea-4269-841e-5f4fe762ada3	\N
795	5	475931ac-474c-47ac-a1ba-e14920a6ebb8	version.layout.8.faqs	\N	\N	\N	\N	0ad17856-43c0-4ec9-bd88-c26f826dfb68	\N
796	6	475931ac-474c-47ac-a1ba-e14920a6ebb8	version.layout.8.faqs	\N	\N	\N	\N	cf06eaf5-c215-44fc-82c2-a7696336ef41	\N
620	1	5cf29f02-25c3-4b24-b574-1aadab774686	version.layout.5.logos	\N	\N	\N	92890105-dde4-4c79-acac-d81ad6dd978a	\N	\N
621	2	5cf29f02-25c3-4b24-b574-1aadab774686	version.layout.5.logos	\N	\N	\N	513d34fb-5dbc-4333-b0ab-af8e3756cc8a	\N	\N
624	1	3b7333a2-daa5-498c-88e2-379fe5c31d7b	version.layout.1.logos	\N	\N	\N	513d34fb-5dbc-4333-b0ab-af8e3756cc8a	\N	\N
625	2	3b7333a2-daa5-498c-88e2-379fe5c31d7b	version.layout.1.logos	\N	\N	\N	92890105-dde4-4c79-acac-d81ad6dd978a	\N	\N
626	1	3b7333a2-daa5-498c-88e2-379fe5c31d7b	version.layout.2.selectedTestimonials	\N	\N	\N	\N	\N	b440e19a-7d00-487a-9927-d384dee97e22
627	1	3b7333a2-daa5-498c-88e2-379fe5c31d7b	version.layout.6.selectedTestimonials	\N	\N	\N	\N	\N	ad1d03ad-f60b-4f83-90c2-d456f1fbaf21
628	1	67aa8e57-e509-4c57-b165-2c5bfd47d94f	version.layout.1.logos	\N	\N	\N	513d34fb-5dbc-4333-b0ab-af8e3756cc8a	\N	\N
629	2	67aa8e57-e509-4c57-b165-2c5bfd47d94f	version.layout.1.logos	\N	\N	\N	92890105-dde4-4c79-acac-d81ad6dd978a	\N	\N
630	1	67aa8e57-e509-4c57-b165-2c5bfd47d94f	version.layout.2.selectedTestimonials	\N	\N	\N	\N	\N	b440e19a-7d00-487a-9927-d384dee97e22
631	1	67aa8e57-e509-4c57-b165-2c5bfd47d94f	version.layout.6.selectedTestimonials	\N	\N	\N	\N	\N	ad1d03ad-f60b-4f83-90c2-d456f1fbaf21
821	1	50ab6bc6-7eb9-4e97-98f4-4e27d6d699ef	version.layout.5.logos	\N	\N	\N	92890105-dde4-4c79-acac-d81ad6dd978a	\N	\N
822	2	50ab6bc6-7eb9-4e97-98f4-4e27d6d699ef	version.layout.5.logos	\N	\N	\N	513d34fb-5dbc-4333-b0ab-af8e3756cc8a	\N	\N
532	1	9907622f-51f6-4107-b865-5f8fa357f96c	version.layout.5.logos	\N	\N	\N	92890105-dde4-4c79-acac-d81ad6dd978a	\N	\N
533	2	9907622f-51f6-4107-b865-5f8fa357f96c	version.layout.5.logos	\N	\N	\N	513d34fb-5dbc-4333-b0ab-af8e3756cc8a	\N	\N
534	1	274a0b43-8c00-4a28-aa9e-f2d70144f72e	version.layout.5.logos	\N	\N	\N	92890105-dde4-4c79-acac-d81ad6dd978a	\N	\N
535	2	274a0b43-8c00-4a28-aa9e-f2d70144f72e	version.layout.5.logos	\N	\N	\N	513d34fb-5dbc-4333-b0ab-af8e3756cc8a	\N	\N
536	1	dbf959bb-8af9-427b-9320-f4aeb0536d2c	version.layout.5.logos	\N	\N	\N	92890105-dde4-4c79-acac-d81ad6dd978a	\N	\N
537	2	dbf959bb-8af9-427b-9320-f4aeb0536d2c	version.layout.5.logos	\N	\N	\N	513d34fb-5dbc-4333-b0ab-af8e3756cc8a	\N	\N
823	1	9faf6e5f-3f02-41dc-90ca-2facbefcb29b	version.layout.5.logos	\N	\N	\N	92890105-dde4-4c79-acac-d81ad6dd978a	\N	\N
824	2	9faf6e5f-3f02-41dc-90ca-2facbefcb29b	version.layout.5.logos	\N	\N	\N	513d34fb-5dbc-4333-b0ab-af8e3756cc8a	\N	\N
548	1	39ed86c1-7622-472a-a921-06def66d1ca6	version.layout.5.logos	\N	\N	\N	92890105-dde4-4c79-acac-d81ad6dd978a	\N	\N
549	2	39ed86c1-7622-472a-a921-06def66d1ca6	version.layout.5.logos	\N	\N	\N	513d34fb-5dbc-4333-b0ab-af8e3756cc8a	\N	\N
550	1	7cb3435f-1591-4a85-9538-1a329412829b	version.layout.5.logos	\N	\N	\N	92890105-dde4-4c79-acac-d81ad6dd978a	\N	\N
551	2	7cb3435f-1591-4a85-9538-1a329412829b	version.layout.5.logos	\N	\N	\N	513d34fb-5dbc-4333-b0ab-af8e3756cc8a	\N	\N
845	1	063f8a38-1c45-4ae7-acd1-5a2a877fff5f	version.layout.1.logos	\N	\N	\N	513d34fb-5dbc-4333-b0ab-af8e3756cc8a	\N	\N
846	2	063f8a38-1c45-4ae7-acd1-5a2a877fff5f	version.layout.1.logos	\N	\N	\N	92890105-dde4-4c79-acac-d81ad6dd978a	\N	\N
847	1	063f8a38-1c45-4ae7-acd1-5a2a877fff5f	version.layout.2.selectedTestimonials	\N	\N	\N	\N	\N	b440e19a-7d00-487a-9927-d384dee97e22
848	1	063f8a38-1c45-4ae7-acd1-5a2a877fff5f	version.layout.6.selectedTestimonials	\N	\N	\N	\N	\N	ad1d03ad-f60b-4f83-90c2-d456f1fbaf21
849	1	063f8a38-1c45-4ae7-acd1-5a2a877fff5f	version.layout.8.faqs	\N	\N	\N	\N	487d16ef-4d7e-4603-885d-53d42734b0f1	\N
850	2	063f8a38-1c45-4ae7-acd1-5a2a877fff5f	version.layout.8.faqs	\N	\N	\N	\N	2d37f238-e71e-4291-8919-33e4c7a73544	\N
560	1	191829da-fed4-4378-835d-355bb725534e	version.layout.1.logos	\N	\N	\N	513d34fb-5dbc-4333-b0ab-af8e3756cc8a	\N	\N
561	2	191829da-fed4-4378-835d-355bb725534e	version.layout.1.logos	\N	\N	\N	92890105-dde4-4c79-acac-d81ad6dd978a	\N	\N
562	1	191829da-fed4-4378-835d-355bb725534e	version.layout.2.selectedTestimonials	\N	\N	\N	\N	\N	b440e19a-7d00-487a-9927-d384dee97e22
563	1	191829da-fed4-4378-835d-355bb725534e	version.layout.6.selectedTestimonials	\N	\N	\N	\N	\N	ad1d03ad-f60b-4f83-90c2-d456f1fbaf21
564	1	9f09b6d6-5dd1-4b72-b23f-90cd5c745e61	version.layout.1.logos	\N	\N	\N	513d34fb-5dbc-4333-b0ab-af8e3756cc8a	\N	\N
565	2	9f09b6d6-5dd1-4b72-b23f-90cd5c745e61	version.layout.1.logos	\N	\N	\N	92890105-dde4-4c79-acac-d81ad6dd978a	\N	\N
566	1	9f09b6d6-5dd1-4b72-b23f-90cd5c745e61	version.layout.2.selectedTestimonials	\N	\N	\N	\N	\N	b440e19a-7d00-487a-9927-d384dee97e22
567	1	9f09b6d6-5dd1-4b72-b23f-90cd5c745e61	version.layout.6.selectedTestimonials	\N	\N	\N	\N	\N	ad1d03ad-f60b-4f83-90c2-d456f1fbaf21
568	1	01fe3f95-b2e0-4adc-8e06-a37200de75b3	version.layout.1.logos	\N	\N	\N	513d34fb-5dbc-4333-b0ab-af8e3756cc8a	\N	\N
569	2	01fe3f95-b2e0-4adc-8e06-a37200de75b3	version.layout.1.logos	\N	\N	\N	92890105-dde4-4c79-acac-d81ad6dd978a	\N	\N
570	1	01fe3f95-b2e0-4adc-8e06-a37200de75b3	version.layout.2.selectedTestimonials	\N	\N	\N	\N	\N	b440e19a-7d00-487a-9927-d384dee97e22
571	1	01fe3f95-b2e0-4adc-8e06-a37200de75b3	version.layout.6.selectedTestimonials	\N	\N	\N	\N	\N	ad1d03ad-f60b-4f83-90c2-d456f1fbaf21
851	3	063f8a38-1c45-4ae7-acd1-5a2a877fff5f	version.layout.8.faqs	\N	\N	\N	\N	4696359a-45b8-4fea-b14f-ca34e928e5d0	\N
852	4	063f8a38-1c45-4ae7-acd1-5a2a877fff5f	version.layout.8.faqs	\N	\N	\N	\N	0786b804-85ea-4269-841e-5f4fe762ada3	\N
853	5	063f8a38-1c45-4ae7-acd1-5a2a877fff5f	version.layout.8.faqs	\N	\N	\N	\N	0ad17856-43c0-4ec9-bd88-c26f826dfb68	\N
854	6	063f8a38-1c45-4ae7-acd1-5a2a877fff5f	version.layout.8.faqs	\N	\N	\N	\N	cf06eaf5-c215-44fc-82c2-a7696336ef41	\N
\.


--
-- Data for Name: _pages_v_version_hero_links; Type: TABLE DATA; Schema: public; Owner: -
--

COPY "public"."_pages_v_version_hero_links" ("_order", "_parent_id", "id", "link_type", "link_new_tab", "link_url", "link_color", "link_variant", "_uuid") FROM stdin;
1	1f91be73-fce5-4495-9619-5b10ba8b92c9	4e225479-2e4f-4915-818c-09f45e978d51	custom	\N	/	neutral	primary	688693af73e9e43a4a6e3c03
2	1f91be73-fce5-4495-9619-5b10ba8b92c9	8d5cb74b-f002-4310-9cdc-785e3fc6cfac	custom	\N	/	neutral	ghost	688693c973e9e43a4a6e3c04
1	e534ac8f-d8b4-4fc4-b77d-febb04366632	b08fdfc5-b38f-4bc9-9f9a-c4b66f7a4a05	custom	\N	/	neutral	primary	688693af73e9e43a4a6e3c03
2	e534ac8f-d8b4-4fc4-b77d-febb04366632	bb6cdd0f-f500-4927-8b60-17fe1b2bd948	custom	\N	/	neutral	ghost	688693c973e9e43a4a6e3c04
1	b8643aac-9e6d-40cb-960a-50219579096e	3c8ca34e-fc31-4580-a73b-d6b884ed52a1	custom	\N	/	neutral	primary	688693af73e9e43a4a6e3c03
2	b8643aac-9e6d-40cb-960a-50219579096e	52385a7e-efa2-4fd6-88e2-b1170e773207	custom	\N	/	neutral	ghost	688693c973e9e43a4a6e3c04
1	bf780b52-7054-4988-a733-0d397f0f0b3a	502ed58b-f371-4ecf-b49f-c7c4e7db23cf	custom	\N	/	neutral	primary	688693af73e9e43a4a6e3c03
2	bf780b52-7054-4988-a733-0d397f0f0b3a	e2c1790f-ff52-48da-9bbc-99c458fd5d9b	custom	\N	/	neutral	ghost	688693c973e9e43a4a6e3c04
1	41c60df7-54ab-4683-8983-1204117e7975	1168a7c0-08ab-49f4-8b39-00f1f189d6c6	custom	\N	/	neutral	primary	688693af73e9e43a4a6e3c03
2	41c60df7-54ab-4683-8983-1204117e7975	c10a3521-65b7-4fce-822b-6d4a0887065e	custom	\N	/	neutral	ghost	688693c973e9e43a4a6e3c04
1	deefcd27-f08b-46fa-8843-0703ff59e6cc	b4c62c01-73d6-4d29-bb03-f1f8d2521fe9	custom	\N	/	neutral	primary	688693af73e9e43a4a6e3c03
2	deefcd27-f08b-46fa-8843-0703ff59e6cc	12b78b6e-7b75-41f2-b3ba-dc36ce37bb23	custom	\N	/	neutral	ghost	688693c973e9e43a4a6e3c04
1	b710c38f-af35-4722-9c8f-279f18021757	b4086c46-01d7-43df-8789-bceead2160db	custom	\N	/	neutral	primary	688693af73e9e43a4a6e3c03
2	b710c38f-af35-4722-9c8f-279f18021757	7368d39b-da1a-42eb-8fa4-f2d0618f1c34	custom	\N	/	neutral	ghost	688693c973e9e43a4a6e3c04
1	5d7acef8-c5c7-41df-b43a-b0a7019f4c57	bbf9549a-9f0b-4837-8914-12473a6d79f8	custom	\N	/	neutral	primary	688693af73e9e43a4a6e3c03
2	5d7acef8-c5c7-41df-b43a-b0a7019f4c57	c2c7ffaa-7ba8-43de-9a66-4b38b5da21a2	custom	\N	/	neutral	ghost	688693c973e9e43a4a6e3c04
1	b8a5a99b-2195-4066-a86c-95aa63c90330	fb394103-3bb6-4dc6-900b-6f7025f8d9ee	custom	\N	/	neutral	primary	688693af73e9e43a4a6e3c03
2	b8a5a99b-2195-4066-a86c-95aa63c90330	8cd2e96f-3901-4719-8303-81480e27ab02	custom	\N	/	neutral	ghost	688693c973e9e43a4a6e3c04
1	abeae401-02ea-4a9d-bd80-73851afc2ffd	7312e963-1cf5-45a1-a7fe-c66c26688666	custom	\N	/	neutral	primary	688693af73e9e43a4a6e3c03
2	abeae401-02ea-4a9d-bd80-73851afc2ffd	148b7d78-e760-45da-bf00-8432838d78a3	custom	\N	/	neutral	ghost	688693c973e9e43a4a6e3c04
1	990afa8d-fbf0-4bab-9b6a-8cbfe7488ddc	9774d02a-241e-4ba2-bc6d-c8c00324ba9c	custom	\N	/	neutral	primary	688693af73e9e43a4a6e3c03
2	990afa8d-fbf0-4bab-9b6a-8cbfe7488ddc	20080e41-a8dd-4c38-857d-20b8013f1547	custom	\N	/	neutral	ghost	688693c973e9e43a4a6e3c04
1	df25eab2-1f33-408c-930f-d845fabe2a9a	0de79779-3ccc-4ca5-a4a1-adaa8729f032	custom	\N	/	neutral	primary	688693af73e9e43a4a6e3c03
2	df25eab2-1f33-408c-930f-d845fabe2a9a	711da676-11b9-4f7a-bd02-e16c4061b3af	custom	\N	/	neutral	ghost	688693c973e9e43a4a6e3c04
1	1aa29553-e446-407b-b3c0-5c37067f4c85	55e8e5d0-12af-40c7-b318-7057d8a1299a	custom	\N	/	neutral	primary	688693af73e9e43a4a6e3c03
2	1aa29553-e446-407b-b3c0-5c37067f4c85	4e2ebc71-f571-43ad-87c7-ff0ca683d314	custom	\N	/	neutral	ghost	688693c973e9e43a4a6e3c04
1	70b04d51-b412-4e9d-95a4-7bf9fdd2a1c1	7e1daf03-ff35-4cfc-bd98-85043144be3d	custom	\N	/	neutral	primary	688693af73e9e43a4a6e3c03
2	70b04d51-b412-4e9d-95a4-7bf9fdd2a1c1	779665cd-d82a-4dfd-a4ee-04ca33aa749f	custom	\N	/	neutral	ghost	688693c973e9e43a4a6e3c04
1	4389a3c7-2b44-4dda-b26c-b3db9aa06ea8	6794c94e-16e9-46c2-a685-95ca2876ecd8	custom	\N	/	neutral	primary	688693af73e9e43a4a6e3c03
2	4389a3c7-2b44-4dda-b26c-b3db9aa06ea8	9fc36f4c-5ed2-4ca3-82b7-ea960a407019	custom	\N	/	neutral	ghost	688693c973e9e43a4a6e3c04
1	ec2f0054-a44a-4dfe-b38c-2280a621a0df	26d93222-1966-470e-b244-8a70eed8af7e	custom	\N	/	neutral	primary	688693af73e9e43a4a6e3c03
2	ec2f0054-a44a-4dfe-b38c-2280a621a0df	bd1aacd0-a03c-4d48-99cc-33053f9c4912	custom	\N	/	neutral	ghost	688693c973e9e43a4a6e3c04
1	96a690f0-6b75-40a2-bc6b-94e17419a077	e1330004-dc74-4e27-9ae7-e20878284456	custom	\N	/	neutral	primary	688693af73e9e43a4a6e3c03
1	af90617d-cf5f-4812-afb8-2a0dfd9fdc12	65f91435-4f1c-49bf-a1d5-c4143188c114	custom	\N	/	neutral	primary	688693af73e9e43a4a6e3c03
2	af90617d-cf5f-4812-afb8-2a0dfd9fdc12	01550232-561e-4c49-b816-a3addb86c20d	custom	\N	/	neutral	ghost	688693c973e9e43a4a6e3c04
1	31b5ae11-e3c5-4e2b-b6a6-24aaabf8f28a	b05b4e45-3268-46c2-818c-73ec328cc2ce	custom	\N	/	neutral	primary	688693af73e9e43a4a6e3c03
2	31b5ae11-e3c5-4e2b-b6a6-24aaabf8f28a	a6a786a0-a0e0-48d8-963b-f84e5bc184ef	custom	\N	/	neutral	ghost	688693c973e9e43a4a6e3c04
2	96a690f0-6b75-40a2-bc6b-94e17419a077	ca6fc1e6-a7ea-4f8d-aa3d-754925525751	custom	\N	/	neutral	ghost	688693c973e9e43a4a6e3c04
1	191829da-fed4-4378-835d-355bb725534e	f48f9571-2f80-4e01-b980-dbb8438130a1	custom	\N	/profit-calculator	neutral	primary	688693af73e9e43a4a6e3c03
2	191829da-fed4-4378-835d-355bb725534e	9c99e0f3-593f-4f27-8622-60a9415c2502	custom	\N	/	neutral	ghost	688693c973e9e43a4a6e3c04
1	9f09b6d6-5dd1-4b72-b23f-90cd5c745e61	1cc86a58-7108-4184-a233-356389c396b6	custom	\N	/profit-calculator	neutral	primary	688693af73e9e43a4a6e3c03
2	9f09b6d6-5dd1-4b72-b23f-90cd5c745e61	fead06fc-1bf4-46ef-bc36-65980275ac1c	custom	\N	/	neutral	ghost	688693c973e9e43a4a6e3c04
1	01fe3f95-b2e0-4adc-8e06-a37200de75b3	9f15c518-cfcd-40c0-a3e8-53f78bc3a902	custom	\N	/profit-calculator	neutral	primary	688693af73e9e43a4a6e3c03
2	01fe3f95-b2e0-4adc-8e06-a37200de75b3	91f87a28-9ce9-4203-99b2-8bb36c047f50	custom	\N	/	neutral	ghost	688693c973e9e43a4a6e3c04
1	3b7333a2-daa5-498c-88e2-379fe5c31d7b	3c62f49b-b4f5-4a90-94ed-7d998185e8eb	custom	\N	/profit-calculator	neutral	primary	688693af73e9e43a4a6e3c03
2	3b7333a2-daa5-498c-88e2-379fe5c31d7b	0c1f8842-0254-4012-9d0c-997fb6167243	custom	\N	/	neutral	ghost	688693c973e9e43a4a6e3c04
1	67aa8e57-e509-4c57-b165-2c5bfd47d94f	affea297-cf40-473e-8eaf-dfc492ac804d	custom	\N	/profit-calculator	neutral	primary	688693af73e9e43a4a6e3c03
2	67aa8e57-e509-4c57-b165-2c5bfd47d94f	590edb97-0cc2-43a0-8cca-0f978015fbdf	custom	\N	/	neutral	ghost	688693c973e9e43a4a6e3c04
1	be9c7e75-dc9a-4619-8a8e-5ef58c098864	b447ca1f-8e05-434d-8a5b-ccbf4374e136	custom	\N	/profit-calculator	neutral	primary	688693af73e9e43a4a6e3c03
2	be9c7e75-dc9a-4619-8a8e-5ef58c098864	52fbea48-6cf6-4330-a99a-920d5e40a02e	custom	\N	/	neutral	ghost	688693c973e9e43a4a6e3c04
1	475931ac-474c-47ac-a1ba-e14920a6ebb8	7895ccf9-ff48-400d-9ccb-3b476509e62f	custom	\N	/profit-calculator	neutral	primary	688693af73e9e43a4a6e3c03
2	475931ac-474c-47ac-a1ba-e14920a6ebb8	aa041492-17a8-42f3-95da-aa3d3f0d197f	custom	\N	/	neutral	ghost	688693c973e9e43a4a6e3c04
1	df9022a7-63b1-4017-b716-518f2d69d9c2	4680393d-35eb-4b81-9c8c-ad37a17ff311	custom	\N	/profit-calculator	neutral	primary	688693af73e9e43a4a6e3c03
2	df9022a7-63b1-4017-b716-518f2d69d9c2	d7f9ae8e-1e79-4c0b-880a-ca5a75dee41d	custom	\N	/	neutral	ghost	688693c973e9e43a4a6e3c04
1	57af9290-93a8-46d6-8475-65260fba9301	c6fc57f8-beb9-48ca-bf8a-cb331d8e99d9	custom	\N	/profit-calculator	neutral	primary	688693af73e9e43a4a6e3c03
2	57af9290-93a8-46d6-8475-65260fba9301	1195aa47-034f-49e9-8626-3a0e7af2a734	custom	\N	/	neutral	ghost	688693c973e9e43a4a6e3c04
1	99bd2e73-564f-485c-9ff6-4421e9090e2a	a5fcc7d2-ed97-4d41-86cb-3786c6438e5e	custom	\N	/profit-calculator	neutral	primary	688693af73e9e43a4a6e3c03
2	99bd2e73-564f-485c-9ff6-4421e9090e2a	e49a9c72-0a8c-47dd-a501-b3c409b8be5c	custom	\N	/	neutral	ghost	688693c973e9e43a4a6e3c04
1	063f8a38-1c45-4ae7-acd1-5a2a877fff5f	a007f846-9172-471f-aa57-d5fc11a4d449	custom	\N	/profit-calculator	neutral	primary	688693af73e9e43a4a6e3c03
2	063f8a38-1c45-4ae7-acd1-5a2a877fff5f	a819a195-6134-4d8f-bb63-82886cd6d4ae	custom	\N	/	neutral	ghost	688693c973e9e43a4a6e3c04
\.


--
-- Data for Name: _pages_v_version_hero_links_locales; Type: TABLE DATA; Schema: public; Owner: -
--

COPY "public"."_pages_v_version_hero_links_locales" ("link_label", "id", "_locale", "_parent_id") FROM stdin;
  	302	ar	4e225479-2e4f-4915-818c-09f45e978d51
  	303	ar	8d5cb74b-f002-4310-9cdc-785e3fc6cfac
  	304	ar	b08fdfc5-b38f-4bc9-9f9a-c4b66f7a4a05
  	305	ar	bb6cdd0f-f500-4927-8b60-17fe1b2bd948
  	246	ar	3c8ca34e-fc31-4580-a73b-d6b884ed52a1
  	247	ar	52385a7e-efa2-4fd6-88e2-b1170e773207
  	248	ar	502ed58b-f371-4ecf-b49f-c7c4e7db23cf
  	249	ar	e2c1790f-ff52-48da-9bbc-99c458fd5d9b
  	378	ar	1168a7c0-08ab-49f4-8b39-00f1f189d6c6
  	379	ar	c10a3521-65b7-4fce-822b-6d4a0887065e
  	380	ar	b4c62c01-73d6-4d29-bb03-f1f8d2521fe9
  	381	ar	12b78b6e-7b75-41f2-b3ba-dc36ce37bb23
  	386	ar	b4086c46-01d7-43df-8789-bceead2160db
  	387	ar	7368d39b-da1a-42eb-8fa4-f2d0618f1c34
  	266	ar	bbf9549a-9f0b-4837-8914-12473a6d79f8
  	267	ar	c2c7ffaa-7ba8-43de-9a66-4b38b5da21a2
  	388	ar	fb394103-3bb6-4dc6-900b-6f7025f8d9ee
  	389	ar	8cd2e96f-3901-4719-8303-81480e27ab02
  	390	ar	7312e963-1cf5-45a1-a7fe-c66c26688666
  	391	ar	148b7d78-e760-45da-bf00-8432838d78a3
  	394	ar	9774d02a-241e-4ba2-bc6d-c8c00324ba9c
  	395	ar	20080e41-a8dd-4c38-857d-20b8013f1547
  	156	ar	0de79779-3ccc-4ca5-a4a1-adaa8729f032
  	157	ar	711da676-11b9-4f7a-bd02-e16c4061b3af
  	158	ar	55e8e5d0-12af-40c7-b318-7057d8a1299a
  	159	ar	4e2ebc71-f571-43ad-87c7-ff0ca683d314
  	396	ar	7e1daf03-ff35-4cfc-bd98-85043144be3d
  	397	ar	779665cd-d82a-4dfd-a4ee-04ca33aa749f
  	218	ar	6794c94e-16e9-46c2-a685-95ca2876ecd8
  	50	ar	65f91435-4f1c-49bf-a1d5-c4143188c114
  	51	ar	01550232-561e-4c49-b816-a3addb86c20d
  	52	ar	b05b4e45-3268-46c2-818c-73ec328cc2ce
  	53	ar	a6a786a0-a0e0-48d8-963b-f84e5bc184ef
  	219	ar	9fc36f4c-5ed2-4ca3-82b7-ea960a407019
  	220	ar	26d93222-1966-470e-b244-8a70eed8af7e
  	221	ar	bd1aacd0-a03c-4d48-99cc-33053f9c4912
  	222	ar	e1330004-dc74-4e27-9ae7-e20878284456
  	223	ar	ca6fc1e6-a7ea-4f8d-aa3d-754925525751
  	402	ar	f48f9571-2f80-4e01-b980-dbb8438130a1
  	403	ar	9c99e0f3-593f-4f27-8622-60a9415c2502
  	404	ar	1cc86a58-7108-4184-a233-356389c396b6
  	405	ar	fead06fc-1bf4-46ef-bc36-65980275ac1c
  	406	ar	9f15c518-cfcd-40c0-a3e8-53f78bc3a902
  	407	ar	91f87a28-9ce9-4203-99b2-8bb36c047f50
  	408	ar	3c62f49b-b4f5-4a90-94ed-7d998185e8eb
  	409	ar	0c1f8842-0254-4012-9d0c-997fb6167243
  	410	ar	affea297-cf40-473e-8eaf-dfc492ac804d
  	411	ar	590edb97-0cc2-43a0-8cca-0f978015fbdf
  	442	ar	b447ca1f-8e05-434d-8a5b-ccbf4374e136
  	443	ar	52fbea48-6cf6-4330-a99a-920d5e40a02e
  	444	ar	7895ccf9-ff48-400d-9ccb-3b476509e62f
  	445	ar	aa041492-17a8-42f3-95da-aa3d3f0d197f
  	446	ar	4680393d-35eb-4b81-9c8c-ad37a17ff311
  	447	ar	d7f9ae8e-1e79-4c0b-880a-ca5a75dee41d
  	448	ar	c6fc57f8-beb9-48ca-bf8a-cb331d8e99d9
  	449	ar	1195aa47-034f-49e9-8626-3a0e7af2a734
  	452	ar	a5fcc7d2-ed97-4d41-86cb-3786c6438e5e
  	453	ar	e49a9c72-0a8c-47dd-a501-b3c409b8be5c
  	454	ar	a007f846-9172-471f-aa57-d5fc11a4d449
  	455	ar	a819a195-6134-4d8f-bb63-82886cd6d4ae
\.


--
-- Data for Name: _pages_v_version_hero_list_items; Type: TABLE DATA; Schema: public; Owner: -
--

COPY "public"."_pages_v_version_hero_list_items" ("_order", "_parent_id", "id", "icon", "_uuid") FROM stdin;
1	be9c7e75-dc9a-4619-8a8e-5ef58c098864	07e249ac-3c3c-4c14-aed7-a9e24fb5c51f	checkbox-circle-line	688f18d4c8a1d504079d0ee6
2	be9c7e75-dc9a-4619-8a8e-5ef58c098864	8e3c6b78-ddc9-4f98-a5f3-46ed57e3b431	checkbox-circle-line	688f18edc8a1d504079d0eeb
3	be9c7e75-dc9a-4619-8a8e-5ef58c098864	9cf3d801-b406-45a5-a6a1-0e5ced93c214	checkbox-circle-line	688f18ebc8a1d504079d0ee8
1	475931ac-474c-47ac-a1ba-e14920a6ebb8	d69a4eab-ce9c-484c-add3-ddf7a005b691	checkbox-circle-line	688f18d4c8a1d504079d0ee6
2	475931ac-474c-47ac-a1ba-e14920a6ebb8	3686da60-685e-47b0-b532-72ec8e710589	checkbox-circle-line	688f18edc8a1d504079d0eeb
3	475931ac-474c-47ac-a1ba-e14920a6ebb8	2299401a-29d7-4f3f-a7b7-0220568d3ffc	checkbox-circle-line	688f18ebc8a1d504079d0ee8
1	df9022a7-63b1-4017-b716-518f2d69d9c2	4d606c99-f1df-45ac-8dd0-bf93104e22d6	checkbox-circle-line	688f18d4c8a1d504079d0ee6
2	df9022a7-63b1-4017-b716-518f2d69d9c2	c9915182-5fed-4e32-833e-1ec69592857a	checkbox-circle-line	688f18edc8a1d504079d0eeb
3	df9022a7-63b1-4017-b716-518f2d69d9c2	2181970e-9450-45af-a23f-76bc9e1dc2b9	checkbox-circle-line	688f18ebc8a1d504079d0ee8
1	57af9290-93a8-46d6-8475-65260fba9301	293600c1-6924-41fb-9300-353a5868f4ca	checkbox-circle-line	688f18d4c8a1d504079d0ee6
2	57af9290-93a8-46d6-8475-65260fba9301	24e80880-ae8a-453e-8b44-2e2ec7e78660	checkbox-circle-line	688f18edc8a1d504079d0eeb
3	57af9290-93a8-46d6-8475-65260fba9301	903d47a5-115b-48a9-b9a9-734544068474	checkbox-circle-line	688f18ebc8a1d504079d0ee8
1	99bd2e73-564f-485c-9ff6-4421e9090e2a	258b483e-110d-4e3b-8983-d32155b8ccc8	checkbox-circle-line	688f18d4c8a1d504079d0ee6
2	99bd2e73-564f-485c-9ff6-4421e9090e2a	2ab0c1e8-8505-4561-9443-7728b4238246	checkbox-circle-line	688f18edc8a1d504079d0eeb
3	99bd2e73-564f-485c-9ff6-4421e9090e2a	320f56eb-0da9-4456-b913-ccd1d19736cd	checkbox-circle-line	688f18ebc8a1d504079d0ee8
1	063f8a38-1c45-4ae7-acd1-5a2a877fff5f	ffc0c3d8-8b8d-4f2e-9bb7-c666b1e2c612	checkbox-circle-line	688f18d4c8a1d504079d0ee6
2	063f8a38-1c45-4ae7-acd1-5a2a877fff5f	a802c6cc-0c24-498c-8fd7-6a345c6e2a01	checkbox-circle-line	688f18edc8a1d504079d0eeb
3	063f8a38-1c45-4ae7-acd1-5a2a877fff5f	a59d9cb7-4e68-4d21-a8fe-db94d4cd1259	checkbox-circle-line	688f18ebc8a1d504079d0ee8
\.


--
-- Data for Name: _pages_v_version_hero_list_items_locales; Type: TABLE DATA; Schema: public; Owner: -
--

COPY "public"."_pages_v_version_hero_list_items_locales" ("text", "id", "_locale", "_parent_id") FROM stdin;
    	12	ar	07e249ac-3c3c-4c14-aed7-a9e24fb5c51f
      	13	ar	8e3c6b78-ddc9-4f98-a5f3-46ed57e3b431
      	14	ar	9cf3d801-b406-45a5-a6a1-0e5ced93c214
    	15	ar	d69a4eab-ce9c-484c-add3-ddf7a005b691
      	16	ar	3686da60-685e-47b0-b532-72ec8e710589
      	17	ar	2299401a-29d7-4f3f-a7b7-0220568d3ffc
    	18	ar	4d606c99-f1df-45ac-8dd0-bf93104e22d6
      	19	ar	c9915182-5fed-4e32-833e-1ec69592857a
      	20	ar	2181970e-9450-45af-a23f-76bc9e1dc2b9
    	21	ar	293600c1-6924-41fb-9300-353a5868f4ca
      	22	ar	24e80880-ae8a-453e-8b44-2e2ec7e78660
      	23	ar	903d47a5-115b-48a9-b9a9-734544068474
    	27	ar	258b483e-110d-4e3b-8983-d32155b8ccc8
      	28	ar	2ab0c1e8-8505-4561-9443-7728b4238246
      	29	ar	320f56eb-0da9-4456-b913-ccd1d19736cd
    	30	ar	ffc0c3d8-8b8d-4f2e-9bb7-c666b1e2c612
      	31	ar	a802c6cc-0c24-498c-8fd7-6a345c6e2a01
      	32	ar	a59d9cb7-4e68-4d21-a8fe-db94d4cd1259
\.


--
-- Data for Name: _richTextBlock_v; Type: TABLE DATA; Schema: public; Owner: -
--

COPY "public"."_richTextBlock_v" ("_order", "_parent_id", "_path", "id", "block_header_type", "block_header_badge_type", "block_header_badge_color", "block_header_badge_icon", "block_header_badge_icon_position", "type", "max_width", "columns", "_uuid", "block_name") FROM stdin;
2	9907622f-51f6-4107-b865-5f8fa357f96c	version.layout	64e606e0-dd18-46b8-a7af-679fff830d77	center	\N	blue	\N	flex-row	02	default	1	68869cf2f3705a4904040d30	\N
2	274a0b43-8c00-4a28-aa9e-f2d70144f72e	version.layout	8e3ae7bc-e498-4f47-85eb-bf36fda94f59	center	\N	blue	\N	flex-row	02	default	1	68869cf2f3705a4904040d30	\N
2	dbf959bb-8af9-427b-9320-f4aeb0536d2c	version.layout	a0efe8e5-4294-49b3-8dfb-0c0ac433b8cd	center	\N	blue	\N	flex-row	02	default	1	68869cf2f3705a4904040d30	\N
2	39ed86c1-7622-472a-a921-06def66d1ca6	version.layout	9cc8972f-2c9b-49c8-8c21-460465fddc3d	center	\N	blue	\N	flex-row	02	default	1	68869cf2f3705a4904040d30	\N
2	7cb3435f-1591-4a85-9538-1a329412829b	version.layout	ca0614a5-bd7d-41e9-81bd-2e7bf12a6fb3	center	\N	blue	\N	flex-row	02	default	1	68869cf2f3705a4904040d30	\N
2	76c86155-458d-4f2c-826b-7eef3e448239	version.layout	42c0e55f-e9d1-4789-af1b-cd08348f4232	center	\N	blue	\N	flex-row	02	default	1	68869cf2f3705a4904040d30	\N
2	f99ec098-a847-4647-872b-781d5d8abf92	version.layout	9e86b996-87cd-4e0d-9b70-43595f4cbecd	center	\N	blue	\N	flex-row	02	default	1	68869cf2f3705a4904040d30	\N
2	c93e6899-deb6-44f3-a367-f01466a9d3d8	version.layout	42fd47d9-e86f-4941-8ba3-fab6f3bb8af4	center	\N	blue	\N	flex-row	02	default	1	68869cf2f3705a4904040d30	\N
2	0326068d-5498-4884-9909-417a1e302c9b	version.layout	de08bd34-1931-4ff0-8535-ac415389bed0	center	\N	blue	\N	flex-row	02	default	1	68869cf2f3705a4904040d30	\N
2	0184009f-30c7-4a91-970a-e632fdc5dd41	version.layout	209f003e-c958-4c98-b9cb-d34d6564534b	center	\N	blue	\N	flex-row	02	default	1	68869cf2f3705a4904040d30	\N
2	f223e689-6799-47bf-8a55-75f2d2a07e4b	version.layout	47c84449-8de8-4bdc-8822-a448af6fa010	center	\N	blue	\N	flex-row	02	default	1	68869cf2f3705a4904040d30	\N
2	eb75a85f-8a75-4ada-b510-fbd186ded5fd	version.layout	1fd6b859-9985-443f-84d6-347fc017f769	center	\N	blue	\N	flex-row	02	default	1	68869cf2f3705a4904040d30	\N
2	b131c47a-ae81-4501-9cfc-d34c5970d09e	version.layout	725fb037-424d-4636-b2fe-23a68d7030b6	center	\N	blue	\N	flex-row	02	default	1	68869cf2f3705a4904040d30	\N
2	5daad5c5-875d-4b1a-a149-104e6386d7e1	version.layout	438e954f-e93c-4e91-9464-017a90f6cb64	center	\N	blue	\N	flex-row	02	default	1	68869cf2f3705a4904040d30	\N
2	c21624fa-2468-4a75-81c3-2e915c43ea04	version.layout	54b4a9b2-cfd6-4fb7-9824-9cdb8897434b	center	\N	blue	\N	flex-row	02	default	1	68869cf2f3705a4904040d30	\N
2	66191476-6739-46e9-832b-99f58a05dcee	version.layout	d73097d7-14c6-483d-931b-23111e229bf3	center	\N	blue	\N	flex-row	02	default	1	68869cf2f3705a4904040d30	\N
2	a97e39c7-1ff9-4ab6-8ff7-a5a7fe85b1ca	version.layout	c7f24d15-d157-460d-89a3-23294896f9bb	center	\N	blue	\N	flex-row	02	default	1	68869cf2f3705a4904040d30	\N
2	5cf29f02-25c3-4b24-b574-1aadab774686	version.layout	c421136c-1d9f-41a3-a85a-71fc51b22dec	center	\N	blue	\N	flex-row	02	default	1	68869cf2f3705a4904040d30	\N
2	5a14f13d-26a1-40fe-af37-216b5bd0fe17	version.layout	e5c839a6-71f9-410f-ab27-9e4a3959fb5f	center	\N	blue	\N	flex-row	02	default	1	68869cf2f3705a4904040d30	\N
2	50ab6bc6-7eb9-4e97-98f4-4e27d6d699ef	version.layout	d9a412d6-424c-4454-95b2-df7d83ba3a13	center	\N	blue	\N	flex-row	02	default	1	68869cf2f3705a4904040d30	\N
2	9faf6e5f-3f02-41dc-90ca-2facbefcb29b	version.layout	0affada2-8712-42b2-8bde-402e142386f9	center	\N	blue	\N	flex-row	02	default	1	68869cf2f3705a4904040d30	\N
2	c20c2c0b-4fa6-45f3-acb3-34e06f115342	version.layout	28a106a0-9fab-41c9-b855-6c703664ca9b	center	\N	blue	\N	flex-row	02	default	1	68869cf2f3705a4904040d30	\N
2	90cf9707-369c-4799-8aa5-8c6eeab55ba2	version.layout	089fb5b1-6d9b-4579-9c06-19678b55d415	center	\N	blue	\N	flex-row	02	default	1	68869cf2f3705a4904040d30	\N
2	57ff426a-9250-4471-94f7-2ce9173606fa	version.layout	c0d94d46-3c33-4943-afb6-dbf54a30cb2e	center	\N	blue	\N	flex-row	02	default	1	68869cf2f3705a4904040d30	\N
2	8a100411-d7e9-4035-bcda-bb9916e0c4ff	version.layout	370c2ff9-5e03-452e-a807-4b717d74cbd4	center	\N	blue	\N	flex-row	02	default	1	68869cf2f3705a4904040d30	\N
2	42c8f4e2-6b54-4c96-9da9-672741e82033	version.layout	49f3e68c-0bf9-452f-91f8-adbdbb3fd5e9	center	\N	blue	\N	flex-row	02	default	1	68869cf2f3705a4904040d30	\N
2	0f74cab3-d27d-472e-b2eb-35ab19e69c72	version.layout	735acfa8-eaf0-4923-8d14-5cc3027c9d4f	center	\N	blue	\N	flex-row	02	default	1	68869cf2f3705a4904040d30	\N
2	c3e0ac67-68ff-45a0-a95f-0bae5b004b85	version.layout	0f3d837e-b95e-4b4f-99d1-803c27b8b729	center	\N	blue	\N	flex-row	02	default	1	68869cf2f3705a4904040d30	\N
2	2522dd02-3c88-4d0f-8f54-000c6331c042	version.layout	773b9b09-d9d7-410f-ab00-0d33618af57c	center	\N	blue	\N	flex-row	02	default	1	68869cf2f3705a4904040d30	\N
\.


--
-- Data for Name: _richTextBlock_v_block_header_links; Type: TABLE DATA; Schema: public; Owner: -
--

COPY "public"."_richTextBlock_v_block_header_links" ("_order", "_parent_id", "id", "link_type", "link_new_tab", "link_url", "link_color", "link_variant", "_uuid") FROM stdin;
\.


--
-- Data for Name: _richTextBlock_v_block_header_links_locales; Type: TABLE DATA; Schema: public; Owner: -
--

COPY "public"."_richTextBlock_v_block_header_links_locales" ("link_label", "id", "_locale", "_parent_id") FROM stdin;
\.


--
-- Data for Name: _richTextBlock_v_locales; Type: TABLE DATA; Schema: public; Owner: -
--

COPY "public"."_richTextBlock_v_locales" ("block_header_badge_label", "block_header_header_text", "content", "id", "_locale", "_parent_id") FROM stdin;
\N	\N	{"root": {"type": "root", "format": "", "indent": 0, "version": 1, "children": [{"tag": "h4", "type": "heading", "format": "", "indent": 0, "version": 1, "children": [{"mode": "normal", "text": "                         .", "type": "text", "style": "", "detail": 0, "format": 0, "version": 1}, {"type": "linebreak", "version": 1}, {"mode": "normal", "text": "           :              .", "type": "text", "style": "", "detail": 0, "format": 0, "version": 1}, {"type": "linebreak", "version": 1}, {"mode": "normal", "text": "   ..                   .", "type": "text", "style": "", "detail": 0, "format": 0, "version": 1}, {"type": "linebreak", "version": 1}, {"mode": "normal", "text": "                           .", "type": "text", "style": "", "detail": 0, "format": 0, "version": 1}, {"type": "linebreak", "version": 1}, {"mode": "normal", "text": "        .", "type": "text", "style": "", "detail": 0, "format": 0, "version": 1}, {"type": "linebreak", "version": 1}], "direction": "rtl"}, {"type": "paragraph", "format": "", "indent": 0, "version": 1, "children": [], "direction": "rtl", "textStyle": "", "textFormat": 0}, {"type": "paragraph", "format": "", "indent": 0, "version": 1, "children": [{"mode": "normal", "text": " ", "type": "text", "style": "", "detail": 0, "format": 1, "version": 1}, {"type": "linebreak", "version": 1}, {"mode": "normal", "text": "   ", "type": "text", "style": "", "detail": 0, "format": 0, "version": 1}], "direction": "rtl", "textStyle": "", "textFormat": 1}], "direction": "rtl", "textFormat": 1}}	136	ar	8e3ae7bc-e498-4f47-85eb-bf36fda94f59
\N	\N	{"root": {"type": "root", "format": "", "indent": 0, "version": 1, "children": [{"tag": "h4", "type": "heading", "format": "", "indent": 0, "version": 1, "children": [{"mode": "normal", "text": "           ", "type": "text", "style": "", "detail": 0, "format": 0, "version": 1}, {"type": "linebreak", "version": 1}, {"mode": "normal", "text": "           .       -      -                      .  :                 .", "type": "text", "style": "", "detail": 0, "format": 0, "version": 1}], "direction": "rtl"}, {"type": "paragraph", "format": "", "indent": 0, "version": 1, "children": [{"mode": "normal", "text": " ", "type": "text", "style": "", "detail": 0, "format": 1, "version": 1}, {"type": "linebreak", "version": 1}, {"mode": "normal", "text": "   ", "type": "text", "style": "", "detail": 0, "format": 0, "version": 1}], "direction": "rtl", "textStyle": "", "textFormat": 1}], "direction": "rtl", "textFormat": 1}}	72	ar	42c0e55f-e9d1-4789-af1b-cd08348f4232
\N	\N	{"root": {"type": "root", "format": "", "indent": 0, "version": 1, "children": [{"tag": "h4", "type": "heading", "format": "", "indent": 0, "version": 1, "children": [{"mode": "normal", "text": "           ", "type": "text", "style": "", "detail": 0, "format": 0, "version": 1}, {"type": "linebreak", "version": 1}, {"mode": "normal", "text": "           .       -      -                      .  :                 .", "type": "text", "style": "", "detail": 0, "format": 0, "version": 1}], "direction": "rtl"}, {"type": "paragraph", "format": "", "indent": 0, "version": 1, "children": [{"mode": "normal", "text": " ", "type": "text", "style": "", "detail": 0, "format": 1, "version": 1}, {"type": "linebreak", "version": 1}, {"mode": "normal", "text": "   ", "type": "text", "style": "", "detail": 0, "format": 0, "version": 1}], "direction": "rtl", "textStyle": "", "textFormat": 1}], "direction": "rtl", "textFormat": 1}}	73	ar	9e86b996-87cd-4e0d-9b70-43595f4cbecd
\N	\N	{"root": {"type": "root", "format": "", "indent": 0, "version": 1, "children": [{"tag": "h4", "type": "heading", "format": "", "indent": 0, "version": 1, "children": [{"mode": "normal", "text": "           ", "type": "text", "style": "", "detail": 0, "format": 0, "version": 1}, {"type": "linebreak", "version": 1}, {"mode": "normal", "text": "           .       -      -                      .  :                 .", "type": "text", "style": "", "detail": 0, "format": 0, "version": 1}], "direction": "rtl"}, {"type": "paragraph", "format": "", "indent": 0, "version": 1, "children": [{"mode": "normal", "text": " ", "type": "text", "style": "", "detail": 0, "format": 1, "version": 1}, {"type": "linebreak", "version": 1}, {"mode": "normal", "text": "   ", "type": "text", "style": "", "detail": 0, "format": 0, "version": 1}], "direction": "rtl", "textStyle": "", "textFormat": 1}], "direction": "rtl", "textFormat": 1}}	79	ar	42fd47d9-e86f-4941-8ba3-fab6f3bb8af4
\N	\N	{"root": {"type": "root", "format": "", "indent": 0, "version": 1, "children": [{"tag": "h4", "type": "heading", "format": "", "indent": 0, "version": 1, "children": [{"mode": "normal", "text": "           ", "type": "text", "style": "", "detail": 0, "format": 0, "version": 1}, {"type": "linebreak", "version": 1}, {"mode": "normal", "text": "           .       -      -                      .  :                 .", "type": "text", "style": "", "detail": 0, "format": 0, "version": 1}], "direction": "rtl"}, {"type": "paragraph", "format": "", "indent": 0, "version": 1, "children": [{"mode": "normal", "text": " ", "type": "text", "style": "", "detail": 0, "format": 1, "version": 1}, {"type": "linebreak", "version": 1}, {"mode": "normal", "text": "   ", "type": "text", "style": "", "detail": 0, "format": 0, "version": 1}], "direction": "rtl", "textStyle": "", "textFormat": 1}], "direction": "rtl", "textFormat": 1}}	80	ar	de08bd34-1931-4ff0-8535-ac415389bed0
\N	\N	{"root": {"type": "root", "format": "", "indent": 0, "version": 1, "children": [{"tag": "h4", "type": "heading", "format": "", "indent": 0, "version": 1, "children": [{"mode": "normal", "text": "           ", "type": "text", "style": "", "detail": 0, "format": 0, "version": 1}, {"type": "linebreak", "version": 1}, {"mode": "normal", "text": "           .       -      -                      .  :                 .", "type": "text", "style": "", "detail": 0, "format": 0, "version": 1}], "direction": "rtl"}, {"type": "paragraph", "format": "", "indent": 0, "version": 1, "children": [{"mode": "normal", "text": " ", "type": "text", "style": "", "detail": 0, "format": 1, "version": 1}, {"type": "linebreak", "version": 1}, {"mode": "normal", "text": "   ", "type": "text", "style": "", "detail": 0, "format": 0, "version": 1}], "direction": "rtl", "textStyle": "", "textFormat": 1}], "direction": "rtl", "textFormat": 1}}	30	ar	1fd6b859-9985-443f-84d6-347fc017f769
\N	\N	{"root": {"type": "root", "format": "", "indent": 0, "version": 1, "children": [{"tag": "h4", "type": "heading", "format": "", "indent": 0, "version": 1, "children": [{"mode": "normal", "text": "           ", "type": "text", "style": "", "detail": 0, "format": 0, "version": 1}, {"type": "linebreak", "version": 1}, {"mode": "normal", "text": "           .       -      -                      .  :                 .", "type": "text", "style": "", "detail": 0, "format": 0, "version": 1}], "direction": "rtl"}, {"type": "paragraph", "format": "", "indent": 0, "version": 1, "children": [{"mode": "normal", "text": " ", "type": "text", "style": "", "detail": 0, "format": 1, "version": 1}, {"type": "linebreak", "version": 1}, {"mode": "normal", "text": "   ", "type": "text", "style": "", "detail": 0, "format": 0, "version": 1}], "direction": "rtl", "textStyle": "", "textFormat": 1}], "direction": "rtl", "textFormat": 1}}	31	ar	725fb037-424d-4636-b2fe-23a68d7030b6
\N	\N	{"root": {"type": "root", "format": "", "indent": 0, "version": 1, "children": [{"tag": "h4", "type": "heading", "format": "", "indent": 0, "version": 1, "children": [{"mode": "normal", "text": "                         .", "type": "text", "style": "", "detail": 0, "format": 0, "version": 1}, {"type": "linebreak", "version": 1}, {"mode": "normal", "text": "           :              .", "type": "text", "style": "", "detail": 0, "format": 0, "version": 1}, {"type": "linebreak", "version": 1}, {"mode": "normal", "text": "   ..                   .", "type": "text", "style": "", "detail": 0, "format": 0, "version": 1}, {"type": "linebreak", "version": 1}, {"mode": "normal", "text": "                           .", "type": "text", "style": "", "detail": 0, "format": 0, "version": 1}, {"type": "linebreak", "version": 1}, {"mode": "normal", "text": "        .", "type": "text", "style": "", "detail": 0, "format": 0, "version": 1}, {"type": "linebreak", "version": 1}], "direction": "rtl"}, {"type": "paragraph", "format": "", "indent": 0, "version": 1, "children": [], "direction": "rtl", "textStyle": "", "textFormat": 0}, {"type": "paragraph", "format": "", "indent": 0, "version": 1, "children": [{"mode": "normal", "text": " ", "type": "text", "style": "", "detail": 0, "format": 1, "version": 1}, {"type": "linebreak", "version": 1}, {"mode": "normal", "text": "   ", "type": "text", "style": "", "detail": 0, "format": 0, "version": 1}], "direction": "rtl", "textStyle": "", "textFormat": 1}], "direction": "rtl", "textFormat": 1}}	135	ar	64e606e0-dd18-46b8-a7af-679fff830d77
\N	\N	{"root": {"type": "root", "format": "", "indent": 0, "version": 1, "children": [{"tag": "h4", "type": "heading", "format": "", "indent": 0, "version": 1, "children": [{"mode": "normal", "text": "           ", "type": "text", "style": "", "detail": 0, "format": 0, "version": 1}, {"type": "linebreak", "version": 1}, {"mode": "normal", "text": "           .       -      -                      .  :                 .", "type": "text", "style": "", "detail": 0, "format": 0, "version": 1}], "direction": "rtl"}, {"type": "paragraph", "format": "", "indent": 0, "version": 1, "children": [{"mode": "normal", "text": " ", "type": "text", "style": "", "detail": 0, "format": 1, "version": 1}, {"type": "linebreak", "version": 1}, {"mode": "normal", "text": "   ", "type": "text", "style": "", "detail": 0, "format": 0, "version": 1}], "direction": "rtl", "textStyle": "", "textFormat": 1}], "direction": "rtl", "textFormat": 1}}	83	ar	209f003e-c958-4c98-b9cb-d34d6564534b
\N	\N	{"root": {"type": "root", "format": "", "indent": 0, "version": 1, "children": [{"tag": "h4", "type": "heading", "format": "", "indent": 0, "version": 1, "children": [{"mode": "normal", "text": "           ", "type": "text", "style": "", "detail": 0, "format": 0, "version": 1}, {"type": "linebreak", "version": 1}, {"mode": "normal", "text": "           .       -      -                      .  :                 .", "type": "text", "style": "", "detail": 0, "format": 0, "version": 1}], "direction": "rtl"}, {"type": "paragraph", "format": "", "indent": 0, "version": 1, "children": [{"mode": "normal", "text": " ", "type": "text", "style": "", "detail": 0, "format": 1, "version": 1}, {"type": "linebreak", "version": 1}, {"mode": "normal", "text": "   ", "type": "text", "style": "", "detail": 0, "format": 0, "version": 1}], "direction": "rtl", "textStyle": "", "textFormat": 1}], "direction": "rtl", "textFormat": 1}}	84	ar	47c84449-8de8-4bdc-8822-a448af6fa010
\N	\N	{"root": {"type": "root", "format": "", "indent": 0, "version": 1, "children": [{"tag": "h4", "type": "heading", "format": "", "indent": 0, "version": 1, "children": [{"mode": "normal", "text": "           ", "type": "text", "style": "", "detail": 0, "format": 0, "version": 1}, {"type": "linebreak", "version": 1}, {"mode": "normal", "text": "           .       -      -                     .  :                 .", "type": "text", "style": "", "detail": 0, "format": 0, "version": 1}], "direction": "rtl"}, {"type": "paragraph", "format": "", "indent": 0, "version": 1, "children": [], "direction": "rtl", "textStyle": "", "textFormat": 0}, {"type": "paragraph", "format": "", "indent": 0, "version": 1, "children": [{"mode": "normal", "text": " ", "type": "text", "style": "", "detail": 0, "format": 1, "version": 1}, {"type": "linebreak", "version": 1}, {"mode": "normal", "text": "   ", "type": "text", "style": "", "detail": 0, "format": 0, "version": 1}], "direction": "rtl", "textStyle": "", "textFormat": 1}], "direction": "rtl"}}	92	ar	438e954f-e93c-4e91-9464-017a90f6cb64
\N	\N	{"root": {"type": "root", "format": "", "indent": 0, "version": 1, "children": [{"tag": "h4", "type": "heading", "format": "", "indent": 0, "version": 1, "children": [{"mode": "normal", "text": "           ", "type": "text", "style": "", "detail": 0, "format": 0, "version": 1}, {"type": "linebreak", "version": 1}, {"mode": "normal", "text": "           .       -      -                     .  :                 .", "type": "text", "style": "", "detail": 0, "format": 0, "version": 1}], "direction": "rtl"}, {"type": "paragraph", "format": "", "indent": 0, "version": 1, "children": [], "direction": "rtl", "textStyle": "", "textFormat": 0}, {"type": "paragraph", "format": "", "indent": 0, "version": 1, "children": [{"mode": "normal", "text": " ", "type": "text", "style": "", "detail": 0, "format": 1, "version": 1}, {"type": "linebreak", "version": 1}, {"mode": "normal", "text": "   ", "type": "text", "style": "", "detail": 0, "format": 0, "version": 1}], "direction": "rtl", "textStyle": "", "textFormat": 1}], "direction": "rtl"}}	93	ar	54b4a9b2-cfd6-4fb7-9824-9cdb8897434b
\N	\N	{"root": {"type": "root", "format": "", "indent": 0, "version": 1, "children": [{"tag": "h4", "type": "heading", "format": "", "indent": 0, "version": 1, "children": [{"mode": "normal", "text": "           ", "type": "text", "style": "", "detail": 0, "format": 0, "version": 1}, {"type": "linebreak", "version": 1}, {"mode": "normal", "text": "           .       -      -                     .  :                 .", "type": "text", "style": "", "detail": 0, "format": 0, "version": 1}], "direction": "rtl"}, {"type": "paragraph", "format": "", "indent": 0, "version": 1, "children": [], "direction": "rtl", "textStyle": "", "textFormat": 0}, {"type": "paragraph", "format": "", "indent": 0, "version": 1, "children": [{"mode": "normal", "text": " ", "type": "text", "style": "", "detail": 0, "format": 1, "version": 1}, {"type": "linebreak", "version": 1}, {"mode": "normal", "text": "   ", "type": "text", "style": "", "detail": 0, "format": 0, "version": 1}], "direction": "rtl", "textStyle": "", "textFormat": 1}], "direction": "rtl"}}	94	ar	d73097d7-14c6-483d-931b-23111e229bf3
\N	\N	{"root": {"type": "root", "format": "", "indent": 0, "version": 1, "children": [{"tag": "h4", "type": "heading", "format": "", "indent": 0, "version": 1, "children": [{"mode": "normal", "text": "           ", "type": "text", "style": "", "detail": 0, "format": 0, "version": 1}, {"type": "linebreak", "version": 1}, {"mode": "normal", "text": "           .       -      -                     .  :                 .", "type": "text", "style": "", "detail": 0, "format": 0, "version": 1}], "direction": "rtl"}, {"type": "paragraph", "format": "", "indent": 0, "version": 1, "children": [], "direction": "rtl", "textStyle": "", "textFormat": 0}, {"type": "paragraph", "format": "", "indent": 0, "version": 1, "children": [{"mode": "normal", "text": " ", "type": "text", "style": "", "detail": 0, "format": 1, "version": 1}, {"type": "linebreak", "version": 1}, {"mode": "normal", "text": "   ", "type": "text", "style": "", "detail": 0, "format": 0, "version": 1}], "direction": "rtl", "textStyle": "", "textFormat": 1}], "direction": "rtl"}}	95	ar	c7f24d15-d157-460d-89a3-23294896f9bb
\N	\N	{"root": {"type": "root", "format": "", "indent": 0, "version": 1, "children": [{"tag": "h4", "type": "heading", "format": "", "indent": 0, "version": 1, "children": [{"mode": "normal", "text": "                         .", "type": "text", "style": "", "detail": 0, "format": 0, "version": 1}, {"type": "linebreak", "version": 1}, {"mode": "normal", "text": "           :              .", "type": "text", "style": "", "detail": 0, "format": 0, "version": 1}, {"type": "linebreak", "version": 1}, {"mode": "normal", "text": "   ..                   .", "type": "text", "style": "", "detail": 0, "format": 0, "version": 1}, {"type": "linebreak", "version": 1}, {"mode": "normal", "text": "                           .", "type": "text", "style": "", "detail": 0, "format": 0, "version": 1}, {"type": "linebreak", "version": 1}, {"mode": "normal", "text": "        .", "type": "text", "style": "", "detail": 0, "format": 0, "version": 1}, {"type": "linebreak", "version": 1}], "direction": "rtl"}, {"type": "paragraph", "format": "", "indent": 0, "version": 1, "children": [], "direction": "rtl", "textStyle": "", "textFormat": 0}, {"type": "paragraph", "format": "", "indent": 0, "version": 1, "children": [{"mode": "normal", "text": " ", "type": "text", "style": "", "detail": 0, "format": 1, "version": 1}, {"type": "linebreak", "version": 1}, {"mode": "normal", "text": "   ", "type": "text", "style": "", "detail": 0, "format": 0, "version": 1}], "direction": "rtl", "textStyle": "", "textFormat": 1}], "direction": "rtl", "textFormat": 1}}	137	ar	a0efe8e5-4294-49b3-8dfb-0c0ac433b8cd
\N	\N	{"root": {"type": "root", "format": "", "indent": 0, "version": 1, "children": [{"tag": "h4", "type": "heading", "format": "", "indent": 0, "version": 1, "children": [{"mode": "normal", "text": "                         .", "type": "text", "style": "", "detail": 0, "format": 0, "version": 1}, {"type": "linebreak", "version": 1}, {"mode": "normal", "text": "           :              .", "type": "text", "style": "", "detail": 0, "format": 0, "version": 1}, {"type": "linebreak", "version": 1}, {"mode": "normal", "text": "   ..                   .", "type": "text", "style": "", "detail": 0, "format": 0, "version": 1}, {"type": "linebreak", "version": 1}, {"mode": "normal", "text": "                           .", "type": "text", "style": "", "detail": 0, "format": 0, "version": 1}, {"type": "linebreak", "version": 1}, {"mode": "normal", "text": "        .", "type": "text", "style": "", "detail": 0, "format": 0, "version": 1}, {"type": "linebreak", "version": 1}], "direction": "rtl"}, {"type": "paragraph", "format": "", "indent": 0, "version": 1, "children": [], "direction": "rtl", "textStyle": "", "textFormat": 0}, {"type": "paragraph", "format": "", "indent": 0, "version": 1, "children": [{"mode": "normal", "text": " ", "type": "text", "style": "", "detail": 0, "format": 1, "version": 1}, {"type": "linebreak", "version": 1}, {"mode": "normal", "text": "   ", "type": "text", "style": "", "detail": 0, "format": 0, "version": 1}], "direction": "rtl", "textStyle": "", "textFormat": 1}], "direction": "rtl", "textFormat": 1}}	143	ar	9cc8972f-2c9b-49c8-8c21-460465fddc3d
\N	\N	{"root": {"type": "root", "format": "", "indent": 0, "version": 1, "children": [{"tag": "h4", "type": "heading", "format": "", "indent": 0, "version": 1, "children": [{"mode": "normal", "text": "                         .", "type": "text", "style": "", "detail": 0, "format": 0, "version": 1}, {"type": "linebreak", "version": 1}, {"mode": "normal", "text": "           :              .", "type": "text", "style": "", "detail": 0, "format": 0, "version": 1}, {"type": "linebreak", "version": 1}, {"mode": "normal", "text": "   ..                   .", "type": "text", "style": "", "detail": 0, "format": 0, "version": 1}, {"type": "linebreak", "version": 1}, {"mode": "normal", "text": "                           .", "type": "text", "style": "", "detail": 0, "format": 0, "version": 1}, {"type": "linebreak", "version": 1}, {"mode": "normal", "text": "        .", "type": "text", "style": "", "detail": 0, "format": 0, "version": 1}, {"type": "linebreak", "version": 1}], "direction": "rtl"}, {"type": "paragraph", "format": "", "indent": 0, "version": 1, "children": [], "direction": "rtl", "textStyle": "", "textFormat": 0}, {"type": "paragraph", "format": "", "indent": 0, "version": 1, "children": [{"mode": "normal", "text": " ", "type": "text", "style": "", "detail": 0, "format": 1, "version": 1}, {"type": "linebreak", "version": 1}, {"mode": "normal", "text": "   ", "type": "text", "style": "", "detail": 0, "format": 0, "version": 1}], "direction": "rtl", "textStyle": "", "textFormat": 1}], "direction": "rtl", "textFormat": 1}}	112	ar	28a106a0-9fab-41c9-b855-6c703664ca9b
\N	\N	{"root": {"type": "root", "format": "", "indent": 0, "version": 1, "children": [{"tag": "h4", "type": "heading", "format": "", "indent": 0, "version": 1, "children": [{"mode": "normal", "text": "                         .", "type": "text", "style": "", "detail": 0, "format": 0, "version": 1}, {"type": "linebreak", "version": 1}, {"mode": "normal", "text": "           :              .", "type": "text", "style": "", "detail": 0, "format": 0, "version": 1}, {"type": "linebreak", "version": 1}, {"mode": "normal", "text": "   ..                   .", "type": "text", "style": "", "detail": 0, "format": 0, "version": 1}, {"type": "linebreak", "version": 1}, {"mode": "normal", "text": "                           .", "type": "text", "style": "", "detail": 0, "format": 0, "version": 1}, {"type": "linebreak", "version": 1}, {"mode": "normal", "text": "        .", "type": "text", "style": "", "detail": 0, "format": 0, "version": 1}, {"type": "linebreak", "version": 1}], "direction": "rtl"}, {"type": "paragraph", "format": "", "indent": 0, "version": 1, "children": [], "direction": "rtl", "textStyle": "", "textFormat": 0}, {"type": "paragraph", "format": "", "indent": 0, "version": 1, "children": [{"mode": "normal", "text": " ", "type": "text", "style": "", "detail": 0, "format": 1, "version": 1}, {"type": "linebreak", "version": 1}, {"mode": "normal", "text": "   ", "type": "text", "style": "", "detail": 0, "format": 0, "version": 1}], "direction": "rtl", "textStyle": "", "textFormat": 1}], "direction": "rtl", "textFormat": 1}}	113	ar	089fb5b1-6d9b-4579-9c06-19678b55d415
\N	\N	{"root": {"type": "root", "format": "", "indent": 0, "version": 1, "children": [{"tag": "h4", "type": "heading", "format": "", "indent": 0, "version": 1, "children": [{"mode": "normal", "text": "                         .", "type": "text", "style": "", "detail": 0, "format": 0, "version": 1}, {"type": "linebreak", "version": 1}, {"mode": "normal", "text": "           :              .", "type": "text", "style": "", "detail": 0, "format": 0, "version": 1}, {"type": "linebreak", "version": 1}, {"mode": "normal", "text": "   ..                   .", "type": "text", "style": "", "detail": 0, "format": 0, "version": 1}, {"type": "linebreak", "version": 1}, {"mode": "normal", "text": "                           .", "type": "text", "style": "", "detail": 0, "format": 0, "version": 1}, {"type": "linebreak", "version": 1}, {"mode": "normal", "text": "        .", "type": "text", "style": "", "detail": 0, "format": 0, "version": 1}, {"type": "linebreak", "version": 1}], "direction": "rtl"}, {"type": "paragraph", "format": "", "indent": 0, "version": 1, "children": [], "direction": "rtl", "textStyle": "", "textFormat": 0}, {"type": "paragraph", "format": "", "indent": 0, "version": 1, "children": [{"mode": "normal", "text": " ", "type": "text", "style": "", "detail": 0, "format": 1, "version": 1}, {"type": "linebreak", "version": 1}, {"mode": "normal", "text": "   ", "type": "text", "style": "", "detail": 0, "format": 0, "version": 1}], "direction": "rtl", "textStyle": "", "textFormat": 1}], "direction": "rtl", "textFormat": 1}}	114	ar	c0d94d46-3c33-4943-afb6-dbf54a30cb2e
\N	\N	{"root": {"type": "root", "format": "", "indent": 0, "version": 1, "children": [{"tag": "h4", "type": "heading", "format": "", "indent": 0, "version": 1, "children": [{"mode": "normal", "text": "                         .", "type": "text", "style": "", "detail": 0, "format": 0, "version": 1}, {"type": "linebreak", "version": 1}, {"mode": "normal", "text": "           :              .", "type": "text", "style": "", "detail": 0, "format": 0, "version": 1}, {"type": "linebreak", "version": 1}, {"mode": "normal", "text": "   ..                   .", "type": "text", "style": "", "detail": 0, "format": 0, "version": 1}, {"type": "linebreak", "version": 1}, {"mode": "normal", "text": "                           .", "type": "text", "style": "", "detail": 0, "format": 0, "version": 1}, {"type": "linebreak", "version": 1}, {"mode": "normal", "text": "        .", "type": "text", "style": "", "detail": 0, "format": 0, "version": 1}, {"type": "linebreak", "version": 1}], "direction": "rtl"}, {"type": "paragraph", "format": "", "indent": 0, "version": 1, "children": [], "direction": "rtl", "textStyle": "", "textFormat": 0}, {"type": "paragraph", "format": "", "indent": 0, "version": 1, "children": [{"mode": "normal", "text": " ", "type": "text", "style": "", "detail": 0, "format": 1, "version": 1}, {"type": "linebreak", "version": 1}, {"mode": "normal", "text": "   ", "type": "text", "style": "", "detail": 0, "format": 0, "version": 1}], "direction": "rtl", "textStyle": "", "textFormat": 1}], "direction": "rtl", "textFormat": 1}}	115	ar	370c2ff9-5e03-452e-a807-4b717d74cbd4
\N	\N	{"root": {"type": "root", "format": "", "indent": 0, "version": 1, "children": [{"tag": "h4", "type": "heading", "format": "", "indent": 0, "version": 1, "children": [{"mode": "normal", "text": "                         .", "type": "text", "style": "", "detail": 0, "format": 0, "version": 1}, {"type": "linebreak", "version": 1}, {"mode": "normal", "text": "           :              .", "type": "text", "style": "", "detail": 0, "format": 0, "version": 1}, {"type": "linebreak", "version": 1}, {"mode": "normal", "text": "   ..                   .", "type": "text", "style": "", "detail": 0, "format": 0, "version": 1}, {"type": "linebreak", "version": 1}, {"mode": "normal", "text": "                           .", "type": "text", "style": "", "detail": 0, "format": 0, "version": 1}, {"type": "linebreak", "version": 1}, {"mode": "normal", "text": "        .", "type": "text", "style": "", "detail": 0, "format": 0, "version": 1}, {"type": "linebreak", "version": 1}], "direction": "rtl"}, {"type": "paragraph", "format": "", "indent": 0, "version": 1, "children": [], "direction": "rtl", "textStyle": "", "textFormat": 0}, {"type": "paragraph", "format": "", "indent": 0, "version": 1, "children": [{"mode": "normal", "text": " ", "type": "text", "style": "", "detail": 0, "format": 1, "version": 1}, {"type": "linebreak", "version": 1}, {"mode": "normal", "text": "   ", "type": "text", "style": "", "detail": 0, "format": 0, "version": 1}], "direction": "rtl", "textStyle": "", "textFormat": 1}], "direction": "rtl", "textFormat": 1}}	117	ar	49f3e68c-0bf9-452f-91f8-adbdbb3fd5e9
\N	\N	{"root": {"type": "root", "format": "", "indent": 0, "version": 1, "children": [{"tag": "h4", "type": "heading", "format": "", "indent": 0, "version": 1, "children": [{"mode": "normal", "text": "                         .", "type": "text", "style": "", "detail": 0, "format": 0, "version": 1}, {"type": "linebreak", "version": 1}, {"mode": "normal", "text": "           :              .", "type": "text", "style": "", "detail": 0, "format": 0, "version": 1}, {"type": "linebreak", "version": 1}, {"mode": "normal", "text": "   ..                   .", "type": "text", "style": "", "detail": 0, "format": 0, "version": 1}, {"type": "linebreak", "version": 1}, {"mode": "normal", "text": "                           .", "type": "text", "style": "", "detail": 0, "format": 0, "version": 1}, {"type": "linebreak", "version": 1}, {"mode": "normal", "text": "        .", "type": "text", "style": "", "detail": 0, "format": 0, "version": 1}, {"type": "linebreak", "version": 1}], "direction": "rtl"}, {"type": "paragraph", "format": "", "indent": 0, "version": 1, "children": [], "direction": "rtl", "textStyle": "", "textFormat": 0}, {"type": "paragraph", "format": "", "indent": 0, "version": 1, "children": [{"mode": "normal", "text": " ", "type": "text", "style": "", "detail": 0, "format": 1, "version": 1}, {"type": "linebreak", "version": 1}, {"mode": "normal", "text": "   ", "type": "text", "style": "", "detail": 0, "format": 0, "version": 1}], "direction": "rtl", "textStyle": "", "textFormat": 1}], "direction": "rtl", "textFormat": 1}}	118	ar	735acfa8-eaf0-4923-8d14-5cc3027c9d4f
\N	\N	{"root": {"type": "root", "format": "", "indent": 0, "version": 1, "children": [{"tag": "h4", "type": "heading", "format": "", "indent": 0, "version": 1, "children": [{"mode": "normal", "text": "                         .", "type": "text", "style": "", "detail": 0, "format": 0, "version": 1}, {"type": "linebreak", "version": 1}, {"mode": "normal", "text": "           :              .", "type": "text", "style": "", "detail": 0, "format": 0, "version": 1}, {"type": "linebreak", "version": 1}, {"mode": "normal", "text": "   ..                   .", "type": "text", "style": "", "detail": 0, "format": 0, "version": 1}, {"type": "linebreak", "version": 1}, {"mode": "normal", "text": "                           .", "type": "text", "style": "", "detail": 0, "format": 0, "version": 1}, {"type": "linebreak", "version": 1}, {"mode": "normal", "text": "        .", "type": "text", "style": "", "detail": 0, "format": 0, "version": 1}, {"type": "linebreak", "version": 1}], "direction": "rtl"}, {"type": "paragraph", "format": "", "indent": 0, "version": 1, "children": [], "direction": "rtl", "textStyle": "", "textFormat": 0}, {"type": "paragraph", "format": "", "indent": 0, "version": 1, "children": [{"mode": "normal", "text": " ", "type": "text", "style": "", "detail": 0, "format": 1, "version": 1}, {"type": "linebreak", "version": 1}, {"mode": "normal", "text": "   ", "type": "text", "style": "", "detail": 0, "format": 0, "version": 1}], "direction": "rtl", "textStyle": "", "textFormat": 1}], "direction": "rtl", "textFormat": 1}}	122	ar	773b9b09-d9d7-410f-ab00-0d33618af57c
\N	\N	{"root": {"type": "root", "format": "", "indent": 0, "version": 1, "children": [{"tag": "h4", "type": "heading", "format": "", "indent": 0, "version": 1, "children": [{"mode": "normal", "text": "                         .", "type": "text", "style": "", "detail": 0, "format": 0, "version": 1}, {"type": "linebreak", "version": 1}, {"mode": "normal", "text": "           :              .", "type": "text", "style": "", "detail": 0, "format": 0, "version": 1}, {"type": "linebreak", "version": 1}, {"mode": "normal", "text": "   ..                   .", "type": "text", "style": "", "detail": 0, "format": 0, "version": 1}, {"type": "linebreak", "version": 1}, {"mode": "normal", "text": "                           .", "type": "text", "style": "", "detail": 0, "format": 0, "version": 1}, {"type": "linebreak", "version": 1}, {"mode": "normal", "text": "        .", "type": "text", "style": "", "detail": 0, "format": 0, "version": 1}, {"type": "linebreak", "version": 1}], "direction": "rtl"}, {"type": "paragraph", "format": "", "indent": 0, "version": 1, "children": [], "direction": "rtl", "textStyle": "", "textFormat": 0}, {"type": "paragraph", "format": "", "indent": 0, "version": 1, "children": [{"mode": "normal", "text": " ", "type": "text", "style": "", "detail": 0, "format": 1, "version": 1}, {"type": "linebreak", "version": 1}, {"mode": "normal", "text": "   ", "type": "text", "style": "", "detail": 0, "format": 0, "version": 1}], "direction": "rtl", "textStyle": "", "textFormat": 1}], "direction": "rtl", "textFormat": 1}}	144	ar	ca0614a5-bd7d-41e9-81bd-2e7bf12a6fb3
\N	\N	{"root": {"type": "root", "format": "", "indent": 0, "version": 1, "children": [{"tag": "h4", "type": "heading", "format": "", "indent": 0, "version": 1, "children": [{"mode": "normal", "text": "                         .", "type": "text", "style": "", "detail": 0, "format": 0, "version": 1}, {"type": "linebreak", "version": 1}, {"mode": "normal", "text": "           :              .", "type": "text", "style": "", "detail": 0, "format": 0, "version": 1}, {"type": "linebreak", "version": 1}, {"mode": "normal", "text": "   ..                   .", "type": "text", "style": "", "detail": 0, "format": 0, "version": 1}, {"type": "linebreak", "version": 1}, {"mode": "normal", "text": "                           .", "type": "text", "style": "", "detail": 0, "format": 0, "version": 1}, {"type": "linebreak", "version": 1}, {"mode": "normal", "text": "        .", "type": "text", "style": "", "detail": 0, "format": 0, "version": 1}, {"type": "linebreak", "version": 1}], "direction": "rtl"}, {"type": "paragraph", "format": "", "indent": 0, "version": 1, "children": [], "direction": "rtl", "textStyle": "", "textFormat": 0}, {"type": "paragraph", "format": "", "indent": 0, "version": 1, "children": [{"mode": "normal", "text": " ", "type": "text", "style": "", "detail": 0, "format": 1, "version": 1}, {"type": "linebreak", "version": 1}, {"mode": "normal", "text": "   ", "type": "text", "style": "", "detail": 0, "format": 0, "version": 1}], "direction": "rtl", "textStyle": "", "textFormat": 1}], "direction": "rtl", "textFormat": 1}}	169	ar	c421136c-1d9f-41a3-a85a-71fc51b22dec
\N	\N	{"root": {"type": "root", "format": "", "indent": 0, "version": 1, "children": [{"tag": "h4", "type": "heading", "format": "", "indent": 0, "version": 1, "children": [{"mode": "normal", "text": "                         .", "type": "text", "style": "", "detail": 0, "format": 0, "version": 1}, {"type": "linebreak", "version": 1}, {"mode": "normal", "text": "           :              .", "type": "text", "style": "", "detail": 0, "format": 0, "version": 1}, {"type": "linebreak", "version": 1}, {"mode": "normal", "text": "   ..                   .", "type": "text", "style": "", "detail": 0, "format": 0, "version": 1}, {"type": "linebreak", "version": 1}, {"mode": "normal", "text": "                           .", "type": "text", "style": "", "detail": 0, "format": 0, "version": 1}, {"type": "linebreak", "version": 1}, {"mode": "normal", "text": "        .", "type": "text", "style": "", "detail": 0, "format": 0, "version": 1}, {"type": "linebreak", "version": 1}], "direction": "rtl"}, {"type": "paragraph", "format": "", "indent": 0, "version": 1, "children": [], "direction": "rtl", "textStyle": "", "textFormat": 0}, {"type": "paragraph", "format": "", "indent": 0, "version": 1, "children": [{"mode": "normal", "text": " ", "type": "text", "style": "", "detail": 0, "format": 1, "version": 1}, {"type": "linebreak", "version": 1}, {"mode": "normal", "text": "   ", "type": "text", "style": "", "detail": 0, "format": 0, "version": 1}], "direction": "rtl", "textStyle": "", "textFormat": 1}], "direction": "rtl", "textFormat": 1}}	121	ar	0f3d837e-b95e-4b4f-99d1-803c27b8b729
\N	\N	{"root": {"type": "root", "format": "", "indent": 0, "version": 1, "children": [{"tag": "h4", "type": "heading", "format": "", "indent": 0, "version": 1, "children": [{"mode": "normal", "text": "                         .", "type": "text", "style": "", "detail": 0, "format": 0, "version": 1}, {"type": "linebreak", "version": 1}, {"mode": "normal", "text": "           :              .", "type": "text", "style": "", "detail": 0, "format": 0, "version": 1}, {"type": "linebreak", "version": 1}, {"mode": "normal", "text": "   ..                   .", "type": "text", "style": "", "detail": 0, "format": 0, "version": 1}, {"type": "linebreak", "version": 1}, {"mode": "normal", "text": "                           .", "type": "text", "style": "", "detail": 0, "format": 0, "version": 1}, {"type": "linebreak", "version": 1}, {"mode": "normal", "text": "        .", "type": "text", "style": "", "detail": 0, "format": 0, "version": 1}, {"type": "linebreak", "version": 1}], "direction": "rtl"}, {"type": "paragraph", "format": "", "indent": 0, "version": 1, "children": [], "direction": "rtl", "textStyle": "", "textFormat": 0}, {"type": "paragraph", "format": "", "indent": 0, "version": 1, "children": [{"mode": "normal", "text": " ", "type": "text", "style": "", "detail": 0, "format": 1, "version": 1}, {"type": "linebreak", "version": 1}, {"mode": "normal", "text": "   ", "type": "text", "style": "", "detail": 0, "format": 0, "version": 1}], "direction": "rtl", "textStyle": "", "textFormat": 1}], "direction": "rtl", "textFormat": 1}}	170	ar	e5c839a6-71f9-410f-ab27-9e4a3959fb5f
\N	\N	{"root": {"type": "root", "format": "", "indent": 0, "version": 1, "children": [{"tag": "h4", "type": "heading", "format": "", "indent": 0, "version": 1, "children": [{"mode": "normal", "text": "                         .", "type": "text", "style": "", "detail": 0, "format": 0, "version": 1}, {"type": "linebreak", "version": 1}, {"mode": "normal", "text": "           :              .", "type": "text", "style": "", "detail": 0, "format": 0, "version": 1}, {"type": "linebreak", "version": 1}, {"mode": "normal", "text": "   ..                   .", "type": "text", "style": "", "detail": 0, "format": 0, "version": 1}, {"type": "linebreak", "version": 1}, {"mode": "normal", "text": "                           .", "type": "text", "style": "", "detail": 0, "format": 0, "version": 1}, {"type": "linebreak", "version": 1}, {"mode": "normal", "text": "        .", "type": "text", "style": "", "detail": 0, "format": 0, "version": 1}, {"type": "linebreak", "version": 1}], "direction": "rtl"}, {"type": "paragraph", "format": "", "indent": 0, "version": 1, "children": [], "direction": "rtl", "textStyle": "", "textFormat": 0}, {"type": "paragraph", "format": "", "indent": 0, "version": 1, "children": [{"mode": "normal", "text": " ", "type": "text", "style": "", "detail": 0, "format": 1, "version": 1}, {"type": "linebreak", "version": 1}, {"mode": "normal", "text": "   ", "type": "text", "style": "", "detail": 0, "format": 0, "version": 1}], "direction": "rtl", "textStyle": "", "textFormat": 1}], "direction": "rtl", "textFormat": 1}}	173	ar	d9a412d6-424c-4454-95b2-df7d83ba3a13
\N	\N	{"root": {"type": "root", "format": "", "indent": 0, "version": 1, "children": [{"tag": "h4", "type": "heading", "format": "", "indent": 0, "version": 1, "children": [{"mode": "normal", "text": "                         .", "type": "text", "style": "", "detail": 0, "format": 0, "version": 1}, {"type": "linebreak", "version": 1}, {"mode": "normal", "text": "           :              .", "type": "text", "style": "", "detail": 0, "format": 0, "version": 1}, {"type": "linebreak", "version": 1}, {"mode": "normal", "text": "   ..                   .", "type": "text", "style": "", "detail": 0, "format": 0, "version": 1}, {"type": "linebreak", "version": 1}, {"mode": "normal", "text": "                           .", "type": "text", "style": "", "detail": 0, "format": 0, "version": 1}, {"type": "linebreak", "version": 1}, {"mode": "normal", "text": "        .", "type": "text", "style": "", "detail": 0, "format": 0, "version": 1}, {"type": "linebreak", "version": 1}], "direction": "rtl"}, {"type": "paragraph", "format": "", "indent": 0, "version": 1, "children": [], "direction": "rtl", "textStyle": "", "textFormat": 0}, {"type": "paragraph", "format": "", "indent": 0, "version": 1, "children": [{"mode": "normal", "text": " ", "type": "text", "style": "", "detail": 0, "format": 1, "version": 1}, {"type": "linebreak", "version": 1}, {"mode": "normal", "text": "   ", "type": "text", "style": "", "detail": 0, "format": 0, "version": 1}], "direction": "rtl", "textStyle": "", "textFormat": 1}], "direction": "rtl", "textFormat": 1}}	174	ar	0affada2-8712-42b2-8bde-402e142386f9
\.


--
-- Data for Name: _teamBlock_v; Type: TABLE DATA; Schema: public; Owner: -
--

COPY "public"."_teamBlock_v" ("_order", "_parent_id", "_path", "id", "block_header_type", "block_header_badge_type", "block_header_badge_color", "block_header_badge_icon", "block_header_badge_icon_position", "_uuid", "block_name") FROM stdin;
4	76c86155-458d-4f2c-826b-7eef3e448239	version.layout	41ab120f-96f0-4097-b3d6-599c30e30ae5	center	\N	blue	\N	flex-row	6886aadbdf64ca6dd9ecfe5f	\N
4	f99ec098-a847-4647-872b-781d5d8abf92	version.layout	a475e2fc-d825-4ce2-afa2-efc55318619c	center	\N	blue	\N	flex-row	6886aadbdf64ca6dd9ecfe5f	\N
4	c93e6899-deb6-44f3-a367-f01466a9d3d8	version.layout	b20fc6a1-d8c2-4580-ab3e-d0595929da7b	center	\N	blue	\N	flex-row	6886aadbdf64ca6dd9ecfe5f	\N
4	0326068d-5498-4884-9909-417a1e302c9b	version.layout	6f1aeabb-723b-4b91-9cb6-df663a8002fa	center	\N	blue	\N	flex-row	6886aadbdf64ca6dd9ecfe5f	\N
4	0184009f-30c7-4a91-970a-e632fdc5dd41	version.layout	05fcc869-4f1a-4fec-91bd-818d2eee8268	center	\N	blue	\N	flex-row	6886aadbdf64ca6dd9ecfe5f	\N
4	f223e689-6799-47bf-8a55-75f2d2a07e4b	version.layout	96de9235-c55b-4c28-b141-f47d33bd33c5	center	\N	blue	\N	flex-row	6886aadbdf64ca6dd9ecfe5f	\N
5	eb75a85f-8a75-4ada-b510-fbd186ded5fd	version.layout	6d81bb40-2194-4ab5-8e40-2063468609a1	center	\N	blue	\N	flex-row	6886aadbdf64ca6dd9ecfe5f	\N
5	b131c47a-ae81-4501-9cfc-d34c5970d09e	version.layout	e2d1e906-3260-45dd-b4d3-8a5d5715f150	center	\N	blue	\N	flex-row	6886aadbdf64ca6dd9ecfe5f	\N
4	5daad5c5-875d-4b1a-a149-104e6386d7e1	version.layout	f92aa82d-d279-4e11-afb1-942b30a7da56	center	\N	blue	\N	flex-row	6886aadbdf64ca6dd9ecfe5f	\N
4	c21624fa-2468-4a75-81c3-2e915c43ea04	version.layout	5582f0b9-a1e4-4fe2-a5e5-8e70628a739e	center	\N	blue	\N	flex-row	6886aadbdf64ca6dd9ecfe5f	\N
4	66191476-6739-46e9-832b-99f58a05dcee	version.layout	332a8c49-4407-4b20-a320-d6f2e8fa0847	center	\N	blue	\N	flex-row	6886aadbdf64ca6dd9ecfe5f	\N
4	a97e39c7-1ff9-4ab6-8ff7-a5a7fe85b1ca	version.layout	b7f91729-07ee-4a27-8213-d32fb6db7331	center	\N	blue	\N	flex-row	6886aadbdf64ca6dd9ecfe5f	\N
4	5cf29f02-25c3-4b24-b574-1aadab774686	version.layout	6ef95bdd-f21d-4df0-8ddb-eceab6f767c8	center	\N	blue	\N	flex-row	6886aadbdf64ca6dd9ecfe5f	\N
4	5a14f13d-26a1-40fe-af37-216b5bd0fe17	version.layout	fb75a210-1982-4d6d-9294-55792869e19b	center	\N	blue	\N	flex-row	6886aadbdf64ca6dd9ecfe5f	\N
4	50ab6bc6-7eb9-4e97-98f4-4e27d6d699ef	version.layout	f35e915e-b465-4212-a32a-f7bc34137694	center	\N	blue	\N	flex-row	6886aadbdf64ca6dd9ecfe5f	\N
4	9faf6e5f-3f02-41dc-90ca-2facbefcb29b	version.layout	51a05a8c-301f-455c-ba53-02521679d859	center	\N	blue	\N	flex-row	6886aadbdf64ca6dd9ecfe5f	\N
4	c20c2c0b-4fa6-45f3-acb3-34e06f115342	version.layout	237d87f5-0101-43c4-98db-fd2b38707f99	center	\N	blue	\N	flex-row	6886aadbdf64ca6dd9ecfe5f	\N
4	90cf9707-369c-4799-8aa5-8c6eeab55ba2	version.layout	aebdf2fe-4732-4126-8601-fda506eee5b4	center	\N	blue	\N	flex-row	6886aadbdf64ca6dd9ecfe5f	\N
4	57ff426a-9250-4471-94f7-2ce9173606fa	version.layout	3a9dff84-fa04-41ac-9fe7-fcce710f0bc0	center	\N	blue	\N	flex-row	6886aadbdf64ca6dd9ecfe5f	\N
4	8a100411-d7e9-4035-bcda-bb9916e0c4ff	version.layout	2625c796-8ac2-4842-b452-a3d1d893fcd9	center	\N	blue	\N	flex-row	6886aadbdf64ca6dd9ecfe5f	\N
4	42c8f4e2-6b54-4c96-9da9-672741e82033	version.layout	16574f77-4fae-428f-ad10-1da31f082548	center	\N	blue	\N	flex-row	6886aadbdf64ca6dd9ecfe5f	\N
4	0f74cab3-d27d-472e-b2eb-35ab19e69c72	version.layout	e3b6f73b-1bd9-4e62-aa35-1204716fc383	center	\N	blue	\N	flex-row	6886aadbdf64ca6dd9ecfe5f	\N
4	c3e0ac67-68ff-45a0-a95f-0bae5b004b85	version.layout	b01b413e-3ea4-46f4-89ee-9d5f18920241	center	\N	blue	\N	flex-row	6886aadbdf64ca6dd9ecfe5f	\N
4	2522dd02-3c88-4d0f-8f54-000c6331c042	version.layout	bb9df519-ec1d-4260-bd27-8416d1a270c3	center	\N	blue	\N	flex-row	6886aadbdf64ca6dd9ecfe5f	\N
4	9907622f-51f6-4107-b865-5f8fa357f96c	version.layout	0856585a-93fb-4285-98d6-6d32ef51e221	center	\N	blue	\N	flex-row	6886aadbdf64ca6dd9ecfe5f	\N
4	274a0b43-8c00-4a28-aa9e-f2d70144f72e	version.layout	b95a9d42-a0ee-4452-9b16-e088d9186a46	center	\N	blue	\N	flex-row	6886aadbdf64ca6dd9ecfe5f	\N
4	dbf959bb-8af9-427b-9320-f4aeb0536d2c	version.layout	1587bd65-b217-49cd-93e3-38cd7ade35a6	center	\N	blue	\N	flex-row	6886aadbdf64ca6dd9ecfe5f	\N
4	39ed86c1-7622-472a-a921-06def66d1ca6	version.layout	f2e3a65d-dde8-45b6-bfe7-3dea96c6d865	center	\N	blue	\N	flex-row	6886aadbdf64ca6dd9ecfe5f	\N
4	7cb3435f-1591-4a85-9538-1a329412829b	version.layout	965d69a5-47ae-463b-a391-fd28da1ba0ba	center	\N	blue	\N	flex-row	6886aadbdf64ca6dd9ecfe5f	\N
\.


--
-- Data for Name: _teamBlock_v_block_header_links; Type: TABLE DATA; Schema: public; Owner: -
--

COPY "public"."_teamBlock_v_block_header_links" ("_order", "_parent_id", "id", "link_type", "link_new_tab", "link_url", "link_color", "link_variant", "_uuid") FROM stdin;
\.


--
-- Data for Name: _teamBlock_v_block_header_links_locales; Type: TABLE DATA; Schema: public; Owner: -
--

COPY "public"."_teamBlock_v_block_header_links_locales" ("link_label", "id", "_locale", "_parent_id") FROM stdin;
\.


--
-- Data for Name: _teamBlock_v_locales; Type: TABLE DATA; Schema: public; Owner: -
--

COPY "public"."_teamBlock_v_locales" ("block_header_badge_label", "block_header_header_text", "id", "_locale", "_parent_id") FROM stdin;
\N	{"root": {"type": "root", "format": "", "indent": 0, "version": 1, "children": [{"tag": "h2", "type": "heading", "format": "", "indent": 0, "version": 1, "children": [{"mode": "normal", "text": "  ", "type": "text", "style": "", "detail": 0, "format": 0, "version": 1}], "direction": "rtl"}, {"type": "paragraph", "format": "", "indent": 0, "version": 1, "children": [{"mode": "normal", "text": "  -            .", "type": "text", "style": "", "detail": 0, "format": 0, "version": 1}], "direction": "rtl", "textStyle": "", "textFormat": 0}], "direction": "rtl"}}	22	ar	41ab120f-96f0-4097-b3d6-599c30e30ae5
\N	{"root": {"type": "root", "format": "", "indent": 0, "version": 1, "children": [{"tag": "h2", "type": "heading", "format": "", "indent": 0, "version": 1, "children": [{"mode": "normal", "text": "  ", "type": "text", "style": "", "detail": 0, "format": 0, "version": 1}], "direction": "rtl"}, {"type": "paragraph", "format": "", "indent": 0, "version": 1, "children": [{"mode": "normal", "text": "  -            .", "type": "text", "style": "", "detail": 0, "format": 0, "version": 1}], "direction": "rtl", "textStyle": "", "textFormat": 0}], "direction": "rtl"}}	23	ar	a475e2fc-d825-4ce2-afa2-efc55318619c
\N	{"root": {"type": "root", "format": "", "indent": 0, "version": 1, "children": [{"tag": "h2", "type": "heading", "format": "", "indent": 0, "version": 1, "children": [{"mode": "normal", "text": "  ", "type": "text", "style": "", "detail": 0, "format": 0, "version": 1}], "direction": "rtl"}, {"type": "paragraph", "format": "", "indent": 0, "version": 1, "children": [{"mode": "normal", "text": "  -            .", "type": "text", "style": "", "detail": 0, "format": 0, "version": 1}], "direction": "rtl", "textStyle": "", "textFormat": 0}], "direction": "rtl"}}	29	ar	b20fc6a1-d8c2-4580-ab3e-d0595929da7b
\N	{"root": {"type": "root", "format": "", "indent": 0, "version": 1, "children": [{"tag": "h2", "type": "heading", "format": "", "indent": 0, "version": 1, "children": [{"mode": "normal", "text": "  ", "type": "text", "style": "", "detail": 0, "format": 0, "version": 1}], "direction": "rtl"}, {"type": "paragraph", "format": "", "indent": 0, "version": 1, "children": [{"mode": "normal", "text": "  -            .", "type": "text", "style": "", "detail": 0, "format": 0, "version": 1}], "direction": "rtl", "textStyle": "", "textFormat": 0}], "direction": "rtl"}}	30	ar	6f1aeabb-723b-4b91-9cb6-df663a8002fa
\N	{"root": {"type": "root", "format": "", "indent": 0, "version": 1, "children": [{"tag": "h2", "type": "heading", "format": "", "indent": 0, "version": 1, "children": [{"mode": "normal", "text": "  ", "type": "text", "style": "", "detail": 0, "format": 0, "version": 1}], "direction": "rtl"}, {"type": "paragraph", "format": "", "indent": 0, "version": 1, "children": [{"mode": "normal", "text": "  -            .", "type": "text", "style": "", "detail": 0, "format": 0, "version": 1}], "direction": "rtl", "textStyle": "", "textFormat": 0}], "direction": "rtl"}}	33	ar	05fcc869-4f1a-4fec-91bd-818d2eee8268
\N	{"root": {"type": "root", "format": "", "indent": 0, "version": 1, "children": [{"tag": "h2", "type": "heading", "format": "", "indent": 0, "version": 1, "children": [{"mode": "normal", "text": "  ", "type": "text", "style": "", "detail": 0, "format": 0, "version": 1}], "direction": "rtl"}, {"type": "paragraph", "format": "", "indent": 0, "version": 1, "children": [{"mode": "normal", "text": "  -            .", "type": "text", "style": "", "detail": 0, "format": 0, "version": 1}], "direction": "rtl", "textStyle": "", "textFormat": 0}], "direction": "rtl"}}	34	ar	96de9235-c55b-4c28-b141-f47d33bd33c5
\N	{"root": {"type": "root", "format": "", "indent": 0, "version": 1, "children": [{"tag": "h2", "type": "heading", "format": "", "indent": 0, "version": 1, "children": [{"mode": "normal", "text": "  ", "type": "text", "style": "", "detail": 0, "format": 0, "version": 1}], "direction": "rtl"}, {"type": "paragraph", "format": "", "indent": 0, "version": 1, "children": [{"mode": "normal", "text": "  -            .", "type": "text", "style": "", "detail": 0, "format": 0, "version": 1}], "direction": "rtl", "textStyle": "", "textFormat": 0}], "direction": "rtl"}}	42	ar	f92aa82d-d279-4e11-afb1-942b30a7da56
\N	{"root": {"type": "root", "format": "", "indent": 0, "version": 1, "children": [{"tag": "h2", "type": "heading", "format": "", "indent": 0, "version": 1, "children": [{"mode": "normal", "text": "  ", "type": "text", "style": "", "detail": 0, "format": 0, "version": 1}], "direction": "rtl"}, {"type": "paragraph", "format": "", "indent": 0, "version": 1, "children": [{"mode": "normal", "text": "  -            .", "type": "text", "style": "", "detail": 0, "format": 0, "version": 1}], "direction": "rtl", "textStyle": "", "textFormat": 0}], "direction": "rtl"}}	43	ar	5582f0b9-a1e4-4fe2-a5e5-8e70628a739e
\N	{"root": {"type": "root", "format": "", "indent": 0, "version": 1, "children": [{"tag": "h2", "type": "heading", "format": "", "indent": 0, "version": 1, "children": [{"mode": "normal", "text": "  ", "type": "text", "style": "", "detail": 0, "format": 0, "version": 1}], "direction": "rtl"}, {"type": "paragraph", "format": "", "indent": 0, "version": 1, "children": [{"mode": "normal", "text": "  -            .", "type": "text", "style": "", "detail": 0, "format": 0, "version": 1}], "direction": "rtl", "textStyle": "", "textFormat": 0}], "direction": "rtl"}}	44	ar	332a8c49-4407-4b20-a320-d6f2e8fa0847
\N	{"root": {"type": "root", "format": "", "indent": 0, "version": 1, "children": [{"tag": "h2", "type": "heading", "format": "", "indent": 0, "version": 1, "children": [{"mode": "normal", "text": "  ", "type": "text", "style": "", "detail": 0, "format": 0, "version": 1}], "direction": "rtl"}, {"type": "paragraph", "format": "", "indent": 0, "version": 1, "children": [{"mode": "normal", "text": "  -            .", "type": "text", "style": "", "detail": 0, "format": 0, "version": 1}], "direction": "rtl", "textStyle": "", "textFormat": 0}], "direction": "rtl"}}	45	ar	b7f91729-07ee-4a27-8213-d32fb6db7331
\N	{"root": {"type": "root", "format": "", "indent": 0, "version": 1, "children": [{"tag": "h2", "type": "heading", "format": "", "indent": 0, "version": 1, "children": [{"mode": "normal", "text": "  ", "type": "text", "style": "", "detail": 0, "format": 0, "version": 1}], "direction": "rtl"}, {"type": "paragraph", "format": "", "indent": 0, "version": 1, "children": [{"mode": "normal", "text": "  -            .", "type": "text", "style": "", "detail": 0, "format": 0, "version": 1}], "direction": "rtl", "textStyle": "", "textFormat": 0}], "direction": "rtl"}}	62	ar	237d87f5-0101-43c4-98db-fd2b38707f99
\N	{"root": {"type": "root", "format": "", "indent": 0, "version": 1, "children": [{"tag": "h2", "type": "heading", "format": "", "indent": 0, "version": 1, "children": [{"mode": "normal", "text": "  ", "type": "text", "style": "", "detail": 0, "format": 0, "version": 1}], "direction": "rtl"}, {"type": "paragraph", "format": "", "indent": 0, "version": 1, "children": [{"mode": "normal", "text": "  -            .", "type": "text", "style": "", "detail": 0, "format": 0, "version": 1}], "direction": "rtl", "textStyle": "", "textFormat": 0}], "direction": "rtl"}}	63	ar	aebdf2fe-4732-4126-8601-fda506eee5b4
\N	{"root": {"type": "root", "format": "", "indent": 0, "version": 1, "children": [{"tag": "h2", "type": "heading", "format": "", "indent": 0, "version": 1, "children": [{"mode": "normal", "text": "  ", "type": "text", "style": "", "detail": 0, "format": 0, "version": 1}], "direction": "rtl"}, {"type": "paragraph", "format": "", "indent": 0, "version": 1, "children": [{"mode": "normal", "text": "  -            .", "type": "text", "style": "", "detail": 0, "format": 0, "version": 1}], "direction": "rtl", "textStyle": "", "textFormat": 0}], "direction": "rtl"}}	64	ar	3a9dff84-fa04-41ac-9fe7-fcce710f0bc0
\N	{"root": {"type": "root", "format": "", "indent": 0, "version": 1, "children": [{"tag": "h2", "type": "heading", "format": "", "indent": 0, "version": 1, "children": [{"mode": "normal", "text": "  ", "type": "text", "style": "", "detail": 0, "format": 0, "version": 1}], "direction": "rtl"}, {"type": "paragraph", "format": "", "indent": 0, "version": 1, "children": [{"mode": "normal", "text": "  -            .", "type": "text", "style": "", "detail": 0, "format": 0, "version": 1}], "direction": "rtl", "textStyle": "", "textFormat": 0}], "direction": "rtl"}}	65	ar	2625c796-8ac2-4842-b452-a3d1d893fcd9
\N	{"root": {"type": "root", "format": "", "indent": 0, "version": 1, "children": [{"tag": "h2", "type": "heading", "format": "", "indent": 0, "version": 1, "children": [{"mode": "normal", "text": "  ", "type": "text", "style": "", "detail": 0, "format": 0, "version": 1}], "direction": "rtl"}, {"type": "paragraph", "format": "", "indent": 0, "version": 1, "children": [{"mode": "normal", "text": "  -            .", "type": "text", "style": "", "detail": 0, "format": 0, "version": 1}], "direction": "rtl", "textStyle": "", "textFormat": 0}], "direction": "rtl"}}	67	ar	16574f77-4fae-428f-ad10-1da31f082548
\N	{"root": {"type": "root", "format": "", "indent": 0, "version": 1, "children": [{"tag": "h2", "type": "heading", "format": "", "indent": 0, "version": 1, "children": [{"mode": "normal", "text": "  ", "type": "text", "style": "", "detail": 0, "format": 0, "version": 1}], "direction": "rtl"}, {"type": "paragraph", "format": "", "indent": 0, "version": 1, "children": [{"mode": "normal", "text": "  -            .", "type": "text", "style": "", "detail": 0, "format": 0, "version": 1}], "direction": "rtl", "textStyle": "", "textFormat": 0}], "direction": "rtl"}}	68	ar	e3b6f73b-1bd9-4e62-aa35-1204716fc383
\N	{"root": {"type": "root", "format": "", "indent": 0, "version": 1, "children": [{"tag": "h2", "type": "heading", "format": "", "indent": 0, "version": 1, "children": [{"mode": "normal", "text": "  ", "type": "text", "style": "", "detail": 0, "format": 0, "version": 1}], "direction": "rtl"}, {"type": "paragraph", "format": "", "indent": 0, "version": 1, "children": [{"mode": "normal", "text": "  -            .", "type": "text", "style": "", "detail": 0, "format": 0, "version": 1}], "direction": "rtl", "textStyle": "", "textFormat": 0}], "direction": "rtl"}}	71	ar	b01b413e-3ea4-46f4-89ee-9d5f18920241
\N	{"root": {"type": "root", "format": "", "indent": 0, "version": 1, "children": [{"tag": "h2", "type": "heading", "format": "", "indent": 0, "version": 1, "children": [{"mode": "normal", "text": "  ", "type": "text", "style": "", "detail": 0, "format": 0, "version": 1}], "direction": "rtl"}, {"type": "paragraph", "format": "", "indent": 0, "version": 1, "children": [{"mode": "normal", "text": "  -            .", "type": "text", "style": "", "detail": 0, "format": 0, "version": 1}], "direction": "rtl", "textStyle": "", "textFormat": 0}], "direction": "rtl"}}	72	ar	bb9df519-ec1d-4260-bd27-8416d1a270c3
\N	{"root": {"type": "root", "format": "", "indent": 0, "version": 1, "children": [{"tag": "h2", "type": "heading", "format": "", "indent": 0, "version": 1, "children": [{"mode": "normal", "text": "  ", "type": "text", "style": "", "detail": 0, "format": 0, "version": 1}], "direction": "rtl"}, {"type": "paragraph", "format": "", "indent": 0, "version": 1, "children": [{"mode": "normal", "text": "  -            .", "type": "text", "style": "", "detail": 0, "format": 0, "version": 1}], "direction": "rtl", "textStyle": "", "textFormat": 0}], "direction": "rtl"}}	85	ar	0856585a-93fb-4285-98d6-6d32ef51e221
\N	{"root": {"type": "root", "format": "", "indent": 0, "version": 1, "children": [{"tag": "h2", "type": "heading", "format": "", "indent": 0, "version": 1, "children": [{"mode": "normal", "text": "  ", "type": "text", "style": "", "detail": 0, "format": 0, "version": 1}], "direction": "rtl"}, {"type": "paragraph", "format": "", "indent": 0, "version": 1, "children": [{"mode": "normal", "text": "  -            .", "type": "text", "style": "", "detail": 0, "format": 0, "version": 1}], "direction": "rtl", "textStyle": "", "textFormat": 0}], "direction": "rtl"}}	86	ar	b95a9d42-a0ee-4452-9b16-e088d9186a46
\N	{"root": {"type": "root", "format": "", "indent": 0, "version": 1, "children": [{"tag": "h2", "type": "heading", "format": "", "indent": 0, "version": 1, "children": [{"mode": "normal", "text": "  ", "type": "text", "style": "", "detail": 0, "format": 0, "version": 1}], "direction": "rtl"}, {"type": "paragraph", "format": "", "indent": 0, "version": 1, "children": [{"mode": "normal", "text": "  -            .", "type": "text", "style": "", "detail": 0, "format": 0, "version": 1}], "direction": "rtl", "textStyle": "", "textFormat": 0}], "direction": "rtl"}}	87	ar	1587bd65-b217-49cd-93e3-38cd7ade35a6
\N	{"root": {"type": "root", "format": "", "indent": 0, "version": 1, "children": [{"tag": "h2", "type": "heading", "format": "", "indent": 0, "version": 1, "children": [{"mode": "normal", "text": "  ", "type": "text", "style": "", "detail": 0, "format": 0, "version": 1}], "direction": "rtl"}, {"type": "paragraph", "format": "", "indent": 0, "version": 1, "children": [{"mode": "normal", "text": "  -            .", "type": "text", "style": "", "detail": 0, "format": 0, "version": 1}], "direction": "rtl", "textStyle": "", "textFormat": 0}], "direction": "rtl"}}	93	ar	f2e3a65d-dde8-45b6-bfe7-3dea96c6d865
\N	{"root": {"type": "root", "format": "", "indent": 0, "version": 1, "children": [{"tag": "h2", "type": "heading", "format": "", "indent": 0, "version": 1, "children": [{"mode": "normal", "text": "  ", "type": "text", "style": "", "detail": 0, "format": 0, "version": 1}], "direction": "rtl"}, {"type": "paragraph", "format": "", "indent": 0, "version": 1, "children": [{"mode": "normal", "text": "  -            .", "type": "text", "style": "", "detail": 0, "format": 0, "version": 1}], "direction": "rtl", "textStyle": "", "textFormat": 0}], "direction": "rtl"}}	94	ar	965d69a5-47ae-463b-a391-fd28da1ba0ba
\N	{"root": {"type": "root", "format": "", "indent": 0, "version": 1, "children": [{"tag": "h2", "type": "heading", "format": "", "indent": 0, "version": 1, "children": [{"mode": "normal", "text": "  ", "type": "text", "style": "", "detail": 0, "format": 0, "version": 1}], "direction": "rtl"}, {"type": "paragraph", "format": "", "indent": 0, "version": 1, "children": [{"mode": "normal", "text": "  -            .", "type": "text", "style": "", "detail": 0, "format": 0, "version": 1}], "direction": "rtl", "textStyle": "", "textFormat": 0}], "direction": "rtl"}}	119	ar	6ef95bdd-f21d-4df0-8ddb-eceab6f767c8
\N	{"root": {"type": "root", "format": "", "indent": 0, "version": 1, "children": [{"tag": "h2", "type": "heading", "format": "", "indent": 0, "version": 1, "children": [{"mode": "normal", "text": "  ", "type": "text", "style": "", "detail": 0, "format": 0, "version": 1}], "direction": "rtl"}, {"type": "paragraph", "format": "", "indent": 0, "version": 1, "children": [{"mode": "normal", "text": "  -            .", "type": "text", "style": "", "detail": 0, "format": 0, "version": 1}], "direction": "rtl", "textStyle": "", "textFormat": 0}], "direction": "rtl"}}	120	ar	fb75a210-1982-4d6d-9294-55792869e19b
\N	{"root": {"type": "root", "format": "", "indent": 0, "version": 1, "children": [{"tag": "h2", "type": "heading", "format": "", "indent": 0, "version": 1, "children": [{"mode": "normal", "text": "  ", "type": "text", "style": "", "detail": 0, "format": 0, "version": 1}], "direction": "rtl"}, {"type": "paragraph", "format": "", "indent": 0, "version": 1, "children": [{"mode": "normal", "text": "  -            .", "type": "text", "style": "", "detail": 0, "format": 0, "version": 1}], "direction": "rtl", "textStyle": "", "textFormat": 0}], "direction": "rtl"}}	123	ar	f35e915e-b465-4212-a32a-f7bc34137694
\N	{"root": {"type": "root", "format": "", "indent": 0, "version": 1, "children": [{"tag": "h2", "type": "heading", "format": "", "indent": 0, "version": 1, "children": [{"mode": "normal", "text": "  ", "type": "text", "style": "", "detail": 0, "format": 0, "version": 1}], "direction": "rtl"}, {"type": "paragraph", "format": "", "indent": 0, "version": 1, "children": [{"mode": "normal", "text": "  -            .", "type": "text", "style": "", "detail": 0, "format": 0, "version": 1}], "direction": "rtl", "textStyle": "", "textFormat": 0}], "direction": "rtl"}}	124	ar	51a05a8c-301f-455c-ba53-02521679d859
\.


--
-- Data for Name: _teamBlock_v_team; Type: TABLE DATA; Schema: public; Owner: -
--

COPY "public"."_teamBlock_v_team" ("_order", "_parent_id", "id", "image_id", "social_linkedin", "social_x", "_uuid") FROM stdin;
1	f92aa82d-d279-4e11-afb1-942b30a7da56	49908169-2902-4d95-8101-183ffbabdd18	\N	\N	\N	6886acb4df64ca6dd9ecfe72
2	f92aa82d-d279-4e11-afb1-942b30a7da56	480b7c5c-cbed-4b3c-bdd3-9f99c79b2857	\N	\N	\N	6886acd8df64ca6dd9ecfe73
1	5582f0b9-a1e4-4fe2-a5e5-8e70628a739e	caea5702-79ec-4de3-a817-37c6ea0b006d	\N	\N	\N	6886acb4df64ca6dd9ecfe72
2	5582f0b9-a1e4-4fe2-a5e5-8e70628a739e	181c6314-a3a0-48d6-b4db-1c2fc725fa24	\N	\N	\N	6886acd8df64ca6dd9ecfe73
1	332a8c49-4407-4b20-a320-d6f2e8fa0847	08a4321e-2cdb-43cf-be47-f75a38a5da3d	\N	\N	\N	6886acb4df64ca6dd9ecfe72
2	332a8c49-4407-4b20-a320-d6f2e8fa0847	fa5d4ec9-0fca-4fca-b5b7-3846dd8629bb	\N	\N	\N	6886acd8df64ca6dd9ecfe73
1	b7f91729-07ee-4a27-8213-d32fb6db7331	6521b86c-9ee1-45d8-b82b-3ced79def5b5	\N	\N	\N	6886acb4df64ca6dd9ecfe72
2	b7f91729-07ee-4a27-8213-d32fb6db7331	e9aa9a1d-cbd8-4641-9bc6-9fd237edb888	\N	\N	\N	6886acd8df64ca6dd9ecfe73
1	0856585a-93fb-4285-98d6-6d32ef51e221	84b57129-f567-4eab-bba2-9dc6015c5d44	\N	\N	\N	6886acb4df64ca6dd9ecfe72
2	0856585a-93fb-4285-98d6-6d32ef51e221	fb30907b-5d4f-484b-a9cf-fb5b49f37dd0	\N	\N	\N	6886acd8df64ca6dd9ecfe73
1	b95a9d42-a0ee-4452-9b16-e088d9186a46	b20bf327-5be4-44cb-b6fe-d9d547712623	\N	\N	\N	6886acb4df64ca6dd9ecfe72
2	b95a9d42-a0ee-4452-9b16-e088d9186a46	a38d2042-2a75-4b28-a93f-3282c3c7821f	\N	\N	\N	6886acd8df64ca6dd9ecfe73
1	1587bd65-b217-49cd-93e3-38cd7ade35a6	4b7b453c-b670-4844-a15d-54e1d178b97d	\N	\N	\N	6886acb4df64ca6dd9ecfe72
2	1587bd65-b217-49cd-93e3-38cd7ade35a6	801c6c2b-7f5f-4752-86ff-5baa67d8cba3	\N	\N	\N	6886acd8df64ca6dd9ecfe73
1	f35e915e-b465-4212-a32a-f7bc34137694	fbca03d2-83c4-4922-b64b-9f086b9a8ec6	255daf3c-dc26-41d1-a21f-817223c2f4b1	\N	\N	6886acb4df64ca6dd9ecfe72
2	f35e915e-b465-4212-a32a-f7bc34137694	052fc5eb-07d6-41b4-adca-db06d28bba8d	ab2b3057-f204-4327-92a9-02f817c18938	\N	\N	6886acd8df64ca6dd9ecfe73
1	51a05a8c-301f-455c-ba53-02521679d859	93d14906-d2a8-43a2-be49-7c59e5510136	255daf3c-dc26-41d1-a21f-817223c2f4b1	\N	\N	6886acb4df64ca6dd9ecfe72
2	51a05a8c-301f-455c-ba53-02521679d859	b12a86c6-7f4a-45b5-8d36-fdbe3d1179b2	ab2b3057-f204-4327-92a9-02f817c18938	\N	\N	6886acd8df64ca6dd9ecfe73
1	f2e3a65d-dde8-45b6-bfe7-3dea96c6d865	a9da345c-20cb-42a8-ba3f-3d4210c3fa67	\N	\N	\N	6886acb4df64ca6dd9ecfe72
2	f2e3a65d-dde8-45b6-bfe7-3dea96c6d865	f08c386a-d002-47c7-a506-e1f5759df668	\N	\N	\N	6886acd8df64ca6dd9ecfe73
1	965d69a5-47ae-463b-a391-fd28da1ba0ba	88044fb0-ceab-43f9-b465-183c1ea0c235	\N	\N	\N	6886acb4df64ca6dd9ecfe72
1	41ab120f-96f0-4097-b3d6-599c30e30ae5	ce1452e4-b75b-4138-ac9b-57367a0f61f2	\N	\N	\N	6886acb4df64ca6dd9ecfe72
2	41ab120f-96f0-4097-b3d6-599c30e30ae5	b2e88958-9a5c-4fdb-b991-daa4cf537e25	\N	\N	\N	6886acd8df64ca6dd9ecfe73
1	a475e2fc-d825-4ce2-afa2-efc55318619c	da9d4b1b-f4e9-4d12-8e37-b805e19dcc1a	\N	\N	\N	6886acb4df64ca6dd9ecfe72
2	a475e2fc-d825-4ce2-afa2-efc55318619c	8b0d1d81-1ced-4d85-bf11-98a1d7c39165	\N	\N	\N	6886acd8df64ca6dd9ecfe73
2	965d69a5-47ae-463b-a391-fd28da1ba0ba	2010994f-2090-4695-9a58-c271a7a053a1	\N	\N	\N	6886acd8df64ca6dd9ecfe73
1	b20fc6a1-d8c2-4580-ab3e-d0595929da7b	aba9047d-86f5-4373-af51-c566f59f56aa	\N	\N	\N	6886acb4df64ca6dd9ecfe72
2	b20fc6a1-d8c2-4580-ab3e-d0595929da7b	da625bbd-fb4a-485e-9502-93b25c7c9b70	\N	\N	\N	6886acd8df64ca6dd9ecfe73
1	6f1aeabb-723b-4b91-9cb6-df663a8002fa	f005a9d7-7098-4547-9bbb-0e67b96d17e5	\N	\N	\N	6886acb4df64ca6dd9ecfe72
2	6f1aeabb-723b-4b91-9cb6-df663a8002fa	5c6a590f-1d12-406f-b6a8-4412bcce6d4e	\N	\N	\N	6886acd8df64ca6dd9ecfe73
1	237d87f5-0101-43c4-98db-fd2b38707f99	c861462f-414a-4a15-8a5c-e6fdf28132eb	\N	\N	\N	6886acb4df64ca6dd9ecfe72
1	05fcc869-4f1a-4fec-91bd-818d2eee8268	018821f4-b840-4733-8b0c-5842337761f7	\N	\N	\N	6886acb4df64ca6dd9ecfe72
2	05fcc869-4f1a-4fec-91bd-818d2eee8268	43ce0c73-3356-4b05-94fb-13cc231d7925	\N	\N	\N	6886acd8df64ca6dd9ecfe73
1	96de9235-c55b-4c28-b141-f47d33bd33c5	6d957920-cc3d-4cf2-bb83-048eec8c1812	\N	\N	\N	6886acb4df64ca6dd9ecfe72
2	96de9235-c55b-4c28-b141-f47d33bd33c5	b8efff5b-83a8-45d5-b774-2bb2fa4c921a	\N	\N	\N	6886acd8df64ca6dd9ecfe73
2	237d87f5-0101-43c4-98db-fd2b38707f99	58f38b57-36c2-4e8b-9a9c-76d447fb3ba4	\N	\N	\N	6886acd8df64ca6dd9ecfe73
1	aebdf2fe-4732-4126-8601-fda506eee5b4	8b5f2f66-9b35-4118-9b5a-65bf3ffe0041	\N	\N	\N	6886acb4df64ca6dd9ecfe72
2	aebdf2fe-4732-4126-8601-fda506eee5b4	06818522-27cd-49a9-9019-956c1a00407e	\N	\N	\N	6886acd8df64ca6dd9ecfe73
1	3a9dff84-fa04-41ac-9fe7-fcce710f0bc0	af6e82a9-8b36-47fb-973d-7cb3596c8af2	\N	\N	\N	6886acb4df64ca6dd9ecfe72
2	3a9dff84-fa04-41ac-9fe7-fcce710f0bc0	7c9679e6-d152-42c8-823d-cb594e553194	\N	\N	\N	6886acd8df64ca6dd9ecfe73
1	2625c796-8ac2-4842-b452-a3d1d893fcd9	9a925211-8e57-4b84-bdde-c480b906e107	\N	\N	\N	6886acb4df64ca6dd9ecfe72
2	2625c796-8ac2-4842-b452-a3d1d893fcd9	838085b6-4291-47cf-9c6d-de1c94f9d5bb	\N	\N	\N	6886acd8df64ca6dd9ecfe73
1	16574f77-4fae-428f-ad10-1da31f082548	0235da72-a671-4813-9898-0d3fe6f3a54e	\N	\N	\N	6886acb4df64ca6dd9ecfe72
2	16574f77-4fae-428f-ad10-1da31f082548	ba30f6b0-514a-420a-9957-6c984ae23614	\N	\N	\N	6886acd8df64ca6dd9ecfe73
1	e3b6f73b-1bd9-4e62-aa35-1204716fc383	9f6a66ff-de1a-46f1-93f4-ba0593006eac	\N	\N	\N	6886acb4df64ca6dd9ecfe72
2	e3b6f73b-1bd9-4e62-aa35-1204716fc383	e5fdff4d-5b08-492a-9fbd-bc2ed2014b6f	\N	\N	\N	6886acd8df64ca6dd9ecfe73
1	b01b413e-3ea4-46f4-89ee-9d5f18920241	45b2aa66-950e-4b59-9178-e266be77efd4	\N	\N	\N	6886acb4df64ca6dd9ecfe72
2	b01b413e-3ea4-46f4-89ee-9d5f18920241	c0cb2230-318c-45d9-a034-8b5f085af200	\N	\N	\N	6886acd8df64ca6dd9ecfe73
1	bb9df519-ec1d-4260-bd27-8416d1a270c3	99825be7-e5d5-4e93-af29-2ea32e3b6554	\N	\N	\N	6886acb4df64ca6dd9ecfe72
2	bb9df519-ec1d-4260-bd27-8416d1a270c3	18c87be6-a0ad-4fd9-932f-500a9c5a41e6	\N	\N	\N	6886acd8df64ca6dd9ecfe73
1	6ef95bdd-f21d-4df0-8ddb-eceab6f767c8	fa98bd60-151f-441b-97f5-8d9c2891ffd0	\N	\N	\N	6886acb4df64ca6dd9ecfe72
2	6ef95bdd-f21d-4df0-8ddb-eceab6f767c8	53e20683-f541-481b-9836-f91e0f830559	\N	\N	\N	6886acd8df64ca6dd9ecfe73
1	fb75a210-1982-4d6d-9294-55792869e19b	5dbe71f0-405a-4ac0-af55-137cbb186522	\N	\N	\N	6886acb4df64ca6dd9ecfe72
2	fb75a210-1982-4d6d-9294-55792869e19b	69195561-7119-44fb-82eb-4c21751ecfcf	\N	\N	\N	6886acd8df64ca6dd9ecfe73
\.


--
-- Data for Name: _teamBlock_v_team_locales; Type: TABLE DATA; Schema: public; Owner: -
--

COPY "public"."_teamBlock_v_team_locales" ("name", "position", "bio", "id", "_locale", "_parent_id") FROM stdin;
 	   	\N	70	ar	08a4321e-2cdb-43cf-be47-f75a38a5da3d
 	   	\N	71	ar	fa5d4ec9-0fca-4fca-b5b7-3846dd8629bb
 	   	\N	72	ar	6521b86c-9ee1-45d8-b82b-3ced79def5b5
 	   	\N	73	ar	e9aa9a1d-cbd8-4641-9bc6-9fd237edb888
 	   	\N	152	ar	84b57129-f567-4eab-bba2-9dc6015c5d44
 	   	\N	153	ar	fb30907b-5d4f-484b-a9cf-fb5b49f37dd0
 	   	\N	154	ar	b20bf327-5be4-44cb-b6fe-d9d547712623
 	   	\N	155	ar	a38d2042-2a75-4b28-a93f-3282c3c7821f
 	   	\N	156	ar	4b7b453c-b670-4844-a15d-54e1d178b97d
 	   	\N	157	ar	801c6c2b-7f5f-4752-86ff-5baa67d8cba3
 	   	\N	228	ar	fbca03d2-83c4-4922-b64b-9f086b9a8ec6
 	   	\N	229	ar	052fc5eb-07d6-41b4-adca-db06d28bba8d
 	   	\N	230	ar	93d14906-d2a8-43a2-be49-7c59e5510136
 	   	\N	231	ar	b12a86c6-7f4a-45b5-8d36-fdbe3d1179b2
 	   	\N	168	ar	a9da345c-20cb-42a8-ba3f-3d4210c3fa67
 	   	\N	26	ar	ce1452e4-b75b-4138-ac9b-57367a0f61f2
 	   	\N	27	ar	b2e88958-9a5c-4fdb-b991-daa4cf537e25
 	   	\N	28	ar	da9d4b1b-f4e9-4d12-8e37-b805e19dcc1a
 	   	\N	29	ar	8b0d1d81-1ced-4d85-bf11-98a1d7c39165
 	   	\N	169	ar	f08c386a-d002-47c7-a506-e1f5759df668
 	   	\N	170	ar	88044fb0-ceab-43f9-b465-183c1ea0c235
 	   	\N	171	ar	2010994f-2090-4695-9a58-c271a7a053a1
 	   	\N	40	ar	aba9047d-86f5-4373-af51-c566f59f56aa
 	   	\N	41	ar	da625bbd-fb4a-485e-9502-93b25c7c9b70
 	   	\N	42	ar	f005a9d7-7098-4547-9bbb-0e67b96d17e5
 	   	\N	43	ar	5c6a590f-1d12-406f-b6a8-4412bcce6d4e
 	   	\N	106	ar	c861462f-414a-4a15-8a5c-e6fdf28132eb
 	   	\N	107	ar	58f38b57-36c2-4e8b-9a9c-76d447fb3ba4
 	   	\N	108	ar	8b5f2f66-9b35-4118-9b5a-65bf3ffe0041
 	   	\N	48	ar	018821f4-b840-4733-8b0c-5842337761f7
 	   	\N	49	ar	43ce0c73-3356-4b05-94fb-13cc231d7925
 	   	\N	50	ar	6d957920-cc3d-4cf2-bb83-048eec8c1812
 	   	\N	51	ar	b8efff5b-83a8-45d5-b774-2bb2fa4c921a
 	   	\N	109	ar	06818522-27cd-49a9-9019-956c1a00407e
 	   	\N	110	ar	af6e82a9-8b36-47fb-973d-7cb3596c8af2
 	   	\N	111	ar	7c9679e6-d152-42c8-823d-cb594e553194
 	   	\N	112	ar	9a925211-8e57-4b84-bdde-c480b906e107
 	   	\N	113	ar	838085b6-4291-47cf-9c6d-de1c94f9d5bb
 	   	\N	116	ar	0235da72-a671-4813-9898-0d3fe6f3a54e
 	   	\N	117	ar	ba30f6b0-514a-420a-9957-6c984ae23614
 	   	\N	118	ar	9f6a66ff-de1a-46f1-93f4-ba0593006eac
 	   	\N	119	ar	e5fdff4d-5b08-492a-9fbd-bc2ed2014b6f
 	   	\N	66	ar	49908169-2902-4d95-8101-183ffbabdd18
 	   	\N	67	ar	480b7c5c-cbed-4b3c-bdd3-9f99c79b2857
 	   	\N	68	ar	caea5702-79ec-4de3-a817-37c6ea0b006d
 	   	\N	69	ar	181c6314-a3a0-48d6-b4db-1c2fc725fa24
 	   	\N	124	ar	45b2aa66-950e-4b59-9178-e266be77efd4
 	   	\N	125	ar	c0cb2230-318c-45d9-a034-8b5f085af200
 	   	\N	126	ar	99825be7-e5d5-4e93-af29-2ea32e3b6554
 	   	\N	127	ar	18c87be6-a0ad-4fd9-932f-500a9c5a41e6
 	   	\N	220	ar	fa98bd60-151f-441b-97f5-8d9c2891ffd0
 	   	\N	221	ar	53e20683-f541-481b-9836-f91e0f830559
 	   	\N	222	ar	5dbe71f0-405a-4ac0-af55-137cbb186522
 	   	\N	223	ar	69195561-7119-44fb-82eb-4c21751ecfcf
\.


--
-- Data for Name: _testimonialsBlock_v; Type: TABLE DATA; Schema: public; Owner: -
--

COPY "public"."_testimonialsBlock_v" ("_order", "_parent_id", "_path", "id", "block_header_type", "block_header_badge_type", "block_header_badge_color", "block_header_badge_icon", "block_header_badge_icon_position", "type", "_uuid", "block_name", "bg_color") FROM stdin;
3	41c60df7-54ab-4683-8983-1204117e7975	version.layout	1ccfa879-1341-4b22-ad89-ac4bb17b3667	center	\N	blue	\N	flex-row	02	6886a0cc5a3935fab3feb21d	\N	violet
7	41c60df7-54ab-4683-8983-1204117e7975	version.layout	a3a57347-f982-4568-a4a2-c69dded638f9	center	\N	blue	\N	flex-row	01	6886a0695a3935fab3feb21b	\N	gray
3	deefcd27-f08b-46fa-8843-0703ff59e6cc	version.layout	8da94069-c330-4b78-abdc-56018cc35756	center	\N	blue	\N	flex-row	02	6886a0cc5a3935fab3feb21d	\N	violet
7	deefcd27-f08b-46fa-8843-0703ff59e6cc	version.layout	d7491236-934f-4faa-a4fa-84cf07f45b56	center	\N	blue	\N	flex-row	01	6886a0695a3935fab3feb21b	\N	gray
3	b710c38f-af35-4722-9c8f-279f18021757	version.layout	6562cc72-e551-4f1a-baa7-1b8f87fb2eaf	center	\N	blue	\N	flex-row	02	6886a0cc5a3935fab3feb21d	\N	violet
7	b710c38f-af35-4722-9c8f-279f18021757	version.layout	6f16e913-0ce3-4172-aeaa-06d6e57c632c	center	\N	blue	\N	flex-row	01	6886a0695a3935fab3feb21b	\N	gray
3	b8a5a99b-2195-4066-a86c-95aa63c90330	version.layout	a709f747-f0cb-4c1f-a29c-0ac4e64139bd	center	\N	blue	\N	flex-row	02	6886a0cc5a3935fab3feb21d	\N	violet
7	b8a5a99b-2195-4066-a86c-95aa63c90330	version.layout	d4a2848a-6e3d-46f2-aa4d-6be1af986ed1	center	\N	blue	\N	flex-row	01	6886a0695a3935fab3feb21b	\N	gray
3	abeae401-02ea-4a9d-bd80-73851afc2ffd	version.layout	520f8d23-5f0a-46af-b58f-9ece9efea73e	center	\N	blue	\N	flex-row	02	6886a0cc5a3935fab3feb21d	\N	violet
7	abeae401-02ea-4a9d-bd80-73851afc2ffd	version.layout	b6cad8af-3070-4268-b8c0-d131d3812d29	center	\N	blue	\N	flex-row	01	6886a0695a3935fab3feb21b	\N	gray
3	990afa8d-fbf0-4bab-9b6a-8cbfe7488ddc	version.layout	b965245d-1efd-44aa-8602-105cca89e128	center	\N	blue	\N	flex-row	02	6886a0cc5a3935fab3feb21d	\N	violet
7	990afa8d-fbf0-4bab-9b6a-8cbfe7488ddc	version.layout	5be272ae-a714-43fc-b8f1-df56c7c2b935	center	\N	blue	\N	flex-row	01	6886a0695a3935fab3feb21b	\N	gray
3	70b04d51-b412-4e9d-95a4-7bf9fdd2a1c1	version.layout	514314c9-7eea-48fb-8c91-a6c89ce2be37	center	\N	blue	\N	flex-row	02	6886a0cc5a3935fab3feb21d	\N	violet
7	70b04d51-b412-4e9d-95a4-7bf9fdd2a1c1	version.layout	92b460e9-ea27-4e84-acaf-2760218c2fcc	center	\N	blue	\N	flex-row	01	6886a0695a3935fab3feb21b	\N	gray
3	191829da-fed4-4378-835d-355bb725534e	version.layout	ceada44a-8712-42ab-bfe9-f19dcb2909d4	center	\N	blue	\N	flex-row	02	6886a0cc5a3935fab3feb21d	\N	violet
7	191829da-fed4-4378-835d-355bb725534e	version.layout	0cbf0c81-56e6-4656-acc1-b3248e5aa72c	center	\N	blue	\N	flex-row	01	6886a0695a3935fab3feb21b	\N	gray
3	9f09b6d6-5dd1-4b72-b23f-90cd5c745e61	version.layout	6df2fe26-2c82-49ba-98f4-7f274846c7ae	center	\N	blue	\N	flex-row	02	6886a0cc5a3935fab3feb21d	\N	violet
7	9f09b6d6-5dd1-4b72-b23f-90cd5c745e61	version.layout	53f22098-0dca-486c-ad6f-64918c1a4cb5	center	\N	blue	\N	flex-row	01	6886a0695a3935fab3feb21b	\N	gray
3	01fe3f95-b2e0-4adc-8e06-a37200de75b3	version.layout	dffe54f4-ade5-44f4-abe1-7da74ac9fb8e	center	\N	blue	\N	flex-row	02	6886a0cc5a3935fab3feb21d	\N	violet
7	01fe3f95-b2e0-4adc-8e06-a37200de75b3	version.layout	0a28e030-7665-489e-936a-4b2be9842b05	center	\N	blue	\N	flex-row	01	6886a0695a3935fab3feb21b	\N	gray
3	3b7333a2-daa5-498c-88e2-379fe5c31d7b	version.layout	34c5f963-0b31-4d8d-952d-e3c1d9ec232b	center	\N	blue	\N	flex-row	02	6886a0cc5a3935fab3feb21d	\N	violet
7	3b7333a2-daa5-498c-88e2-379fe5c31d7b	version.layout	712c5785-32db-41e4-bd6c-91a6cc678928	center	\N	blue	\N	flex-row	01	6886a0695a3935fab3feb21b	\N	gray
3	67aa8e57-e509-4c57-b165-2c5bfd47d94f	version.layout	231aa94a-b9dc-4404-abc9-7c3083b04c9b	center	\N	blue	\N	flex-row	02	6886a0cc5a3935fab3feb21d	\N	violet
7	67aa8e57-e509-4c57-b165-2c5bfd47d94f	version.layout	9efb461d-b4a3-4bea-8f5c-c225cf4e4f68	center	\N	blue	\N	flex-row	01	6886a0695a3935fab3feb21b	\N	gray
3	be9c7e75-dc9a-4619-8a8e-5ef58c098864	version.layout	828398d4-6c1e-4708-b751-3aee252b2d5e	center	\N	blue	\N	flex-row	02	6886a0cc5a3935fab3feb21d	\N	violet
7	be9c7e75-dc9a-4619-8a8e-5ef58c098864	version.layout	7b4a1aa6-b357-4637-bd85-0df4b3fe8bd1	center	\N	blue	\N	flex-row	01	6886a0695a3935fab3feb21b	\N	gray
3	475931ac-474c-47ac-a1ba-e14920a6ebb8	version.layout	81574279-0688-4ad3-a185-d088a091d4c1	center	\N	blue	\N	flex-row	02	6886a0cc5a3935fab3feb21d	\N	violet
7	475931ac-474c-47ac-a1ba-e14920a6ebb8	version.layout	5e0674e4-9149-4989-bed5-0c90ed72d915	center	\N	blue	\N	flex-row	01	6886a0695a3935fab3feb21b	\N	gray
3	df9022a7-63b1-4017-b716-518f2d69d9c2	version.layout	47ed17d6-8ebc-460c-bf6e-ce888fab9505	center	\N	blue	\N	flex-row	02	6886a0cc5a3935fab3feb21d	\N	violet
7	df9022a7-63b1-4017-b716-518f2d69d9c2	version.layout	2712815d-7b3c-4abb-905a-e88c1ee071f8	center	\N	blue	\N	flex-row	01	6886a0695a3935fab3feb21b	\N	gray
3	57af9290-93a8-46d6-8475-65260fba9301	version.layout	897389f2-16c2-4ece-b139-9e9b4fa4c52d	center	\N	blue	\N	flex-row	02	6886a0cc5a3935fab3feb21d	\N	violet
7	57af9290-93a8-46d6-8475-65260fba9301	version.layout	e6daf258-e186-4014-94d4-85d636d6663f	center	\N	blue	\N	flex-row	01	6886a0695a3935fab3feb21b	\N	gray
3	99bd2e73-564f-485c-9ff6-4421e9090e2a	version.layout	5c339bfc-361b-4356-ba1c-2ce8552290d9	center	\N	blue	\N	flex-row	02	6886a0cc5a3935fab3feb21d	\N	violet
7	99bd2e73-564f-485c-9ff6-4421e9090e2a	version.layout	77c24369-b4dd-408f-83b1-a9026a0ee6cd	center	\N	blue	\N	flex-row	01	6886a0695a3935fab3feb21b	\N	gray
3	063f8a38-1c45-4ae7-acd1-5a2a877fff5f	version.layout	bd587c08-9461-426c-b474-520c390ba62e	center	\N	blue	\N	flex-row	02	6886a0cc5a3935fab3feb21d	\N	violet
7	063f8a38-1c45-4ae7-acd1-5a2a877fff5f	version.layout	2148d357-de69-4a55-892a-68f87202240c	center	\N	blue	\N	flex-row	01	6886a0695a3935fab3feb21b	\N	gray
\.


--
-- Data for Name: _testimonialsBlock_v_block_header_links; Type: TABLE DATA; Schema: public; Owner: -
--

COPY "public"."_testimonialsBlock_v_block_header_links" ("_order", "_parent_id", "id", "link_type", "link_new_tab", "link_url", "link_color", "link_variant", "_uuid") FROM stdin;
\.


--
-- Data for Name: _testimonialsBlock_v_block_header_links_locales; Type: TABLE DATA; Schema: public; Owner: -
--

COPY "public"."_testimonialsBlock_v_block_header_links_locales" ("link_label", "id", "_locale", "_parent_id") FROM stdin;
\.


--
-- Data for Name: _testimonialsBlock_v_locales; Type: TABLE DATA; Schema: public; Owner: -
--

COPY "public"."_testimonialsBlock_v_locales" ("block_header_badge_label", "block_header_header_text", "id", "_locale", "_parent_id") FROM stdin;
\.


--
-- Data for Name: archiveBlock; Type: TABLE DATA; Schema: public; Owner: -
--

COPY "public"."archiveBlock" ("_order", "_parent_id", "_path", "id", "block_header_type", "block_header_badge_type", "block_header_badge_color", "block_header_badge_icon", "block_header_badge_icon_position", "populate_by", "relation_to", "limit", "block_name") FROM stdin;
\.


--
-- Data for Name: archiveBlock_block_header_links; Type: TABLE DATA; Schema: public; Owner: -
--

COPY "public"."archiveBlock_block_header_links" ("_order", "_parent_id", "id", "link_type", "link_new_tab", "link_url", "link_color", "link_variant") FROM stdin;
\.


--
-- Data for Name: archiveBlock_block_header_links_locales; Type: TABLE DATA; Schema: public; Owner: -
--

COPY "public"."archiveBlock_block_header_links_locales" ("link_label", "id", "_locale", "_parent_id") FROM stdin;
\.


--
-- Data for Name: archiveBlock_locales; Type: TABLE DATA; Schema: public; Owner: -
--

COPY "public"."archiveBlock_locales" ("block_header_badge_label", "block_header_header_text", "id", "_locale", "_parent_id") FROM stdin;
\.


--
-- Data for Name: blog_posts; Type: TABLE DATA; Schema: public; Owner: -
--

COPY "public"."blog_posts" ("id", "updated_at", "created_at", "_status") FROM stdin;
\.


--
-- Data for Name: blog_posts_locales; Type: TABLE DATA; Schema: public; Owner: -
--

COPY "public"."blog_posts_locales" ("title", "hero_image_id", "content", "meta_title", "meta_image_id", "meta_description", "published_at", "id", "_locale", "_parent_id", "slug", "slug_lock") FROM stdin;
\.


--
-- Data for Name: blog_posts_populated_authors; Type: TABLE DATA; Schema: public; Owner: -
--

COPY "public"."blog_posts_populated_authors" ("_order", "_parent_id", "id", "name") FROM stdin;
\.


--
-- Data for Name: blog_posts_rels; Type: TABLE DATA; Schema: public; Owner: -
--

COPY "public"."blog_posts_rels" ("id", "order", "parent_id", "path", "locale", "blog_posts_id", "categories_id", "users_id") FROM stdin;
\.


--
-- Data for Name: callToActionBlock; Type: TABLE DATA; Schema: public; Owner: -
--

COPY "public"."callToActionBlock" ("_order", "_parent_id", "_path", "id", "type", "badge_type", "badge_color", "badge_icon", "badge_icon_position", "caption", "form_id", "block_name") FROM stdin;
8	a14442b0-9282-4efc-9df0-51d6374608d8	layout	6886a1475a3935fab3feb21f	02	\N	blue	\N	flex-row	\N	\N	\N
\.


--
-- Data for Name: callToActionBlock_links; Type: TABLE DATA; Schema: public; Owner: -
--

COPY "public"."callToActionBlock_links" ("_order", "_parent_id", "id", "link_type", "link_new_tab", "link_url", "link_color", "link_variant") FROM stdin;
1	6886a1475a3935fab3feb21f	6886a17b5a3935fab3feb220	custom	\N	/	neutral	primary
\.


--
-- Data for Name: callToActionBlock_links_locales; Type: TABLE DATA; Schema: public; Owner: -
--

COPY "public"."callToActionBlock_links_locales" ("link_label", "id", "_locale", "_parent_id") FROM stdin;
  	8	ar	6886a17b5a3935fab3feb220
\.


--
-- Data for Name: callToActionBlock_list; Type: TABLE DATA; Schema: public; Owner: -
--

COPY "public"."callToActionBlock_list" ("_order", "_parent_id", "_locale", "id", "icon", "title", "subtitle") FROM stdin;
1	6886a1475a3935fab3feb21f	ar	6886a19a5a3935fab3feb221	\N	  	\N
2	6886a1475a3935fab3feb21f	ar	6886a1c05a3935fab3feb222	\N	   	\N
3	6886a1475a3935fab3feb21f	ar	6886a2575a3935fab3feb225	\N	   	\N
\.


--
-- Data for Name: callToActionBlock_locales; Type: TABLE DATA; Schema: public; Owner: -
--

COPY "public"."callToActionBlock_locales" ("badge_label", "rich_text", "media_desktop_light_id", "media_desktop_dark_id", "media_mobile_light_id", "media_mobile_dark_id", "id", "_locale", "_parent_id") FROM stdin;
\N	{"root": {"type": "root", "format": "", "indent": 0, "version": 1, "children": [{"tag": "h3", "type": "heading", "format": "", "indent": 0, "version": 1, "children": [{"mode": "normal", "text": "  ", "type": "text", "style": "", "detail": 0, "format": 0, "version": 1}], "direction": "rtl"}, {"type": "paragraph", "format": "", "indent": 0, "version": 1, "children": [{"mode": "normal", "text": "            ...      .", "type": "text", "style": "", "detail": 0, "format": 0, "version": 1}], "direction": "rtl", "textStyle": "", "textFormat": 0}], "direction": "rtl"}}	\N	\N	\N	\N	8	ar	6886a1475a3935fab3feb21f
\.


--
-- Data for Name: categories; Type: TABLE DATA; Schema: public; Owner: -
--

COPY "public"."categories" ("id", "slug", "slug_lock", "parent_id", "updated_at", "created_at") FROM stdin;
\.


--
-- Data for Name: categories_breadcrumbs; Type: TABLE DATA; Schema: public; Owner: -
--

COPY "public"."categories_breadcrumbs" ("_order", "_parent_id", "_locale", "id", "doc_id", "url", "label") FROM stdin;
\.


--
-- Data for Name: categories_locales; Type: TABLE DATA; Schema: public; Owner: -
--

COPY "public"."categories_locales" ("title", "id", "_locale", "_parent_id") FROM stdin;
\.


--
-- Data for Name: customHtmlBlock; Type: TABLE DATA; Schema: public; Owner: -
--

COPY "public"."customHtmlBlock" ("_order", "_parent_id", "_path", "id", "block_header_type", "block_header_badge_type", "block_header_badge_color", "block_header_badge_icon", "block_header_badge_icon_position", "html_content", "block_name") FROM stdin;
\.


--
-- Data for Name: customHtmlBlock_block_header_links; Type: TABLE DATA; Schema: public; Owner: -
--

COPY "public"."customHtmlBlock_block_header_links" ("_order", "_parent_id", "id", "link_type", "link_new_tab", "link_url", "link_color", "link_variant") FROM stdin;
\.


--
-- Data for Name: customHtmlBlock_block_header_links_locales; Type: TABLE DATA; Schema: public; Owner: -
--

COPY "public"."customHtmlBlock_block_header_links_locales" ("link_label", "id", "_locale", "_parent_id") FROM stdin;
\.


--
-- Data for Name: customHtmlBlock_locales; Type: TABLE DATA; Schema: public; Owner: -
--

COPY "public"."customHtmlBlock_locales" ("block_header_badge_label", "block_header_header_text", "id", "_locale", "_parent_id") FROM stdin;
\.


--
-- Data for Name: customers; Type: TABLE DATA; Schema: public; Owner: -
--

COPY "public"."customers" ("id", "title", "testimonial_featured_image_id", "testimonial_company_company_logo_id", "testimonial_company_link_type", "testimonial_company_link_new_tab", "testimonial_company_link_url", "testimonial_company_industry", "testimonial_company_founding_year", "testimonial_company_branches", "testimonial_author_info_avatar_id", "enable_case_study", "slug", "slug_lock", "published_at", "updated_at", "created_at", "_status") FROM stdin;
ad1d03ad-f60b-4f83-90c2-d456f1fbaf21		\N	\N	custom	\N	/	\N	\N	\N	\N	f		t	\N	2025-07-27 21:51:14.168+00	2025-07-27 21:49:09.536+00	published
b440e19a-7d00-487a-9927-d384dee97e22	2	\N	\N	custom	\N	/	\N	\N	\N	\N	f	2	t	\N	2025-07-28 02:00:54.147+00	2025-07-27 21:52:04.969+00	published
\.


--
-- Data for Name: customers_locales; Type: TABLE DATA; Schema: public; Owner: -
--

COPY "public"."customers_locales" ("testimonial_quote", "testimonial_company_company_name", "testimonial_company_link_label", "testimonial_company_location", "testimonial_author_info_name", "testimonial_author_info_title", "case_study_case_studytitle", "case_study_summary", "case_study_content", "id", "_locale", "_parent_id") FROM stdin;
\N	\N	\N	\N	\N	\N	\N	\N	\N	1	en	ad1d03ad-f60b-4f83-90c2-d456f1fbaf21
{"root": {"type": "root", "format": "", "indent": 0, "version": 1, "children": [{"type": "paragraph", "format": "", "indent": 0, "version": 1, "children": [{"mode": "normal", "text": "                                 !", "type": "text", "style": "", "detail": 0, "format": 0, "version": 1}], "direction": "rtl", "textStyle": "", "textFormat": 0}], "direction": "rtl"}}	 	/	\N	 	   	\N	\N	\N	2	ar	ad1d03ad-f60b-4f83-90c2-d456f1fbaf21
\N	\N	\N	\N	\N	\N	\N	\N	\N	3	en	b440e19a-7d00-487a-9927-d384dee97e22
{"root": {"type": "root", "format": "", "indent": 0, "version": 1, "children": [{"type": "paragraph", "format": "", "indent": 0, "version": 1, "children": [{"mode": "normal", "text": "                                 !", "type": "text", "style": "", "detail": 0, "format": 0, "version": 1}], "direction": "rtl", "textStyle": "", "textFormat": 0}], "direction": "rtl"}}		/	\N	 	 	\N	\N	\N	4	ar	b440e19a-7d00-487a-9927-d384dee97e22
\.


--
-- Data for Name: customers_rels; Type: TABLE DATA; Schema: public; Owner: -
--

COPY "public"."customers_rels" ("id", "order", "parent_id", "path", "pages_id", "blog_posts_id", "categories_id") FROM stdin;
\.


--
-- Data for Name: customers_testimonial_stats; Type: TABLE DATA; Schema: public; Owner: -
--

COPY "public"."customers_testimonial_stats" ("_order", "_parent_id", "id", "indicator") FROM stdin;
\.


--
-- Data for Name: customers_testimonial_stats_locales; Type: TABLE DATA; Schema: public; Owner: -
--

COPY "public"."customers_testimonial_stats_locales" ("label", "id", "_locale", "_parent_id", "value") FROM stdin;
\.


--
-- Data for Name: dividerBlock; Type: TABLE DATA; Schema: public; Owner: -
--

COPY "public"."dividerBlock" ("_order", "_parent_id", "_path", "id", "size", "enable_divider", "block_name") FROM stdin;
1	e2c88328-cc74-46c9-aabd-7e7c2f92d013	layout	6886fecf30064f7b236356c3	small	f	\N
\.


--
-- Data for Name: faq; Type: TABLE DATA; Schema: public; Owner: -
--

COPY "public"."faq" ("id", "category_id", "updated_at", "created_at", "_status") FROM stdin;
487d16ef-4d7e-4603-885d-53d42734b0f1	\N	2025-08-03 07:40:53.706+00	2025-08-03 07:40:30.346+00	published
2d37f238-e71e-4291-8919-33e4c7a73544	\N	2025-08-03 07:41:33.283+00	2025-08-03 07:41:01.929+00	published
4696359a-45b8-4fea-b14f-ca34e928e5d0	\N	2025-08-03 07:42:01.416+00	2025-08-03 07:41:46.698+00	published
0786b804-85ea-4269-841e-5f4fe762ada3	\N	2025-08-03 07:42:45.255+00	2025-08-03 07:42:19.174+00	published
cf06eaf5-c215-44fc-82c2-a7696336ef41	\N	2025-08-03 07:43:27.046+00	2025-08-03 07:43:05.982+00	published
0ad17856-43c0-4ec9-bd88-c26f826dfb68	\N	2025-08-03 07:45:43.588+00	2025-08-03 07:43:42.883+00	published
\.


--
-- Data for Name: faqBlock; Type: TABLE DATA; Schema: public; Owner: -
--

COPY "public"."faqBlock" ("_order", "_parent_id", "_path", "id", "block_header_type", "block_header_badge_type", "block_header_badge_color", "block_header_badge_icon", "block_header_badge_icon_position", "type", "block_name") FROM stdin;
9	a14442b0-9282-4efc-9df0-51d6374608d8	layout	688f13dcdb5b5b92cc7fdde8	center	\N	blue	\N	flex-row	02	\N
\.


--
-- Data for Name: faqBlock_block_header_links; Type: TABLE DATA; Schema: public; Owner: -
--

COPY "public"."faqBlock_block_header_links" ("_order", "_parent_id", "id", "link_type", "link_new_tab", "link_url", "link_color", "link_variant") FROM stdin;
\.


--
-- Data for Name: faqBlock_block_header_links_locales; Type: TABLE DATA; Schema: public; Owner: -
--

COPY "public"."faqBlock_block_header_links_locales" ("link_label", "id", "_locale", "_parent_id") FROM stdin;
\.


--
-- Data for Name: faqBlock_locales; Type: TABLE DATA; Schema: public; Owner: -
--

COPY "public"."faqBlock_locales" ("block_header_badge_label", "block_header_header_text", "id", "_locale", "_parent_id") FROM stdin;
\N	{"root": {"type": "root", "format": "", "indent": 0, "version": 1, "children": [{"tag": "h2", "type": "heading", "format": "", "indent": 0, "version": 1, "children": [{"mode": "normal", "text": " ", "type": "text", "style": "", "detail": 0, "format": 0, "version": 1}], "direction": "rtl"}], "direction": "rtl"}}	3	ar	688f13dcdb5b5b92cc7fdde8
\.


--
-- Data for Name: faq_locales; Type: TABLE DATA; Schema: public; Owner: -
--

COPY "public"."faq_locales" ("question", "answer", "id", "_locale", "_parent_id") FROM stdin;
\N	\N	1	en	487d16ef-4d7e-4603-885d-53d42734b0f1
      	{"root": {"type": "root", "format": "", "indent": 0, "version": 1, "children": [{"type": "paragraph", "format": "", "indent": 0, "version": 1, "children": [{"mode": "normal", "text": "                    ", "type": "text", "style": "", "detail": 0, "format": 0, "version": 1}], "direction": "rtl", "textStyle": "", "textFormat": 0}], "direction": "rtl"}}	2	ar	487d16ef-4d7e-4603-885d-53d42734b0f1
\N	\N	3	en	2d37f238-e71e-4291-8919-33e4c7a73544
      	{"root": {"type": "root", "format": "", "indent": 0, "version": 1, "children": [{"type": "paragraph", "format": "", "indent": 0, "version": 1, "children": [{"mode": "normal", "text": "                ", "type": "text", "style": "", "detail": 0, "format": 0, "version": 1}], "direction": "rtl", "textStyle": "", "textFormat": 0}], "direction": "rtl"}}	4	ar	2d37f238-e71e-4291-8919-33e4c7a73544
\N	\N	5	en	4696359a-45b8-4fea-b14f-ca34e928e5d0
     	{"root": {"type": "root", "format": "", "indent": 0, "version": 1, "children": [{"type": "paragraph", "format": "", "indent": 0, "version": 1, "children": [{"mode": "normal", "text": "                      ", "type": "text", "style": "", "detail": 0, "format": 0, "version": 1}], "direction": "rtl", "textStyle": "", "textFormat": 0}], "direction": "rtl"}}	6	ar	4696359a-45b8-4fea-b14f-ca34e928e5d0
\N	\N	7	en	0786b804-85ea-4269-841e-5f4fe762ada3
      	{"root": {"type": "root", "format": "", "indent": 0, "version": 1, "children": [{"type": "paragraph", "format": "right", "indent": 0, "version": 1, "children": [{"mode": "normal", "text": "                         ", "type": "text", "style": "", "detail": 0, "format": 0, "version": 1}], "direction": "rtl", "textStyle": "", "textFormat": 0}], "direction": "rtl"}}	8	ar	0786b804-85ea-4269-841e-5f4fe762ada3
\N	\N	9	en	cf06eaf5-c215-44fc-82c2-a7696336ef41
        	{"root": {"type": "root", "format": "", "indent": 0, "version": 1, "children": [{"type": "paragraph", "format": "right", "indent": 0, "version": 1, "children": [{"mode": "normal", "text": "                  ", "type": "text", "style": "", "detail": 0, "format": 0, "version": 1}], "direction": "rtl", "textStyle": "", "textFormat": 0}], "direction": "rtl"}}	10	ar	cf06eaf5-c215-44fc-82c2-a7696336ef41
\N	\N	13	en	0ad17856-43c0-4ec9-bd88-c26f826dfb68
    	{"root": {"type": "root", "format": "", "indent": 0, "version": 1, "children": [{"type": "paragraph", "format": "right", "indent": 0, "version": 1, "children": [{"mode": "normal", "text": "               ", "type": "text", "style": "", "detail": 0, "format": 0, "version": 1}], "direction": "rtl", "textStyle": "", "textFormat": 0}], "direction": "rtl"}}	14	ar	0ad17856-43c0-4ec9-bd88-c26f826dfb68
\.


--
-- Data for Name: featuresBlock; Type: TABLE DATA; Schema: public; Owner: -
--

COPY "public"."featuresBlock" ("_order", "_parent_id", "_path", "id", "block_header_type", "block_header_badge_type", "block_header_badge_color", "block_header_badge_icon", "block_header_badge_icon_position", "type", "link_type", "link_new_tab", "link_url", "block_name", "stat_indicator") FROM stdin;
1	742d2308-808d-4f0e-91f2-03d18be57d5c	layout	68869c85f3705a4904040d2e	center	label	gray	\N	flex-row	07	reference	\N	\N	\N	noChange
5	742d2308-808d-4f0e-91f2-03d18be57d5c	layout	6886ac02df64ca6dd9ecfe6a	center	\N	blue	\N	flex-row	03	reference	\N	\N	\N	noChange
1	a14442b0-9282-4efc-9df0-51d6374608d8	layout	688694d473e9e43a4a6e3c05	center	\N	blue	\N	flex-row	08	custom	\N	/	\N	noChange
4	a14442b0-9282-4efc-9df0-51d6374608d8	layout	688695d673e9e43a4a6e3c0a	center	\N	\N	\N	flex-row	01	reference	\N	\N	\N	noChange
5	a14442b0-9282-4efc-9df0-51d6374608d8	layout	68869a4d5a3935fab3feb217	center	label	outline	\N	flex-row	06	reference	\N	\N	\N	noChange
6	a14442b0-9282-4efc-9df0-51d6374608d8	layout	68869d495a3935fab3feb219	center	\N	blue	\N	flex-row	04	reference	\N	\N	\N	noChange
\.


--
-- Data for Name: featuresBlock_block_header_links; Type: TABLE DATA; Schema: public; Owner: -
--

COPY "public"."featuresBlock_block_header_links" ("_order", "_parent_id", "id", "link_type", "link_new_tab", "link_url", "link_color", "link_variant") FROM stdin;
\.


--
-- Data for Name: featuresBlock_block_header_links_locales; Type: TABLE DATA; Schema: public; Owner: -
--

COPY "public"."featuresBlock_block_header_links_locales" ("link_label", "id", "_locale", "_parent_id") FROM stdin;
\.


--
-- Data for Name: featuresBlock_columns; Type: TABLE DATA; Schema: public; Owner: -
--

COPY "public"."featuresBlock_columns" ("_order", "_parent_id", "id", "size", "icon", "enable_badge", "enable_cta", "reverse_order", "badge_type", "badge_color", "badge_icon", "badge_icon_position", "link_type", "link_new_tab", "link_url", "stat_indicator") FROM stdin;
1	6886ac02df64ca6dd9ecfe6a	6886ac0edf64ca6dd9ecfe6b	half	accessibility-line	\N	\N	\N	\N	blue	\N	flex-row	reference	\N	\N	noChange
2	6886ac02df64ca6dd9ecfe6a	6886ac2fdf64ca6dd9ecfe6d	half	line-chart-line	\N	\N	\N	\N	blue	\N	flex-row	reference	\N	\N	noChange
3	6886ac02df64ca6dd9ecfe6a	6886ac36df64ca6dd9ecfe70	half	shield-star-line	\N	\N	\N	\N	blue	\N	flex-row	reference	\N	\N	noChange
1	688694d473e9e43a4a6e3c05	688694e973e9e43a4a6e3c06	half	\N	\N	\N	\N	\N	blue	\N	flex-row	reference	\N	\N	noChange
2	688694d473e9e43a4a6e3c05	688694f973e9e43a4a6e3c07	half	\N	\N	\N	\N	\N	blue	\N	flex-row	reference	\N	\N	noChange
3	688694d473e9e43a4a6e3c05	6886950873e9e43a4a6e3c08	half	\N	\N	\N	\N	\N	blue	\N	flex-row	reference	\N	\N	noChange
1	688695d673e9e43a4a6e3c0a	688695df73e9e43a4a6e3c0b	full	\N	t	\N	\N	label	outline	\N	flex-row	reference	\N	\N	noChange
2	688695d673e9e43a4a6e3c0a	6886984273e9e43a4a6e3c0d	half	\N	t	\N	\N	label	outline	\N	flex-row	reference	\N	\N	noChange
3	688695d673e9e43a4a6e3c0a	688698ec5a3935fab3feb215	half	\N	t	\N	\N	label	outline	\N	flex-row	reference	\N	\N	noChange
1	68869d495a3935fab3feb219	68869d6c5a3935fab3feb21a	half	\N	\N	t	\N	\N	blue	\N	flex-row	custom	\N	/	noChange
\.


--
-- Data for Name: featuresBlock_columns_locales; Type: TABLE DATA; Schema: public; Owner: -
--

COPY "public"."featuresBlock_columns_locales" ("image_id", "content_title", "content_subtitle", "rich_text_content", "badge_label", "link_label", "id", "_locale", "_parent_id", "stat_label", "stat_value") FROM stdin;
\N	   	              	\N	\N	\N	83	ar	6886ac0edf64ca6dd9ecfe6b	\N	\N
\N	   	             	\N	\N	\N	84	ar	6886ac2fdf64ca6dd9ecfe6d	\N	\N
\N	    	             	\N	\N	\N	85	ar	6886ac36df64ca6dd9ecfe70	\N	\N
\N	\N	\N	\N	\N	\N	93	en	6886ac0edf64ca6dd9ecfe6b	\N	\N
\N	\N	\N	\N	\N	\N	94	en	6886ac2fdf64ca6dd9ecfe6d	\N	\N
\N	\N	\N	\N	\N	\N	95	en	6886ac36df64ca6dd9ecfe70	\N	\N
f8f05216-7b1e-4f38-9c78-712c86d1057c	\N	\N	\N	\N	\N	96	en	688694e973e9e43a4a6e3c06	\N	\N
f8f05216-7b1e-4f38-9c78-712c86d1057c	         	\N	\N	\N	\N	97	ar	688694e973e9e43a4a6e3c06	\N	\N
edbc376c-731b-4c47-8220-478db6cd03e4	\N	\N	\N	\N	\N	98	en	688694f973e9e43a4a6e3c07	\N	\N
edbc376c-731b-4c47-8220-478db6cd03e4	     	\N	\N	\N	\N	99	ar	688694f973e9e43a4a6e3c07	\N	\N
712fc138-f7e2-48e4-bcc8-5e24ff9e79b7	\N	\N	\N	\N	\N	100	en	6886950873e9e43a4a6e3c08	\N	\N
712fc138-f7e2-48e4-bcc8-5e24ff9e79b7	     	\N	\N	\N	\N	101	ar	6886950873e9e43a4a6e3c08	\N	\N
cd2d9b5d-5b74-4846-b1eb-85e3535f944a	\N	\N	\N	\N	\N	102	en	688695df73e9e43a4a6e3c0b	\N	\N
cd2d9b5d-5b74-4846-b1eb-85e3535f944a	\N	\N	{"root": {"type": "root", "format": "", "indent": 0, "version": 1, "children": [{"tag": "h3", "type": "heading", "format": "", "indent": 0, "version": 1, "children": [{"mode": "normal", "text": "       ", "type": "text", "style": "", "detail": 0, "format": 0, "version": 1}], "direction": "rtl"}, {"type": "paragraph", "format": "", "indent": 0, "version": 1, "children": [{"mode": "normal", "text": "    HungerStation  Jahez  Careem              .", "type": "text", "style": "", "detail": 0, "format": 0, "version": 1}], "direction": "rtl", "textStyle": "", "textFormat": 0}], "direction": "rtl"}}	   	\N	103	ar	688695df73e9e43a4a6e3c0b	          	\N
5b3e3903-897a-4182-a331-61f448da95d0	\N	\N	\N	\N	\N	104	en	6886984273e9e43a4a6e3c0d	\N	\N
5b3e3903-897a-4182-a331-61f448da95d0	\N	\N	{"root": {"type": "root", "format": "", "indent": 0, "version": 1, "children": [{"tag": "h4", "type": "heading", "format": "", "indent": 0, "version": 1, "children": [{"mode": "normal", "text": "     ", "type": "text", "style": "", "detail": 0, "format": 0, "version": 1}], "direction": "rtl"}], "direction": "rtl"}}	  	\N	105	ar	6886984273e9e43a4a6e3c0d	          	\N
7a8a5f6d-dc53-40ab-9daa-217ee1027234	\N	\N	\N	\N	\N	106	en	688698ec5a3935fab3feb215	\N	\N
7a8a5f6d-dc53-40ab-9daa-217ee1027234	\N	\N	{"root": {"type": "root", "format": "", "indent": 0, "version": 1, "children": [{"tag": "h4", "type": "heading", "format": "", "indent": 0, "version": 1, "children": [{"mode": "normal", "text": "      ", "type": "text", "style": "", "detail": 0, "format": 0, "version": 1}], "direction": "rtl"}], "direction": "rtl"}}	  	\N	107	ar	688698ec5a3935fab3feb215	      	\N
\N	\N	\N	\N	\N	\N	108	en	68869d6c5a3935fab3feb21a	\N	\N
\N	\N	\N	{"root": {"type": "root", "format": "", "indent": 0, "version": 1, "children": [{"tag": "h3", "type": "heading", "format": "", "indent": 0, "version": 1, "children": [{"mode": "normal", "text": "  ", "type": "text", "style": "", "detail": 0, "format": 0, "version": 1}], "direction": "rtl"}, {"type": "paragraph", "format": "", "indent": 0, "version": 1, "children": [{"mode": "normal", "text": "            ...      .", "type": "text", "style": "", "detail": 0, "format": 0, "version": 1}], "direction": "rtl", "textStyle": "", "textFormat": 0}], "direction": "rtl"}}	\N	 	109	ar	68869d6c5a3935fab3feb21a	\N	\N
\.


--
-- Data for Name: featuresBlock_locales; Type: TABLE DATA; Schema: public; Owner: -
--

COPY "public"."featuresBlock_locales" ("block_header_badge_label", "block_header_header_text", "c_t_a_label", "link_label", "id", "_locale", "_parent_id", "stat_label", "stat_value", "block_image_id") FROM stdin;
	{"root": {"type": "root", "format": "", "indent": 0, "version": 1, "children": [{"tag": "h2", "type": "heading", "format": "", "indent": 0, "version": 1, "children": [{"mode": "normal", "text": "           ", "type": "text", "style": "", "detail": 0, "format": 0, "version": 1}], "direction": "rtl"}], "direction": "rtl"}}	\N	\N	43	ar	68869c85f3705a4904040d2e	\N	\N	\N
\N	{"root": {"type": "root", "format": "", "indent": 0, "version": 1, "children": [{"tag": "h2", "type": "heading", "format": "", "indent": 0, "version": 1, "children": [{"mode": "normal", "text": "   ", "type": "text", "style": "", "detail": 0, "format": 0, "version": 1}], "direction": "rtl"}, {"type": "paragraph", "format": "", "indent": 0, "version": 1, "children": [{"mode": "normal", "text": "     ", "type": "text", "style": "", "detail": 0, "format": 0, "version": 1}], "direction": "rtl", "textStyle": "", "textFormat": 0}], "direction": "rtl"}}	\N	\N	44	ar	6886ac02df64ca6dd9ecfe6a	\N	\N	\N
\N	\N	\N	\N	48	en	68869c85f3705a4904040d2e	\N	\N	\N
\N	\N	\N	\N	49	en	6886ac02df64ca6dd9ecfe6a	\N	\N	\N
\N	\N	\N	\N	52	en	688694d473e9e43a4a6e3c05	\N	\N	\N
\N	{"root": {"type": "root", "format": "", "indent": 0, "version": 1, "children": [{"tag": "h2", "type": "heading", "format": "", "indent": 0, "version": 1, "children": [{"mode": "normal", "text": "  ", "type": "text", "style": "", "detail": 0, "format": 0, "version": 1}], "direction": "rtl"}], "direction": "rtl"}}	\N	/	53	ar	688694d473e9e43a4a6e3c05	\N	\N	\N
\N	\N	\N	\N	54	en	688695d673e9e43a4a6e3c0a	\N	\N	\N
	{"root": {"type": "root", "format": "", "indent": 0, "version": 1, "children": [{"tag": "h2", "type": "heading", "format": "", "indent": 0, "version": 1, "children": [{"mode": "normal", "text": "    ", "type": "text", "style": "", "detail": 0, "format": 0, "version": 1}], "direction": "rtl"}, {"type": "paragraph", "format": "", "indent": 0, "version": 1, "children": [{"mode": "normal", "text": "            .", "type": "text", "style": "", "detail": 0, "format": 0, "version": 1}], "direction": "rtl", "textStyle": "", "textFormat": 0}], "direction": "rtl"}}	\N	\N	55	ar	688695d673e9e43a4a6e3c0a	\N	\N	\N
\N	\N	\N	\N	56	en	68869a4d5a3935fab3feb217	\N	\N	\N
  	{"root": {"type": "root", "format": "", "indent": 0, "version": 1, "children": [{"tag": "h3", "type": "heading", "format": "", "indent": 0, "version": 1, "children": [{"mode": "normal", "text": "   ", "type": "text", "style": "", "detail": 0, "format": 0, "version": 1}, {"type": "linebreak", "version": 1}, {"mode": "normal", "text": "  ", "type": "text", "style": "", "detail": 0, "format": 0, "version": 1}], "direction": "rtl"}, {"type": "paragraph", "format": "", "indent": 0, "version": 1, "children": [{"mode": "normal", "text": "               ", "type": "text", "style": "", "detail": 0, "format": 0, "version": 1}], "direction": "rtl", "textStyle": "", "textFormat": 0}], "direction": "rtl"}}	\N	\N	57	ar	68869a4d5a3935fab3feb217	           	\N	fe54a595-3fe0-406c-8274-f5ed27ea3ec5
\N	\N	\N	\N	58	en	68869d495a3935fab3feb219	\N	\N	\N
\N	\N	\N	\N	59	ar	68869d495a3935fab3feb219	\N	\N	c2d2f059-e34e-42b0-bdb5-758d52f52e77
\.


--
-- Data for Name: footer; Type: TABLE DATA; Schema: public; Owner: -
--

COPY "public"."footer" ("id", "updated_at", "created_at") FROM stdin;
\.


--
-- Data for Name: footer_columns; Type: TABLE DATA; Schema: public; Owner: -
--

COPY "public"."footer_columns" ("_order", "_parent_id", "id", "label") FROM stdin;
\.


--
-- Data for Name: footer_columns_nav_items; Type: TABLE DATA; Schema: public; Owner: -
--

COPY "public"."footer_columns_nav_items" ("_order", "_parent_id", "id", "link_type", "link_new_tab", "link_url") FROM stdin;
\.


--
-- Data for Name: footer_columns_nav_items_locales; Type: TABLE DATA; Schema: public; Owner: -
--

COPY "public"."footer_columns_nav_items_locales" ("link_label", "id", "_locale", "_parent_id") FROM stdin;
\.


--
-- Data for Name: footer_rels; Type: TABLE DATA; Schema: public; Owner: -
--

COPY "public"."footer_rels" ("id", "order", "parent_id", "path", "pages_id", "blog_posts_id") FROM stdin;
\.


--
-- Data for Name: formBlock; Type: TABLE DATA; Schema: public; Owner: -
--

COPY "public"."formBlock" ("_order", "_parent_id", "_path", "id", "form_id", "enable_intro", "intro_content", "block_name") FROM stdin;
\.


--
-- Data for Name: form_submissions; Type: TABLE DATA; Schema: public; Owner: -
--

COPY "public"."form_submissions" ("id", "form_id", "updated_at", "created_at") FROM stdin;
\.


--
-- Data for Name: form_submissions_submission_data; Type: TABLE DATA; Schema: public; Owner: -
--

COPY "public"."form_submissions_submission_data" ("_order", "_parent_id", "id", "field", "value") FROM stdin;
\.


--
-- Data for Name: forms; Type: TABLE DATA; Schema: public; Owner: -
--

COPY "public"."forms" ("id", "title", "confirmation_type", "redirect_url", "updated_at", "created_at") FROM stdin;
\.


--
-- Data for Name: forms_blocks_checkbox; Type: TABLE DATA; Schema: public; Owner: -
--

COPY "public"."forms_blocks_checkbox" ("_order", "_parent_id", "_path", "id", "name", "width", "required", "default_value", "block_name") FROM stdin;
\.


--
-- Data for Name: forms_blocks_checkbox_locales; Type: TABLE DATA; Schema: public; Owner: -
--

COPY "public"."forms_blocks_checkbox_locales" ("label", "id", "_locale", "_parent_id") FROM stdin;
\.


--
-- Data for Name: forms_blocks_country; Type: TABLE DATA; Schema: public; Owner: -
--

COPY "public"."forms_blocks_country" ("_order", "_parent_id", "_path", "id", "name", "width", "required", "block_name") FROM stdin;
\.


--
-- Data for Name: forms_blocks_country_locales; Type: TABLE DATA; Schema: public; Owner: -
--

COPY "public"."forms_blocks_country_locales" ("label", "id", "_locale", "_parent_id") FROM stdin;
\.


--
-- Data for Name: forms_blocks_email; Type: TABLE DATA; Schema: public; Owner: -
--

COPY "public"."forms_blocks_email" ("_order", "_parent_id", "_path", "id", "name", "width", "required", "block_name") FROM stdin;
\.


--
-- Data for Name: forms_blocks_email_locales; Type: TABLE DATA; Schema: public; Owner: -
--

COPY "public"."forms_blocks_email_locales" ("label", "id", "_locale", "_parent_id") FROM stdin;
\.


--
-- Data for Name: forms_blocks_message; Type: TABLE DATA; Schema: public; Owner: -
--

COPY "public"."forms_blocks_message" ("_order", "_parent_id", "_path", "id", "block_name") FROM stdin;
\.


--
-- Data for Name: forms_blocks_message_locales; Type: TABLE DATA; Schema: public; Owner: -
--

COPY "public"."forms_blocks_message_locales" ("message", "id", "_locale", "_parent_id") FROM stdin;
\.


--
-- Data for Name: forms_blocks_number; Type: TABLE DATA; Schema: public; Owner: -
--

COPY "public"."forms_blocks_number" ("_order", "_parent_id", "_path", "id", "name", "width", "default_value", "required", "block_name") FROM stdin;
\.


--
-- Data for Name: forms_blocks_number_locales; Type: TABLE DATA; Schema: public; Owner: -
--

COPY "public"."forms_blocks_number_locales" ("label", "id", "_locale", "_parent_id") FROM stdin;
\.


--
-- Data for Name: forms_blocks_select; Type: TABLE DATA; Schema: public; Owner: -
--

COPY "public"."forms_blocks_select" ("_order", "_parent_id", "_path", "id", "name", "width", "placeholder", "required", "block_name") FROM stdin;
\.


--
-- Data for Name: forms_blocks_select_locales; Type: TABLE DATA; Schema: public; Owner: -
--

COPY "public"."forms_blocks_select_locales" ("label", "default_value", "id", "_locale", "_parent_id") FROM stdin;
\.


--
-- Data for Name: forms_blocks_select_options; Type: TABLE DATA; Schema: public; Owner: -
--

COPY "public"."forms_blocks_select_options" ("_order", "_parent_id", "id", "value") FROM stdin;
\.


--
-- Data for Name: forms_blocks_select_options_locales; Type: TABLE DATA; Schema: public; Owner: -
--

COPY "public"."forms_blocks_select_options_locales" ("label", "id", "_locale", "_parent_id") FROM stdin;
\.


--
-- Data for Name: forms_blocks_state; Type: TABLE DATA; Schema: public; Owner: -
--

COPY "public"."forms_blocks_state" ("_order", "_parent_id", "_path", "id", "name", "width", "required", "block_name") FROM stdin;
\.


--
-- Data for Name: forms_blocks_state_locales; Type: TABLE DATA; Schema: public; Owner: -
--

COPY "public"."forms_blocks_state_locales" ("label", "id", "_locale", "_parent_id") FROM stdin;
\.


--
-- Data for Name: forms_blocks_text; Type: TABLE DATA; Schema: public; Owner: -
--

COPY "public"."forms_blocks_text" ("_order", "_parent_id", "_path", "id", "name", "width", "required", "block_name") FROM stdin;
\.


--
-- Data for Name: forms_blocks_text_locales; Type: TABLE DATA; Schema: public; Owner: -
--

COPY "public"."forms_blocks_text_locales" ("label", "default_value", "id", "_locale", "_parent_id") FROM stdin;
\.


--
-- Data for Name: forms_blocks_textarea; Type: TABLE DATA; Schema: public; Owner: -
--

COPY "public"."forms_blocks_textarea" ("_order", "_parent_id", "_path", "id", "name", "width", "required", "block_name") FROM stdin;
\.


--
-- Data for Name: forms_blocks_textarea_locales; Type: TABLE DATA; Schema: public; Owner: -
--

COPY "public"."forms_blocks_textarea_locales" ("label", "default_value", "id", "_locale", "_parent_id") FROM stdin;
\.


--
-- Data for Name: forms_emails; Type: TABLE DATA; Schema: public; Owner: -
--

COPY "public"."forms_emails" ("_order", "_parent_id", "id", "email_to", "cc", "bcc", "reply_to", "email_from") FROM stdin;
\.


--
-- Data for Name: forms_emails_locales; Type: TABLE DATA; Schema: public; Owner: -
--

COPY "public"."forms_emails_locales" ("subject", "message", "id", "_locale", "_parent_id") FROM stdin;
\.


--
-- Data for Name: forms_locales; Type: TABLE DATA; Schema: public; Owner: -
--

COPY "public"."forms_locales" ("submit_button_label", "confirmation_message", "id", "_locale", "_parent_id") FROM stdin;
\.


--
-- Data for Name: galleryBlock; Type: TABLE DATA; Schema: public; Owner: -
--

COPY "public"."galleryBlock" ("_order", "_parent_id", "_path", "id", "block_header_type", "block_header_badge_type", "block_header_badge_color", "block_header_badge_icon", "block_header_badge_icon_position", "type", "block_name") FROM stdin;
\.


--
-- Data for Name: galleryBlock_block_header_links; Type: TABLE DATA; Schema: public; Owner: -
--

COPY "public"."galleryBlock_block_header_links" ("_order", "_parent_id", "id", "link_type", "link_new_tab", "link_url", "link_color", "link_variant") FROM stdin;
\.


--
-- Data for Name: galleryBlock_block_header_links_locales; Type: TABLE DATA; Schema: public; Owner: -
--

COPY "public"."galleryBlock_block_header_links_locales" ("link_label", "id", "_locale", "_parent_id") FROM stdin;
\.


--
-- Data for Name: galleryBlock_interactive_gallery; Type: TABLE DATA; Schema: public; Owner: -
--

COPY "public"."galleryBlock_interactive_gallery" ("_order", "_parent_id", "id") FROM stdin;
\.


--
-- Data for Name: galleryBlock_interactive_gallery_locales; Type: TABLE DATA; Schema: public; Owner: -
--

COPY "public"."galleryBlock_interactive_gallery_locales" ("image_id", "panel_title", "panel_description", "id", "_locale", "_parent_id") FROM stdin;
\.


--
-- Data for Name: galleryBlock_locales; Type: TABLE DATA; Schema: public; Owner: -
--

COPY "public"."galleryBlock_locales" ("block_header_badge_label", "block_header_header_text", "id", "_locale", "_parent_id") FROM stdin;
\.


--
-- Data for Name: header; Type: TABLE DATA; Schema: public; Owner: -
--

COPY "public"."header" ("id", "updated_at", "created_at") FROM stdin;
70ade6fc-ced2-4f94-958e-854fe2e48eb1	2025-07-28 04:39:08.349+00	2025-07-27 21:00:12.306+00
\.


--
-- Data for Name: header_cta; Type: TABLE DATA; Schema: public; Owner: -
--

COPY "public"."header_cta" ("_order", "_parent_id", "id", "link_type", "link_new_tab", "link_url", "link_color", "link_variant") FROM stdin;
1	70ade6fc-ced2-4f94-958e-854fe2e48eb1	688692cf73e9e43a4a6e3c00	custom	\N	/	neutral	primary
2	70ade6fc-ced2-4f94-958e-854fe2e48eb1	6886930673e9e43a4a6e3c01	custom	\N	https://console.ballurh.io/login?utm_source=new-website	neutral	ghost
\.


--
-- Data for Name: header_cta_locales; Type: TABLE DATA; Schema: public; Owner: -
--

COPY "public"."header_cta_locales" ("link_label", "id", "_locale", "_parent_id") FROM stdin;
  	3	ar	688692cf73e9e43a4a6e3c00
 	4	ar	6886930673e9e43a4a6e3c01
\.


--
-- Data for Name: header_rels; Type: TABLE DATA; Schema: public; Owner: -
--

COPY "public"."header_rels" ("id", "order", "parent_id", "path", "pages_id", "blog_posts_id") FROM stdin;
1	\N	70ade6fc-ced2-4f94-958e-854fe2e48eb1	tabs.0.link.reference	742d2308-808d-4f0e-91f2-03d18be57d5c	\N
2	\N	70ade6fc-ced2-4f94-958e-854fe2e48eb1	tabs.1.link.reference	e2c88328-cc74-46c9-aabd-7e7c2f92d013	\N
\.


--
-- Data for Name: header_tabs; Type: TABLE DATA; Schema: public; Owner: -
--

COPY "public"."header_tabs" ("_order", "_parent_id", "id", "enable_direct_link", "enable_dropdown", "link_type", "link_new_tab", "link_url") FROM stdin;
1	70ade6fc-ced2-4f94-958e-854fe2e48eb1	6886fee960d738a9e3c612ca	t	f	reference	\N	\N
2	70ade6fc-ced2-4f94-958e-854fe2e48eb1	6886fef960d738a9e3c612cb	t	f	reference	\N	\N
\.


--
-- Data for Name: header_tabs_description_links; Type: TABLE DATA; Schema: public; Owner: -
--

COPY "public"."header_tabs_description_links" ("_order", "_parent_id", "id", "link_type", "link_new_tab", "link_url") FROM stdin;
\.


--
-- Data for Name: header_tabs_description_links_locales; Type: TABLE DATA; Schema: public; Owner: -
--

COPY "public"."header_tabs_description_links_locales" ("link_label", "id", "_locale", "_parent_id") FROM stdin;
\.


--
-- Data for Name: header_tabs_locales; Type: TABLE DATA; Schema: public; Owner: -
--

COPY "public"."header_tabs_locales" ("label", "description", "id", "_locale", "_parent_id") FROM stdin;
 	\N	1	ar	6886fee960d738a9e3c612ca
	\N	2	ar	6886fef960d738a9e3c612cb
\.


--
-- Data for Name: header_tabs_nav_items; Type: TABLE DATA; Schema: public; Owner: -
--

COPY "public"."header_tabs_nav_items" ("_order", "_parent_id", "id", "style", "default_link_link_type", "default_link_link_new_tab", "default_link_link_url", "default_link_link_icon", "default_link_description", "featured_link_tag", "featured_link_label", "list_links_tag") FROM stdin;
\.


--
-- Data for Name: header_tabs_nav_items_featured_link_links; Type: TABLE DATA; Schema: public; Owner: -
--

COPY "public"."header_tabs_nav_items_featured_link_links" ("_order", "_parent_id", "id", "link_type", "link_new_tab", "link_url", "link_icon") FROM stdin;
\.


--
-- Data for Name: header_tabs_nav_items_featured_link_links_locales; Type: TABLE DATA; Schema: public; Owner: -
--

COPY "public"."header_tabs_nav_items_featured_link_links_locales" ("link_label", "id", "_locale", "_parent_id") FROM stdin;
\.


--
-- Data for Name: header_tabs_nav_items_list_links_links; Type: TABLE DATA; Schema: public; Owner: -
--

COPY "public"."header_tabs_nav_items_list_links_links" ("_order", "_parent_id", "id", "link_type", "link_new_tab", "link_url", "link_icon") FROM stdin;
\.


--
-- Data for Name: header_tabs_nav_items_list_links_links_locales; Type: TABLE DATA; Schema: public; Owner: -
--

COPY "public"."header_tabs_nav_items_list_links_links_locales" ("link_label", "link_description", "id", "_locale", "_parent_id") FROM stdin;
\.


--
-- Data for Name: header_tabs_nav_items_locales; Type: TABLE DATA; Schema: public; Owner: -
--

COPY "public"."header_tabs_nav_items_locales" ("default_link_link_label", "id", "_locale", "_parent_id") FROM stdin;
\.


--
-- Data for Name: logosBlock; Type: TABLE DATA; Schema: public; Owner: -
--

COPY "public"."logosBlock" ("_order", "_parent_id", "_path", "id", "block_header_type", "block_header_badge_type", "block_header_badge_color", "block_header_badge_icon", "block_header_badge_icon_position", "type", "block_name") FROM stdin;
6	742d2308-808d-4f0e-91f2-03d18be57d5c	layout	6886ad3cdf64ca6dd9ecfe74	center	\N	blue	\N	flex-row	03	\N
2	a14442b0-9282-4efc-9df0-51d6374608d8	layout	6886953573e9e43a4a6e3c09	center	\N	blue	\N	flex-row	03	\N
\.


--
-- Data for Name: logosBlock_block_header_links; Type: TABLE DATA; Schema: public; Owner: -
--

COPY "public"."logosBlock_block_header_links" ("_order", "_parent_id", "id", "link_type", "link_new_tab", "link_url", "link_color", "link_variant") FROM stdin;
\.


--
-- Data for Name: logosBlock_block_header_links_locales; Type: TABLE DATA; Schema: public; Owner: -
--

COPY "public"."logosBlock_block_header_links_locales" ("link_label", "id", "_locale", "_parent_id") FROM stdin;
\.


--
-- Data for Name: logosBlock_locales; Type: TABLE DATA; Schema: public; Owner: -
--

COPY "public"."logosBlock_locales" ("block_header_badge_label", "block_header_header_text", "id", "_locale", "_parent_id") FROM stdin;
\N	{"root": {"type": "root", "format": "", "indent": 0, "version": 1, "children": [{"type": "paragraph", "format": "", "indent": 0, "version": 1, "children": [{"mode": "normal", "text": "   ", "type": "text", "style": "", "detail": 0, "format": 1, "version": 1}], "direction": "rtl", "textStyle": "", "textFormat": 1}], "direction": "rtl", "textFormat": 1}}	16	ar	6886ad3cdf64ca6dd9ecfe74
\N	{"root": {"type": "root", "format": "", "indent": 0, "version": 1, "children": [{"type": "paragraph", "format": "", "indent": 0, "version": 1, "children": [{"mode": "normal", "text": "   ", "type": "text", "style": "", "detail": 0, "format": 0, "version": 1}], "direction": "rtl", "textStyle": "", "textFormat": 0}], "direction": "rtl"}}	17	ar	6886953573e9e43a4a6e3c09
\.


--
-- Data for Name: media; Type: TABLE DATA; Schema: public; Owner: -
--

COPY "public"."media" ("id", "prefix", "alt", "caption", "locale", "blurhash", "folder_id", "updated_at", "created_at", "url", "thumbnail_u_r_l", "filename", "mime_type", "filesize", "width", "height", "focal_x", "focal_y", "sizes_thumbnail_url", "sizes_thumbnail_width", "sizes_thumbnail_height", "sizes_thumbnail_mime_type", "sizes_thumbnail_filesize", "sizes_thumbnail_filename", "sizes_square_url", "sizes_square_width", "sizes_square_height", "sizes_square_mime_type", "sizes_square_filesize", "sizes_square_filename", "sizes_small_url", "sizes_small_width", "sizes_small_height", "sizes_small_mime_type", "sizes_small_filesize", "sizes_small_filename", "sizes_medium_url", "sizes_medium_width", "sizes_medium_height", "sizes_medium_mime_type", "sizes_medium_filesize", "sizes_medium_filename", "sizes_large_url", "sizes_large_width", "sizes_large_height", "sizes_large_mime_type", "sizes_large_filesize", "sizes_large_filename", "sizes_xlarge_url", "sizes_xlarge_width", "sizes_xlarge_height", "sizes_xlarge_mime_type", "sizes_xlarge_filesize", "sizes_xlarge_filename", "sizes_og_url", "sizes_og_width", "sizes_og_height", "sizes_og_mime_type", "sizes_og_filesize", "sizes_og_filename") FROM stdin;
cd2d9b5d-5b74-4846-b1eb-85e3535f944a	media	 	\N	\N	data:image/png;base64,UklGRsgAAABXRUJQVlA4WAoAAAAQAAAABwAABgAAQUxQSDkAAAAAMDkBAAAAAQBusZORlZIZAIH1//7+/6AOaOX++fn/1hxV3//9/v/dIEamsbW7vVEEFiQjKCsuCQAAVlA4IGgAAACwAQCdASoIAAcAAUAmJYgCdADze7UQAP7+nPTwp/Ki69DY8oOeCyGl24cQM44/e0UkDsR68kNPBbdg0zJwFXryJZZq7Nyv/A1P7N/T54mO/lZrtOJRVZz2T6OMn83+/2N/j8Dw/gAAAA==	\N	2025-07-27 20:56:08.919+00	2025-07-27 20:56:07.608+00	\N	\N	heatmap faded.png	image/png	553654	1380	1160	50	50	\N	300	252	image/png	66154	heatmap faded-300x252.png	\N	500	500	image/png	183120	heatmap faded-500x500.png	\N	600	504	image/png	216681	heatmap faded-600x504.png	\N	900	757	image/png	425246	heatmap faded-900x757.png	\N	\N	\N	\N	\N	\N	\N	\N	\N	\N	\N	\N	\N	1200	630	image/png	500417	heatmap faded-1200x630.png
edbc376c-731b-4c47-8220-478db6cd03e4	media	ads-illustration	\N	\N	data:image/png;base64,UklGRjQAAABXRUJQVlA4ICgAAACwAQCdASoIAAgAAUAmJaQAAxZhchnwAP7+7eStHIpOMWmode1LgAAA	\N	2025-07-27 21:05:22.927+00	2025-07-27 21:05:21.953+00	\N	\N	ads.png	image/png	101012	1280	1280	50	50	\N	300	300	image/png	23085	ads-300x300.png	\N	500	500	image/png	46633	ads-500x500.png	\N	600	600	image/png	59717	ads-600x600.png	\N	900	900	image/png	102057	ads-900x900.png	\N	\N	\N	\N	\N	\N	\N	\N	\N	\N	\N	\N	\N	1200	630	image/png	81630	ads-1200x630.png
712fc138-f7e2-48e4-bcc8-5e24ff9e79b7	media	disputes-illustration	\N	\N	data:image/png;base64,UklGRi4AAABXRUJQVlA4ICIAAAAwAQCdASoIAAgAAUAmJaQAA3AA/vzmV99idsXxjsUR+AAA	\N	2025-07-27 21:05:28.432+00	2025-07-27 21:05:27.613+00	\N	\N	disputes.png	image/png	59379	1280	1280	50	50	\N	300	300	image/png	14541	disputes-300x300.png	\N	500	500	image/png	29937	disputes-500x500.png	\N	600	600	image/png	38137	disputes-600x600.png	\N	900	900	image/png	62314	disputes-900x900.png	\N	\N	\N	\N	\N	\N	\N	\N	\N	\N	\N	\N	\N	1200	630	image/png	63535	disputes-1200x630.png
513d34fb-5dbc-4333-b0ab-af8e3756cc8a	media	saudi-business-center	\N	\N	\N	\N	2025-07-27 21:09:06.147+00	2025-07-27 21:09:05.82+00	\N	\N	saudi-business-center.svg	image/svg+xml	29585	328	80	\N	\N	\N	\N	\N	\N	\N	\N	\N	\N	\N	\N	\N	\N	\N	\N	\N	\N	\N	\N	\N	\N	\N	\N	\N	\N	\N	\N	\N	\N	\N	\N	\N	\N	\N	\N	\N	\N	\N	\N	\N	\N	\N	\N
92890105-dde4-4c79-acac-d81ad6dd978a	media	saudi-tech	\N	\N	\N	\N	2025-07-27 21:09:07.498+00	2025-07-27 21:09:07.181+00	\N	\N	saudi-tech.svg	image/svg+xml	5476	201	80	\N	\N	\N	\N	\N	\N	\N	\N	\N	\N	\N	\N	\N	\N	\N	\N	\N	\N	\N	\N	\N	\N	\N	\N	\N	\N	\N	\N	\N	\N	\N	\N	\N	\N	\N	\N	\N	\N	\N	\N	\N	\N	\N	\N
f8f05216-7b1e-4f38-9c78-712c86d1057c	media	connect-illustration	\N	\N	data:image/png;base64,UklGRi4AAABXRUJQVlA4ICIAAAAwAQCdASoIAAgAAUAmJaQAA3AA/vzIq9ycF1SvVGccuAAA	\N	2025-07-31 08:38:11.32+00	2025-07-27 21:05:24.818+00	/api/media/file/connect.png	/api/media/file/connect-300x300.png	connect-1.png	image/png	82830	1280	1280	50	50	/api/media/file/connect-300x300.png	300	300	image/png	16746	connect-1-300x300.png	/api/media/file/connect-500x500.png	500	500	image/png	34544	connect-1-500x500.png	/api/media/file/connect-600x600.png	600	600	image/png	44500	connect-1-600x600.png	/api/media/file/connect-900x900.png	900	900	image/png	77064	connect-1-900x900.png	\N	\N	\N	\N	\N	\N	\N	\N	\N	\N	\N	\N	/api/media/file/connect-1200x630.png	1200	630	image/png	97765	connect-1-1200x630.png
7a8a5f6d-dc53-40ab-9daa-217ee1027234	media		\N	\N	data:image/png;base64,UklGRnwAAABXRUJQVlA4WAoAAAAQAAAABwAABAAAQUxQSCkAAAAAW391q8G9mDLC//39/Pn/dbj/9/z9+f9zu//9///7/3aU0MjLzszfYQBWUDggLAAAANABAJ0BKggABQABQCYlnAAC+t6v+asAAP7+7YAo5z74ysqzbC1HGVjTXgAA	\N	2025-07-31 08:38:49.279+00	2025-07-27 20:56:18.201+00	/api/media/file/revenue%20faded.png	/api/media/file/revenue%20faded-300x200.png	revenue faded-1.png	image/png	249003	1200	800	50	50	/api/media/file/revenue faded-300x200.png	300	200	image/png	32663	revenue faded-1-300x200.png	/api/media/file/revenue faded-500x500.png	500	500	image/png	107788	revenue faded-1-500x500.png	/api/media/file/revenue faded-600x400.png	600	400	image/png	108484	revenue faded-1-600x400.png	/api/media/file/revenue faded-900x600.png	900	600	image/png	231446	revenue faded-1-900x600.png	\N	\N	\N	\N	\N	\N	\N	\N	\N	\N	\N	\N	/api/media/file/revenue faded-1200x630.png	1200	630	image/png	162351	revenue faded-1-1200x630.png
5b3e3903-897a-4182-a331-61f448da95d0	media	 	\N	\N	data:image/png;base64,UklGRnIAAABXRUJQVlA4WAoAAAAQAAAABwAABAAAQUxQSCkAAAAAy//9///8/2TJ//3///z/acb/+/39+v9ox//9///8/2qczsjMzc3dWABWUDggIgAAADABAJ0BKggABQABQCYlpAADcAD+/KHY+5mH29wVeAUAAAA=	\N	2025-07-31 08:39:21.709+00	2025-07-27 20:56:13.527+00	/api/media/file/metrics%20faded.png	/api/media/file/metrics%20faded-300x200.png	metrics faded-1.png	image/png	245917	1200	800	50	50	/api/media/file/metrics faded-300x200.png	300	200	image/png	29466	metrics faded-1-300x200.png	/api/media/file/metrics faded-500x500.png	500	500	image/png	111445	metrics faded-1-500x500.png	/api/media/file/metrics faded-600x400.png	600	400	image/png	102853	metrics faded-1-600x400.png	/api/media/file/metrics faded-900x600.png	900	600	image/png	218873	metrics faded-1-900x600.png	\N	\N	\N	\N	\N	\N	\N	\N	\N	\N	\N	\N	/api/media/file/metrics faded-1200x630.png	1200	630	image/png	175539	metrics faded-1-1200x630.png
5afde42d-6a3f-4d34-a6ba-6eca5caea614	media	 	\N	ar	data:image/png;base64,UklGRi4AAABXRUJQVlA4ICIAAAAwAQCdASoIAAUAAUAmJaQAA3AA/vzT1uzDU1axcnVLQ4AA	\N	2025-08-14 04:35:20.887+00	2025-07-27 20:55:41.727+00	/api/media/file/dashboard-month-ar-1.png	/api/media/file/dashboard-month-ar-1-300x194.png	dashboard-month-ar.webp	image/webp	127590	1728	1117	50	50	/api/media/file/dashboard-month-ar-1-300x194.png	300	194	image/png	25139	dashboard-month-ar-300x194.png	/api/media/file/dashboard-month-ar-1-500x500.png	500	500	image/png	49238	dashboard-month-ar-500x500.png	/api/media/file/dashboard-month-ar-1-600x388.png	600	388	image/png	67804	dashboard-month-ar-600x388.png	/api/media/file/dashboard-month-ar-1-900x582.png	900	582	image/png	116894	dashboard-month-ar-900x582.png	/api/media/file/dashboard-month-ar-1-1400x905.png	1400	905	image/png	213254	dashboard-month-ar-1400x905.png	\N	\N	\N	\N	\N	\N	/api/media/file/dashboard-month-ar-1-1200x630.png	1200	630	image/png	140919	dashboard-month-ar-1200x630.png
fe54a595-3fe0-406c-8274-f5ed27ea3ec5	media		\N	\N	data:image/png;base64,UklGRnAAAABXRUJQVlA4WAoAAAAQAAAABwAAAwAAQUxQSCEAAAAAZoeBhH0RAAHJ//z/9h0AAcP//P/6oWoBjr23vblwSQAAVlA4ICgAAADQAQCdASoIAAQAAUAmJaQAAu0ezRWfAAD+/u3v0SErqwyfGc88IAAA	\N	2025-07-31 08:42:03.004+00	2025-07-27 20:55:56.574+00	/api/media/file/disputes%20faded.png	/api/media/file/disputes%20faded-300x145.png	disputes faded-1.png	image/png	625836	2400	1161	50	50	/api/media/file/disputes faded-300x145.png	300	145	image/png	22561	disputes faded-1-300x145.png	/api/media/file/disputes faded-500x500.png	500	500	image/png	126919	disputes faded-1-500x500.png	/api/media/file/disputes faded-600x290.png	600	290	image/png	67125	disputes faded-1-600x290.png	/api/media/file/disputes faded-900x435.png	900	435	image/png	151078	disputes faded-1-900x435.png	/api/media/file/disputes faded-1400x677.png	1400	677	image/png	385677	disputes faded-1-1400x677.png	/api/media/file/disputes faded-1920x929.png	1920	929	image/png	650598	disputes faded-1-1920x929.png	/api/media/file/disputes faded-1200x630.png	1200	630	image/png	300585	disputes faded-1-1200x630.png
255daf3c-dc26-41d1-a21f-817223c2f4b1	media		\N	\N	data:image/png;base64,UklGRlYAAABXRUJQVlA4IEoAAACwAQCdASoIAAgAAUAmJaQAAl1zNM1AAP7rx+az1z/z7XdjsEAfNp4W6Off9E/cutt632HF5/YYutPvZ1sP+jtn1xYmKVNpO0QAAA==	\N	2025-08-03 10:32:26.524+00	2025-08-03 10:32:24.122+00	\N	\N	image.png	image/png	1404166	2160	2160	50	50	\N	300	300	image/png	92610	image-300x300.png	\N	500	500	image/png	230075	image-500x500.png	\N	600	600	image/png	319441	image-600x600.png	\N	900	900	image/png	665398	image-900x900.png	\N	1400	1400	image/png	1473801	image-1400x1400.png	\N	1920	1920	image/png	2456936	image-1920x1920.png	\N	1200	630	image/png	642234	image-1200x630.png
ab2b3057-f204-4327-92a9-02f817c18938	media		\N	\N	data:image/png;base64,UklGRk4AAABXRUJQVlA4IEIAAADQAQCdASoIAAgAAUAmJaQAAsaRDQiBgAD+75bdP0+t6NPKj3lktC+q8XH3mu5jc5y4dhTp/wzeVlutXouZg2O8AAA=	\N	2025-08-03 10:35:21.272+00	2025-08-03 10:35:17.948+00	\N	\N	image-1.png	image/png	3319604	2160	2160	50	50	\N	300	300	image/png	91499	image-1-300x300.png	\N	500	500	image/png	229937	image-1-500x500.png	\N	600	600	image/png	319674	image-1-600x600.png	\N	900	900	image/png	684939	image-1-900x900.png	\N	1400	1400	image/png	1643826	image-1-1400x1400.png	\N	1920	1920	image/png	2997213	image-1-1920x1920.png	\N	1200	630	image/png	681491	image-1-1200x630.png
c2d2f059-e34e-42b0-bdb5-758d52f52e77	media	  	\N	\N	data:image/png;base64,UklGRpoAAABXRUJQVlA4WAoAAAAQAAAABwAABwAAQUxQSBIAAAABF9D/iAgIBAiTJoVqiOh/FqtWUDggYgAAAFACAJ0BKggACAABQCYlsAJ0RwBkgALgbj24YAD+/OW/Q/IMH789C2yF5SCcWgCKRG7kSs9T05exhV/H3BnIvDWHIEIUsF6Wqz7DW5uz4jfkxjpLdAn/hSh3FB3JeFM7AAAA	\N	2025-08-16 08:53:11.672+00	2025-08-16 08:53:10.624+00	\N	\N	profit-calc-cta.webp	image/webp	56494	879	880	50	50	\N	300	300	image/png	38372	profit-calc-cta-300x300.png	\N	500	500	image/png	78977	profit-calc-cta-500x500.png	\N	600	601	image/png	105827	profit-calc-cta-600x601.png	\N	\N	\N	\N	\N	\N	\N	\N	\N	\N	\N	\N	\N	\N	\N	\N	\N	\N	\N	1200	630	image/png	192339	profit-calc-cta-1200x630.png
\.


--
-- Data for Name: media_rels; Type: TABLE DATA; Schema: public; Owner: -
--

COPY "public"."media_rels" ("id", "order", "parent_id", "path", "categories_id") FROM stdin;
\.


--
-- Data for Name: metricsBlock; Type: TABLE DATA; Schema: public; Owner: -
--

COPY "public"."metricsBlock" ("_order", "_parent_id", "_path", "id", "block_header_type", "block_header_badge_type", "block_header_badge_color", "block_header_badge_icon", "block_header_badge_icon_position", "type", "table_styling_striped", "table_styling_bordered", "table_styling_compact", "enable_logos", "block_name") FROM stdin;
3	742d2308-808d-4f0e-91f2-03d18be57d5c	layout	6886aaccdf64ca6dd9ecfe5d	center	\N	blue	\N	flex-row	02	t	t	f	\N	\N
\.


--
-- Data for Name: metricsBlock_block_header_links; Type: TABLE DATA; Schema: public; Owner: -
--

COPY "public"."metricsBlock_block_header_links" ("_order", "_parent_id", "id", "link_type", "link_new_tab", "link_url", "link_color", "link_variant") FROM stdin;
\.


--
-- Data for Name: metricsBlock_block_header_links_locales; Type: TABLE DATA; Schema: public; Owner: -
--

COPY "public"."metricsBlock_block_header_links_locales" ("link_label", "id", "_locale", "_parent_id") FROM stdin;
\.


--
-- Data for Name: metricsBlock_locales; Type: TABLE DATA; Schema: public; Owner: -
--

COPY "public"."metricsBlock_locales" ("block_header_badge_label", "block_header_header_text", "block_image_media_id", "table_title", "logos_headline", "id", "_locale", "_parent_id") FROM stdin;
\N	{"root": {"type": "root", "format": "", "indent": 0, "version": 1, "children": [{"tag": "h2", "type": "heading", "format": "", "indent": 0, "version": 1, "children": [{"mode": "normal", "text": "           ", "type": "text", "style": "", "detail": 0, "format": 0, "version": 1}], "direction": "rtl"}], "direction": "rtl"}}	\N	\N	\N	10	ar	6886aaccdf64ca6dd9ecfe5d
\.


--
-- Data for Name: metricsBlock_stats; Type: TABLE DATA; Schema: public; Owner: -
--

COPY "public"."metricsBlock_stats" ("_order", "_parent_id", "id", "indicator") FROM stdin;
1	6886aaccdf64ca6dd9ecfe5d	6886ab80df64ca6dd9ecfe60	noChange
2	6886aaccdf64ca6dd9ecfe5d	6886ab9cdf64ca6dd9ecfe62	noChange
3	6886aaccdf64ca6dd9ecfe5d	6886ab9edf64ca6dd9ecfe65	noChange
\.


--
-- Data for Name: metricsBlock_stats_locales; Type: TABLE DATA; Schema: public; Owner: -
--

COPY "public"."metricsBlock_stats_locales" ("label", "id", "_locale", "_parent_id", "value") FROM stdin;
               .	34	ar	6886ab80df64ca6dd9ecfe60	\N
   (GMV)        .	35	ar	6886ab9cdf64ca6dd9ecfe62	\N
              	36	ar	6886ab9edf64ca6dd9ecfe65	\N
\.


--
-- Data for Name: metricsBlock_table_headers; Type: TABLE DATA; Schema: public; Owner: -
--

COPY "public"."metricsBlock_table_headers" ("_order", "_parent_id", "_locale", "id", "header", "width") FROM stdin;
\.


--
-- Data for Name: metricsBlock_table_rows; Type: TABLE DATA; Schema: public; Owner: -
--

COPY "public"."metricsBlock_table_rows" ("_order", "_parent_id", "_locale", "id", "is_expandable") FROM stdin;
\.


--
-- Data for Name: metricsBlock_table_rows_cells; Type: TABLE DATA; Schema: public; Owner: -
--

COPY "public"."metricsBlock_table_rows_cells" ("_order", "_parent_id", "_locale", "id", "content", "is_header") FROM stdin;
\.


--
-- Data for Name: metricsBlock_table_rows_children; Type: TABLE DATA; Schema: public; Owner: -
--

COPY "public"."metricsBlock_table_rows_children" ("_order", "_parent_id", "_locale", "id") FROM stdin;
\.


--
-- Data for Name: metricsBlock_table_rows_children_cells; Type: TABLE DATA; Schema: public; Owner: -
--

COPY "public"."metricsBlock_table_rows_children_cells" ("_order", "_parent_id", "_locale", "id", "content") FROM stdin;
\.


--
-- Data for Name: pages; Type: TABLE DATA; Schema: public; Owner: -
--

COPY "public"."pages" ("id", "title", "hero_type", "hero_badge_type", "hero_badge_color", "hero_badge_icon", "hero_badge_icon_position", "hero_caption", "published_at", "slug", "slug_lock", "updated_at", "created_at", "_status", "hero_list_style") FROM stdin;
e2c88328-cc74-46c9-aabd-7e7c2f92d013	blog	mediumImpact	\N	blue	\N	flex-row	\N	2025-07-28 04:38:21.68+00	blog	t	2025-07-28 04:38:21.693+00	2025-07-28 04:37:29.274+00	published	bullet
742d2308-808d-4f0e-91f2-03d18be57d5c	about	mediumImpact	label	gray	\N	flex-row	\N	2025-07-27 21:55:39.98+00	about	t	2025-08-03 10:36:16.209+00	2025-07-27 21:36:21.924+00	published	bullet
a14442b0-9282-4efc-9df0-51d6374608d8	home	highImpact	\N	blue	\N	flex-row	\N	2025-07-27 20:53:08.677+00	home	t	2025-08-16 08:53:30.284+00	2025-07-27 20:48:06.623+00	published	icons
\.


--
-- Data for Name: pages_hero_links; Type: TABLE DATA; Schema: public; Owner: -
--

COPY "public"."pages_hero_links" ("_order", "_parent_id", "id", "link_type", "link_new_tab", "link_url", "link_color", "link_variant") FROM stdin;
1	a14442b0-9282-4efc-9df0-51d6374608d8	688693af73e9e43a4a6e3c03	custom	\N	/profit-calculator	neutral	primary
2	a14442b0-9282-4efc-9df0-51d6374608d8	688693c973e9e43a4a6e3c04	custom	\N	/	neutral	ghost
\.


--
-- Data for Name: pages_hero_links_locales; Type: TABLE DATA; Schema: public; Owner: -
--

COPY "public"."pages_hero_links_locales" ("link_label", "id", "_locale", "_parent_id") FROM stdin;
  	19	ar	688693af73e9e43a4a6e3c03
  	20	ar	688693c973e9e43a4a6e3c04
\.


--
-- Data for Name: pages_hero_list_items; Type: TABLE DATA; Schema: public; Owner: -
--

COPY "public"."pages_hero_list_items" ("_order", "_parent_id", "id", "icon") FROM stdin;
1	a14442b0-9282-4efc-9df0-51d6374608d8	688f18d4c8a1d504079d0ee6	checkbox-circle-line
2	a14442b0-9282-4efc-9df0-51d6374608d8	688f18edc8a1d504079d0eeb	checkbox-circle-line
3	a14442b0-9282-4efc-9df0-51d6374608d8	688f18ebc8a1d504079d0ee8	checkbox-circle-line
\.


--
-- Data for Name: pages_hero_list_items_locales; Type: TABLE DATA; Schema: public; Owner: -
--

COPY "public"."pages_hero_list_items_locales" ("text", "id", "_locale", "_parent_id") FROM stdin;
    	7	ar	688f18d4c8a1d504079d0ee6
      	8	ar	688f18edc8a1d504079d0eeb
      	9	ar	688f18ebc8a1d504079d0ee8
\.


--
-- Data for Name: pages_locales; Type: TABLE DATA; Schema: public; Owner: -
--

COPY "public"."pages_locales" ("hero_badge_label", "hero_rich_text", "hero_media_desktop_light_id", "hero_media_desktop_dark_id", "hero_logos_headline", "meta_title", "meta_image_id", "meta_description", "id", "_locale", "_parent_id", "hero_media_mobile_light_id", "hero_media_mobile_dark_id", "disable_page") FROM stdin;
\N	{"root": {"type": "root", "format": "", "indent": 0, "version": 1, "children": [{"tag": "h1", "type": "heading", "format": "", "indent": 0, "version": 1, "children": [{"mode": "normal", "text": " :      ", "type": "text", "style": "", "detail": 0, "format": 0, "version": 1}], "direction": "rtl"}, {"type": "paragraph", "format": "", "indent": 0, "version": 1, "children": [{"mode": "normal", "text": "                   -      .", "type": "text", "style": "", "detail": 0, "format": 0, "version": 1}], "direction": "rtl", "textStyle": "", "textFormat": 0}], "direction": "rtl"}}	\N	\N	\N	\N	\N	\N	13	ar	e2c88328-cc74-46c9-aabd-7e7c2f92d013	\N	\N	f
 	{"root": {"type": "root", "format": "", "indent": 0, "version": 1, "children": [{"tag": "h1", "type": "heading", "format": "", "indent": 0, "version": 1, "children": [{"mode": "normal", "text": "        ", "type": "text", "style": "", "detail": 0, "format": 0, "version": 1}], "direction": "rtl"}, {"type": "paragraph", "format": "", "indent": 0, "version": 1, "children": [{"mode": "normal", "text": "      .                         .", "type": "text", "style": "", "detail": 0, "format": 0, "version": 1}], "direction": "rtl", "textStyle": "", "textFormat": 0}, {"type": "paragraph", "format": "", "indent": 0, "version": 1, "children": [{"mode": "normal", "text": "          ..                       .", "type": "text", "style": "", "detail": 0, "format": 0, "version": 1}], "direction": "rtl", "textStyle": "", "textFormat": 0}, {"type": "paragraph", "format": "", "indent": 0, "version": 1, "children": [{"mode": "normal", "text": "            .. ", "type": "text", "style": "", "detail": 0, "format": 0, "version": 1}], "direction": "rtl", "textStyle": "", "textFormat": 0}, {"type": "paragraph", "format": "", "indent": 0, "version": 1, "children": [{"mode": "normal", "text": "          ..               ", "type": "text", "style": "", "detail": 0, "format": 0, "version": 1}], "direction": "rtl", "textStyle": "", "textFormat": 0}], "direction": "rtl"}}	\N	\N	\N	        	\N	                     .	24	ar	742d2308-808d-4f0e-91f2-03d18be57d5c	\N	\N	f
\N	{"root": {"type": "root", "format": "", "indent": 0, "version": 1, "children": [{"tag": "h1", "type": "heading", "format": "", "indent": 0, "version": 1, "children": [{"mode": "normal", "text": "    ", "type": "text", "style": "", "detail": 0, "format": 0, "version": 1}], "direction": "rtl"}, {"type": "paragraph", "format": "", "indent": 0, "version": 1, "children": [{"mode": "normal", "text": "                       ", "type": "text", "style": "", "detail": 0, "format": 0, "version": 1}], "direction": "rtl", "textStyle": "", "textFormat": 0}], "direction": "rtl"}}	5afde42d-6a3f-4d34-a6ba-6eca5caea614	\N	\N	        	\N	                     .	25	ar	a14442b0-9282-4efc-9df0-51d6374608d8	\N	\N	f
\.


--
-- Data for Name: pages_rels; Type: TABLE DATA; Schema: public; Owner: -
--

COPY "public"."pages_rels" ("id", "order", "parent_id", "path", "locale", "pages_id", "blog_posts_id", "media_id", "faq_id", "customers_id") FROM stdin;
57	1	742d2308-808d-4f0e-91f2-03d18be57d5c	layout.5.logos	\N	\N	\N	92890105-dde4-4c79-acac-d81ad6dd978a	\N	\N
58	2	742d2308-808d-4f0e-91f2-03d18be57d5c	layout.5.logos	\N	\N	\N	513d34fb-5dbc-4333-b0ab-af8e3756cc8a	\N	\N
59	1	a14442b0-9282-4efc-9df0-51d6374608d8	layout.1.logos	\N	\N	\N	513d34fb-5dbc-4333-b0ab-af8e3756cc8a	\N	\N
60	2	a14442b0-9282-4efc-9df0-51d6374608d8	layout.1.logos	\N	\N	\N	92890105-dde4-4c79-acac-d81ad6dd978a	\N	\N
61	1	a14442b0-9282-4efc-9df0-51d6374608d8	layout.2.selectedTestimonials	\N	\N	\N	\N	\N	b440e19a-7d00-487a-9927-d384dee97e22
62	1	a14442b0-9282-4efc-9df0-51d6374608d8	layout.6.selectedTestimonials	\N	\N	\N	\N	\N	ad1d03ad-f60b-4f83-90c2-d456f1fbaf21
63	1	a14442b0-9282-4efc-9df0-51d6374608d8	layout.8.faqs	\N	\N	\N	\N	487d16ef-4d7e-4603-885d-53d42734b0f1	\N
64	2	a14442b0-9282-4efc-9df0-51d6374608d8	layout.8.faqs	\N	\N	\N	\N	2d37f238-e71e-4291-8919-33e4c7a73544	\N
65	3	a14442b0-9282-4efc-9df0-51d6374608d8	layout.8.faqs	\N	\N	\N	\N	4696359a-45b8-4fea-b14f-ca34e928e5d0	\N
66	4	a14442b0-9282-4efc-9df0-51d6374608d8	layout.8.faqs	\N	\N	\N	\N	0786b804-85ea-4269-841e-5f4fe762ada3	\N
67	5	a14442b0-9282-4efc-9df0-51d6374608d8	layout.8.faqs	\N	\N	\N	\N	0ad17856-43c0-4ec9-bd88-c26f826dfb68	\N
68	6	a14442b0-9282-4efc-9df0-51d6374608d8	layout.8.faqs	\N	\N	\N	\N	cf06eaf5-c215-44fc-82c2-a7696336ef41	\N
\.


--
-- Data for Name: payload_folders; Type: TABLE DATA; Schema: public; Owner: -
--

COPY "public"."payload_folders" ("id", "name", "folder_id", "updated_at", "created_at") FROM stdin;
\.


--
-- Data for Name: payload_folders_folder_type; Type: TABLE DATA; Schema: public; Owner: -
--

COPY "public"."payload_folders_folder_type" ("order", "parent_id", "value", "id") FROM stdin;
\.


--
-- Data for Name: payload_jobs; Type: TABLE DATA; Schema: public; Owner: -
--

COPY "public"."payload_jobs" ("id", "input", "completed_at", "total_tried", "has_error", "error", "task_slug", "queue", "wait_until", "processing", "updated_at", "created_at") FROM stdin;
\.


--
-- Data for Name: payload_jobs_log; Type: TABLE DATA; Schema: public; Owner: -
--

COPY "public"."payload_jobs_log" ("_order", "_parent_id", "id", "executed_at", "completed_at", "task_slug", "task_i_d", "input", "output", "state", "error") FROM stdin;
\.


--
-- Data for Name: payload_locked_documents; Type: TABLE DATA; Schema: public; Owner: -
--

COPY "public"."payload_locked_documents" ("id", "global_slug", "updated_at", "created_at") FROM stdin;
46906555-c3f6-4e58-a387-2e9914e21e75	\N	2025-07-27 21:25:47.849+00	2025-07-27 21:25:47.904+00
84ef5716-7ded-4acc-bb4b-c2e45d758ce8	\N	2025-07-27 21:26:27.525+00	2025-07-27 21:26:27.573+00
b4176a8c-b80c-463c-b395-e16a8e94f85a	\N	2025-08-01 21:40:46.456+00	2025-08-01 21:40:46.503+00
98f4a08e-37f2-4acf-b691-812814186bea	\N	2025-07-27 21:53:41.964+00	2025-07-27 21:53:42.017+00
9f9bc525-6fe6-48d9-a323-5ac2fd5a952a	\N	2025-07-27 21:31:18.634+00	2025-07-27 21:31:18.683+00
c90dc27a-1fc2-46f0-a927-009e6569008b	\N	2025-08-01 22:28:55.858+00	2025-08-01 22:28:55.907+00
383c1696-0be9-4c45-97aa-c88cfe26e8fc	\N	2025-07-27 21:31:35.395+00	2025-07-27 21:31:35.443+00
f6d01505-8570-4d0e-85c9-00a3e68f0535	\N	2025-07-27 21:33:19.051+00	2025-07-27 21:33:19.1+00
1779ec8a-fe1f-4fa4-84c7-40e7437970f1	\N	2025-07-27 21:33:45.427+00	2025-07-27 21:33:45.474+00
042d2423-131a-4384-a253-33145bf6ef03	\N	2025-07-28 04:38:12.624+00	2025-07-28 04:38:12.672+00
d518705a-8524-49f7-adf1-f78ec349d249	\N	2025-07-27 21:38:26.007+00	2025-07-27 21:37:58.287+00
d482c50a-c495-49ac-bf14-4c14d236803a	\N	2025-07-27 21:58:25.267+00	2025-07-27 21:58:25.315+00
e8211f10-733e-49fa-b1d6-e77b7f1d3456	\N	2025-07-27 21:38:48.415+00	2025-07-27 21:38:20.604+00
e81c79da-151f-4f8e-8487-635c310b0ddf	\N	2025-07-28 04:40:47.759+00	2025-07-28 04:40:47.808+00
53f3deff-9011-4a96-bafe-445f9b3d55dd	\N	2025-07-28 04:40:58.398+00	2025-07-28 04:40:58.445+00
33f03b32-cc79-4a6a-a9d8-59b9a74e2cb3	\N	2025-07-27 21:40:48.746+00	2025-07-27 21:40:20.944+00
40ba15ba-0b41-4718-a137-714471b07df5	\N	2025-08-03 07:41:27.156+00	2025-08-03 07:41:27.205+00
50878b37-39bd-4ae4-94bd-0a768ceb57c6	\N	2025-07-27 21:41:40.411+00	2025-07-27 21:41:12.915+00
0a6a3aee-da46-48f0-b277-5bc1558da6fb	\N	2025-07-27 21:22:04.896+00	2025-07-27 21:22:04.987+00
954b3e2c-b292-4ae5-bc78-78bc53c23f1c	\N	2025-07-27 21:22:29.868+00	2025-07-27 21:22:29.916+00
c643d519-8755-4e00-bc7a-5eb52c8f8eb9	\N	2025-07-27 21:22:59.011+00	2025-07-27 21:22:59.064+00
5403f17f-fd3c-4c69-9aaa-97c9fc522567	\N	2025-07-27 21:43:54.833+00	2025-07-27 21:43:54.881+00
00d16042-5439-43f8-89e0-ac97b592df70	\N	2025-07-27 22:45:07.649+00	2025-07-27 22:45:07.697+00
5720748b-f89b-4ece-9a9e-4c7491dfb952	\N	2025-08-03 07:44:21.844+00	2025-08-03 07:44:21.893+00
dc6dc024-c792-480d-95fa-ebaf62bdb20c	\N	2025-08-01 21:32:36.844+00	2025-08-01 21:32:36.893+00
b9f18e76-e175-40b3-a36a-522f8c181b0f	\N	2025-07-27 21:50:28.987+00	2025-07-27 21:50:29.035+00
704f41bc-7058-4c4a-bb0a-5ae50b20d879	\N	2025-07-27 22:47:54.224+00	2025-07-27 22:47:54.273+00
43352ddc-82ea-4358-8ac5-94ea9807a892	\N	2025-08-01 21:35:08.656+00	2025-08-01 21:35:08.704+00
\.


--
-- Data for Name: payload_locked_documents_rels; Type: TABLE DATA; Schema: public; Owner: -
--

COPY "public"."payload_locked_documents_rels" ("id", "order", "parent_id", "path", "pages_id", "blog_posts_id", "media_id", "customers_id", "categories_id", "faq_id", "users_id", "redirects_id", "forms_id", "form_submissions_id", "search_id", "payload_folders_id", "payload_jobs_id") FROM stdin;
\.


--
-- Data for Name: payload_migrations; Type: TABLE DATA; Schema: public; Owner: -
--

COPY "public"."payload_migrations" ("id", "name", "batch", "updated_at", "created_at") FROM stdin;
b1b925c3-5879-4f0f-aecd-b4cbe64c15e2	20250726_214623	1	2025-07-27 20:42:56.091+00	2025-07-27 20:42:53.711+00
18fafcc1-407a-41f4-bb6e-3b2563e7f022	20250726_214702	1	2025-07-27 20:42:56.598+00	2025-07-27 20:42:56.464+00
4e1e85e2-9ac7-4846-8f79-e208f80ff6a9	20250727_002055	1	2025-07-27 20:42:57.079+00	2025-07-27 20:42:56.953+00
a9d4c8bf-b456-4511-ab55-0377880a1ff4	20250727_002240	1	2025-07-27 20:42:57.556+00	2025-07-27 20:42:57.432+00
3d0bda74-4cd6-4d82-a303-d50172a523c0	20250727_110508	1	2025-07-27 20:42:58.031+00	2025-07-27 20:42:57.908+00
afe59fcf-c03a-4c3c-83ed-037756afca2a	20250727_131006	1	2025-07-27 20:42:58.506+00	2025-07-27 20:42:58.383+00
0b9db4c7-99f3-4378-9083-1e50d2bae45c	20250727_135302	1	2025-07-27 20:42:58.982+00	2025-07-27 20:42:58.858+00
8c713b99-fc97-448a-ad66-208fbd0a8e3f	20250727_222224	2	2025-07-27 22:31:09.185+00	2025-07-27 22:31:08.553+00
30ebd6bd-ae0e-4edf-b153-f95df2579619	20250728_025050	3	2025-07-28 02:54:13.57+00	2025-07-28 02:54:13.101+00
d3f5ea49-79b4-4e8d-8759-dd9be572eae9	20250728_034603	4	2025-07-28 04:19:19.197+00	2025-07-28 04:19:18.857+00
e5bdf3c6-0f67-4baa-b607-28bbd8436ae2	20250802_220035	5	2025-08-02 22:02:20.695+00	2025-08-02 22:02:20.265+00
c46aa831-1662-4001-aa30-eba9120f9370	20250805_202631	6	2025-08-05 20:28:57.193+00	2025-08-05 20:28:56.989+00
5785c5b8-d71c-483f-af57-6aed4537374a	20250805_225333	7	2025-08-05 22:54:18.902+00	2025-08-05 22:54:18.598+00
4c0a21b2-6464-441b-9b33-a20e49609aa4	20250812_042350	8	2025-08-12 04:31:38.345+00	2025-08-12 04:31:38.079+00
dbeb72cd-6273-44a9-b073-662d50219190	20250813_060527	9	2025-08-13 06:15:17.166+00	2025-08-13 06:15:17.006+00
61d9aa5e-cc18-426b-ae33-a98e9c9d5c7b	20250815_164225	10	2025-08-16 08:47:16.368+00	2025-08-16 08:47:16.079+00
41e60aa9-233e-4206-a8f7-8687583f2bc7	20250816_005000	10	2025-08-16 08:47:16.967+00	2025-08-16 08:47:16.721+00
1519f4fc-9476-411f-9e8b-f416ef044f1a	20250818_045441	11	2025-08-18 06:11:33.42+00	2025-08-18 06:11:32.737+00
2daea2bd-f155-47af-b339-37dc0ad913c5	20250818_061039	11	2025-08-18 06:11:33.973+00	2025-08-18 06:11:33.78+00
0c5717fd-f71b-43d0-8284-bfd5a99f2b9c	20250818_070716	12	2025-08-18 07:42:09.753+00	2025-08-18 07:42:09.522+00
5f39c301-908f-40bb-a603-fbf093e388e6	20250818_072714	12	2025-08-18 07:42:10.263+00	2025-08-18 07:42:10.111+00
\.


--
-- Data for Name: payload_preferences; Type: TABLE DATA; Schema: public; Owner: -
--

COPY "public"."payload_preferences" ("id", "key", "value", "updated_at", "created_at") FROM stdin;
e30eecd2-135f-419c-bf8d-2475e6d28e37	media-list	{"limit": 10, "preset": null}	2025-07-27 20:56:21.235+00	2025-07-27 20:53:09.834+00
d2f31f20-3c88-4314-b573-102ed2c12d6f	blog-posts-list	{"preset": null}	2025-07-27 21:55:01.171+00	2025-07-27 21:55:01.22+00
0e783cdb-d8e7-4083-a0f9-ce1a3e71f8fb	global-header	{"fields": {"cta": {"collapsed": ["688692cf73e9e43a4a6e3c00", "6886930673e9e43a4a6e3c01"]}}}	2025-07-27 21:00:05.508+00	2025-07-27 20:58:17.258+00
fef32b12-3d42-4fdd-933c-9bdee6b42f95	pages-list	{"limit": 10, "preset": null}	2025-07-27 21:00:31.974+00	2025-07-27 20:47:50.399+00
0d5fde47-87f3-4c1c-90c5-bca704a2c00e	pages-list	{"limit": 10, "preset": null}	2025-07-27 21:00:32.248+00	2025-07-27 21:00:32.296+00
9c1f8ab2-ecb8-4f9f-b278-3bc207f25826	categories-list	{"preset": null}	2025-07-27 21:55:07.733+00	2025-07-27 21:55:07.781+00
c2ba4b5f-9157-42a7-9ccf-5bbf13dd0b71	nav	{"open": true}	2025-08-01 21:44:27.022+00	2025-08-01 21:35:38.885+00
7df0e386-9de1-43ef-8633-8179bc57b9fe	collection-pages-742d2308-808d-4f0e-91f2-03d18be57d5c	{"fields": {"layout": {"collapsed": ["68869c85f3705a4904040d2e", "68869cf2f3705a4904040d30", "6886aaccdf64ca6dd9ecfe5d", "6886ac02df64ca6dd9ecfe6a", "6886ad3cdf64ca6dd9ecfe74"]}, "_index-1": {"tabIndex": 1}, "hero._index-1": {"collapsed": true}, "layout.4.team": {"collapsed": ["6886acb4df64ca6dd9ecfe72", "6886acd8df64ca6dd9ecfe73"]}, "layout.2.stats": {"collapsed": ["6886ab80df64ca6dd9ecfe60", "6886ab9cdf64ca6dd9ecfe62", "6886ab9edf64ca6dd9ecfe65"]}, "layout.5.columns": {"collapsed": ["6886ac0edf64ca6dd9ecfe6b", "6886ac2fdf64ca6dd9ecfe6c", "6886ac36df64ca6dd9ecfe6f"]}, "layout.3.team.0._index-4": {"collapsed": false}, "layout.0.blockHeader._index-1": {"collapsed": true}}}	2025-08-02 21:04:34.435+00	2025-07-27 21:38:07.537+00
fd0e9533-0c05-49dc-85c7-109fbf76d887	customers-list	{"limit": 10, "preset": null, "columns": [{"active": true, "accessor": "title"}, {"active": true, "accessor": "publishedAt"}, {"active": true, "accessor": "updatedAt"}, {"active": false, "accessor": "id"}, {"active": false, "accessor": "testimonial-quote"}, {"active": false, "accessor": "testimonial-featuredImage"}, {"active": false, "accessor": "testimonial-stats"}, {"active": false, "accessor": "testimonial-company-companyName"}, {"active": false, "accessor": "testimonial-company-companyLogo"}, {"active": false, "accessor": "testimonial-company-link-type"}, {"active": false, "accessor": "testimonial-company-link-newTab"}, {"active": false, "accessor": "testimonial-company-link-reference"}, {"active": false, "accessor": "testimonial-company-link-url"}, {"active": false, "accessor": "testimonial-company-link-label"}, {"active": false, "accessor": "testimonial-company-industry"}, {"active": false, "accessor": "testimonial-company-foundingYear"}, {"active": false, "accessor": "testimonial-company-location"}, {"active": false, "accessor": "testimonial-company-branches"}, {"active": false, "accessor": "testimonial-authorInfo-name"}, {"active": false, "accessor": "testimonial-authorInfo-title"}, {"active": false, "accessor": "testimonial-authorInfo-avatar"}, {"active": false, "accessor": "caseStudy-caseStudytitle"}, {"active": false, "accessor": "caseStudy-summary"}, {"active": false, "accessor": "caseStudy-content"}, {"active": false, "accessor": "caseStudy-layout"}, {"active": false, "accessor": "enableCaseStudy"}, {"active": false, "accessor": "slug"}, {"active": false, "accessor": "slugLock"}, {"active": false, "accessor": "categories"}, {"active": false, "accessor": "createdAt"}, {"active": true, "accessor": "_status"}]}	2025-07-28 02:00:47.752+00	2025-07-27 21:49:04.477+00
e830f01f-a4c7-4c4a-b196-acc46bdd7bcb	collection-pages-e2c88328-cc74-46c9-aabd-7e7c2f92d013	{"fields": {"layout": {"collapsed": []}, "_index-1": {"tabIndex": 1}}}	2025-07-28 04:38:17.641+00	2025-07-28 04:38:08.902+00
6858dc41-74c1-4a76-8c00-1469aefd755f	users-list	{"preset": null}	2025-07-31 08:37:03.324+00	2025-07-31 08:37:03.373+00
bd45a1e8-e9f6-4de0-a851-6cc359738125	faq-list	{"preset": null}	2025-08-03 07:40:28.196+00	2025-08-03 07:40:28.244+00
491063de-de96-4adf-8cdb-2562c92f65b9	collection-media	{"limit": 10}	2025-08-14 03:38:25.074+00	2025-08-14 03:38:18.256+00
5359035f-42bf-4d81-8bb3-de8f3aa4d25a	collection-pages	{"limit": 10}	2025-08-16 06:37:50.718+00	2025-08-14 04:33:54.008+00
974f1685-12c3-409f-b5a2-00e77551a633	collection-pages-a14442b0-9282-4efc-9df0-51d6374608d8	{"fields": {"layout": {"collapsed": ["688694d473e9e43a4a6e3c05", "6886953573e9e43a4a6e3c09", "6886a0cc5a3935fab3feb21d", "688695d673e9e43a4a6e3c0a", "6886a0695a3935fab3feb21b", "688f13dcdb5b5b92cc7fdde8"]}, "_index-1": {"tabIndex": 0}, "hero.links": {"collapsed": ["688693af73e9e43a4a6e3c03", "688693c973e9e43a4a6e3c04"]}, "hero._index-3": {"collapsed": false}, "hero._index-4": {"collapsed": false}, "hero._index-6": {"collapsed": false}, "layout.7.list": {"collapsed": ["6886a19a5a3935fab3feb221", "6886a1c05a3935fab3feb222", "6886a2575a3935fab3feb225"]}, "layout.7.links": {"collapsed": ["6886a17b5a3935fab3feb220"]}, "layout.0.columns": {"collapsed": ["688694e973e9e43a4a6e3c06", "688694f973e9e43a4a6e3c07", "6886950873e9e43a4a6e3c08"]}, "layout.2.columns": {"collapsed": []}, "layout.0._index-3": {"collapsed": false}, "layout.7._index-4": {"collapsed": false}, "layout.2.columns.0._index-6": {"collapsed": true}, "layout.2.columns.0._index-8": {"collapsed": false}, "layout.2.columns.1._index-6": {"collapsed": true}, "layout.2.columns.1._index-8": {"collapsed": false}, "layout.2.columns.2._index-8": {"collapsed": false}, "layout.2.blockHeader._index-1": {"collapsed": true}, "layout.3.blockHeader._index-1": {"collapsed": false}, "layout.4.blockHeader._index-3": {"collapsed": false}}}	2025-08-16 08:55:31.305+00	2025-07-27 21:00:42.514+00
\.


--
-- Data for Name: payload_preferences_rels; Type: TABLE DATA; Schema: public; Owner: -
--

COPY "public"."payload_preferences_rels" ("id", "order", "parent_id", "path", "users_id") FROM stdin;
3	\N	e30eecd2-135f-419c-bf8d-2475e6d28e37	user	9bedf5d0-2a99-427f-b0e1-967bbc2487cb
61	\N	d2f31f20-3c88-4314-b573-102ed2c12d6f	user	9bedf5d0-2a99-427f-b0e1-967bbc2487cb
5	\N	0e783cdb-d8e7-4083-a0f9-ce1a3e71f8fb	user	9bedf5d0-2a99-427f-b0e1-967bbc2487cb
6	\N	fef32b12-3d42-4fdd-933c-9bdee6b42f95	user	9bedf5d0-2a99-427f-b0e1-967bbc2487cb
7	\N	0d5fde47-87f3-4c1c-90c5-bca704a2c00e	user	9bedf5d0-2a99-427f-b0e1-967bbc2487cb
62	\N	9c1f8ab2-ecb8-4f9f-b278-3bc207f25826	user	9bedf5d0-2a99-427f-b0e1-967bbc2487cb
138	\N	c2ba4b5f-9157-42a7-9ccf-5bbf13dd0b71	user	9bedf5d0-2a99-427f-b0e1-967bbc2487cb
148	\N	7df0e386-9de1-43ef-8633-8179bc57b9fe	user	9bedf5d0-2a99-427f-b0e1-967bbc2487cb
149	\N	bd45a1e8-e9f6-4de0-a851-6cc359738125	user	9bedf5d0-2a99-427f-b0e1-967bbc2487cb
102	\N	fd0e9533-0c05-49dc-85c7-109fbf76d887	user	9bedf5d0-2a99-427f-b0e1-967bbc2487cb
107	\N	e830f01f-a4c7-4c4a-b196-acc46bdd7bcb	user	9bedf5d0-2a99-427f-b0e1-967bbc2487cb
166	\N	491063de-de96-4adf-8cdb-2562c92f65b9	user	9bedf5d0-2a99-427f-b0e1-967bbc2487cb
112	\N	6858dc41-74c1-4a76-8c00-1469aefd755f	user	9bedf5d0-2a99-427f-b0e1-967bbc2487cb
171	\N	5359035f-42bf-4d81-8bb3-de8f3aa4d25a	user	9bedf5d0-2a99-427f-b0e1-967bbc2487cb
181	\N	974f1685-12c3-409f-b5a2-00e77551a633	user	9bedf5d0-2a99-427f-b0e1-967bbc2487cb
\.


--
-- Data for Name: redirects; Type: TABLE DATA; Schema: public; Owner: -
--

COPY "public"."redirects" ("id", "from", "to_type", "to_url", "updated_at", "created_at") FROM stdin;
\.


--
-- Data for Name: redirects_rels; Type: TABLE DATA; Schema: public; Owner: -
--

COPY "public"."redirects_rels" ("id", "order", "parent_id", "path", "pages_id", "blog_posts_id") FROM stdin;
\.


--
-- Data for Name: richTextBlock; Type: TABLE DATA; Schema: public; Owner: -
--

COPY "public"."richTextBlock" ("_order", "_parent_id", "_path", "id", "block_header_type", "block_header_badge_type", "block_header_badge_color", "block_header_badge_icon", "block_header_badge_icon_position", "type", "max_width", "columns", "block_name") FROM stdin;
2	742d2308-808d-4f0e-91f2-03d18be57d5c	layout	68869cf2f3705a4904040d30	center	\N	blue	\N	flex-row	02	default	1	\N
\.


--
-- Data for Name: richTextBlock_block_header_links; Type: TABLE DATA; Schema: public; Owner: -
--

COPY "public"."richTextBlock_block_header_links" ("_order", "_parent_id", "id", "link_type", "link_new_tab", "link_url", "link_color", "link_variant") FROM stdin;
\.


--
-- Data for Name: richTextBlock_block_header_links_locales; Type: TABLE DATA; Schema: public; Owner: -
--

COPY "public"."richTextBlock_block_header_links_locales" ("link_label", "id", "_locale", "_parent_id") FROM stdin;
\.


--
-- Data for Name: richTextBlock_locales; Type: TABLE DATA; Schema: public; Owner: -
--

COPY "public"."richTextBlock_locales" ("block_header_badge_label", "block_header_header_text", "content", "id", "_locale", "_parent_id") FROM stdin;
\N	\N	{"root": {"type": "root", "format": "", "indent": 0, "version": 1, "children": [{"tag": "h4", "type": "heading", "format": "", "indent": 0, "version": 1, "children": [{"mode": "normal", "text": "                         .", "type": "text", "style": "", "detail": 0, "format": 0, "version": 1}, {"type": "linebreak", "version": 1}, {"mode": "normal", "text": "           :              .", "type": "text", "style": "", "detail": 0, "format": 0, "version": 1}, {"type": "linebreak", "version": 1}, {"mode": "normal", "text": "   ..                   .", "type": "text", "style": "", "detail": 0, "format": 0, "version": 1}, {"type": "linebreak", "version": 1}, {"mode": "normal", "text": "                           .", "type": "text", "style": "", "detail": 0, "format": 0, "version": 1}, {"type": "linebreak", "version": 1}, {"mode": "normal", "text": "        .", "type": "text", "style": "", "detail": 0, "format": 0, "version": 1}, {"type": "linebreak", "version": 1}], "direction": "rtl"}, {"type": "paragraph", "format": "", "indent": 0, "version": 1, "children": [], "direction": "rtl", "textStyle": "", "textFormat": 0}, {"type": "paragraph", "format": "", "indent": 0, "version": 1, "children": [{"mode": "normal", "text": " ", "type": "text", "style": "", "detail": 0, "format": 1, "version": 1}, {"type": "linebreak", "version": 1}, {"mode": "normal", "text": "   ", "type": "text", "style": "", "detail": 0, "format": 0, "version": 1}], "direction": "rtl", "textStyle": "", "textFormat": 1}], "direction": "rtl", "textFormat": 1}}	10	ar	68869cf2f3705a4904040d30
\.


--
-- Data for Name: search; Type: TABLE DATA; Schema: public; Owner: -
--

COPY "public"."search" ("id", "priority", "slug", "meta_title", "meta_description", "meta_image_id", "updated_at", "created_at") FROM stdin;
\.


--
-- Data for Name: search_categories; Type: TABLE DATA; Schema: public; Owner: -
--

COPY "public"."search_categories" ("_order", "_parent_id", "id", "relation_to", "category_i_d", "title") FROM stdin;
\.


--
-- Data for Name: search_locales; Type: TABLE DATA; Schema: public; Owner: -
--

COPY "public"."search_locales" ("title", "id", "_locale", "_parent_id") FROM stdin;
\.


--
-- Data for Name: search_rels; Type: TABLE DATA; Schema: public; Owner: -
--

COPY "public"."search_rels" ("id", "order", "parent_id", "path", "blog_posts_id") FROM stdin;
\.


--
-- Data for Name: settings; Type: TABLE DATA; Schema: public; Owner: -
--

COPY "public"."settings" ("id", "announcement_link_type", "announcement_link_new_tab", "announcement_link_url", "custom_head_html", "custom_body_html", "tag_manager_id", "analytics_scripts", "updated_at", "created_at", "announcement_enable_announcement") FROM stdin;
\.


--
-- Data for Name: settings_locales; Type: TABLE DATA; Schema: public; Owner: -
--

COPY "public"."settings_locales" ("meta_title", "meta_image_id", "meta_description", "announcement_text", "announcement_link_label", "id", "_locale", "_parent_id", "announcement_badge") FROM stdin;
\.


--
-- Data for Name: settings_rels; Type: TABLE DATA; Schema: public; Owner: -
--

COPY "public"."settings_rels" ("id", "order", "parent_id", "path", "pages_id", "blog_posts_id") FROM stdin;
\.


--
-- Data for Name: teamBlock; Type: TABLE DATA; Schema: public; Owner: -
--

COPY "public"."teamBlock" ("_order", "_parent_id", "_path", "id", "block_header_type", "block_header_badge_type", "block_header_badge_color", "block_header_badge_icon", "block_header_badge_icon_position", "block_name") FROM stdin;
4	742d2308-808d-4f0e-91f2-03d18be57d5c	layout	6886aadbdf64ca6dd9ecfe5f	center	\N	blue	\N	flex-row	\N
\.


--
-- Data for Name: teamBlock_block_header_links; Type: TABLE DATA; Schema: public; Owner: -
--

COPY "public"."teamBlock_block_header_links" ("_order", "_parent_id", "id", "link_type", "link_new_tab", "link_url", "link_color", "link_variant") FROM stdin;
\.


--
-- Data for Name: teamBlock_block_header_links_locales; Type: TABLE DATA; Schema: public; Owner: -
--

COPY "public"."teamBlock_block_header_links_locales" ("link_label", "id", "_locale", "_parent_id") FROM stdin;
\.


--
-- Data for Name: teamBlock_locales; Type: TABLE DATA; Schema: public; Owner: -
--

COPY "public"."teamBlock_locales" ("block_header_badge_label", "block_header_header_text", "id", "_locale", "_parent_id") FROM stdin;
\N	{"root": {"type": "root", "format": "", "indent": 0, "version": 1, "children": [{"tag": "h2", "type": "heading", "format": "", "indent": 0, "version": 1, "children": [{"mode": "normal", "text": "  ", "type": "text", "style": "", "detail": 0, "format": 0, "version": 1}], "direction": "rtl"}, {"type": "paragraph", "format": "", "indent": 0, "version": 1, "children": [{"mode": "normal", "text": "  -            .", "type": "text", "style": "", "detail": 0, "format": 0, "version": 1}], "direction": "rtl", "textStyle": "", "textFormat": 0}], "direction": "rtl"}}	9	ar	6886aadbdf64ca6dd9ecfe5f
\.


--
-- Data for Name: teamBlock_team; Type: TABLE DATA; Schema: public; Owner: -
--

COPY "public"."teamBlock_team" ("_order", "_parent_id", "id", "image_id", "social_linkedin", "social_x") FROM stdin;
1	6886aadbdf64ca6dd9ecfe5f	6886acb4df64ca6dd9ecfe72	255daf3c-dc26-41d1-a21f-817223c2f4b1	\N	\N
2	6886aadbdf64ca6dd9ecfe5f	6886acd8df64ca6dd9ecfe73	ab2b3057-f204-4327-92a9-02f817c18938	\N	\N
\.


--
-- Data for Name: teamBlock_team_locales; Type: TABLE DATA; Schema: public; Owner: -
--

COPY "public"."teamBlock_team_locales" ("name", "position", "bio", "id", "_locale", "_parent_id") FROM stdin;
 	   	\N	17	ar	6886acb4df64ca6dd9ecfe72
 	   	\N	18	ar	6886acd8df64ca6dd9ecfe73
\.


--
-- Data for Name: testimonialsBlock; Type: TABLE DATA; Schema: public; Owner: -
--

COPY "public"."testimonialsBlock" ("_order", "_parent_id", "_path", "id", "block_header_type", "block_header_badge_type", "block_header_badge_color", "block_header_badge_icon", "block_header_badge_icon_position", "type", "block_name", "bg_color") FROM stdin;
3	a14442b0-9282-4efc-9df0-51d6374608d8	layout	6886a0cc5a3935fab3feb21d	center	\N	blue	\N	flex-row	02	\N	violet
7	a14442b0-9282-4efc-9df0-51d6374608d8	layout	6886a0695a3935fab3feb21b	center	\N	blue	\N	flex-row	01	\N	gray
\.


--
-- Data for Name: testimonialsBlock_block_header_links; Type: TABLE DATA; Schema: public; Owner: -
--

COPY "public"."testimonialsBlock_block_header_links" ("_order", "_parent_id", "id", "link_type", "link_new_tab", "link_url", "link_color", "link_variant") FROM stdin;
\.


--
-- Data for Name: testimonialsBlock_block_header_links_locales; Type: TABLE DATA; Schema: public; Owner: -
--

COPY "public"."testimonialsBlock_block_header_links_locales" ("link_label", "id", "_locale", "_parent_id") FROM stdin;
\.


--
-- Data for Name: testimonialsBlock_locales; Type: TABLE DATA; Schema: public; Owner: -
--

COPY "public"."testimonialsBlock_locales" ("block_header_badge_label", "block_header_header_text", "id", "_locale", "_parent_id") FROM stdin;
\.


--
-- Data for Name: users; Type: TABLE DATA; Schema: public; Owner: -
--

COPY "public"."users" ("id", "updated_at", "created_at", "email", "reset_password_token", "reset_password_expiration", "salt", "hash", "login_attempts", "lock_until", "avatar_id") FROM stdin;
9bedf5d0-2a99-427f-b0e1-967bbc2487cb	2025-08-16 08:51:34.786+00	2025-07-27 20:47:39.813+00	omar@byvalence.com	\N	\N	b6859e433a954a48853d890d67c3971200c71d8bf9d93be3cdb59d6ba6e169fe	e646d44017362a68802fe4a24746bba626442a58de948d4b06ae870a8bfdbf82d7f2347b8a93a9d6a1b130101071b775555e2e1090373e662bb14ee31164d0b8e394a8ce970a7349aec8d055e03ffed29848159bb1a4bd84dbb7038cce280c1bd032d183a6cdd03fc374b8603b03e360bcb471b54f00d5232d8d739d5f0b1647bcc7dca08f9d94f9f68fd683800b4f507da51bc283face6600e73cd88b94becb3310848e3a1744758c7fd131d04f3c990dbd707597e92c3f94e349245cf6d8f5a35100ee407132fa7abecdf8495375fd9b895795a17a7f14ded1f556ee0a8bbf586f9529c6175ea573e3281c67e894c16c229867b9d1502dec74559ab6c47cccb120a3b890e1f34fa451ea34d4a19fdd1296904289886e0d433732a3dd33f08a0893d302dcd261d9111abd202e0df1d899ee17c9c385fac59b131c7b1b30744ff1e2ffc244de79b1cd09d3376fc6d765ec743829c7b4d22e577af3e056e76573470f3fbdde26bd1010a8567b70fd54beca60cf754f27d34280645755c7a61a4140fed11018702331d46b89a2b1626906f2b78797b153a0d213c30fa8239302368bccf445ac66b482bba19b059e2a3e69c6b2c4038ccfd56da838d9c73b961c4e545701ce65b485f24be9e9247ba7da584b3170b9abe494dec149b562af012f69e2efbbef19b839ec6e68e8efb4c1111b0ff63336785940681dfe86408fe1eeb0	0	\N	\N
\.


--
-- Data for Name: users_locales; Type: TABLE DATA; Schema: public; Owner: -
--

COPY "public"."users_locales" ("name", "id", "_locale", "_parent_id") FROM stdin;
	4	ar	9bedf5d0-2a99-427f-b0e1-967bbc2487cb
\.


--
-- Data for Name: users_sessions; Type: TABLE DATA; Schema: public; Owner: -
--

COPY "public"."users_sessions" ("_order", "_parent_id", "id", "created_at", "expires_at") FROM stdin;
1	9bedf5d0-2a99-427f-b0e1-967bbc2487cb	483b64cc-1d17-4136-a561-ad1525dd062a	2025-08-16 08:51:34.783+00	2025-08-16 10:51:34.783+00
\.


--
-- Name: _archiveBlock_v_block_header_links_locales_id_seq; Type: SEQUENCE SET; Schema: public; Owner: -
--

SELECT pg_catalog.setval('"public"."_archiveBlock_v_block_header_links_locales_id_seq"', 1, false);


--
-- Name: _archiveBlock_v_locales_id_seq; Type: SEQUENCE SET; Schema: public; Owner: -
--

SELECT pg_catalog.setval('"public"."_archiveBlock_v_locales_id_seq"', 1, false);


--
-- Name: _blog_posts_v_locales_id_seq; Type: SEQUENCE SET; Schema: public; Owner: -
--

SELECT pg_catalog.setval('"public"."_blog_posts_v_locales_id_seq"', 1, false);


--
-- Name: _blog_posts_v_rels_id_seq; Type: SEQUENCE SET; Schema: public; Owner: -
--

SELECT pg_catalog.setval('"public"."_blog_posts_v_rels_id_seq"', 1, false);


--
-- Name: _callToActionBlock_v_links_locales_id_seq; Type: SEQUENCE SET; Schema: public; Owner: -
--

SELECT pg_catalog.setval('"public"."_callToActionBlock_v_links_locales_id_seq"', 46, true);


--
-- Name: _callToActionBlock_v_locales_id_seq; Type: SEQUENCE SET; Schema: public; Owner: -
--

SELECT pg_catalog.setval('"public"."_callToActionBlock_v_locales_id_seq"', 52, true);


--
-- Name: _customHtmlBlock_v_block_header_links_locales_id_seq; Type: SEQUENCE SET; Schema: public; Owner: -
--

SELECT pg_catalog.setval('"public"."_customHtmlBlock_v_block_header_links_locales_id_seq"', 1, false);


--
-- Name: _customHtmlBlock_v_locales_id_seq; Type: SEQUENCE SET; Schema: public; Owner: -
--

SELECT pg_catalog.setval('"public"."_customHtmlBlock_v_locales_id_seq"', 1, false);


--
-- Name: _customers_v_locales_id_seq; Type: SEQUENCE SET; Schema: public; Owner: -
--

SELECT pg_catalog.setval('"public"."_customers_v_locales_id_seq"', 56, true);


--
-- Name: _customers_v_rels_id_seq; Type: SEQUENCE SET; Schema: public; Owner: -
--

SELECT pg_catalog.setval('"public"."_customers_v_rels_id_seq"', 1, false);


--
-- Name: _customers_v_version_testimonial_stats_locales_id_seq; Type: SEQUENCE SET; Schema: public; Owner: -
--

SELECT pg_catalog.setval('"public"."_customers_v_version_testimonial_stats_locales_id_seq"', 1, false);


--
-- Name: _faqBlock_v_block_header_links_locales_id_seq; Type: SEQUENCE SET; Schema: public; Owner: -
--

SELECT pg_catalog.setval('"public"."_faqBlock_v_block_header_links_locales_id_seq"', 1, false);


--
-- Name: _faqBlock_v_locales_id_seq; Type: SEQUENCE SET; Schema: public; Owner: -
--

SELECT pg_catalog.setval('"public"."_faqBlock_v_locales_id_seq"', 18, true);


--
-- Name: _faq_v_locales_id_seq; Type: SEQUENCE SET; Schema: public; Owner: -
--

SELECT pg_catalog.setval('"public"."_faq_v_locales_id_seq"', 94, true);


--
-- Name: _featuresBlock_v_block_header_links_locales_id_seq; Type: SEQUENCE SET; Schema: public; Owner: -
--

SELECT pg_catalog.setval('"public"."_featuresBlock_v_block_header_links_locales_id_seq"', 1, false);


--
-- Name: _featuresBlock_v_columns_locales_id_seq; Type: SEQUENCE SET; Schema: public; Owner: -
--

SELECT pg_catalog.setval('"public"."_featuresBlock_v_columns_locales_id_seq"', 1925, true);


--
-- Name: _featuresBlock_v_locales_id_seq; Type: SEQUENCE SET; Schema: public; Owner: -
--

SELECT pg_catalog.setval('"public"."_featuresBlock_v_locales_id_seq"', 1017, true);


--
-- Name: _galleryBlock_v_block_header_links_locales_id_seq; Type: SEQUENCE SET; Schema: public; Owner: -
--

SELECT pg_catalog.setval('"public"."_galleryBlock_v_block_header_links_locales_id_seq"', 1, false);


--
-- Name: _galleryBlock_v_interactive_gallery_locales_id_seq; Type: SEQUENCE SET; Schema: public; Owner: -
--

SELECT pg_catalog.setval('"public"."_galleryBlock_v_interactive_gallery_locales_id_seq"', 1, false);


--
-- Name: _galleryBlock_v_locales_id_seq; Type: SEQUENCE SET; Schema: public; Owner: -
--

SELECT pg_catalog.setval('"public"."_galleryBlock_v_locales_id_seq"', 1, false);


--
-- Name: _logosBlock_v_block_header_links_locales_id_seq; Type: SEQUENCE SET; Schema: public; Owner: -
--

SELECT pg_catalog.setval('"public"."_logosBlock_v_block_header_links_locales_id_seq"', 1, false);


--
-- Name: _logosBlock_v_locales_id_seq; Type: SEQUENCE SET; Schema: public; Owner: -
--

SELECT pg_catalog.setval('"public"."_logosBlock_v_locales_id_seq"', 295, true);


--
-- Name: _metricsBlock_v_block_header_links_locales_id_seq; Type: SEQUENCE SET; Schema: public; Owner: -
--

SELECT pg_catalog.setval('"public"."_metricsBlock_v_block_header_links_locales_id_seq"', 1, false);


--
-- Name: _metricsBlock_v_locales_id_seq; Type: SEQUENCE SET; Schema: public; Owner: -
--

SELECT pg_catalog.setval('"public"."_metricsBlock_v_locales_id_seq"', 160, true);


--
-- Name: _metricsBlock_v_stats_locales_id_seq; Type: SEQUENCE SET; Schema: public; Owner: -
--

SELECT pg_catalog.setval('"public"."_metricsBlock_v_stats_locales_id_seq"', 561, true);


--
-- Name: _pages_v_locales_id_seq; Type: SEQUENCE SET; Schema: public; Owner: -
--

SELECT pg_catalog.setval('"public"."_pages_v_locales_id_seq"', 441, true);


--
-- Name: _pages_v_rels_id_seq; Type: SEQUENCE SET; Schema: public; Owner: -
--

SELECT pg_catalog.setval('"public"."_pages_v_rels_id_seq"', 854, true);


--
-- Name: _pages_v_version_hero_links_locales_id_seq; Type: SEQUENCE SET; Schema: public; Owner: -
--

SELECT pg_catalog.setval('"public"."_pages_v_version_hero_links_locales_id_seq"', 455, true);


--
-- Name: _pages_v_version_hero_list_items_locales_id_seq; Type: SEQUENCE SET; Schema: public; Owner: -
--

SELECT pg_catalog.setval('"public"."_pages_v_version_hero_list_items_locales_id_seq"', 32, true);


--
-- Name: _richTextBlock_v_block_header_links_locales_id_seq; Type: SEQUENCE SET; Schema: public; Owner: -
--

SELECT pg_catalog.setval('"public"."_richTextBlock_v_block_header_links_locales_id_seq"', 1, false);


--
-- Name: _richTextBlock_v_locales_id_seq; Type: SEQUENCE SET; Schema: public; Owner: -
--

SELECT pg_catalog.setval('"public"."_richTextBlock_v_locales_id_seq"', 174, true);


--
-- Name: _teamBlock_v_block_header_links_locales_id_seq; Type: SEQUENCE SET; Schema: public; Owner: -
--

SELECT pg_catalog.setval('"public"."_teamBlock_v_block_header_links_locales_id_seq"', 1, false);


--
-- Name: _teamBlock_v_locales_id_seq; Type: SEQUENCE SET; Schema: public; Owner: -
--

SELECT pg_catalog.setval('"public"."_teamBlock_v_locales_id_seq"', 124, true);


--
-- Name: _teamBlock_v_team_locales_id_seq; Type: SEQUENCE SET; Schema: public; Owner: -
--

SELECT pg_catalog.setval('"public"."_teamBlock_v_team_locales_id_seq"', 231, true);


--
-- Name: _testimonialsBlock_v_block_header_links_locales_id_seq; Type: SEQUENCE SET; Schema: public; Owner: -
--

SELECT pg_catalog.setval('"public"."_testimonialsBlock_v_block_header_links_locales_id_seq"', 1, false);


--
-- Name: _testimonialsBlock_v_locales_id_seq; Type: SEQUENCE SET; Schema: public; Owner: -
--

SELECT pg_catalog.setval('"public"."_testimonialsBlock_v_locales_id_seq"', 1, false);


--
-- Name: archiveBlock_block_header_links_locales_id_seq; Type: SEQUENCE SET; Schema: public; Owner: -
--

SELECT pg_catalog.setval('"public"."archiveBlock_block_header_links_locales_id_seq"', 1, false);


--
-- Name: archiveBlock_locales_id_seq; Type: SEQUENCE SET; Schema: public; Owner: -
--

SELECT pg_catalog.setval('"public"."archiveBlock_locales_id_seq"', 1, false);


--
-- Name: blog_posts_locales_id_seq; Type: SEQUENCE SET; Schema: public; Owner: -
--

SELECT pg_catalog.setval('"public"."blog_posts_locales_id_seq"', 1, false);


--
-- Name: blog_posts_rels_id_seq; Type: SEQUENCE SET; Schema: public; Owner: -
--

SELECT pg_catalog.setval('"public"."blog_posts_rels_id_seq"', 1, false);


--
-- Name: callToActionBlock_links_locales_id_seq; Type: SEQUENCE SET; Schema: public; Owner: -
--

SELECT pg_catalog.setval('"public"."callToActionBlock_links_locales_id_seq"', 8, true);


--
-- Name: callToActionBlock_locales_id_seq; Type: SEQUENCE SET; Schema: public; Owner: -
--

SELECT pg_catalog.setval('"public"."callToActionBlock_locales_id_seq"', 8, true);


--
-- Name: categories_locales_id_seq; Type: SEQUENCE SET; Schema: public; Owner: -
--

SELECT pg_catalog.setval('"public"."categories_locales_id_seq"', 1, false);


--
-- Name: customHtmlBlock_block_header_links_locales_id_seq; Type: SEQUENCE SET; Schema: public; Owner: -
--

SELECT pg_catalog.setval('"public"."customHtmlBlock_block_header_links_locales_id_seq"', 1, false);


--
-- Name: customHtmlBlock_locales_id_seq; Type: SEQUENCE SET; Schema: public; Owner: -
--

SELECT pg_catalog.setval('"public"."customHtmlBlock_locales_id_seq"', 1, false);


--
-- Name: customers_locales_id_seq; Type: SEQUENCE SET; Schema: public; Owner: -
--

SELECT pg_catalog.setval('"public"."customers_locales_id_seq"', 4, true);


--
-- Name: customers_rels_id_seq; Type: SEQUENCE SET; Schema: public; Owner: -
--

SELECT pg_catalog.setval('"public"."customers_rels_id_seq"', 1, false);


--
-- Name: customers_testimonial_stats_locales_id_seq; Type: SEQUENCE SET; Schema: public; Owner: -
--

SELECT pg_catalog.setval('"public"."customers_testimonial_stats_locales_id_seq"', 1, false);


--
-- Name: faqBlock_block_header_links_locales_id_seq; Type: SEQUENCE SET; Schema: public; Owner: -
--

SELECT pg_catalog.setval('"public"."faqBlock_block_header_links_locales_id_seq"', 1, false);


--
-- Name: faqBlock_locales_id_seq; Type: SEQUENCE SET; Schema: public; Owner: -
--

SELECT pg_catalog.setval('"public"."faqBlock_locales_id_seq"', 3, true);


--
-- Name: faq_locales_id_seq; Type: SEQUENCE SET; Schema: public; Owner: -
--

SELECT pg_catalog.setval('"public"."faq_locales_id_seq"', 14, true);


--
-- Name: featuresBlock_block_header_links_locales_id_seq; Type: SEQUENCE SET; Schema: public; Owner: -
--

SELECT pg_catalog.setval('"public"."featuresBlock_block_header_links_locales_id_seq"', 1, false);


--
-- Name: featuresBlock_columns_locales_id_seq; Type: SEQUENCE SET; Schema: public; Owner: -
--

SELECT pg_catalog.setval('"public"."featuresBlock_columns_locales_id_seq"', 109, true);


--
-- Name: featuresBlock_locales_id_seq; Type: SEQUENCE SET; Schema: public; Owner: -
--

SELECT pg_catalog.setval('"public"."featuresBlock_locales_id_seq"', 59, true);


--
-- Name: footer_columns_nav_items_locales_id_seq; Type: SEQUENCE SET; Schema: public; Owner: -
--

SELECT pg_catalog.setval('"public"."footer_columns_nav_items_locales_id_seq"', 1, false);


--
-- Name: footer_rels_id_seq; Type: SEQUENCE SET; Schema: public; Owner: -
--

SELECT pg_catalog.setval('"public"."footer_rels_id_seq"', 1, false);


--
-- Name: forms_blocks_checkbox_locales_id_seq; Type: SEQUENCE SET; Schema: public; Owner: -
--

SELECT pg_catalog.setval('"public"."forms_blocks_checkbox_locales_id_seq"', 1, false);


--
-- Name: forms_blocks_country_locales_id_seq; Type: SEQUENCE SET; Schema: public; Owner: -
--

SELECT pg_catalog.setval('"public"."forms_blocks_country_locales_id_seq"', 1, false);


--
-- Name: forms_blocks_email_locales_id_seq; Type: SEQUENCE SET; Schema: public; Owner: -
--

SELECT pg_catalog.setval('"public"."forms_blocks_email_locales_id_seq"', 1, false);


--
-- Name: forms_blocks_message_locales_id_seq; Type: SEQUENCE SET; Schema: public; Owner: -
--

SELECT pg_catalog.setval('"public"."forms_blocks_message_locales_id_seq"', 1, false);


--
-- Name: forms_blocks_number_locales_id_seq; Type: SEQUENCE SET; Schema: public; Owner: -
--

SELECT pg_catalog.setval('"public"."forms_blocks_number_locales_id_seq"', 1, false);


--
-- Name: forms_blocks_select_locales_id_seq; Type: SEQUENCE SET; Schema: public; Owner: -
--

SELECT pg_catalog.setval('"public"."forms_blocks_select_locales_id_seq"', 1, false);


--
-- Name: forms_blocks_select_options_locales_id_seq; Type: SEQUENCE SET; Schema: public; Owner: -
--

SELECT pg_catalog.setval('"public"."forms_blocks_select_options_locales_id_seq"', 1, false);


--
-- Name: forms_blocks_state_locales_id_seq; Type: SEQUENCE SET; Schema: public; Owner: -
--

SELECT pg_catalog.setval('"public"."forms_blocks_state_locales_id_seq"', 1, false);


--
-- Name: forms_blocks_text_locales_id_seq; Type: SEQUENCE SET; Schema: public; Owner: -
--

SELECT pg_catalog.setval('"public"."forms_blocks_text_locales_id_seq"', 1, false);


--
-- Name: forms_blocks_textarea_locales_id_seq; Type: SEQUENCE SET; Schema: public; Owner: -
--

SELECT pg_catalog.setval('"public"."forms_blocks_textarea_locales_id_seq"', 1, false);


--
-- Name: forms_emails_locales_id_seq; Type: SEQUENCE SET; Schema: public; Owner: -
--

SELECT pg_catalog.setval('"public"."forms_emails_locales_id_seq"', 1, false);


--
-- Name: forms_locales_id_seq; Type: SEQUENCE SET; Schema: public; Owner: -
--

SELECT pg_catalog.setval('"public"."forms_locales_id_seq"', 1, false);


--
-- Name: galleryBlock_block_header_links_locales_id_seq; Type: SEQUENCE SET; Schema: public; Owner: -
--

SELECT pg_catalog.setval('"public"."galleryBlock_block_header_links_locales_id_seq"', 1, false);


--
-- Name: galleryBlock_interactive_gallery_locales_id_seq; Type: SEQUENCE SET; Schema: public; Owner: -
--

SELECT pg_catalog.setval('"public"."galleryBlock_interactive_gallery_locales_id_seq"', 1, false);


--
-- Name: galleryBlock_locales_id_seq; Type: SEQUENCE SET; Schema: public; Owner: -
--

SELECT pg_catalog.setval('"public"."galleryBlock_locales_id_seq"', 1, false);


--
-- Name: header_cta_locales_id_seq; Type: SEQUENCE SET; Schema: public; Owner: -
--

SELECT pg_catalog.setval('"public"."header_cta_locales_id_seq"', 4, true);


--
-- Name: header_rels_id_seq; Type: SEQUENCE SET; Schema: public; Owner: -
--

SELECT pg_catalog.setval('"public"."header_rels_id_seq"', 2, true);


--
-- Name: header_tabs_description_links_locales_id_seq; Type: SEQUENCE SET; Schema: public; Owner: -
--

SELECT pg_catalog.setval('"public"."header_tabs_description_links_locales_id_seq"', 1, false);


--
-- Name: header_tabs_locales_id_seq; Type: SEQUENCE SET; Schema: public; Owner: -
--

SELECT pg_catalog.setval('"public"."header_tabs_locales_id_seq"', 2, true);


--
-- Name: header_tabs_nav_items_featured_link_links_locales_id_seq; Type: SEQUENCE SET; Schema: public; Owner: -
--

SELECT pg_catalog.setval('"public"."header_tabs_nav_items_featured_link_links_locales_id_seq"', 1, false);


--
-- Name: header_tabs_nav_items_list_links_links_locales_id_seq; Type: SEQUENCE SET; Schema: public; Owner: -
--

SELECT pg_catalog.setval('"public"."header_tabs_nav_items_list_links_links_locales_id_seq"', 1, false);


--
-- Name: header_tabs_nav_items_locales_id_seq; Type: SEQUENCE SET; Schema: public; Owner: -
--

SELECT pg_catalog.setval('"public"."header_tabs_nav_items_locales_id_seq"', 1, false);


--
-- Name: logosBlock_block_header_links_locales_id_seq; Type: SEQUENCE SET; Schema: public; Owner: -
--

SELECT pg_catalog.setval('"public"."logosBlock_block_header_links_locales_id_seq"', 1, false);


--
-- Name: logosBlock_locales_id_seq; Type: SEQUENCE SET; Schema: public; Owner: -
--

SELECT pg_catalog.setval('"public"."logosBlock_locales_id_seq"', 17, true);


--
-- Name: media_rels_id_seq; Type: SEQUENCE SET; Schema: public; Owner: -
--

SELECT pg_catalog.setval('"public"."media_rels_id_seq"', 1, false);


--
-- Name: metricsBlock_block_header_links_locales_id_seq; Type: SEQUENCE SET; Schema: public; Owner: -
--

SELECT pg_catalog.setval('"public"."metricsBlock_block_header_links_locales_id_seq"', 1, false);


--
-- Name: metricsBlock_locales_id_seq; Type: SEQUENCE SET; Schema: public; Owner: -
--

SELECT pg_catalog.setval('"public"."metricsBlock_locales_id_seq"', 10, true);


--
-- Name: metricsBlock_stats_locales_id_seq; Type: SEQUENCE SET; Schema: public; Owner: -
--

SELECT pg_catalog.setval('"public"."metricsBlock_stats_locales_id_seq"', 36, true);


--
-- Name: pages_hero_links_locales_id_seq; Type: SEQUENCE SET; Schema: public; Owner: -
--

SELECT pg_catalog.setval('"public"."pages_hero_links_locales_id_seq"', 20, true);


--
-- Name: pages_hero_list_items_locales_id_seq; Type: SEQUENCE SET; Schema: public; Owner: -
--

SELECT pg_catalog.setval('"public"."pages_hero_list_items_locales_id_seq"', 9, true);


--
-- Name: pages_locales_id_seq; Type: SEQUENCE SET; Schema: public; Owner: -
--

SELECT pg_catalog.setval('"public"."pages_locales_id_seq"', 25, true);


--
-- Name: pages_rels_id_seq; Type: SEQUENCE SET; Schema: public; Owner: -
--

SELECT pg_catalog.setval('"public"."pages_rels_id_seq"', 68, true);


--
-- Name: payload_locked_documents_rels_id_seq; Type: SEQUENCE SET; Schema: public; Owner: -
--

SELECT pg_catalog.setval('"public"."payload_locked_documents_rels_id_seq"', 490, true);


--
-- Name: payload_preferences_rels_id_seq; Type: SEQUENCE SET; Schema: public; Owner: -
--

SELECT pg_catalog.setval('"public"."payload_preferences_rels_id_seq"', 181, true);


--
-- Name: redirects_rels_id_seq; Type: SEQUENCE SET; Schema: public; Owner: -
--

SELECT pg_catalog.setval('"public"."redirects_rels_id_seq"', 1, false);


--
-- Name: richTextBlock_block_header_links_locales_id_seq; Type: SEQUENCE SET; Schema: public; Owner: -
--

SELECT pg_catalog.setval('"public"."richTextBlock_block_header_links_locales_id_seq"', 1, false);


--
-- Name: richTextBlock_locales_id_seq; Type: SEQUENCE SET; Schema: public; Owner: -
--

SELECT pg_catalog.setval('"public"."richTextBlock_locales_id_seq"', 10, true);


--
-- Name: search_locales_id_seq; Type: SEQUENCE SET; Schema: public; Owner: -
--

SELECT pg_catalog.setval('"public"."search_locales_id_seq"', 1, false);


--
-- Name: search_rels_id_seq; Type: SEQUENCE SET; Schema: public; Owner: -
--

SELECT pg_catalog.setval('"public"."search_rels_id_seq"', 1, false);


--
-- Name: settings_locales_id_seq; Type: SEQUENCE SET; Schema: public; Owner: -
--

SELECT pg_catalog.setval('"public"."settings_locales_id_seq"', 1, false);


--
-- Name: settings_rels_id_seq; Type: SEQUENCE SET; Schema: public; Owner: -
--

SELECT pg_catalog.setval('"public"."settings_rels_id_seq"', 1, false);


--
-- Name: teamBlock_block_header_links_locales_id_seq; Type: SEQUENCE SET; Schema: public; Owner: -
--

SELECT pg_catalog.setval('"public"."teamBlock_block_header_links_locales_id_seq"', 1, false);


--
-- Name: teamBlock_locales_id_seq; Type: SEQUENCE SET; Schema: public; Owner: -
--

SELECT pg_catalog.setval('"public"."teamBlock_locales_id_seq"', 9, true);


--
-- Name: teamBlock_team_locales_id_seq; Type: SEQUENCE SET; Schema: public; Owner: -
--

SELECT pg_catalog.setval('"public"."teamBlock_team_locales_id_seq"', 18, true);


--
-- Name: testimonialsBlock_block_header_links_locales_id_seq; Type: SEQUENCE SET; Schema: public; Owner: -
--

SELECT pg_catalog.setval('"public"."testimonialsBlock_block_header_links_locales_id_seq"', 1, false);


--
-- Name: testimonialsBlock_locales_id_seq; Type: SEQUENCE SET; Schema: public; Owner: -
--

SELECT pg_catalog.setval('"public"."testimonialsBlock_locales_id_seq"', 1, false);


--
-- Name: users_locales_id_seq; Type: SEQUENCE SET; Schema: public; Owner: -
--

SELECT pg_catalog.setval('"public"."users_locales_id_seq"', 4, true);


--
-- Name: _archiveBlock_v_block_header_links_locales _archiveBlock_v_block_header_links_locales_pkey; Type: CONSTRAINT; Schema: public; Owner: -
--

ALTER TABLE ONLY "public"."_archiveBlock_v_block_header_links_locales"
    ADD CONSTRAINT "_archiveBlock_v_block_header_links_locales_pkey" PRIMARY KEY ("id");


--
-- Name: _archiveBlock_v_block_header_links _archiveBlock_v_block_header_links_pkey; Type: CONSTRAINT; Schema: public; Owner: -
--

ALTER TABLE ONLY "public"."_archiveBlock_v_block_header_links"
    ADD CONSTRAINT "_archiveBlock_v_block_header_links_pkey" PRIMARY KEY ("id");


--
-- Name: _archiveBlock_v_locales _archiveBlock_v_locales_pkey; Type: CONSTRAINT; Schema: public; Owner: -
--

ALTER TABLE ONLY "public"."_archiveBlock_v_locales"
    ADD CONSTRAINT "_archiveBlock_v_locales_pkey" PRIMARY KEY ("id");


--
-- Name: _archiveBlock_v _archiveBlock_v_pkey; Type: CONSTRAINT; Schema: public; Owner: -
--

ALTER TABLE ONLY "public"."_archiveBlock_v"
    ADD CONSTRAINT "_archiveBlock_v_pkey" PRIMARY KEY ("id");


--
-- Name: _blog_posts_v_locales _blog_posts_v_locales_pkey; Type: CONSTRAINT; Schema: public; Owner: -
--

ALTER TABLE ONLY "public"."_blog_posts_v_locales"
    ADD CONSTRAINT "_blog_posts_v_locales_pkey" PRIMARY KEY ("id");


--
-- Name: _blog_posts_v _blog_posts_v_pkey; Type: CONSTRAINT; Schema: public; Owner: -
--

ALTER TABLE ONLY "public"."_blog_posts_v"
    ADD CONSTRAINT "_blog_posts_v_pkey" PRIMARY KEY ("id");


--
-- Name: _blog_posts_v_rels _blog_posts_v_rels_pkey; Type: CONSTRAINT; Schema: public; Owner: -
--

ALTER TABLE ONLY "public"."_blog_posts_v_rels"
    ADD CONSTRAINT "_blog_posts_v_rels_pkey" PRIMARY KEY ("id");


--
-- Name: _blog_posts_v_version_populated_authors _blog_posts_v_version_populated_authors_pkey; Type: CONSTRAINT; Schema: public; Owner: -
--

ALTER TABLE ONLY "public"."_blog_posts_v_version_populated_authors"
    ADD CONSTRAINT "_blog_posts_v_version_populated_authors_pkey" PRIMARY KEY ("id");


--
-- Name: _callToActionBlock_v_links_locales _callToActionBlock_v_links_locales_pkey; Type: CONSTRAINT; Schema: public; Owner: -
--

ALTER TABLE ONLY "public"."_callToActionBlock_v_links_locales"
    ADD CONSTRAINT "_callToActionBlock_v_links_locales_pkey" PRIMARY KEY ("id");


--
-- Name: _callToActionBlock_v_links _callToActionBlock_v_links_pkey; Type: CONSTRAINT; Schema: public; Owner: -
--

ALTER TABLE ONLY "public"."_callToActionBlock_v_links"
    ADD CONSTRAINT "_callToActionBlock_v_links_pkey" PRIMARY KEY ("id");


--
-- Name: _callToActionBlock_v_list _callToActionBlock_v_list_pkey; Type: CONSTRAINT; Schema: public; Owner: -
--

ALTER TABLE ONLY "public"."_callToActionBlock_v_list"
    ADD CONSTRAINT "_callToActionBlock_v_list_pkey" PRIMARY KEY ("id");


--
-- Name: _callToActionBlock_v_locales _callToActionBlock_v_locales_pkey; Type: CONSTRAINT; Schema: public; Owner: -
--

ALTER TABLE ONLY "public"."_callToActionBlock_v_locales"
    ADD CONSTRAINT "_callToActionBlock_v_locales_pkey" PRIMARY KEY ("id");


--
-- Name: _callToActionBlock_v _callToActionBlock_v_pkey; Type: CONSTRAINT; Schema: public; Owner: -
--

ALTER TABLE ONLY "public"."_callToActionBlock_v"
    ADD CONSTRAINT "_callToActionBlock_v_pkey" PRIMARY KEY ("id");


--
-- Name: _customHtmlBlock_v_block_header_links_locales _customHtmlBlock_v_block_header_links_locales_pkey; Type: CONSTRAINT; Schema: public; Owner: -
--

ALTER TABLE ONLY "public"."_customHtmlBlock_v_block_header_links_locales"
    ADD CONSTRAINT "_customHtmlBlock_v_block_header_links_locales_pkey" PRIMARY KEY ("id");


--
-- Name: _customHtmlBlock_v_block_header_links _customHtmlBlock_v_block_header_links_pkey; Type: CONSTRAINT; Schema: public; Owner: -
--

ALTER TABLE ONLY "public"."_customHtmlBlock_v_block_header_links"
    ADD CONSTRAINT "_customHtmlBlock_v_block_header_links_pkey" PRIMARY KEY ("id");


--
-- Name: _customHtmlBlock_v_locales _customHtmlBlock_v_locales_pkey; Type: CONSTRAINT; Schema: public; Owner: -
--

ALTER TABLE ONLY "public"."_customHtmlBlock_v_locales"
    ADD CONSTRAINT "_customHtmlBlock_v_locales_pkey" PRIMARY KEY ("id");


--
-- Name: _customHtmlBlock_v _customHtmlBlock_v_pkey; Type: CONSTRAINT; Schema: public; Owner: -
--

ALTER TABLE ONLY "public"."_customHtmlBlock_v"
    ADD CONSTRAINT "_customHtmlBlock_v_pkey" PRIMARY KEY ("id");


--
-- Name: _customers_v_locales _customers_v_locales_pkey; Type: CONSTRAINT; Schema: public; Owner: -
--

ALTER TABLE ONLY "public"."_customers_v_locales"
    ADD CONSTRAINT "_customers_v_locales_pkey" PRIMARY KEY ("id");


--
-- Name: _customers_v _customers_v_pkey; Type: CONSTRAINT; Schema: public; Owner: -
--

ALTER TABLE ONLY "public"."_customers_v"
    ADD CONSTRAINT "_customers_v_pkey" PRIMARY KEY ("id");


--
-- Name: _customers_v_rels _customers_v_rels_pkey; Type: CONSTRAINT; Schema: public; Owner: -
--

ALTER TABLE ONLY "public"."_customers_v_rels"
    ADD CONSTRAINT "_customers_v_rels_pkey" PRIMARY KEY ("id");


--
-- Name: _customers_v_version_testimonial_stats_locales _customers_v_version_testimonial_stats_locales_pkey; Type: CONSTRAINT; Schema: public; Owner: -
--

ALTER TABLE ONLY "public"."_customers_v_version_testimonial_stats_locales"
    ADD CONSTRAINT "_customers_v_version_testimonial_stats_locales_pkey" PRIMARY KEY ("id");


--
-- Name: _customers_v_version_testimonial_stats _customers_v_version_testimonial_stats_pkey; Type: CONSTRAINT; Schema: public; Owner: -
--

ALTER TABLE ONLY "public"."_customers_v_version_testimonial_stats"
    ADD CONSTRAINT "_customers_v_version_testimonial_stats_pkey" PRIMARY KEY ("id");


--
-- Name: _dividerBlock_v _dividerBlock_v_pkey; Type: CONSTRAINT; Schema: public; Owner: -
--

ALTER TABLE ONLY "public"."_dividerBlock_v"
    ADD CONSTRAINT "_dividerBlock_v_pkey" PRIMARY KEY ("id");


--
-- Name: _faqBlock_v_block_header_links_locales _faqBlock_v_block_header_links_locales_pkey; Type: CONSTRAINT; Schema: public; Owner: -
--

ALTER TABLE ONLY "public"."_faqBlock_v_block_header_links_locales"
    ADD CONSTRAINT "_faqBlock_v_block_header_links_locales_pkey" PRIMARY KEY ("id");


--
-- Name: _faqBlock_v_block_header_links _faqBlock_v_block_header_links_pkey; Type: CONSTRAINT; Schema: public; Owner: -
--

ALTER TABLE ONLY "public"."_faqBlock_v_block_header_links"
    ADD CONSTRAINT "_faqBlock_v_block_header_links_pkey" PRIMARY KEY ("id");


--
-- Name: _faqBlock_v_locales _faqBlock_v_locales_pkey; Type: CONSTRAINT; Schema: public; Owner: -
--

ALTER TABLE ONLY "public"."_faqBlock_v_locales"
    ADD CONSTRAINT "_faqBlock_v_locales_pkey" PRIMARY KEY ("id");


--
-- Name: _faqBlock_v _faqBlock_v_pkey; Type: CONSTRAINT; Schema: public; Owner: -
--

ALTER TABLE ONLY "public"."_faqBlock_v"
    ADD CONSTRAINT "_faqBlock_v_pkey" PRIMARY KEY ("id");


--
-- Name: _faq_v_locales _faq_v_locales_pkey; Type: CONSTRAINT; Schema: public; Owner: -
--

ALTER TABLE ONLY "public"."_faq_v_locales"
    ADD CONSTRAINT "_faq_v_locales_pkey" PRIMARY KEY ("id");


--
-- Name: _faq_v _faq_v_pkey; Type: CONSTRAINT; Schema: public; Owner: -
--

ALTER TABLE ONLY "public"."_faq_v"
    ADD CONSTRAINT "_faq_v_pkey" PRIMARY KEY ("id");


--
-- Name: _featuresBlock_v_block_header_links_locales _featuresBlock_v_block_header_links_locales_pkey; Type: CONSTRAINT; Schema: public; Owner: -
--

ALTER TABLE ONLY "public"."_featuresBlock_v_block_header_links_locales"
    ADD CONSTRAINT "_featuresBlock_v_block_header_links_locales_pkey" PRIMARY KEY ("id");


--
-- Name: _featuresBlock_v_block_header_links _featuresBlock_v_block_header_links_pkey; Type: CONSTRAINT; Schema: public; Owner: -
--

ALTER TABLE ONLY "public"."_featuresBlock_v_block_header_links"
    ADD CONSTRAINT "_featuresBlock_v_block_header_links_pkey" PRIMARY KEY ("id");


--
-- Name: _featuresBlock_v_columns_locales _featuresBlock_v_columns_locales_pkey; Type: CONSTRAINT; Schema: public; Owner: -
--

ALTER TABLE ONLY "public"."_featuresBlock_v_columns_locales"
    ADD CONSTRAINT "_featuresBlock_v_columns_locales_pkey" PRIMARY KEY ("id");


--
-- Name: _featuresBlock_v_columns _featuresBlock_v_columns_pkey; Type: CONSTRAINT; Schema: public; Owner: -
--

ALTER TABLE ONLY "public"."_featuresBlock_v_columns"
    ADD CONSTRAINT "_featuresBlock_v_columns_pkey" PRIMARY KEY ("id");


--
-- Name: _featuresBlock_v_locales _featuresBlock_v_locales_pkey; Type: CONSTRAINT; Schema: public; Owner: -
--

ALTER TABLE ONLY "public"."_featuresBlock_v_locales"
    ADD CONSTRAINT "_featuresBlock_v_locales_pkey" PRIMARY KEY ("id");


--
-- Name: _featuresBlock_v _featuresBlock_v_pkey; Type: CONSTRAINT; Schema: public; Owner: -
--

ALTER TABLE ONLY "public"."_featuresBlock_v"
    ADD CONSTRAINT "_featuresBlock_v_pkey" PRIMARY KEY ("id");


--
-- Name: _formBlock_v _formBlock_v_pkey; Type: CONSTRAINT; Schema: public; Owner: -
--

ALTER TABLE ONLY "public"."_formBlock_v"
    ADD CONSTRAINT "_formBlock_v_pkey" PRIMARY KEY ("id");


--
-- Name: _galleryBlock_v_block_header_links_locales _galleryBlock_v_block_header_links_locales_pkey; Type: CONSTRAINT; Schema: public; Owner: -
--

ALTER TABLE ONLY "public"."_galleryBlock_v_block_header_links_locales"
    ADD CONSTRAINT "_galleryBlock_v_block_header_links_locales_pkey" PRIMARY KEY ("id");


--
-- Name: _galleryBlock_v_block_header_links _galleryBlock_v_block_header_links_pkey; Type: CONSTRAINT; Schema: public; Owner: -
--

ALTER TABLE ONLY "public"."_galleryBlock_v_block_header_links"
    ADD CONSTRAINT "_galleryBlock_v_block_header_links_pkey" PRIMARY KEY ("id");


--
-- Name: _galleryBlock_v_interactive_gallery_locales _galleryBlock_v_interactive_gallery_locales_pkey; Type: CONSTRAINT; Schema: public; Owner: -
--

ALTER TABLE ONLY "public"."_galleryBlock_v_interactive_gallery_locales"
    ADD CONSTRAINT "_galleryBlock_v_interactive_gallery_locales_pkey" PRIMARY KEY ("id");


--
-- Name: _galleryBlock_v_interactive_gallery _galleryBlock_v_interactive_gallery_pkey; Type: CONSTRAINT; Schema: public; Owner: -
--

ALTER TABLE ONLY "public"."_galleryBlock_v_interactive_gallery"
    ADD CONSTRAINT "_galleryBlock_v_interactive_gallery_pkey" PRIMARY KEY ("id");


--
-- Name: _galleryBlock_v_locales _galleryBlock_v_locales_pkey; Type: CONSTRAINT; Schema: public; Owner: -
--

ALTER TABLE ONLY "public"."_galleryBlock_v_locales"
    ADD CONSTRAINT "_galleryBlock_v_locales_pkey" PRIMARY KEY ("id");


--
-- Name: _galleryBlock_v _galleryBlock_v_pkey; Type: CONSTRAINT; Schema: public; Owner: -
--

ALTER TABLE ONLY "public"."_galleryBlock_v"
    ADD CONSTRAINT "_galleryBlock_v_pkey" PRIMARY KEY ("id");


--
-- Name: _logosBlock_v_block_header_links_locales _logosBlock_v_block_header_links_locales_pkey; Type: CONSTRAINT; Schema: public; Owner: -
--

ALTER TABLE ONLY "public"."_logosBlock_v_block_header_links_locales"
    ADD CONSTRAINT "_logosBlock_v_block_header_links_locales_pkey" PRIMARY KEY ("id");


--
-- Name: _logosBlock_v_block_header_links _logosBlock_v_block_header_links_pkey; Type: CONSTRAINT; Schema: public; Owner: -
--

ALTER TABLE ONLY "public"."_logosBlock_v_block_header_links"
    ADD CONSTRAINT "_logosBlock_v_block_header_links_pkey" PRIMARY KEY ("id");


--
-- Name: _logosBlock_v_locales _logosBlock_v_locales_pkey; Type: CONSTRAINT; Schema: public; Owner: -
--

ALTER TABLE ONLY "public"."_logosBlock_v_locales"
    ADD CONSTRAINT "_logosBlock_v_locales_pkey" PRIMARY KEY ("id");


--
-- Name: _logosBlock_v _logosBlock_v_pkey; Type: CONSTRAINT; Schema: public; Owner: -
--

ALTER TABLE ONLY "public"."_logosBlock_v"
    ADD CONSTRAINT "_logosBlock_v_pkey" PRIMARY KEY ("id");


--
-- Name: _metricsBlock_v_block_header_links_locales _metricsBlock_v_block_header_links_locales_pkey; Type: CONSTRAINT; Schema: public; Owner: -
--

ALTER TABLE ONLY "public"."_metricsBlock_v_block_header_links_locales"
    ADD CONSTRAINT "_metricsBlock_v_block_header_links_locales_pkey" PRIMARY KEY ("id");


--
-- Name: _metricsBlock_v_block_header_links _metricsBlock_v_block_header_links_pkey; Type: CONSTRAINT; Schema: public; Owner: -
--

ALTER TABLE ONLY "public"."_metricsBlock_v_block_header_links"
    ADD CONSTRAINT "_metricsBlock_v_block_header_links_pkey" PRIMARY KEY ("id");


--
-- Name: _metricsBlock_v_locales _metricsBlock_v_locales_pkey; Type: CONSTRAINT; Schema: public; Owner: -
--

ALTER TABLE ONLY "public"."_metricsBlock_v_locales"
    ADD CONSTRAINT "_metricsBlock_v_locales_pkey" PRIMARY KEY ("id");


--
-- Name: _metricsBlock_v _metricsBlock_v_pkey; Type: CONSTRAINT; Schema: public; Owner: -
--

ALTER TABLE ONLY "public"."_metricsBlock_v"
    ADD CONSTRAINT "_metricsBlock_v_pkey" PRIMARY KEY ("id");


--
-- Name: _metricsBlock_v_stats_locales _metricsBlock_v_stats_locales_pkey; Type: CONSTRAINT; Schema: public; Owner: -
--

ALTER TABLE ONLY "public"."_metricsBlock_v_stats_locales"
    ADD CONSTRAINT "_metricsBlock_v_stats_locales_pkey" PRIMARY KEY ("id");


--
-- Name: _metricsBlock_v_stats _metricsBlock_v_stats_pkey; Type: CONSTRAINT; Schema: public; Owner: -
--

ALTER TABLE ONLY "public"."_metricsBlock_v_stats"
    ADD CONSTRAINT "_metricsBlock_v_stats_pkey" PRIMARY KEY ("id");


--
-- Name: _metricsBlock_v_table_headers _metricsBlock_v_table_headers_pkey; Type: CONSTRAINT; Schema: public; Owner: -
--

ALTER TABLE ONLY "public"."_metricsBlock_v_table_headers"
    ADD CONSTRAINT "_metricsBlock_v_table_headers_pkey" PRIMARY KEY ("id");


--
-- Name: _metricsBlock_v_table_rows_cells _metricsBlock_v_table_rows_cells_pkey; Type: CONSTRAINT; Schema: public; Owner: -
--

ALTER TABLE ONLY "public"."_metricsBlock_v_table_rows_cells"
    ADD CONSTRAINT "_metricsBlock_v_table_rows_cells_pkey" PRIMARY KEY ("id");


--
-- Name: _metricsBlock_v_table_rows_children_cells _metricsBlock_v_table_rows_children_cells_pkey; Type: CONSTRAINT; Schema: public; Owner: -
--

ALTER TABLE ONLY "public"."_metricsBlock_v_table_rows_children_cells"
    ADD CONSTRAINT "_metricsBlock_v_table_rows_children_cells_pkey" PRIMARY KEY ("id");


--
-- Name: _metricsBlock_v_table_rows_children _metricsBlock_v_table_rows_children_pkey; Type: CONSTRAINT; Schema: public; Owner: -
--

ALTER TABLE ONLY "public"."_metricsBlock_v_table_rows_children"
    ADD CONSTRAINT "_metricsBlock_v_table_rows_children_pkey" PRIMARY KEY ("id");


--
-- Name: _metricsBlock_v_table_rows _metricsBlock_v_table_rows_pkey; Type: CONSTRAINT; Schema: public; Owner: -
--

ALTER TABLE ONLY "public"."_metricsBlock_v_table_rows"
    ADD CONSTRAINT "_metricsBlock_v_table_rows_pkey" PRIMARY KEY ("id");


--
-- Name: _pages_v_locales _pages_v_locales_pkey; Type: CONSTRAINT; Schema: public; Owner: -
--

ALTER TABLE ONLY "public"."_pages_v_locales"
    ADD CONSTRAINT "_pages_v_locales_pkey" PRIMARY KEY ("id");


--
-- Name: _pages_v _pages_v_pkey; Type: CONSTRAINT; Schema: public; Owner: -
--

ALTER TABLE ONLY "public"."_pages_v"
    ADD CONSTRAINT "_pages_v_pkey" PRIMARY KEY ("id");


--
-- Name: _pages_v_rels _pages_v_rels_pkey; Type: CONSTRAINT; Schema: public; Owner: -
--

ALTER TABLE ONLY "public"."_pages_v_rels"
    ADD CONSTRAINT "_pages_v_rels_pkey" PRIMARY KEY ("id");


--
-- Name: _pages_v_version_hero_links_locales _pages_v_version_hero_links_locales_pkey; Type: CONSTRAINT; Schema: public; Owner: -
--

ALTER TABLE ONLY "public"."_pages_v_version_hero_links_locales"
    ADD CONSTRAINT "_pages_v_version_hero_links_locales_pkey" PRIMARY KEY ("id");


--
-- Name: _pages_v_version_hero_links _pages_v_version_hero_links_pkey; Type: CONSTRAINT; Schema: public; Owner: -
--

ALTER TABLE ONLY "public"."_pages_v_version_hero_links"
    ADD CONSTRAINT "_pages_v_version_hero_links_pkey" PRIMARY KEY ("id");


--
-- Name: _pages_v_version_hero_list_items_locales _pages_v_version_hero_list_items_locales_pkey; Type: CONSTRAINT; Schema: public; Owner: -
--

ALTER TABLE ONLY "public"."_pages_v_version_hero_list_items_locales"
    ADD CONSTRAINT "_pages_v_version_hero_list_items_locales_pkey" PRIMARY KEY ("id");


--
-- Name: _pages_v_version_hero_list_items _pages_v_version_hero_list_items_pkey; Type: CONSTRAINT; Schema: public; Owner: -
--

ALTER TABLE ONLY "public"."_pages_v_version_hero_list_items"
    ADD CONSTRAINT "_pages_v_version_hero_list_items_pkey" PRIMARY KEY ("id");


--
-- Name: _richTextBlock_v_block_header_links_locales _richTextBlock_v_block_header_links_locales_pkey; Type: CONSTRAINT; Schema: public; Owner: -
--

ALTER TABLE ONLY "public"."_richTextBlock_v_block_header_links_locales"
    ADD CONSTRAINT "_richTextBlock_v_block_header_links_locales_pkey" PRIMARY KEY ("id");


--
-- Name: _richTextBlock_v_block_header_links _richTextBlock_v_block_header_links_pkey; Type: CONSTRAINT; Schema: public; Owner: -
--

ALTER TABLE ONLY "public"."_richTextBlock_v_block_header_links"
    ADD CONSTRAINT "_richTextBlock_v_block_header_links_pkey" PRIMARY KEY ("id");


--
-- Name: _richTextBlock_v_locales _richTextBlock_v_locales_pkey; Type: CONSTRAINT; Schema: public; Owner: -
--

ALTER TABLE ONLY "public"."_richTextBlock_v_locales"
    ADD CONSTRAINT "_richTextBlock_v_locales_pkey" PRIMARY KEY ("id");


--
-- Name: _richTextBlock_v _richTextBlock_v_pkey; Type: CONSTRAINT; Schema: public; Owner: -
--

ALTER TABLE ONLY "public"."_richTextBlock_v"
    ADD CONSTRAINT "_richTextBlock_v_pkey" PRIMARY KEY ("id");


--
-- Name: _teamBlock_v_block_header_links_locales _teamBlock_v_block_header_links_locales_pkey; Type: CONSTRAINT; Schema: public; Owner: -
--

ALTER TABLE ONLY "public"."_teamBlock_v_block_header_links_locales"
    ADD CONSTRAINT "_teamBlock_v_block_header_links_locales_pkey" PRIMARY KEY ("id");


--
-- Name: _teamBlock_v_block_header_links _teamBlock_v_block_header_links_pkey; Type: CONSTRAINT; Schema: public; Owner: -
--

ALTER TABLE ONLY "public"."_teamBlock_v_block_header_links"
    ADD CONSTRAINT "_teamBlock_v_block_header_links_pkey" PRIMARY KEY ("id");


--
-- Name: _teamBlock_v_locales _teamBlock_v_locales_pkey; Type: CONSTRAINT; Schema: public; Owner: -
--

ALTER TABLE ONLY "public"."_teamBlock_v_locales"
    ADD CONSTRAINT "_teamBlock_v_locales_pkey" PRIMARY KEY ("id");


--
-- Name: _teamBlock_v _teamBlock_v_pkey; Type: CONSTRAINT; Schema: public; Owner: -
--

ALTER TABLE ONLY "public"."_teamBlock_v"
    ADD CONSTRAINT "_teamBlock_v_pkey" PRIMARY KEY ("id");


--
-- Name: _teamBlock_v_team_locales _teamBlock_v_team_locales_pkey; Type: CONSTRAINT; Schema: public; Owner: -
--

ALTER TABLE ONLY "public"."_teamBlock_v_team_locales"
    ADD CONSTRAINT "_teamBlock_v_team_locales_pkey" PRIMARY KEY ("id");


--
-- Name: _teamBlock_v_team _teamBlock_v_team_pkey; Type: CONSTRAINT; Schema: public; Owner: -
--

ALTER TABLE ONLY "public"."_teamBlock_v_team"
    ADD CONSTRAINT "_teamBlock_v_team_pkey" PRIMARY KEY ("id");


--
-- Name: _testimonialsBlock_v_block_header_links_locales _testimonialsBlock_v_block_header_links_locales_pkey; Type: CONSTRAINT; Schema: public; Owner: -
--

ALTER TABLE ONLY "public"."_testimonialsBlock_v_block_header_links_locales"
    ADD CONSTRAINT "_testimonialsBlock_v_block_header_links_locales_pkey" PRIMARY KEY ("id");


--
-- Name: _testimonialsBlock_v_block_header_links _testimonialsBlock_v_block_header_links_pkey; Type: CONSTRAINT; Schema: public; Owner: -
--

ALTER TABLE ONLY "public"."_testimonialsBlock_v_block_header_links"
    ADD CONSTRAINT "_testimonialsBlock_v_block_header_links_pkey" PRIMARY KEY ("id");


--
-- Name: _testimonialsBlock_v_locales _testimonialsBlock_v_locales_pkey; Type: CONSTRAINT; Schema: public; Owner: -
--

ALTER TABLE ONLY "public"."_testimonialsBlock_v_locales"
    ADD CONSTRAINT "_testimonialsBlock_v_locales_pkey" PRIMARY KEY ("id");


--
-- Name: _testimonialsBlock_v _testimonialsBlock_v_pkey; Type: CONSTRAINT; Schema: public; Owner: -
--

ALTER TABLE ONLY "public"."_testimonialsBlock_v"
    ADD CONSTRAINT "_testimonialsBlock_v_pkey" PRIMARY KEY ("id");


--
-- Name: archiveBlock_block_header_links_locales archiveBlock_block_header_links_locales_pkey; Type: CONSTRAINT; Schema: public; Owner: -
--

ALTER TABLE ONLY "public"."archiveBlock_block_header_links_locales"
    ADD CONSTRAINT "archiveBlock_block_header_links_locales_pkey" PRIMARY KEY ("id");


--
-- Name: archiveBlock_block_header_links archiveBlock_block_header_links_pkey; Type: CONSTRAINT; Schema: public; Owner: -
--

ALTER TABLE ONLY "public"."archiveBlock_block_header_links"
    ADD CONSTRAINT "archiveBlock_block_header_links_pkey" PRIMARY KEY ("id");


--
-- Name: archiveBlock_locales archiveBlock_locales_pkey; Type: CONSTRAINT; Schema: public; Owner: -
--

ALTER TABLE ONLY "public"."archiveBlock_locales"
    ADD CONSTRAINT "archiveBlock_locales_pkey" PRIMARY KEY ("id");


--
-- Name: archiveBlock archiveBlock_pkey; Type: CONSTRAINT; Schema: public; Owner: -
--

ALTER TABLE ONLY "public"."archiveBlock"
    ADD CONSTRAINT "archiveBlock_pkey" PRIMARY KEY ("id");


--
-- Name: blog_posts_locales blog_posts_locales_pkey; Type: CONSTRAINT; Schema: public; Owner: -
--

ALTER TABLE ONLY "public"."blog_posts_locales"
    ADD CONSTRAINT "blog_posts_locales_pkey" PRIMARY KEY ("id");


--
-- Name: blog_posts blog_posts_pkey; Type: CONSTRAINT; Schema: public; Owner: -
--

ALTER TABLE ONLY "public"."blog_posts"
    ADD CONSTRAINT "blog_posts_pkey" PRIMARY KEY ("id");


--
-- Name: blog_posts_populated_authors blog_posts_populated_authors_pkey; Type: CONSTRAINT; Schema: public; Owner: -
--

ALTER TABLE ONLY "public"."blog_posts_populated_authors"
    ADD CONSTRAINT "blog_posts_populated_authors_pkey" PRIMARY KEY ("id");


--
-- Name: blog_posts_rels blog_posts_rels_pkey; Type: CONSTRAINT; Schema: public; Owner: -
--

ALTER TABLE ONLY "public"."blog_posts_rels"
    ADD CONSTRAINT "blog_posts_rels_pkey" PRIMARY KEY ("id");


--
-- Name: callToActionBlock_links_locales callToActionBlock_links_locales_pkey; Type: CONSTRAINT; Schema: public; Owner: -
--

ALTER TABLE ONLY "public"."callToActionBlock_links_locales"
    ADD CONSTRAINT "callToActionBlock_links_locales_pkey" PRIMARY KEY ("id");


--
-- Name: callToActionBlock_links callToActionBlock_links_pkey; Type: CONSTRAINT; Schema: public; Owner: -
--

ALTER TABLE ONLY "public"."callToActionBlock_links"
    ADD CONSTRAINT "callToActionBlock_links_pkey" PRIMARY KEY ("id");


--
-- Name: callToActionBlock_list callToActionBlock_list_pkey; Type: CONSTRAINT; Schema: public; Owner: -
--

ALTER TABLE ONLY "public"."callToActionBlock_list"
    ADD CONSTRAINT "callToActionBlock_list_pkey" PRIMARY KEY ("id");


--
-- Name: callToActionBlock_locales callToActionBlock_locales_pkey; Type: CONSTRAINT; Schema: public; Owner: -
--

ALTER TABLE ONLY "public"."callToActionBlock_locales"
    ADD CONSTRAINT "callToActionBlock_locales_pkey" PRIMARY KEY ("id");


--
-- Name: callToActionBlock callToActionBlock_pkey; Type: CONSTRAINT; Schema: public; Owner: -
--

ALTER TABLE ONLY "public"."callToActionBlock"
    ADD CONSTRAINT "callToActionBlock_pkey" PRIMARY KEY ("id");


--
-- Name: categories_breadcrumbs categories_breadcrumbs_pkey; Type: CONSTRAINT; Schema: public; Owner: -
--

ALTER TABLE ONLY "public"."categories_breadcrumbs"
    ADD CONSTRAINT "categories_breadcrumbs_pkey" PRIMARY KEY ("id");


--
-- Name: categories_locales categories_locales_pkey; Type: CONSTRAINT; Schema: public; Owner: -
--

ALTER TABLE ONLY "public"."categories_locales"
    ADD CONSTRAINT "categories_locales_pkey" PRIMARY KEY ("id");


--
-- Name: categories categories_pkey; Type: CONSTRAINT; Schema: public; Owner: -
--

ALTER TABLE ONLY "public"."categories"
    ADD CONSTRAINT "categories_pkey" PRIMARY KEY ("id");


--
-- Name: customHtmlBlock_block_header_links_locales customHtmlBlock_block_header_links_locales_pkey; Type: CONSTRAINT; Schema: public; Owner: -
--

ALTER TABLE ONLY "public"."customHtmlBlock_block_header_links_locales"
    ADD CONSTRAINT "customHtmlBlock_block_header_links_locales_pkey" PRIMARY KEY ("id");


--
-- Name: customHtmlBlock_block_header_links customHtmlBlock_block_header_links_pkey; Type: CONSTRAINT; Schema: public; Owner: -
--

ALTER TABLE ONLY "public"."customHtmlBlock_block_header_links"
    ADD CONSTRAINT "customHtmlBlock_block_header_links_pkey" PRIMARY KEY ("id");


--
-- Name: customHtmlBlock_locales customHtmlBlock_locales_pkey; Type: CONSTRAINT; Schema: public; Owner: -
--

ALTER TABLE ONLY "public"."customHtmlBlock_locales"
    ADD CONSTRAINT "customHtmlBlock_locales_pkey" PRIMARY KEY ("id");


--
-- Name: customHtmlBlock customHtmlBlock_pkey; Type: CONSTRAINT; Schema: public; Owner: -
--

ALTER TABLE ONLY "public"."customHtmlBlock"
    ADD CONSTRAINT "customHtmlBlock_pkey" PRIMARY KEY ("id");


--
-- Name: customers_locales customers_locales_pkey; Type: CONSTRAINT; Schema: public; Owner: -
--

ALTER TABLE ONLY "public"."customers_locales"
    ADD CONSTRAINT "customers_locales_pkey" PRIMARY KEY ("id");


--
-- Name: customers customers_pkey; Type: CONSTRAINT; Schema: public; Owner: -
--

ALTER TABLE ONLY "public"."customers"
    ADD CONSTRAINT "customers_pkey" PRIMARY KEY ("id");


--
-- Name: customers_rels customers_rels_pkey; Type: CONSTRAINT; Schema: public; Owner: -
--

ALTER TABLE ONLY "public"."customers_rels"
    ADD CONSTRAINT "customers_rels_pkey" PRIMARY KEY ("id");


--
-- Name: customers_testimonial_stats_locales customers_testimonial_stats_locales_pkey; Type: CONSTRAINT; Schema: public; Owner: -
--

ALTER TABLE ONLY "public"."customers_testimonial_stats_locales"
    ADD CONSTRAINT "customers_testimonial_stats_locales_pkey" PRIMARY KEY ("id");


--
-- Name: customers_testimonial_stats customers_testimonial_stats_pkey; Type: CONSTRAINT; Schema: public; Owner: -
--

ALTER TABLE ONLY "public"."customers_testimonial_stats"
    ADD CONSTRAINT "customers_testimonial_stats_pkey" PRIMARY KEY ("id");


--
-- Name: dividerBlock dividerBlock_pkey; Type: CONSTRAINT; Schema: public; Owner: -
--

ALTER TABLE ONLY "public"."dividerBlock"
    ADD CONSTRAINT "dividerBlock_pkey" PRIMARY KEY ("id");


--
-- Name: faqBlock_block_header_links_locales faqBlock_block_header_links_locales_pkey; Type: CONSTRAINT; Schema: public; Owner: -
--

ALTER TABLE ONLY "public"."faqBlock_block_header_links_locales"
    ADD CONSTRAINT "faqBlock_block_header_links_locales_pkey" PRIMARY KEY ("id");


--
-- Name: faqBlock_block_header_links faqBlock_block_header_links_pkey; Type: CONSTRAINT; Schema: public; Owner: -
--

ALTER TABLE ONLY "public"."faqBlock_block_header_links"
    ADD CONSTRAINT "faqBlock_block_header_links_pkey" PRIMARY KEY ("id");


--
-- Name: faqBlock_locales faqBlock_locales_pkey; Type: CONSTRAINT; Schema: public; Owner: -
--

ALTER TABLE ONLY "public"."faqBlock_locales"
    ADD CONSTRAINT "faqBlock_locales_pkey" PRIMARY KEY ("id");


--
-- Name: faqBlock faqBlock_pkey; Type: CONSTRAINT; Schema: public; Owner: -
--

ALTER TABLE ONLY "public"."faqBlock"
    ADD CONSTRAINT "faqBlock_pkey" PRIMARY KEY ("id");


--
-- Name: faq_locales faq_locales_pkey; Type: CONSTRAINT; Schema: public; Owner: -
--

ALTER TABLE ONLY "public"."faq_locales"
    ADD CONSTRAINT "faq_locales_pkey" PRIMARY KEY ("id");


--
-- Name: faq faq_pkey; Type: CONSTRAINT; Schema: public; Owner: -
--

ALTER TABLE ONLY "public"."faq"
    ADD CONSTRAINT "faq_pkey" PRIMARY KEY ("id");


--
-- Name: featuresBlock_block_header_links_locales featuresBlock_block_header_links_locales_pkey; Type: CONSTRAINT; Schema: public; Owner: -
--

ALTER TABLE ONLY "public"."featuresBlock_block_header_links_locales"
    ADD CONSTRAINT "featuresBlock_block_header_links_locales_pkey" PRIMARY KEY ("id");


--
-- Name: featuresBlock_block_header_links featuresBlock_block_header_links_pkey; Type: CONSTRAINT; Schema: public; Owner: -
--

ALTER TABLE ONLY "public"."featuresBlock_block_header_links"
    ADD CONSTRAINT "featuresBlock_block_header_links_pkey" PRIMARY KEY ("id");


--
-- Name: featuresBlock_columns_locales featuresBlock_columns_locales_pkey; Type: CONSTRAINT; Schema: public; Owner: -
--

ALTER TABLE ONLY "public"."featuresBlock_columns_locales"
    ADD CONSTRAINT "featuresBlock_columns_locales_pkey" PRIMARY KEY ("id");


--
-- Name: featuresBlock_columns featuresBlock_columns_pkey; Type: CONSTRAINT; Schema: public; Owner: -
--

ALTER TABLE ONLY "public"."featuresBlock_columns"
    ADD CONSTRAINT "featuresBlock_columns_pkey" PRIMARY KEY ("id");


--
-- Name: featuresBlock_locales featuresBlock_locales_pkey; Type: CONSTRAINT; Schema: public; Owner: -
--

ALTER TABLE ONLY "public"."featuresBlock_locales"
    ADD CONSTRAINT "featuresBlock_locales_pkey" PRIMARY KEY ("id");


--
-- Name: featuresBlock featuresBlock_pkey; Type: CONSTRAINT; Schema: public; Owner: -
--

ALTER TABLE ONLY "public"."featuresBlock"
    ADD CONSTRAINT "featuresBlock_pkey" PRIMARY KEY ("id");


--
-- Name: footer_columns_nav_items_locales footer_columns_nav_items_locales_pkey; Type: CONSTRAINT; Schema: public; Owner: -
--

ALTER TABLE ONLY "public"."footer_columns_nav_items_locales"
    ADD CONSTRAINT "footer_columns_nav_items_locales_pkey" PRIMARY KEY ("id");


--
-- Name: footer_columns_nav_items footer_columns_nav_items_pkey; Type: CONSTRAINT; Schema: public; Owner: -
--

ALTER TABLE ONLY "public"."footer_columns_nav_items"
    ADD CONSTRAINT "footer_columns_nav_items_pkey" PRIMARY KEY ("id");


--
-- Name: footer_columns footer_columns_pkey; Type: CONSTRAINT; Schema: public; Owner: -
--

ALTER TABLE ONLY "public"."footer_columns"
    ADD CONSTRAINT "footer_columns_pkey" PRIMARY KEY ("id");


--
-- Name: footer footer_pkey; Type: CONSTRAINT; Schema: public; Owner: -
--

ALTER TABLE ONLY "public"."footer"
    ADD CONSTRAINT "footer_pkey" PRIMARY KEY ("id");


--
-- Name: footer_rels footer_rels_pkey; Type: CONSTRAINT; Schema: public; Owner: -
--

ALTER TABLE ONLY "public"."footer_rels"
    ADD CONSTRAINT "footer_rels_pkey" PRIMARY KEY ("id");


--
-- Name: formBlock formBlock_pkey; Type: CONSTRAINT; Schema: public; Owner: -
--

ALTER TABLE ONLY "public"."formBlock"
    ADD CONSTRAINT "formBlock_pkey" PRIMARY KEY ("id");


--
-- Name: form_submissions form_submissions_pkey; Type: CONSTRAINT; Schema: public; Owner: -
--

ALTER TABLE ONLY "public"."form_submissions"
    ADD CONSTRAINT "form_submissions_pkey" PRIMARY KEY ("id");


--
-- Name: form_submissions_submission_data form_submissions_submission_data_pkey; Type: CONSTRAINT; Schema: public; Owner: -
--

ALTER TABLE ONLY "public"."form_submissions_submission_data"
    ADD CONSTRAINT "form_submissions_submission_data_pkey" PRIMARY KEY ("id");


--
-- Name: forms_blocks_checkbox_locales forms_blocks_checkbox_locales_pkey; Type: CONSTRAINT; Schema: public; Owner: -
--

ALTER TABLE ONLY "public"."forms_blocks_checkbox_locales"
    ADD CONSTRAINT "forms_blocks_checkbox_locales_pkey" PRIMARY KEY ("id");


--
-- Name: forms_blocks_checkbox forms_blocks_checkbox_pkey; Type: CONSTRAINT; Schema: public; Owner: -
--

ALTER TABLE ONLY "public"."forms_blocks_checkbox"
    ADD CONSTRAINT "forms_blocks_checkbox_pkey" PRIMARY KEY ("id");


--
-- Name: forms_blocks_country_locales forms_blocks_country_locales_pkey; Type: CONSTRAINT; Schema: public; Owner: -
--

ALTER TABLE ONLY "public"."forms_blocks_country_locales"
    ADD CONSTRAINT "forms_blocks_country_locales_pkey" PRIMARY KEY ("id");


--
-- Name: forms_blocks_country forms_blocks_country_pkey; Type: CONSTRAINT; Schema: public; Owner: -
--

ALTER TABLE ONLY "public"."forms_blocks_country"
    ADD CONSTRAINT "forms_blocks_country_pkey" PRIMARY KEY ("id");


--
-- Name: forms_blocks_email_locales forms_blocks_email_locales_pkey; Type: CONSTRAINT; Schema: public; Owner: -
--

ALTER TABLE ONLY "public"."forms_blocks_email_locales"
    ADD CONSTRAINT "forms_blocks_email_locales_pkey" PRIMARY KEY ("id");


--
-- Name: forms_blocks_email forms_blocks_email_pkey; Type: CONSTRAINT; Schema: public; Owner: -
--

ALTER TABLE ONLY "public"."forms_blocks_email"
    ADD CONSTRAINT "forms_blocks_email_pkey" PRIMARY KEY ("id");


--
-- Name: forms_blocks_message_locales forms_blocks_message_locales_pkey; Type: CONSTRAINT; Schema: public; Owner: -
--

ALTER TABLE ONLY "public"."forms_blocks_message_locales"
    ADD CONSTRAINT "forms_blocks_message_locales_pkey" PRIMARY KEY ("id");


--
-- Name: forms_blocks_message forms_blocks_message_pkey; Type: CONSTRAINT; Schema: public; Owner: -
--

ALTER TABLE ONLY "public"."forms_blocks_message"
    ADD CONSTRAINT "forms_blocks_message_pkey" PRIMARY KEY ("id");


--
-- Name: forms_blocks_number_locales forms_blocks_number_locales_pkey; Type: CONSTRAINT; Schema: public; Owner: -
--

ALTER TABLE ONLY "public"."forms_blocks_number_locales"
    ADD CONSTRAINT "forms_blocks_number_locales_pkey" PRIMARY KEY ("id");


--
-- Name: forms_blocks_number forms_blocks_number_pkey; Type: CONSTRAINT; Schema: public; Owner: -
--

ALTER TABLE ONLY "public"."forms_blocks_number"
    ADD CONSTRAINT "forms_blocks_number_pkey" PRIMARY KEY ("id");


--
-- Name: forms_blocks_select_locales forms_blocks_select_locales_pkey; Type: CONSTRAINT; Schema: public; Owner: -
--

ALTER TABLE ONLY "public"."forms_blocks_select_locales"
    ADD CONSTRAINT "forms_blocks_select_locales_pkey" PRIMARY KEY ("id");


--
-- Name: forms_blocks_select_options_locales forms_blocks_select_options_locales_pkey; Type: CONSTRAINT; Schema: public; Owner: -
--

ALTER TABLE ONLY "public"."forms_blocks_select_options_locales"
    ADD CONSTRAINT "forms_blocks_select_options_locales_pkey" PRIMARY KEY ("id");


--
-- Name: forms_blocks_select_options forms_blocks_select_options_pkey; Type: CONSTRAINT; Schema: public; Owner: -
--

ALTER TABLE ONLY "public"."forms_blocks_select_options"
    ADD CONSTRAINT "forms_blocks_select_options_pkey" PRIMARY KEY ("id");


--
-- Name: forms_blocks_select forms_blocks_select_pkey; Type: CONSTRAINT; Schema: public; Owner: -
--

ALTER TABLE ONLY "public"."forms_blocks_select"
    ADD CONSTRAINT "forms_blocks_select_pkey" PRIMARY KEY ("id");


--
-- Name: forms_blocks_state_locales forms_blocks_state_locales_pkey; Type: CONSTRAINT; Schema: public; Owner: -
--

ALTER TABLE ONLY "public"."forms_blocks_state_locales"
    ADD CONSTRAINT "forms_blocks_state_locales_pkey" PRIMARY KEY ("id");


--
-- Name: forms_blocks_state forms_blocks_state_pkey; Type: CONSTRAINT; Schema: public; Owner: -
--

ALTER TABLE ONLY "public"."forms_blocks_state"
    ADD CONSTRAINT "forms_blocks_state_pkey" PRIMARY KEY ("id");


--
-- Name: forms_blocks_text_locales forms_blocks_text_locales_pkey; Type: CONSTRAINT; Schema: public; Owner: -
--

ALTER TABLE ONLY "public"."forms_blocks_text_locales"
    ADD CONSTRAINT "forms_blocks_text_locales_pkey" PRIMARY KEY ("id");


--
-- Name: forms_blocks_text forms_blocks_text_pkey; Type: CONSTRAINT; Schema: public; Owner: -
--

ALTER TABLE ONLY "public"."forms_blocks_text"
    ADD CONSTRAINT "forms_blocks_text_pkey" PRIMARY KEY ("id");


--
-- Name: forms_blocks_textarea_locales forms_blocks_textarea_locales_pkey; Type: CONSTRAINT; Schema: public; Owner: -
--

ALTER TABLE ONLY "public"."forms_blocks_textarea_locales"
    ADD CONSTRAINT "forms_blocks_textarea_locales_pkey" PRIMARY KEY ("id");


--
-- Name: forms_blocks_textarea forms_blocks_textarea_pkey; Type: CONSTRAINT; Schema: public; Owner: -
--

ALTER TABLE ONLY "public"."forms_blocks_textarea"
    ADD CONSTRAINT "forms_blocks_textarea_pkey" PRIMARY KEY ("id");


--
-- Name: forms_emails_locales forms_emails_locales_pkey; Type: CONSTRAINT; Schema: public; Owner: -
--

ALTER TABLE ONLY "public"."forms_emails_locales"
    ADD CONSTRAINT "forms_emails_locales_pkey" PRIMARY KEY ("id");


--
-- Name: forms_emails forms_emails_pkey; Type: CONSTRAINT; Schema: public; Owner: -
--

ALTER TABLE ONLY "public"."forms_emails"
    ADD CONSTRAINT "forms_emails_pkey" PRIMARY KEY ("id");


--
-- Name: forms_locales forms_locales_pkey; Type: CONSTRAINT; Schema: public; Owner: -
--

ALTER TABLE ONLY "public"."forms_locales"
    ADD CONSTRAINT "forms_locales_pkey" PRIMARY KEY ("id");


--
-- Name: forms forms_pkey; Type: CONSTRAINT; Schema: public; Owner: -
--

ALTER TABLE ONLY "public"."forms"
    ADD CONSTRAINT "forms_pkey" PRIMARY KEY ("id");


--
-- Name: galleryBlock_block_header_links_locales galleryBlock_block_header_links_locales_pkey; Type: CONSTRAINT; Schema: public; Owner: -
--

ALTER TABLE ONLY "public"."galleryBlock_block_header_links_locales"
    ADD CONSTRAINT "galleryBlock_block_header_links_locales_pkey" PRIMARY KEY ("id");


--
-- Name: galleryBlock_block_header_links galleryBlock_block_header_links_pkey; Type: CONSTRAINT; Schema: public; Owner: -
--

ALTER TABLE ONLY "public"."galleryBlock_block_header_links"
    ADD CONSTRAINT "galleryBlock_block_header_links_pkey" PRIMARY KEY ("id");


--
-- Name: galleryBlock_interactive_gallery_locales galleryBlock_interactive_gallery_locales_pkey; Type: CONSTRAINT; Schema: public; Owner: -
--

ALTER TABLE ONLY "public"."galleryBlock_interactive_gallery_locales"
    ADD CONSTRAINT "galleryBlock_interactive_gallery_locales_pkey" PRIMARY KEY ("id");


--
-- Name: galleryBlock_interactive_gallery galleryBlock_interactive_gallery_pkey; Type: CONSTRAINT; Schema: public; Owner: -
--

ALTER TABLE ONLY "public"."galleryBlock_interactive_gallery"
    ADD CONSTRAINT "galleryBlock_interactive_gallery_pkey" PRIMARY KEY ("id");


--
-- Name: galleryBlock_locales galleryBlock_locales_pkey; Type: CONSTRAINT; Schema: public; Owner: -
--

ALTER TABLE ONLY "public"."galleryBlock_locales"
    ADD CONSTRAINT "galleryBlock_locales_pkey" PRIMARY KEY ("id");


--
-- Name: galleryBlock galleryBlock_pkey; Type: CONSTRAINT; Schema: public; Owner: -
--

ALTER TABLE ONLY "public"."galleryBlock"
    ADD CONSTRAINT "galleryBlock_pkey" PRIMARY KEY ("id");


--
-- Name: header_cta_locales header_cta_locales_pkey; Type: CONSTRAINT; Schema: public; Owner: -
--

ALTER TABLE ONLY "public"."header_cta_locales"
    ADD CONSTRAINT "header_cta_locales_pkey" PRIMARY KEY ("id");


--
-- Name: header_cta header_cta_pkey; Type: CONSTRAINT; Schema: public; Owner: -
--

ALTER TABLE ONLY "public"."header_cta"
    ADD CONSTRAINT "header_cta_pkey" PRIMARY KEY ("id");


--
-- Name: header header_pkey; Type: CONSTRAINT; Schema: public; Owner: -
--

ALTER TABLE ONLY "public"."header"
    ADD CONSTRAINT "header_pkey" PRIMARY KEY ("id");


--
-- Name: header_rels header_rels_pkey; Type: CONSTRAINT; Schema: public; Owner: -
--

ALTER TABLE ONLY "public"."header_rels"
    ADD CONSTRAINT "header_rels_pkey" PRIMARY KEY ("id");


--
-- Name: header_tabs_description_links_locales header_tabs_description_links_locales_pkey; Type: CONSTRAINT; Schema: public; Owner: -
--

ALTER TABLE ONLY "public"."header_tabs_description_links_locales"
    ADD CONSTRAINT "header_tabs_description_links_locales_pkey" PRIMARY KEY ("id");


--
-- Name: header_tabs_description_links header_tabs_description_links_pkey; Type: CONSTRAINT; Schema: public; Owner: -
--

ALTER TABLE ONLY "public"."header_tabs_description_links"
    ADD CONSTRAINT "header_tabs_description_links_pkey" PRIMARY KEY ("id");


--
-- Name: header_tabs_locales header_tabs_locales_pkey; Type: CONSTRAINT; Schema: public; Owner: -
--

ALTER TABLE ONLY "public"."header_tabs_locales"
    ADD CONSTRAINT "header_tabs_locales_pkey" PRIMARY KEY ("id");


--
-- Name: header_tabs_nav_items_featured_link_links_locales header_tabs_nav_items_featured_link_links_locales_pkey; Type: CONSTRAINT; Schema: public; Owner: -
--

ALTER TABLE ONLY "public"."header_tabs_nav_items_featured_link_links_locales"
    ADD CONSTRAINT "header_tabs_nav_items_featured_link_links_locales_pkey" PRIMARY KEY ("id");


--
-- Name: header_tabs_nav_items_featured_link_links header_tabs_nav_items_featured_link_links_pkey; Type: CONSTRAINT; Schema: public; Owner: -
--

ALTER TABLE ONLY "public"."header_tabs_nav_items_featured_link_links"
    ADD CONSTRAINT "header_tabs_nav_items_featured_link_links_pkey" PRIMARY KEY ("id");


--
-- Name: header_tabs_nav_items_list_links_links_locales header_tabs_nav_items_list_links_links_locales_pkey; Type: CONSTRAINT; Schema: public; Owner: -
--

ALTER TABLE ONLY "public"."header_tabs_nav_items_list_links_links_locales"
    ADD CONSTRAINT "header_tabs_nav_items_list_links_links_locales_pkey" PRIMARY KEY ("id");


--
-- Name: header_tabs_nav_items_list_links_links header_tabs_nav_items_list_links_links_pkey; Type: CONSTRAINT; Schema: public; Owner: -
--

ALTER TABLE ONLY "public"."header_tabs_nav_items_list_links_links"
    ADD CONSTRAINT "header_tabs_nav_items_list_links_links_pkey" PRIMARY KEY ("id");


--
-- Name: header_tabs_nav_items_locales header_tabs_nav_items_locales_pkey; Type: CONSTRAINT; Schema: public; Owner: -
--

ALTER TABLE ONLY "public"."header_tabs_nav_items_locales"
    ADD CONSTRAINT "header_tabs_nav_items_locales_pkey" PRIMARY KEY ("id");


--
-- Name: header_tabs_nav_items header_tabs_nav_items_pkey; Type: CONSTRAINT; Schema: public; Owner: -
--

ALTER TABLE ONLY "public"."header_tabs_nav_items"
    ADD CONSTRAINT "header_tabs_nav_items_pkey" PRIMARY KEY ("id");


--
-- Name: header_tabs header_tabs_pkey; Type: CONSTRAINT; Schema: public; Owner: -
--

ALTER TABLE ONLY "public"."header_tabs"
    ADD CONSTRAINT "header_tabs_pkey" PRIMARY KEY ("id");


--
-- Name: logosBlock_block_header_links_locales logosBlock_block_header_links_locales_pkey; Type: CONSTRAINT; Schema: public; Owner: -
--

ALTER TABLE ONLY "public"."logosBlock_block_header_links_locales"
    ADD CONSTRAINT "logosBlock_block_header_links_locales_pkey" PRIMARY KEY ("id");


--
-- Name: logosBlock_block_header_links logosBlock_block_header_links_pkey; Type: CONSTRAINT; Schema: public; Owner: -
--

ALTER TABLE ONLY "public"."logosBlock_block_header_links"
    ADD CONSTRAINT "logosBlock_block_header_links_pkey" PRIMARY KEY ("id");


--
-- Name: logosBlock_locales logosBlock_locales_pkey; Type: CONSTRAINT; Schema: public; Owner: -
--

ALTER TABLE ONLY "public"."logosBlock_locales"
    ADD CONSTRAINT "logosBlock_locales_pkey" PRIMARY KEY ("id");


--
-- Name: logosBlock logosBlock_pkey; Type: CONSTRAINT; Schema: public; Owner: -
--

ALTER TABLE ONLY "public"."logosBlock"
    ADD CONSTRAINT "logosBlock_pkey" PRIMARY KEY ("id");


--
-- Name: media media_pkey; Type: CONSTRAINT; Schema: public; Owner: -
--

ALTER TABLE ONLY "public"."media"
    ADD CONSTRAINT "media_pkey" PRIMARY KEY ("id");


--
-- Name: media_rels media_rels_pkey; Type: CONSTRAINT; Schema: public; Owner: -
--

ALTER TABLE ONLY "public"."media_rels"
    ADD CONSTRAINT "media_rels_pkey" PRIMARY KEY ("id");


--
-- Name: metricsBlock_block_header_links_locales metricsBlock_block_header_links_locales_pkey; Type: CONSTRAINT; Schema: public; Owner: -
--

ALTER TABLE ONLY "public"."metricsBlock_block_header_links_locales"
    ADD CONSTRAINT "metricsBlock_block_header_links_locales_pkey" PRIMARY KEY ("id");


--
-- Name: metricsBlock_block_header_links metricsBlock_block_header_links_pkey; Type: CONSTRAINT; Schema: public; Owner: -
--

ALTER TABLE ONLY "public"."metricsBlock_block_header_links"
    ADD CONSTRAINT "metricsBlock_block_header_links_pkey" PRIMARY KEY ("id");


--
-- Name: metricsBlock_locales metricsBlock_locales_pkey; Type: CONSTRAINT; Schema: public; Owner: -
--

ALTER TABLE ONLY "public"."metricsBlock_locales"
    ADD CONSTRAINT "metricsBlock_locales_pkey" PRIMARY KEY ("id");


--
-- Name: metricsBlock metricsBlock_pkey; Type: CONSTRAINT; Schema: public; Owner: -
--

ALTER TABLE ONLY "public"."metricsBlock"
    ADD CONSTRAINT "metricsBlock_pkey" PRIMARY KEY ("id");


--
-- Name: metricsBlock_stats_locales metricsBlock_stats_locales_pkey; Type: CONSTRAINT; Schema: public; Owner: -
--

ALTER TABLE ONLY "public"."metricsBlock_stats_locales"
    ADD CONSTRAINT "metricsBlock_stats_locales_pkey" PRIMARY KEY ("id");


--
-- Name: metricsBlock_stats metricsBlock_stats_pkey; Type: CONSTRAINT; Schema: public; Owner: -
--

ALTER TABLE ONLY "public"."metricsBlock_stats"
    ADD CONSTRAINT "metricsBlock_stats_pkey" PRIMARY KEY ("id");


--
-- Name: metricsBlock_table_headers metricsBlock_table_headers_pkey; Type: CONSTRAINT; Schema: public; Owner: -
--

ALTER TABLE ONLY "public"."metricsBlock_table_headers"
    ADD CONSTRAINT "metricsBlock_table_headers_pkey" PRIMARY KEY ("id");


--
-- Name: metricsBlock_table_rows_cells metricsBlock_table_rows_cells_pkey; Type: CONSTRAINT; Schema: public; Owner: -
--

ALTER TABLE ONLY "public"."metricsBlock_table_rows_cells"
    ADD CONSTRAINT "metricsBlock_table_rows_cells_pkey" PRIMARY KEY ("id");


--
-- Name: metricsBlock_table_rows_children_cells metricsBlock_table_rows_children_cells_pkey; Type: CONSTRAINT; Schema: public; Owner: -
--

ALTER TABLE ONLY "public"."metricsBlock_table_rows_children_cells"
    ADD CONSTRAINT "metricsBlock_table_rows_children_cells_pkey" PRIMARY KEY ("id");


--
-- Name: metricsBlock_table_rows_children metricsBlock_table_rows_children_pkey; Type: CONSTRAINT; Schema: public; Owner: -
--

ALTER TABLE ONLY "public"."metricsBlock_table_rows_children"
    ADD CONSTRAINT "metricsBlock_table_rows_children_pkey" PRIMARY KEY ("id");


--
-- Name: metricsBlock_table_rows metricsBlock_table_rows_pkey; Type: CONSTRAINT; Schema: public; Owner: -
--

ALTER TABLE ONLY "public"."metricsBlock_table_rows"
    ADD CONSTRAINT "metricsBlock_table_rows_pkey" PRIMARY KEY ("id");


--
-- Name: pages_hero_links_locales pages_hero_links_locales_pkey; Type: CONSTRAINT; Schema: public; Owner: -
--

ALTER TABLE ONLY "public"."pages_hero_links_locales"
    ADD CONSTRAINT "pages_hero_links_locales_pkey" PRIMARY KEY ("id");


--
-- Name: pages_hero_links pages_hero_links_pkey; Type: CONSTRAINT; Schema: public; Owner: -
--

ALTER TABLE ONLY "public"."pages_hero_links"
    ADD CONSTRAINT "pages_hero_links_pkey" PRIMARY KEY ("id");


--
-- Name: pages_hero_list_items_locales pages_hero_list_items_locales_pkey; Type: CONSTRAINT; Schema: public; Owner: -
--

ALTER TABLE ONLY "public"."pages_hero_list_items_locales"
    ADD CONSTRAINT "pages_hero_list_items_locales_pkey" PRIMARY KEY ("id");


--
-- Name: pages_hero_list_items pages_hero_list_items_pkey; Type: CONSTRAINT; Schema: public; Owner: -
--

ALTER TABLE ONLY "public"."pages_hero_list_items"
    ADD CONSTRAINT "pages_hero_list_items_pkey" PRIMARY KEY ("id");


--
-- Name: pages_locales pages_locales_pkey; Type: CONSTRAINT; Schema: public; Owner: -
--

ALTER TABLE ONLY "public"."pages_locales"
    ADD CONSTRAINT "pages_locales_pkey" PRIMARY KEY ("id");


--
-- Name: pages pages_pkey; Type: CONSTRAINT; Schema: public; Owner: -
--

ALTER TABLE ONLY "public"."pages"
    ADD CONSTRAINT "pages_pkey" PRIMARY KEY ("id");


--
-- Name: pages_rels pages_rels_pkey; Type: CONSTRAINT; Schema: public; Owner: -
--

ALTER TABLE ONLY "public"."pages_rels"
    ADD CONSTRAINT "pages_rels_pkey" PRIMARY KEY ("id");


--
-- Name: payload_folders_folder_type payload_folders_folder_type_pkey; Type: CONSTRAINT; Schema: public; Owner: -
--

ALTER TABLE ONLY "public"."payload_folders_folder_type"
    ADD CONSTRAINT "payload_folders_folder_type_pkey" PRIMARY KEY ("id");


--
-- Name: payload_folders payload_folders_pkey; Type: CONSTRAINT; Schema: public; Owner: -
--

ALTER TABLE ONLY "public"."payload_folders"
    ADD CONSTRAINT "payload_folders_pkey" PRIMARY KEY ("id");


--
-- Name: payload_jobs_log payload_jobs_log_pkey; Type: CONSTRAINT; Schema: public; Owner: -
--

ALTER TABLE ONLY "public"."payload_jobs_log"
    ADD CONSTRAINT "payload_jobs_log_pkey" PRIMARY KEY ("id");


--
-- Name: payload_jobs payload_jobs_pkey; Type: CONSTRAINT; Schema: public; Owner: -
--

ALTER TABLE ONLY "public"."payload_jobs"
    ADD CONSTRAINT "payload_jobs_pkey" PRIMARY KEY ("id");


--
-- Name: payload_locked_documents payload_locked_documents_pkey; Type: CONSTRAINT; Schema: public; Owner: -
--

ALTER TABLE ONLY "public"."payload_locked_documents"
    ADD CONSTRAINT "payload_locked_documents_pkey" PRIMARY KEY ("id");


--
-- Name: payload_locked_documents_rels payload_locked_documents_rels_pkey; Type: CONSTRAINT; Schema: public; Owner: -
--

ALTER TABLE ONLY "public"."payload_locked_documents_rels"
    ADD CONSTRAINT "payload_locked_documents_rels_pkey" PRIMARY KEY ("id");


--
-- Name: payload_migrations payload_migrations_pkey; Type: CONSTRAINT; Schema: public; Owner: -
--

ALTER TABLE ONLY "public"."payload_migrations"
    ADD CONSTRAINT "payload_migrations_pkey" PRIMARY KEY ("id");


--
-- Name: payload_preferences payload_preferences_pkey; Type: CONSTRAINT; Schema: public; Owner: -
--

ALTER TABLE ONLY "public"."payload_preferences"
    ADD CONSTRAINT "payload_preferences_pkey" PRIMARY KEY ("id");


--
-- Name: payload_preferences_rels payload_preferences_rels_pkey; Type: CONSTRAINT; Schema: public; Owner: -
--

ALTER TABLE ONLY "public"."payload_preferences_rels"
    ADD CONSTRAINT "payload_preferences_rels_pkey" PRIMARY KEY ("id");


--
-- Name: redirects redirects_pkey; Type: CONSTRAINT; Schema: public; Owner: -
--

ALTER TABLE ONLY "public"."redirects"
    ADD CONSTRAINT "redirects_pkey" PRIMARY KEY ("id");


--
-- Name: redirects_rels redirects_rels_pkey; Type: CONSTRAINT; Schema: public; Owner: -
--

ALTER TABLE ONLY "public"."redirects_rels"
    ADD CONSTRAINT "redirects_rels_pkey" PRIMARY KEY ("id");


--
-- Name: richTextBlock_block_header_links_locales richTextBlock_block_header_links_locales_pkey; Type: CONSTRAINT; Schema: public; Owner: -
--

ALTER TABLE ONLY "public"."richTextBlock_block_header_links_locales"
    ADD CONSTRAINT "richTextBlock_block_header_links_locales_pkey" PRIMARY KEY ("id");


--
-- Name: richTextBlock_block_header_links richTextBlock_block_header_links_pkey; Type: CONSTRAINT; Schema: public; Owner: -
--

ALTER TABLE ONLY "public"."richTextBlock_block_header_links"
    ADD CONSTRAINT "richTextBlock_block_header_links_pkey" PRIMARY KEY ("id");


--
-- Name: richTextBlock_locales richTextBlock_locales_pkey; Type: CONSTRAINT; Schema: public; Owner: -
--

ALTER TABLE ONLY "public"."richTextBlock_locales"
    ADD CONSTRAINT "richTextBlock_locales_pkey" PRIMARY KEY ("id");


--
-- Name: richTextBlock richTextBlock_pkey; Type: CONSTRAINT; Schema: public; Owner: -
--

ALTER TABLE ONLY "public"."richTextBlock"
    ADD CONSTRAINT "richTextBlock_pkey" PRIMARY KEY ("id");


--
-- Name: search_categories search_categories_pkey; Type: CONSTRAINT; Schema: public; Owner: -
--

ALTER TABLE ONLY "public"."search_categories"
    ADD CONSTRAINT "search_categories_pkey" PRIMARY KEY ("id");


--
-- Name: search_locales search_locales_pkey; Type: CONSTRAINT; Schema: public; Owner: -
--

ALTER TABLE ONLY "public"."search_locales"
    ADD CONSTRAINT "search_locales_pkey" PRIMARY KEY ("id");


--
-- Name: search search_pkey; Type: CONSTRAINT; Schema: public; Owner: -
--

ALTER TABLE ONLY "public"."search"
    ADD CONSTRAINT "search_pkey" PRIMARY KEY ("id");


--
-- Name: search_rels search_rels_pkey; Type: CONSTRAINT; Schema: public; Owner: -
--

ALTER TABLE ONLY "public"."search_rels"
    ADD CONSTRAINT "search_rels_pkey" PRIMARY KEY ("id");


--
-- Name: settings_locales settings_locales_pkey; Type: CONSTRAINT; Schema: public; Owner: -
--

ALTER TABLE ONLY "public"."settings_locales"
    ADD CONSTRAINT "settings_locales_pkey" PRIMARY KEY ("id");


--
-- Name: settings settings_pkey; Type: CONSTRAINT; Schema: public; Owner: -
--

ALTER TABLE ONLY "public"."settings"
    ADD CONSTRAINT "settings_pkey" PRIMARY KEY ("id");


--
-- Name: settings_rels settings_rels_pkey; Type: CONSTRAINT; Schema: public; Owner: -
--

ALTER TABLE ONLY "public"."settings_rels"
    ADD CONSTRAINT "settings_rels_pkey" PRIMARY KEY ("id");


--
-- Name: teamBlock_block_header_links_locales teamBlock_block_header_links_locales_pkey; Type: CONSTRAINT; Schema: public; Owner: -
--

ALTER TABLE ONLY "public"."teamBlock_block_header_links_locales"
    ADD CONSTRAINT "teamBlock_block_header_links_locales_pkey" PRIMARY KEY ("id");


--
-- Name: teamBlock_block_header_links teamBlock_block_header_links_pkey; Type: CONSTRAINT; Schema: public; Owner: -
--

ALTER TABLE ONLY "public"."teamBlock_block_header_links"
    ADD CONSTRAINT "teamBlock_block_header_links_pkey" PRIMARY KEY ("id");


--
-- Name: teamBlock_locales teamBlock_locales_pkey; Type: CONSTRAINT; Schema: public; Owner: -
--

ALTER TABLE ONLY "public"."teamBlock_locales"
    ADD CONSTRAINT "teamBlock_locales_pkey" PRIMARY KEY ("id");


--
-- Name: teamBlock teamBlock_pkey; Type: CONSTRAINT; Schema: public; Owner: -
--

ALTER TABLE ONLY "public"."teamBlock"
    ADD CONSTRAINT "teamBlock_pkey" PRIMARY KEY ("id");


--
-- Name: teamBlock_team_locales teamBlock_team_locales_pkey; Type: CONSTRAINT; Schema: public; Owner: -
--

ALTER TABLE ONLY "public"."teamBlock_team_locales"
    ADD CONSTRAINT "teamBlock_team_locales_pkey" PRIMARY KEY ("id");


--
-- Name: teamBlock_team teamBlock_team_pkey; Type: CONSTRAINT; Schema: public; Owner: -
--

ALTER TABLE ONLY "public"."teamBlock_team"
    ADD CONSTRAINT "teamBlock_team_pkey" PRIMARY KEY ("id");


--
-- Name: testimonialsBlock_block_header_links_locales testimonialsBlock_block_header_links_locales_pkey; Type: CONSTRAINT; Schema: public; Owner: -
--

ALTER TABLE ONLY "public"."testimonialsBlock_block_header_links_locales"
    ADD CONSTRAINT "testimonialsBlock_block_header_links_locales_pkey" PRIMARY KEY ("id");


--
-- Name: testimonialsBlock_block_header_links testimonialsBlock_block_header_links_pkey; Type: CONSTRAINT; Schema: public; Owner: -
--

ALTER TABLE ONLY "public"."testimonialsBlock_block_header_links"
    ADD CONSTRAINT "testimonialsBlock_block_header_links_pkey" PRIMARY KEY ("id");


--
-- Name: testimonialsBlock_locales testimonialsBlock_locales_pkey; Type: CONSTRAINT; Schema: public; Owner: -
--

ALTER TABLE ONLY "public"."testimonialsBlock_locales"
    ADD CONSTRAINT "testimonialsBlock_locales_pkey" PRIMARY KEY ("id");


--
-- Name: testimonialsBlock testimonialsBlock_pkey; Type: CONSTRAINT; Schema: public; Owner: -
--

ALTER TABLE ONLY "public"."testimonialsBlock"
    ADD CONSTRAINT "testimonialsBlock_pkey" PRIMARY KEY ("id");


--
-- Name: users_locales users_locales_pkey; Type: CONSTRAINT; Schema: public; Owner: -
--

ALTER TABLE ONLY "public"."users_locales"
    ADD CONSTRAINT "users_locales_pkey" PRIMARY KEY ("id");


--
-- Name: users users_pkey; Type: CONSTRAINT; Schema: public; Owner: -
--

ALTER TABLE ONLY "public"."users"
    ADD CONSTRAINT "users_pkey" PRIMARY KEY ("id");


--
-- Name: users_sessions users_sessions_pkey; Type: CONSTRAINT; Schema: public; Owner: -
--

ALTER TABLE ONLY "public"."users_sessions"
    ADD CONSTRAINT "users_sessions_pkey" PRIMARY KEY ("id");


--
-- Name: _archiveBlock_v_block_header_links_locales_locale_parent_id_uni; Type: INDEX; Schema: public; Owner: -
--

CREATE UNIQUE INDEX "_archiveBlock_v_block_header_links_locales_locale_parent_id_uni" ON "public"."_archiveBlock_v_block_header_links_locales" USING "btree" ("_locale", "_parent_id");


--
-- Name: _archiveBlock_v_block_header_links_order_idx; Type: INDEX; Schema: public; Owner: -
--

CREATE INDEX "_archiveBlock_v_block_header_links_order_idx" ON "public"."_archiveBlock_v_block_header_links" USING "btree" ("_order");


--
-- Name: _archiveBlock_v_block_header_links_parent_id_idx; Type: INDEX; Schema: public; Owner: -
--

CREATE INDEX "_archiveBlock_v_block_header_links_parent_id_idx" ON "public"."_archiveBlock_v_block_header_links" USING "btree" ("_parent_id");


--
-- Name: _archiveBlock_v_locales_locale_parent_id_unique; Type: INDEX; Schema: public; Owner: -
--

CREATE UNIQUE INDEX "_archiveBlock_v_locales_locale_parent_id_unique" ON "public"."_archiveBlock_v_locales" USING "btree" ("_locale", "_parent_id");


--
-- Name: _archiveBlock_v_order_idx; Type: INDEX; Schema: public; Owner: -
--

CREATE INDEX "_archiveBlock_v_order_idx" ON "public"."_archiveBlock_v" USING "btree" ("_order");


--
-- Name: _archiveBlock_v_parent_id_idx; Type: INDEX; Schema: public; Owner: -
--

CREATE INDEX "_archiveBlock_v_parent_id_idx" ON "public"."_archiveBlock_v" USING "btree" ("_parent_id");


--
-- Name: _archiveBlock_v_path_idx; Type: INDEX; Schema: public; Owner: -
--

CREATE INDEX "_archiveBlock_v_path_idx" ON "public"."_archiveBlock_v" USING "btree" ("_path");


--
-- Name: _blog_posts_v_created_at_idx; Type: INDEX; Schema: public; Owner: -
--

CREATE INDEX "_blog_posts_v_created_at_idx" ON "public"."_blog_posts_v" USING "btree" ("created_at");


--
-- Name: _blog_posts_v_latest_idx; Type: INDEX; Schema: public; Owner: -
--

CREATE INDEX "_blog_posts_v_latest_idx" ON "public"."_blog_posts_v" USING "btree" ("latest");


--
-- Name: _blog_posts_v_locales_locale_parent_id_unique; Type: INDEX; Schema: public; Owner: -
--

CREATE UNIQUE INDEX "_blog_posts_v_locales_locale_parent_id_unique" ON "public"."_blog_posts_v_locales" USING "btree" ("_locale", "_parent_id");


--
-- Name: _blog_posts_v_parent_idx; Type: INDEX; Schema: public; Owner: -
--

CREATE INDEX "_blog_posts_v_parent_idx" ON "public"."_blog_posts_v" USING "btree" ("parent_id");


--
-- Name: _blog_posts_v_published_locale_idx; Type: INDEX; Schema: public; Owner: -
--

CREATE INDEX "_blog_posts_v_published_locale_idx" ON "public"."_blog_posts_v" USING "btree" ("published_locale");


--
-- Name: _blog_posts_v_rels_blog_posts_id_idx; Type: INDEX; Schema: public; Owner: -
--

CREATE INDEX "_blog_posts_v_rels_blog_posts_id_idx" ON "public"."_blog_posts_v_rels" USING "btree" ("blog_posts_id", "locale");


--
-- Name: _blog_posts_v_rels_categories_id_idx; Type: INDEX; Schema: public; Owner: -
--

CREATE INDEX "_blog_posts_v_rels_categories_id_idx" ON "public"."_blog_posts_v_rels" USING "btree" ("categories_id", "locale");


--
-- Name: _blog_posts_v_rels_locale_idx; Type: INDEX; Schema: public; Owner: -
--

CREATE INDEX "_blog_posts_v_rels_locale_idx" ON "public"."_blog_posts_v_rels" USING "btree" ("locale");


--
-- Name: _blog_posts_v_rels_order_idx; Type: INDEX; Schema: public; Owner: -
--

CREATE INDEX "_blog_posts_v_rels_order_idx" ON "public"."_blog_posts_v_rels" USING "btree" ("order");


--
-- Name: _blog_posts_v_rels_parent_idx; Type: INDEX; Schema: public; Owner: -
--

CREATE INDEX "_blog_posts_v_rels_parent_idx" ON "public"."_blog_posts_v_rels" USING "btree" ("parent_id");


--
-- Name: _blog_posts_v_rels_path_idx; Type: INDEX; Schema: public; Owner: -
--

CREATE INDEX "_blog_posts_v_rels_path_idx" ON "public"."_blog_posts_v_rels" USING "btree" ("path");


--
-- Name: _blog_posts_v_rels_users_id_idx; Type: INDEX; Schema: public; Owner: -
--

CREATE INDEX "_blog_posts_v_rels_users_id_idx" ON "public"."_blog_posts_v_rels" USING "btree" ("users_id", "locale");


--
-- Name: _blog_posts_v_snapshot_idx; Type: INDEX; Schema: public; Owner: -
--

CREATE INDEX "_blog_posts_v_snapshot_idx" ON "public"."_blog_posts_v" USING "btree" ("snapshot");


--
-- Name: _blog_posts_v_updated_at_idx; Type: INDEX; Schema: public; Owner: -
--

CREATE INDEX "_blog_posts_v_updated_at_idx" ON "public"."_blog_posts_v" USING "btree" ("updated_at");


--
-- Name: _blog_posts_v_version_meta_version_meta_image_idx; Type: INDEX; Schema: public; Owner: -
--

CREATE INDEX "_blog_posts_v_version_meta_version_meta_image_idx" ON "public"."_blog_posts_v_locales" USING "btree" ("version_meta_image_id");


--
-- Name: _blog_posts_v_version_populated_authors_order_idx; Type: INDEX; Schema: public; Owner: -
--

CREATE INDEX "_blog_posts_v_version_populated_authors_order_idx" ON "public"."_blog_posts_v_version_populated_authors" USING "btree" ("_order");


--
-- Name: _blog_posts_v_version_populated_authors_parent_id_idx; Type: INDEX; Schema: public; Owner: -
--

CREATE INDEX "_blog_posts_v_version_populated_authors_parent_id_idx" ON "public"."_blog_posts_v_version_populated_authors" USING "btree" ("_parent_id");


--
-- Name: _blog_posts_v_version_version__status_idx; Type: INDEX; Schema: public; Owner: -
--

CREATE INDEX "_blog_posts_v_version_version__status_idx" ON "public"."_blog_posts_v" USING "btree" ("version__status");


--
-- Name: _blog_posts_v_version_version_created_at_idx; Type: INDEX; Schema: public; Owner: -
--

CREATE INDEX "_blog_posts_v_version_version_created_at_idx" ON "public"."_blog_posts_v" USING "btree" ("version_created_at");


--
-- Name: _blog_posts_v_version_version_hero_image_idx; Type: INDEX; Schema: public; Owner: -
--

CREATE INDEX "_blog_posts_v_version_version_hero_image_idx" ON "public"."_blog_posts_v_locales" USING "btree" ("version_hero_image_id", "_locale");


--
-- Name: _blog_posts_v_version_version_slug_idx; Type: INDEX; Schema: public; Owner: -
--

CREATE INDEX "_blog_posts_v_version_version_slug_idx" ON "public"."_blog_posts_v_locales" USING "btree" ("version_slug", "_locale");


--
-- Name: _blog_posts_v_version_version_updated_at_idx; Type: INDEX; Schema: public; Owner: -
--

CREATE INDEX "_blog_posts_v_version_version_updated_at_idx" ON "public"."_blog_posts_v" USING "btree" ("version_updated_at");


--
-- Name: _callToActionBlock_v_form_idx; Type: INDEX; Schema: public; Owner: -
--

CREATE INDEX "_callToActionBlock_v_form_idx" ON "public"."_callToActionBlock_v" USING "btree" ("form_id");


--
-- Name: _callToActionBlock_v_links_locales_locale_parent_id_unique; Type: INDEX; Schema: public; Owner: -
--

CREATE UNIQUE INDEX "_callToActionBlock_v_links_locales_locale_parent_id_unique" ON "public"."_callToActionBlock_v_links_locales" USING "btree" ("_locale", "_parent_id");


--
-- Name: _callToActionBlock_v_links_order_idx; Type: INDEX; Schema: public; Owner: -
--

CREATE INDEX "_callToActionBlock_v_links_order_idx" ON "public"."_callToActionBlock_v_links" USING "btree" ("_order");


--
-- Name: _callToActionBlock_v_links_parent_id_idx; Type: INDEX; Schema: public; Owner: -
--

CREATE INDEX "_callToActionBlock_v_links_parent_id_idx" ON "public"."_callToActionBlock_v_links" USING "btree" ("_parent_id");


--
-- Name: _callToActionBlock_v_list_locale_idx; Type: INDEX; Schema: public; Owner: -
--

CREATE INDEX "_callToActionBlock_v_list_locale_idx" ON "public"."_callToActionBlock_v_list" USING "btree" ("_locale");


--
-- Name: _callToActionBlock_v_list_order_idx; Type: INDEX; Schema: public; Owner: -
--

CREATE INDEX "_callToActionBlock_v_list_order_idx" ON "public"."_callToActionBlock_v_list" USING "btree" ("_order");


--
-- Name: _callToActionBlock_v_list_parent_id_idx; Type: INDEX; Schema: public; Owner: -
--

CREATE INDEX "_callToActionBlock_v_list_parent_id_idx" ON "public"."_callToActionBlock_v_list" USING "btree" ("_parent_id");


--
-- Name: _callToActionBlock_v_locales_locale_parent_id_unique; Type: INDEX; Schema: public; Owner: -
--

CREATE UNIQUE INDEX "_callToActionBlock_v_locales_locale_parent_id_unique" ON "public"."_callToActionBlock_v_locales" USING "btree" ("_locale", "_parent_id");


--
-- Name: _callToActionBlock_v_media_desktop_media_desktop_dark_idx; Type: INDEX; Schema: public; Owner: -
--

CREATE INDEX "_callToActionBlock_v_media_desktop_media_desktop_dark_idx" ON "public"."_callToActionBlock_v_locales" USING "btree" ("media_desktop_dark_id", "_locale");


--
-- Name: _callToActionBlock_v_media_desktop_media_desktop_light_idx; Type: INDEX; Schema: public; Owner: -
--

CREATE INDEX "_callToActionBlock_v_media_desktop_media_desktop_light_idx" ON "public"."_callToActionBlock_v_locales" USING "btree" ("media_desktop_light_id", "_locale");


--
-- Name: _callToActionBlock_v_media_mobile_media_mobile_dark_idx; Type: INDEX; Schema: public; Owner: -
--

CREATE INDEX "_callToActionBlock_v_media_mobile_media_mobile_dark_idx" ON "public"."_callToActionBlock_v_locales" USING "btree" ("media_mobile_dark_id", "_locale");


--
-- Name: _callToActionBlock_v_media_mobile_media_mobile_light_idx; Type: INDEX; Schema: public; Owner: -
--

CREATE INDEX "_callToActionBlock_v_media_mobile_media_mobile_light_idx" ON "public"."_callToActionBlock_v_locales" USING "btree" ("media_mobile_light_id", "_locale");


--
-- Name: _callToActionBlock_v_order_idx; Type: INDEX; Schema: public; Owner: -
--

CREATE INDEX "_callToActionBlock_v_order_idx" ON "public"."_callToActionBlock_v" USING "btree" ("_order");


--
-- Name: _callToActionBlock_v_parent_id_idx; Type: INDEX; Schema: public; Owner: -
--

CREATE INDEX "_callToActionBlock_v_parent_id_idx" ON "public"."_callToActionBlock_v" USING "btree" ("_parent_id");


--
-- Name: _callToActionBlock_v_path_idx; Type: INDEX; Schema: public; Owner: -
--

CREATE INDEX "_callToActionBlock_v_path_idx" ON "public"."_callToActionBlock_v" USING "btree" ("_path");


--
-- Name: _customHtmlBlock_v_block_header_links_locales_locale_parent_id_; Type: INDEX; Schema: public; Owner: -
--

CREATE UNIQUE INDEX "_customHtmlBlock_v_block_header_links_locales_locale_parent_id_" ON "public"."_customHtmlBlock_v_block_header_links_locales" USING "btree" ("_locale", "_parent_id");


--
-- Name: _customHtmlBlock_v_block_header_links_order_idx; Type: INDEX; Schema: public; Owner: -
--

CREATE INDEX "_customHtmlBlock_v_block_header_links_order_idx" ON "public"."_customHtmlBlock_v_block_header_links" USING "btree" ("_order");


--
-- Name: _customHtmlBlock_v_block_header_links_parent_id_idx; Type: INDEX; Schema: public; Owner: -
--

CREATE INDEX "_customHtmlBlock_v_block_header_links_parent_id_idx" ON "public"."_customHtmlBlock_v_block_header_links" USING "btree" ("_parent_id");


--
-- Name: _customHtmlBlock_v_locales_locale_parent_id_unique; Type: INDEX; Schema: public; Owner: -
--

CREATE UNIQUE INDEX "_customHtmlBlock_v_locales_locale_parent_id_unique" ON "public"."_customHtmlBlock_v_locales" USING "btree" ("_locale", "_parent_id");


--
-- Name: _customHtmlBlock_v_order_idx; Type: INDEX; Schema: public; Owner: -
--

CREATE INDEX "_customHtmlBlock_v_order_idx" ON "public"."_customHtmlBlock_v" USING "btree" ("_order");


--
-- Name: _customHtmlBlock_v_parent_id_idx; Type: INDEX; Schema: public; Owner: -
--

CREATE INDEX "_customHtmlBlock_v_parent_id_idx" ON "public"."_customHtmlBlock_v" USING "btree" ("_parent_id");


--
-- Name: _customHtmlBlock_v_path_idx; Type: INDEX; Schema: public; Owner: -
--

CREATE INDEX "_customHtmlBlock_v_path_idx" ON "public"."_customHtmlBlock_v" USING "btree" ("_path");


--
-- Name: _customers_v_autosave_idx; Type: INDEX; Schema: public; Owner: -
--

CREATE INDEX "_customers_v_autosave_idx" ON "public"."_customers_v" USING "btree" ("autosave");


--
-- Name: _customers_v_created_at_idx; Type: INDEX; Schema: public; Owner: -
--

CREATE INDEX "_customers_v_created_at_idx" ON "public"."_customers_v" USING "btree" ("created_at");


--
-- Name: _customers_v_latest_idx; Type: INDEX; Schema: public; Owner: -
--

CREATE INDEX "_customers_v_latest_idx" ON "public"."_customers_v" USING "btree" ("latest");


--
-- Name: _customers_v_locales_locale_parent_id_unique; Type: INDEX; Schema: public; Owner: -
--

CREATE UNIQUE INDEX "_customers_v_locales_locale_parent_id_unique" ON "public"."_customers_v_locales" USING "btree" ("_locale", "_parent_id");


--
-- Name: _customers_v_parent_idx; Type: INDEX; Schema: public; Owner: -
--

CREATE INDEX "_customers_v_parent_idx" ON "public"."_customers_v" USING "btree" ("parent_id");


--
-- Name: _customers_v_published_locale_idx; Type: INDEX; Schema: public; Owner: -
--

CREATE INDEX "_customers_v_published_locale_idx" ON "public"."_customers_v" USING "btree" ("published_locale");


--
-- Name: _customers_v_rels_blog_posts_id_idx; Type: INDEX; Schema: public; Owner: -
--

CREATE INDEX "_customers_v_rels_blog_posts_id_idx" ON "public"."_customers_v_rels" USING "btree" ("blog_posts_id");


--
-- Name: _customers_v_rels_categories_id_idx; Type: INDEX; Schema: public; Owner: -
--

CREATE INDEX "_customers_v_rels_categories_id_idx" ON "public"."_customers_v_rels" USING "btree" ("categories_id");


--
-- Name: _customers_v_rels_order_idx; Type: INDEX; Schema: public; Owner: -
--

CREATE INDEX "_customers_v_rels_order_idx" ON "public"."_customers_v_rels" USING "btree" ("order");


--
-- Name: _customers_v_rels_pages_id_idx; Type: INDEX; Schema: public; Owner: -
--

CREATE INDEX "_customers_v_rels_pages_id_idx" ON "public"."_customers_v_rels" USING "btree" ("pages_id");


--
-- Name: _customers_v_rels_parent_idx; Type: INDEX; Schema: public; Owner: -
--

CREATE INDEX "_customers_v_rels_parent_idx" ON "public"."_customers_v_rels" USING "btree" ("parent_id");


--
-- Name: _customers_v_rels_path_idx; Type: INDEX; Schema: public; Owner: -
--

CREATE INDEX "_customers_v_rels_path_idx" ON "public"."_customers_v_rels" USING "btree" ("path");


--
-- Name: _customers_v_snapshot_idx; Type: INDEX; Schema: public; Owner: -
--

CREATE INDEX "_customers_v_snapshot_idx" ON "public"."_customers_v" USING "btree" ("snapshot");


--
-- Name: _customers_v_updated_at_idx; Type: INDEX; Schema: public; Owner: -
--

CREATE INDEX "_customers_v_updated_at_idx" ON "public"."_customers_v" USING "btree" ("updated_at");


--
-- Name: _customers_v_version_testimonial_author_info_version_tes_idx; Type: INDEX; Schema: public; Owner: -
--

CREATE INDEX "_customers_v_version_testimonial_author_info_version_tes_idx" ON "public"."_customers_v" USING "btree" ("version_testimonial_author_info_avatar_id");


--
-- Name: _customers_v_version_testimonial_company_version_testimo_idx; Type: INDEX; Schema: public; Owner: -
--

CREATE INDEX "_customers_v_version_testimonial_company_version_testimo_idx" ON "public"."_customers_v" USING "btree" ("version_testimonial_company_company_logo_id");


--
-- Name: _customers_v_version_testimonial_stats_locales_locale_parent_id; Type: INDEX; Schema: public; Owner: -
--

CREATE UNIQUE INDEX "_customers_v_version_testimonial_stats_locales_locale_parent_id" ON "public"."_customers_v_version_testimonial_stats_locales" USING "btree" ("_locale", "_parent_id");


--
-- Name: _customers_v_version_testimonial_stats_order_idx; Type: INDEX; Schema: public; Owner: -
--

CREATE INDEX "_customers_v_version_testimonial_stats_order_idx" ON "public"."_customers_v_version_testimonial_stats" USING "btree" ("_order");


--
-- Name: _customers_v_version_testimonial_stats_parent_id_idx; Type: INDEX; Schema: public; Owner: -
--

CREATE INDEX "_customers_v_version_testimonial_stats_parent_id_idx" ON "public"."_customers_v_version_testimonial_stats" USING "btree" ("_parent_id");


--
-- Name: _customers_v_version_testimonial_version_testimonial_fea_idx; Type: INDEX; Schema: public; Owner: -
--

CREATE INDEX "_customers_v_version_testimonial_version_testimonial_fea_idx" ON "public"."_customers_v" USING "btree" ("version_testimonial_featured_image_id");


--
-- Name: _customers_v_version_version__status_idx; Type: INDEX; Schema: public; Owner: -
--

CREATE INDEX "_customers_v_version_version__status_idx" ON "public"."_customers_v" USING "btree" ("version__status");


--
-- Name: _customers_v_version_version_created_at_idx; Type: INDEX; Schema: public; Owner: -
--

CREATE INDEX "_customers_v_version_version_created_at_idx" ON "public"."_customers_v" USING "btree" ("version_created_at");


--
-- Name: _customers_v_version_version_slug_idx; Type: INDEX; Schema: public; Owner: -
--

CREATE INDEX "_customers_v_version_version_slug_idx" ON "public"."_customers_v" USING "btree" ("version_slug");


--
-- Name: _customers_v_version_version_updated_at_idx; Type: INDEX; Schema: public; Owner: -
--

CREATE INDEX "_customers_v_version_version_updated_at_idx" ON "public"."_customers_v" USING "btree" ("version_updated_at");


--
-- Name: _dividerBlock_v_order_idx; Type: INDEX; Schema: public; Owner: -
--

CREATE INDEX "_dividerBlock_v_order_idx" ON "public"."_dividerBlock_v" USING "btree" ("_order");


--
-- Name: _dividerBlock_v_parent_id_idx; Type: INDEX; Schema: public; Owner: -
--

CREATE INDEX "_dividerBlock_v_parent_id_idx" ON "public"."_dividerBlock_v" USING "btree" ("_parent_id");


--
-- Name: _dividerBlock_v_path_idx; Type: INDEX; Schema: public; Owner: -
--

CREATE INDEX "_dividerBlock_v_path_idx" ON "public"."_dividerBlock_v" USING "btree" ("_path");


--
-- Name: _faqBlock_v_block_header_links_locales_locale_parent_id_unique; Type: INDEX; Schema: public; Owner: -
--

CREATE UNIQUE INDEX "_faqBlock_v_block_header_links_locales_locale_parent_id_unique" ON "public"."_faqBlock_v_block_header_links_locales" USING "btree" ("_locale", "_parent_id");


--
-- Name: _faqBlock_v_block_header_links_order_idx; Type: INDEX; Schema: public; Owner: -
--

CREATE INDEX "_faqBlock_v_block_header_links_order_idx" ON "public"."_faqBlock_v_block_header_links" USING "btree" ("_order");


--
-- Name: _faqBlock_v_block_header_links_parent_id_idx; Type: INDEX; Schema: public; Owner: -
--

CREATE INDEX "_faqBlock_v_block_header_links_parent_id_idx" ON "public"."_faqBlock_v_block_header_links" USING "btree" ("_parent_id");


--
-- Name: _faqBlock_v_locales_locale_parent_id_unique; Type: INDEX; Schema: public; Owner: -
--

CREATE UNIQUE INDEX "_faqBlock_v_locales_locale_parent_id_unique" ON "public"."_faqBlock_v_locales" USING "btree" ("_locale", "_parent_id");


--
-- Name: _faqBlock_v_order_idx; Type: INDEX; Schema: public; Owner: -
--

CREATE INDEX "_faqBlock_v_order_idx" ON "public"."_faqBlock_v" USING "btree" ("_order");


--
-- Name: _faqBlock_v_parent_id_idx; Type: INDEX; Schema: public; Owner: -
--

CREATE INDEX "_faqBlock_v_parent_id_idx" ON "public"."_faqBlock_v" USING "btree" ("_parent_id");


--
-- Name: _faqBlock_v_path_idx; Type: INDEX; Schema: public; Owner: -
--

CREATE INDEX "_faqBlock_v_path_idx" ON "public"."_faqBlock_v" USING "btree" ("_path");


--
-- Name: _faq_v_autosave_idx; Type: INDEX; Schema: public; Owner: -
--

CREATE INDEX "_faq_v_autosave_idx" ON "public"."_faq_v" USING "btree" ("autosave");


--
-- Name: _faq_v_created_at_idx; Type: INDEX; Schema: public; Owner: -
--

CREATE INDEX "_faq_v_created_at_idx" ON "public"."_faq_v" USING "btree" ("created_at");


--
-- Name: _faq_v_latest_idx; Type: INDEX; Schema: public; Owner: -
--

CREATE INDEX "_faq_v_latest_idx" ON "public"."_faq_v" USING "btree" ("latest");


--
-- Name: _faq_v_locales_locale_parent_id_unique; Type: INDEX; Schema: public; Owner: -
--

CREATE UNIQUE INDEX "_faq_v_locales_locale_parent_id_unique" ON "public"."_faq_v_locales" USING "btree" ("_locale", "_parent_id");


--
-- Name: _faq_v_parent_idx; Type: INDEX; Schema: public; Owner: -
--

CREATE INDEX "_faq_v_parent_idx" ON "public"."_faq_v" USING "btree" ("parent_id");


--
-- Name: _faq_v_published_locale_idx; Type: INDEX; Schema: public; Owner: -
--

CREATE INDEX "_faq_v_published_locale_idx" ON "public"."_faq_v" USING "btree" ("published_locale");


--
-- Name: _faq_v_snapshot_idx; Type: INDEX; Schema: public; Owner: -
--

CREATE INDEX "_faq_v_snapshot_idx" ON "public"."_faq_v" USING "btree" ("snapshot");


--
-- Name: _faq_v_updated_at_idx; Type: INDEX; Schema: public; Owner: -
--

CREATE INDEX "_faq_v_updated_at_idx" ON "public"."_faq_v" USING "btree" ("updated_at");


--
-- Name: _faq_v_version_version__status_idx; Type: INDEX; Schema: public; Owner: -
--

CREATE INDEX "_faq_v_version_version__status_idx" ON "public"."_faq_v" USING "btree" ("version__status");


--
-- Name: _faq_v_version_version_category_idx; Type: INDEX; Schema: public; Owner: -
--

CREATE INDEX "_faq_v_version_version_category_idx" ON "public"."_faq_v" USING "btree" ("version_category_id");


--
-- Name: _faq_v_version_version_created_at_idx; Type: INDEX; Schema: public; Owner: -
--

CREATE INDEX "_faq_v_version_version_created_at_idx" ON "public"."_faq_v" USING "btree" ("version_created_at");


--
-- Name: _faq_v_version_version_updated_at_idx; Type: INDEX; Schema: public; Owner: -
--

CREATE INDEX "_faq_v_version_version_updated_at_idx" ON "public"."_faq_v" USING "btree" ("version_updated_at");


--
-- Name: _featuresBlock_v_block_header_links_locales_locale_parent_id_un; Type: INDEX; Schema: public; Owner: -
--

CREATE UNIQUE INDEX "_featuresBlock_v_block_header_links_locales_locale_parent_id_un" ON "public"."_featuresBlock_v_block_header_links_locales" USING "btree" ("_locale", "_parent_id");


--
-- Name: _featuresBlock_v_block_header_links_order_idx; Type: INDEX; Schema: public; Owner: -
--

CREATE INDEX "_featuresBlock_v_block_header_links_order_idx" ON "public"."_featuresBlock_v_block_header_links" USING "btree" ("_order");


--
-- Name: _featuresBlock_v_block_header_links_parent_id_idx; Type: INDEX; Schema: public; Owner: -
--

CREATE INDEX "_featuresBlock_v_block_header_links_parent_id_idx" ON "public"."_featuresBlock_v_block_header_links" USING "btree" ("_parent_id");


--
-- Name: _featuresBlock_v_block_image_idx; Type: INDEX; Schema: public; Owner: -
--

CREATE INDEX "_featuresBlock_v_block_image_idx" ON "public"."_featuresBlock_v_locales" USING "btree" ("block_image_id", "_locale");


--
-- Name: _featuresBlock_v_columns_image_idx; Type: INDEX; Schema: public; Owner: -
--

CREATE INDEX "_featuresBlock_v_columns_image_idx" ON "public"."_featuresBlock_v_columns_locales" USING "btree" ("image_id", "_locale");


--
-- Name: _featuresBlock_v_columns_locales_locale_parent_id_unique; Type: INDEX; Schema: public; Owner: -
--

CREATE UNIQUE INDEX "_featuresBlock_v_columns_locales_locale_parent_id_unique" ON "public"."_featuresBlock_v_columns_locales" USING "btree" ("_locale", "_parent_id");


--
-- Name: _featuresBlock_v_columns_order_idx; Type: INDEX; Schema: public; Owner: -
--

CREATE INDEX "_featuresBlock_v_columns_order_idx" ON "public"."_featuresBlock_v_columns" USING "btree" ("_order");


--
-- Name: _featuresBlock_v_columns_parent_id_idx; Type: INDEX; Schema: public; Owner: -
--

CREATE INDEX "_featuresBlock_v_columns_parent_id_idx" ON "public"."_featuresBlock_v_columns" USING "btree" ("_parent_id");


--
-- Name: _featuresBlock_v_locales_locale_parent_id_unique; Type: INDEX; Schema: public; Owner: -
--

CREATE UNIQUE INDEX "_featuresBlock_v_locales_locale_parent_id_unique" ON "public"."_featuresBlock_v_locales" USING "btree" ("_locale", "_parent_id");


--
-- Name: _featuresBlock_v_order_idx; Type: INDEX; Schema: public; Owner: -
--

CREATE INDEX "_featuresBlock_v_order_idx" ON "public"."_featuresBlock_v" USING "btree" ("_order");


--
-- Name: _featuresBlock_v_parent_id_idx; Type: INDEX; Schema: public; Owner: -
--

CREATE INDEX "_featuresBlock_v_parent_id_idx" ON "public"."_featuresBlock_v" USING "btree" ("_parent_id");


--
-- Name: _featuresBlock_v_path_idx; Type: INDEX; Schema: public; Owner: -
--

CREATE INDEX "_featuresBlock_v_path_idx" ON "public"."_featuresBlock_v" USING "btree" ("_path");


--
-- Name: _formBlock_v_form_idx; Type: INDEX; Schema: public; Owner: -
--

CREATE INDEX "_formBlock_v_form_idx" ON "public"."_formBlock_v" USING "btree" ("form_id");


--
-- Name: _formBlock_v_order_idx; Type: INDEX; Schema: public; Owner: -
--

CREATE INDEX "_formBlock_v_order_idx" ON "public"."_formBlock_v" USING "btree" ("_order");


--
-- Name: _formBlock_v_parent_id_idx; Type: INDEX; Schema: public; Owner: -
--

CREATE INDEX "_formBlock_v_parent_id_idx" ON "public"."_formBlock_v" USING "btree" ("_parent_id");


--
-- Name: _formBlock_v_path_idx; Type: INDEX; Schema: public; Owner: -
--

CREATE INDEX "_formBlock_v_path_idx" ON "public"."_formBlock_v" USING "btree" ("_path");


--
-- Name: _galleryBlock_v_block_header_links_locales_locale_parent_id_uni; Type: INDEX; Schema: public; Owner: -
--

CREATE UNIQUE INDEX "_galleryBlock_v_block_header_links_locales_locale_parent_id_uni" ON "public"."_galleryBlock_v_block_header_links_locales" USING "btree" ("_locale", "_parent_id");


--
-- Name: _galleryBlock_v_block_header_links_order_idx; Type: INDEX; Schema: public; Owner: -
--

CREATE INDEX "_galleryBlock_v_block_header_links_order_idx" ON "public"."_galleryBlock_v_block_header_links" USING "btree" ("_order");


--
-- Name: _galleryBlock_v_block_header_links_parent_id_idx; Type: INDEX; Schema: public; Owner: -
--

CREATE INDEX "_galleryBlock_v_block_header_links_parent_id_idx" ON "public"."_galleryBlock_v_block_header_links" USING "btree" ("_parent_id");


--
-- Name: _galleryBlock_v_interactive_gallery_image_idx; Type: INDEX; Schema: public; Owner: -
--

CREATE INDEX "_galleryBlock_v_interactive_gallery_image_idx" ON "public"."_galleryBlock_v_interactive_gallery_locales" USING "btree" ("image_id", "_locale");


--
-- Name: _galleryBlock_v_interactive_gallery_locales_locale_parent_id_un; Type: INDEX; Schema: public; Owner: -
--

CREATE UNIQUE INDEX "_galleryBlock_v_interactive_gallery_locales_locale_parent_id_un" ON "public"."_galleryBlock_v_interactive_gallery_locales" USING "btree" ("_locale", "_parent_id");


--
-- Name: _galleryBlock_v_interactive_gallery_order_idx; Type: INDEX; Schema: public; Owner: -
--

CREATE INDEX "_galleryBlock_v_interactive_gallery_order_idx" ON "public"."_galleryBlock_v_interactive_gallery" USING "btree" ("_order");


--
-- Name: _galleryBlock_v_interactive_gallery_parent_id_idx; Type: INDEX; Schema: public; Owner: -
--

CREATE INDEX "_galleryBlock_v_interactive_gallery_parent_id_idx" ON "public"."_galleryBlock_v_interactive_gallery" USING "btree" ("_parent_id");


--
-- Name: _galleryBlock_v_locales_locale_parent_id_unique; Type: INDEX; Schema: public; Owner: -
--

CREATE UNIQUE INDEX "_galleryBlock_v_locales_locale_parent_id_unique" ON "public"."_galleryBlock_v_locales" USING "btree" ("_locale", "_parent_id");


--
-- Name: _galleryBlock_v_order_idx; Type: INDEX; Schema: public; Owner: -
--

CREATE INDEX "_galleryBlock_v_order_idx" ON "public"."_galleryBlock_v" USING "btree" ("_order");


--
-- Name: _galleryBlock_v_parent_id_idx; Type: INDEX; Schema: public; Owner: -
--

CREATE INDEX "_galleryBlock_v_parent_id_idx" ON "public"."_galleryBlock_v" USING "btree" ("_parent_id");


--
-- Name: _galleryBlock_v_path_idx; Type: INDEX; Schema: public; Owner: -
--

CREATE INDEX "_galleryBlock_v_path_idx" ON "public"."_galleryBlock_v" USING "btree" ("_path");


--
-- Name: _logosBlock_v_block_header_links_locales_locale_parent_id_uniqu; Type: INDEX; Schema: public; Owner: -
--

CREATE UNIQUE INDEX "_logosBlock_v_block_header_links_locales_locale_parent_id_uniqu" ON "public"."_logosBlock_v_block_header_links_locales" USING "btree" ("_locale", "_parent_id");


--
-- Name: _logosBlock_v_block_header_links_order_idx; Type: INDEX; Schema: public; Owner: -
--

CREATE INDEX "_logosBlock_v_block_header_links_order_idx" ON "public"."_logosBlock_v_block_header_links" USING "btree" ("_order");


--
-- Name: _logosBlock_v_block_header_links_parent_id_idx; Type: INDEX; Schema: public; Owner: -
--

CREATE INDEX "_logosBlock_v_block_header_links_parent_id_idx" ON "public"."_logosBlock_v_block_header_links" USING "btree" ("_parent_id");


--
-- Name: _logosBlock_v_locales_locale_parent_id_unique; Type: INDEX; Schema: public; Owner: -
--

CREATE UNIQUE INDEX "_logosBlock_v_locales_locale_parent_id_unique" ON "public"."_logosBlock_v_locales" USING "btree" ("_locale", "_parent_id");


--
-- Name: _logosBlock_v_order_idx; Type: INDEX; Schema: public; Owner: -
--

CREATE INDEX "_logosBlock_v_order_idx" ON "public"."_logosBlock_v" USING "btree" ("_order");


--
-- Name: _logosBlock_v_parent_id_idx; Type: INDEX; Schema: public; Owner: -
--

CREATE INDEX "_logosBlock_v_parent_id_idx" ON "public"."_logosBlock_v" USING "btree" ("_parent_id");


--
-- Name: _logosBlock_v_path_idx; Type: INDEX; Schema: public; Owner: -
--

CREATE INDEX "_logosBlock_v_path_idx" ON "public"."_logosBlock_v" USING "btree" ("_path");


--
-- Name: _metricsBlock_v_block_header_links_locales_locale_parent_id_uni; Type: INDEX; Schema: public; Owner: -
--

CREATE UNIQUE INDEX "_metricsBlock_v_block_header_links_locales_locale_parent_id_uni" ON "public"."_metricsBlock_v_block_header_links_locales" USING "btree" ("_locale", "_parent_id");


--
-- Name: _metricsBlock_v_block_header_links_order_idx; Type: INDEX; Schema: public; Owner: -
--

CREATE INDEX "_metricsBlock_v_block_header_links_order_idx" ON "public"."_metricsBlock_v_block_header_links" USING "btree" ("_order");


--
-- Name: _metricsBlock_v_block_header_links_parent_id_idx; Type: INDEX; Schema: public; Owner: -
--

CREATE INDEX "_metricsBlock_v_block_header_links_parent_id_idx" ON "public"."_metricsBlock_v_block_header_links" USING "btree" ("_parent_id");


--
-- Name: _metricsBlock_v_block_image_block_image_media_idx; Type: INDEX; Schema: public; Owner: -
--

CREATE INDEX "_metricsBlock_v_block_image_block_image_media_idx" ON "public"."_metricsBlock_v_locales" USING "btree" ("block_image_media_id");


--
-- Name: _metricsBlock_v_locales_locale_parent_id_unique; Type: INDEX; Schema: public; Owner: -
--

CREATE UNIQUE INDEX "_metricsBlock_v_locales_locale_parent_id_unique" ON "public"."_metricsBlock_v_locales" USING "btree" ("_locale", "_parent_id");


--
-- Name: _metricsBlock_v_order_idx; Type: INDEX; Schema: public; Owner: -
--

CREATE INDEX "_metricsBlock_v_order_idx" ON "public"."_metricsBlock_v" USING "btree" ("_order");


--
-- Name: _metricsBlock_v_parent_id_idx; Type: INDEX; Schema: public; Owner: -
--

CREATE INDEX "_metricsBlock_v_parent_id_idx" ON "public"."_metricsBlock_v" USING "btree" ("_parent_id");


--
-- Name: _metricsBlock_v_path_idx; Type: INDEX; Schema: public; Owner: -
--

CREATE INDEX "_metricsBlock_v_path_idx" ON "public"."_metricsBlock_v" USING "btree" ("_path");


--
-- Name: _metricsBlock_v_stats_locales_locale_parent_id_unique; Type: INDEX; Schema: public; Owner: -
--

CREATE UNIQUE INDEX "_metricsBlock_v_stats_locales_locale_parent_id_unique" ON "public"."_metricsBlock_v_stats_locales" USING "btree" ("_locale", "_parent_id");


--
-- Name: _metricsBlock_v_stats_order_idx; Type: INDEX; Schema: public; Owner: -
--

CREATE INDEX "_metricsBlock_v_stats_order_idx" ON "public"."_metricsBlock_v_stats" USING "btree" ("_order");


--
-- Name: _metricsBlock_v_stats_parent_id_idx; Type: INDEX; Schema: public; Owner: -
--

CREATE INDEX "_metricsBlock_v_stats_parent_id_idx" ON "public"."_metricsBlock_v_stats" USING "btree" ("_parent_id");


--
-- Name: _metricsBlock_v_table_headers_locale_idx; Type: INDEX; Schema: public; Owner: -
--

CREATE INDEX "_metricsBlock_v_table_headers_locale_idx" ON "public"."_metricsBlock_v_table_headers" USING "btree" ("_locale");


--
-- Name: _metricsBlock_v_table_headers_order_idx; Type: INDEX; Schema: public; Owner: -
--

CREATE INDEX "_metricsBlock_v_table_headers_order_idx" ON "public"."_metricsBlock_v_table_headers" USING "btree" ("_order");


--
-- Name: _metricsBlock_v_table_headers_parent_id_idx; Type: INDEX; Schema: public; Owner: -
--

CREATE INDEX "_metricsBlock_v_table_headers_parent_id_idx" ON "public"."_metricsBlock_v_table_headers" USING "btree" ("_parent_id");


--
-- Name: _metricsBlock_v_table_rows_cells_locale_idx; Type: INDEX; Schema: public; Owner: -
--

CREATE INDEX "_metricsBlock_v_table_rows_cells_locale_idx" ON "public"."_metricsBlock_v_table_rows_cells" USING "btree" ("_locale");


--
-- Name: _metricsBlock_v_table_rows_cells_order_idx; Type: INDEX; Schema: public; Owner: -
--

CREATE INDEX "_metricsBlock_v_table_rows_cells_order_idx" ON "public"."_metricsBlock_v_table_rows_cells" USING "btree" ("_order");


--
-- Name: _metricsBlock_v_table_rows_cells_parent_id_idx; Type: INDEX; Schema: public; Owner: -
--

CREATE INDEX "_metricsBlock_v_table_rows_cells_parent_id_idx" ON "public"."_metricsBlock_v_table_rows_cells" USING "btree" ("_parent_id");


--
-- Name: _metricsBlock_v_table_rows_children_cells_locale_idx; Type: INDEX; Schema: public; Owner: -
--

CREATE INDEX "_metricsBlock_v_table_rows_children_cells_locale_idx" ON "public"."_metricsBlock_v_table_rows_children_cells" USING "btree" ("_locale");


--
-- Name: _metricsBlock_v_table_rows_children_cells_order_idx; Type: INDEX; Schema: public; Owner: -
--

CREATE INDEX "_metricsBlock_v_table_rows_children_cells_order_idx" ON "public"."_metricsBlock_v_table_rows_children_cells" USING "btree" ("_order");


--
-- Name: _metricsBlock_v_table_rows_children_cells_parent_id_idx; Type: INDEX; Schema: public; Owner: -
--

CREATE INDEX "_metricsBlock_v_table_rows_children_cells_parent_id_idx" ON "public"."_metricsBlock_v_table_rows_children_cells" USING "btree" ("_parent_id");


--
-- Name: _metricsBlock_v_table_rows_children_locale_idx; Type: INDEX; Schema: public; Owner: -
--

CREATE INDEX "_metricsBlock_v_table_rows_children_locale_idx" ON "public"."_metricsBlock_v_table_rows_children" USING "btree" ("_locale");


--
-- Name: _metricsBlock_v_table_rows_children_order_idx; Type: INDEX; Schema: public; Owner: -
--

CREATE INDEX "_metricsBlock_v_table_rows_children_order_idx" ON "public"."_metricsBlock_v_table_rows_children" USING "btree" ("_order");


--
-- Name: _metricsBlock_v_table_rows_children_parent_id_idx; Type: INDEX; Schema: public; Owner: -
--

CREATE INDEX "_metricsBlock_v_table_rows_children_parent_id_idx" ON "public"."_metricsBlock_v_table_rows_children" USING "btree" ("_parent_id");


--
-- Name: _metricsBlock_v_table_rows_locale_idx; Type: INDEX; Schema: public; Owner: -
--

CREATE INDEX "_metricsBlock_v_table_rows_locale_idx" ON "public"."_metricsBlock_v_table_rows" USING "btree" ("_locale");


--
-- Name: _metricsBlock_v_table_rows_order_idx; Type: INDEX; Schema: public; Owner: -
--

CREATE INDEX "_metricsBlock_v_table_rows_order_idx" ON "public"."_metricsBlock_v_table_rows" USING "btree" ("_order");


--
-- Name: _metricsBlock_v_table_rows_parent_id_idx; Type: INDEX; Schema: public; Owner: -
--

CREATE INDEX "_metricsBlock_v_table_rows_parent_id_idx" ON "public"."_metricsBlock_v_table_rows" USING "btree" ("_parent_id");


--
-- Name: _pages_v_autosave_idx; Type: INDEX; Schema: public; Owner: -
--

CREATE INDEX "_pages_v_autosave_idx" ON "public"."_pages_v" USING "btree" ("autosave");


--
-- Name: _pages_v_created_at_idx; Type: INDEX; Schema: public; Owner: -
--

CREATE INDEX "_pages_v_created_at_idx" ON "public"."_pages_v" USING "btree" ("created_at");


--
-- Name: _pages_v_latest_idx; Type: INDEX; Schema: public; Owner: -
--

CREATE INDEX "_pages_v_latest_idx" ON "public"."_pages_v" USING "btree" ("latest");


--
-- Name: _pages_v_locales_locale_parent_id_unique; Type: INDEX; Schema: public; Owner: -
--

CREATE UNIQUE INDEX "_pages_v_locales_locale_parent_id_unique" ON "public"."_pages_v_locales" USING "btree" ("_locale", "_parent_id");


--
-- Name: _pages_v_parent_idx; Type: INDEX; Schema: public; Owner: -
--

CREATE INDEX "_pages_v_parent_idx" ON "public"."_pages_v" USING "btree" ("parent_id");


--
-- Name: _pages_v_published_locale_idx; Type: INDEX; Schema: public; Owner: -
--

CREATE INDEX "_pages_v_published_locale_idx" ON "public"."_pages_v" USING "btree" ("published_locale");


--
-- Name: _pages_v_rels_blog_posts_id_idx; Type: INDEX; Schema: public; Owner: -
--

CREATE INDEX "_pages_v_rels_blog_posts_id_idx" ON "public"."_pages_v_rels" USING "btree" ("blog_posts_id", "locale");


--
-- Name: _pages_v_rels_customers_id_idx; Type: INDEX; Schema: public; Owner: -
--

CREATE INDEX "_pages_v_rels_customers_id_idx" ON "public"."_pages_v_rels" USING "btree" ("customers_id", "locale");


--
-- Name: _pages_v_rels_faq_id_idx; Type: INDEX; Schema: public; Owner: -
--

CREATE INDEX "_pages_v_rels_faq_id_idx" ON "public"."_pages_v_rels" USING "btree" ("faq_id", "locale");


--
-- Name: _pages_v_rels_locale_idx; Type: INDEX; Schema: public; Owner: -
--

CREATE INDEX "_pages_v_rels_locale_idx" ON "public"."_pages_v_rels" USING "btree" ("locale");


--
-- Name: _pages_v_rels_media_id_idx; Type: INDEX; Schema: public; Owner: -
--

CREATE INDEX "_pages_v_rels_media_id_idx" ON "public"."_pages_v_rels" USING "btree" ("media_id", "locale");


--
-- Name: _pages_v_rels_order_idx; Type: INDEX; Schema: public; Owner: -
--

CREATE INDEX "_pages_v_rels_order_idx" ON "public"."_pages_v_rels" USING "btree" ("order");


--
-- Name: _pages_v_rels_pages_id_idx; Type: INDEX; Schema: public; Owner: -
--

CREATE INDEX "_pages_v_rels_pages_id_idx" ON "public"."_pages_v_rels" USING "btree" ("pages_id", "locale");


--
-- Name: _pages_v_rels_parent_idx; Type: INDEX; Schema: public; Owner: -
--

CREATE INDEX "_pages_v_rels_parent_idx" ON "public"."_pages_v_rels" USING "btree" ("parent_id");


--
-- Name: _pages_v_rels_path_idx; Type: INDEX; Schema: public; Owner: -
--

CREATE INDEX "_pages_v_rels_path_idx" ON "public"."_pages_v_rels" USING "btree" ("path");


--
-- Name: _pages_v_snapshot_idx; Type: INDEX; Schema: public; Owner: -
--

CREATE INDEX "_pages_v_snapshot_idx" ON "public"."_pages_v" USING "btree" ("snapshot");


--
-- Name: _pages_v_updated_at_idx; Type: INDEX; Schema: public; Owner: -
--

CREATE INDEX "_pages_v_updated_at_idx" ON "public"."_pages_v" USING "btree" ("updated_at");


--
-- Name: _pages_v_version_hero_links_locales_locale_parent_id_unique; Type: INDEX; Schema: public; Owner: -
--

CREATE UNIQUE INDEX "_pages_v_version_hero_links_locales_locale_parent_id_unique" ON "public"."_pages_v_version_hero_links_locales" USING "btree" ("_locale", "_parent_id");


--
-- Name: _pages_v_version_hero_links_order_idx; Type: INDEX; Schema: public; Owner: -
--

CREATE INDEX "_pages_v_version_hero_links_order_idx" ON "public"."_pages_v_version_hero_links" USING "btree" ("_order");


--
-- Name: _pages_v_version_hero_links_parent_id_idx; Type: INDEX; Schema: public; Owner: -
--

CREATE INDEX "_pages_v_version_hero_links_parent_id_idx" ON "public"."_pages_v_version_hero_links" USING "btree" ("_parent_id");


--
-- Name: _pages_v_version_hero_list_items_locales_locale_parent_id_uniqu; Type: INDEX; Schema: public; Owner: -
--

CREATE UNIQUE INDEX "_pages_v_version_hero_list_items_locales_locale_parent_id_uniqu" ON "public"."_pages_v_version_hero_list_items_locales" USING "btree" ("_locale", "_parent_id");


--
-- Name: _pages_v_version_hero_list_items_order_idx; Type: INDEX; Schema: public; Owner: -
--

CREATE INDEX "_pages_v_version_hero_list_items_order_idx" ON "public"."_pages_v_version_hero_list_items" USING "btree" ("_order");


--
-- Name: _pages_v_version_hero_list_items_parent_id_idx; Type: INDEX; Schema: public; Owner: -
--

CREATE INDEX "_pages_v_version_hero_list_items_parent_id_idx" ON "public"."_pages_v_version_hero_list_items" USING "btree" ("_parent_id");


--
-- Name: _pages_v_version_hero_media_desktop_version_hero_media_1_idx; Type: INDEX; Schema: public; Owner: -
--

CREATE INDEX "_pages_v_version_hero_media_desktop_version_hero_media_1_idx" ON "public"."_pages_v_locales" USING "btree" ("version_hero_media_desktop_dark_id", "_locale");


--
-- Name: _pages_v_version_hero_media_desktop_version_hero_media_d_idx; Type: INDEX; Schema: public; Owner: -
--

CREATE INDEX "_pages_v_version_hero_media_desktop_version_hero_media_d_idx" ON "public"."_pages_v_locales" USING "btree" ("version_hero_media_desktop_light_id", "_locale");


--
-- Name: _pages_v_version_hero_media_mobile_version_hero_media__1_idx; Type: INDEX; Schema: public; Owner: -
--

CREATE INDEX "_pages_v_version_hero_media_mobile_version_hero_media__1_idx" ON "public"."_pages_v_locales" USING "btree" ("version_hero_media_mobile_dark_id", "_locale");


--
-- Name: _pages_v_version_hero_media_mobile_version_hero_media_mo_idx; Type: INDEX; Schema: public; Owner: -
--

CREATE INDEX "_pages_v_version_hero_media_mobile_version_hero_media_mo_idx" ON "public"."_pages_v_locales" USING "btree" ("version_hero_media_mobile_light_id", "_locale");


--
-- Name: _pages_v_version_meta_version_meta_image_idx; Type: INDEX; Schema: public; Owner: -
--

CREATE INDEX "_pages_v_version_meta_version_meta_image_idx" ON "public"."_pages_v_locales" USING "btree" ("version_meta_image_id");


--
-- Name: _pages_v_version_version__status_idx; Type: INDEX; Schema: public; Owner: -
--

CREATE INDEX "_pages_v_version_version__status_idx" ON "public"."_pages_v" USING "btree" ("version__status");


--
-- Name: _pages_v_version_version_created_at_idx; Type: INDEX; Schema: public; Owner: -
--

CREATE INDEX "_pages_v_version_version_created_at_idx" ON "public"."_pages_v" USING "btree" ("version_created_at");


--
-- Name: _pages_v_version_version_slug_idx; Type: INDEX; Schema: public; Owner: -
--

CREATE INDEX "_pages_v_version_version_slug_idx" ON "public"."_pages_v" USING "btree" ("version_slug");


--
-- Name: _pages_v_version_version_updated_at_idx; Type: INDEX; Schema: public; Owner: -
--

CREATE INDEX "_pages_v_version_version_updated_at_idx" ON "public"."_pages_v" USING "btree" ("version_updated_at");


--
-- Name: _richTextBlock_v_block_header_links_locales_locale_parent_id_un; Type: INDEX; Schema: public; Owner: -
--

CREATE UNIQUE INDEX "_richTextBlock_v_block_header_links_locales_locale_parent_id_un" ON "public"."_richTextBlock_v_block_header_links_locales" USING "btree" ("_locale", "_parent_id");


--
-- Name: _richTextBlock_v_block_header_links_order_idx; Type: INDEX; Schema: public; Owner: -
--

CREATE INDEX "_richTextBlock_v_block_header_links_order_idx" ON "public"."_richTextBlock_v_block_header_links" USING "btree" ("_order");


--
-- Name: _richTextBlock_v_block_header_links_parent_id_idx; Type: INDEX; Schema: public; Owner: -
--

CREATE INDEX "_richTextBlock_v_block_header_links_parent_id_idx" ON "public"."_richTextBlock_v_block_header_links" USING "btree" ("_parent_id");


--
-- Name: _richTextBlock_v_locales_locale_parent_id_unique; Type: INDEX; Schema: public; Owner: -
--

CREATE UNIQUE INDEX "_richTextBlock_v_locales_locale_parent_id_unique" ON "public"."_richTextBlock_v_locales" USING "btree" ("_locale", "_parent_id");


--
-- Name: _richTextBlock_v_order_idx; Type: INDEX; Schema: public; Owner: -
--

CREATE INDEX "_richTextBlock_v_order_idx" ON "public"."_richTextBlock_v" USING "btree" ("_order");


--
-- Name: _richTextBlock_v_parent_id_idx; Type: INDEX; Schema: public; Owner: -
--

CREATE INDEX "_richTextBlock_v_parent_id_idx" ON "public"."_richTextBlock_v" USING "btree" ("_parent_id");


--
-- Name: _richTextBlock_v_path_idx; Type: INDEX; Schema: public; Owner: -
--

CREATE INDEX "_richTextBlock_v_path_idx" ON "public"."_richTextBlock_v" USING "btree" ("_path");


--
-- Name: _teamBlock_v_block_header_links_locales_locale_parent_id_unique; Type: INDEX; Schema: public; Owner: -
--

CREATE UNIQUE INDEX "_teamBlock_v_block_header_links_locales_locale_parent_id_unique" ON "public"."_teamBlock_v_block_header_links_locales" USING "btree" ("_locale", "_parent_id");


--
-- Name: _teamBlock_v_block_header_links_order_idx; Type: INDEX; Schema: public; Owner: -
--

CREATE INDEX "_teamBlock_v_block_header_links_order_idx" ON "public"."_teamBlock_v_block_header_links" USING "btree" ("_order");


--
-- Name: _teamBlock_v_block_header_links_parent_id_idx; Type: INDEX; Schema: public; Owner: -
--

CREATE INDEX "_teamBlock_v_block_header_links_parent_id_idx" ON "public"."_teamBlock_v_block_header_links" USING "btree" ("_parent_id");


--
-- Name: _teamBlock_v_locales_locale_parent_id_unique; Type: INDEX; Schema: public; Owner: -
--

CREATE UNIQUE INDEX "_teamBlock_v_locales_locale_parent_id_unique" ON "public"."_teamBlock_v_locales" USING "btree" ("_locale", "_parent_id");


--
-- Name: _teamBlock_v_order_idx; Type: INDEX; Schema: public; Owner: -
--

CREATE INDEX "_teamBlock_v_order_idx" ON "public"."_teamBlock_v" USING "btree" ("_order");


--
-- Name: _teamBlock_v_parent_id_idx; Type: INDEX; Schema: public; Owner: -
--

CREATE INDEX "_teamBlock_v_parent_id_idx" ON "public"."_teamBlock_v" USING "btree" ("_parent_id");


--
-- Name: _teamBlock_v_path_idx; Type: INDEX; Schema: public; Owner: -
--

CREATE INDEX "_teamBlock_v_path_idx" ON "public"."_teamBlock_v" USING "btree" ("_path");


--
-- Name: _teamBlock_v_team_image_idx; Type: INDEX; Schema: public; Owner: -
--

CREATE INDEX "_teamBlock_v_team_image_idx" ON "public"."_teamBlock_v_team" USING "btree" ("image_id");


--
-- Name: _teamBlock_v_team_locales_locale_parent_id_unique; Type: INDEX; Schema: public; Owner: -
--

CREATE UNIQUE INDEX "_teamBlock_v_team_locales_locale_parent_id_unique" ON "public"."_teamBlock_v_team_locales" USING "btree" ("_locale", "_parent_id");


--
-- Name: _teamBlock_v_team_order_idx; Type: INDEX; Schema: public; Owner: -
--

CREATE INDEX "_teamBlock_v_team_order_idx" ON "public"."_teamBlock_v_team" USING "btree" ("_order");


--
-- Name: _teamBlock_v_team_parent_id_idx; Type: INDEX; Schema: public; Owner: -
--

CREATE INDEX "_teamBlock_v_team_parent_id_idx" ON "public"."_teamBlock_v_team" USING "btree" ("_parent_id");


--
-- Name: _testimonialsBlock_v_block_header_links_locales_locale_parent_i; Type: INDEX; Schema: public; Owner: -
--

CREATE UNIQUE INDEX "_testimonialsBlock_v_block_header_links_locales_locale_parent_i" ON "public"."_testimonialsBlock_v_block_header_links_locales" USING "btree" ("_locale", "_parent_id");


--
-- Name: _testimonialsBlock_v_block_header_links_order_idx; Type: INDEX; Schema: public; Owner: -
--

CREATE INDEX "_testimonialsBlock_v_block_header_links_order_idx" ON "public"."_testimonialsBlock_v_block_header_links" USING "btree" ("_order");


--
-- Name: _testimonialsBlock_v_block_header_links_parent_id_idx; Type: INDEX; Schema: public; Owner: -
--

CREATE INDEX "_testimonialsBlock_v_block_header_links_parent_id_idx" ON "public"."_testimonialsBlock_v_block_header_links" USING "btree" ("_parent_id");


--
-- Name: _testimonialsBlock_v_locales_locale_parent_id_unique; Type: INDEX; Schema: public; Owner: -
--

CREATE UNIQUE INDEX "_testimonialsBlock_v_locales_locale_parent_id_unique" ON "public"."_testimonialsBlock_v_locales" USING "btree" ("_locale", "_parent_id");


--
-- Name: _testimonialsBlock_v_order_idx; Type: INDEX; Schema: public; Owner: -
--

CREATE INDEX "_testimonialsBlock_v_order_idx" ON "public"."_testimonialsBlock_v" USING "btree" ("_order");


--
-- Name: _testimonialsBlock_v_parent_id_idx; Type: INDEX; Schema: public; Owner: -
--

CREATE INDEX "_testimonialsBlock_v_parent_id_idx" ON "public"."_testimonialsBlock_v" USING "btree" ("_parent_id");


--
-- Name: _testimonialsBlock_v_path_idx; Type: INDEX; Schema: public; Owner: -
--

CREATE INDEX "_testimonialsBlock_v_path_idx" ON "public"."_testimonialsBlock_v" USING "btree" ("_path");


--
-- Name: archiveBlock_block_header_links_locales_locale_parent_id_unique; Type: INDEX; Schema: public; Owner: -
--

CREATE UNIQUE INDEX "archiveBlock_block_header_links_locales_locale_parent_id_unique" ON "public"."archiveBlock_block_header_links_locales" USING "btree" ("_locale", "_parent_id");


--
-- Name: archiveBlock_block_header_links_order_idx; Type: INDEX; Schema: public; Owner: -
--

CREATE INDEX "archiveBlock_block_header_links_order_idx" ON "public"."archiveBlock_block_header_links" USING "btree" ("_order");


--
-- Name: archiveBlock_block_header_links_parent_id_idx; Type: INDEX; Schema: public; Owner: -
--

CREATE INDEX "archiveBlock_block_header_links_parent_id_idx" ON "public"."archiveBlock_block_header_links" USING "btree" ("_parent_id");


--
-- Name: archiveBlock_locales_locale_parent_id_unique; Type: INDEX; Schema: public; Owner: -
--

CREATE UNIQUE INDEX "archiveBlock_locales_locale_parent_id_unique" ON "public"."archiveBlock_locales" USING "btree" ("_locale", "_parent_id");


--
-- Name: archiveBlock_order_idx; Type: INDEX; Schema: public; Owner: -
--

CREATE INDEX "archiveBlock_order_idx" ON "public"."archiveBlock" USING "btree" ("_order");


--
-- Name: archiveBlock_parent_id_idx; Type: INDEX; Schema: public; Owner: -
--

CREATE INDEX "archiveBlock_parent_id_idx" ON "public"."archiveBlock" USING "btree" ("_parent_id");


--
-- Name: archiveBlock_path_idx; Type: INDEX; Schema: public; Owner: -
--

CREATE INDEX "archiveBlock_path_idx" ON "public"."archiveBlock" USING "btree" ("_path");


--
-- Name: blog_posts__status_idx; Type: INDEX; Schema: public; Owner: -
--

CREATE INDEX "blog_posts__status_idx" ON "public"."blog_posts" USING "btree" ("_status");


--
-- Name: blog_posts_created_at_idx; Type: INDEX; Schema: public; Owner: -
--

CREATE INDEX "blog_posts_created_at_idx" ON "public"."blog_posts" USING "btree" ("created_at");


--
-- Name: blog_posts_hero_image_idx; Type: INDEX; Schema: public; Owner: -
--

CREATE INDEX "blog_posts_hero_image_idx" ON "public"."blog_posts_locales" USING "btree" ("hero_image_id", "_locale");


--
-- Name: blog_posts_locales_locale_parent_id_unique; Type: INDEX; Schema: public; Owner: -
--

CREATE UNIQUE INDEX "blog_posts_locales_locale_parent_id_unique" ON "public"."blog_posts_locales" USING "btree" ("_locale", "_parent_id");


--
-- Name: blog_posts_meta_meta_image_idx; Type: INDEX; Schema: public; Owner: -
--

CREATE INDEX "blog_posts_meta_meta_image_idx" ON "public"."blog_posts_locales" USING "btree" ("meta_image_id");


--
-- Name: blog_posts_populated_authors_order_idx; Type: INDEX; Schema: public; Owner: -
--

CREATE INDEX "blog_posts_populated_authors_order_idx" ON "public"."blog_posts_populated_authors" USING "btree" ("_order");


--
-- Name: blog_posts_populated_authors_parent_id_idx; Type: INDEX; Schema: public; Owner: -
--

CREATE INDEX "blog_posts_populated_authors_parent_id_idx" ON "public"."blog_posts_populated_authors" USING "btree" ("_parent_id");


--
-- Name: blog_posts_rels_blog_posts_id_idx; Type: INDEX; Schema: public; Owner: -
--

CREATE INDEX "blog_posts_rels_blog_posts_id_idx" ON "public"."blog_posts_rels" USING "btree" ("blog_posts_id", "locale");


--
-- Name: blog_posts_rels_categories_id_idx; Type: INDEX; Schema: public; Owner: -
--

CREATE INDEX "blog_posts_rels_categories_id_idx" ON "public"."blog_posts_rels" USING "btree" ("categories_id", "locale");


--
-- Name: blog_posts_rels_locale_idx; Type: INDEX; Schema: public; Owner: -
--

CREATE INDEX "blog_posts_rels_locale_idx" ON "public"."blog_posts_rels" USING "btree" ("locale");


--
-- Name: blog_posts_rels_order_idx; Type: INDEX; Schema: public; Owner: -
--

CREATE INDEX "blog_posts_rels_order_idx" ON "public"."blog_posts_rels" USING "btree" ("order");


--
-- Name: blog_posts_rels_parent_idx; Type: INDEX; Schema: public; Owner: -
--

CREATE INDEX "blog_posts_rels_parent_idx" ON "public"."blog_posts_rels" USING "btree" ("parent_id");


--
-- Name: blog_posts_rels_path_idx; Type: INDEX; Schema: public; Owner: -
--

CREATE INDEX "blog_posts_rels_path_idx" ON "public"."blog_posts_rels" USING "btree" ("path");


--
-- Name: blog_posts_rels_users_id_idx; Type: INDEX; Schema: public; Owner: -
--

CREATE INDEX "blog_posts_rels_users_id_idx" ON "public"."blog_posts_rels" USING "btree" ("users_id", "locale");


--
-- Name: blog_posts_slug_idx; Type: INDEX; Schema: public; Owner: -
--

CREATE INDEX "blog_posts_slug_idx" ON "public"."blog_posts_locales" USING "btree" ("slug", "_locale");


--
-- Name: blog_posts_updated_at_idx; Type: INDEX; Schema: public; Owner: -
--

CREATE INDEX "blog_posts_updated_at_idx" ON "public"."blog_posts" USING "btree" ("updated_at");


--
-- Name: callToActionBlock_form_idx; Type: INDEX; Schema: public; Owner: -
--

CREATE INDEX "callToActionBlock_form_idx" ON "public"."callToActionBlock" USING "btree" ("form_id");


--
-- Name: callToActionBlock_links_locales_locale_parent_id_unique; Type: INDEX; Schema: public; Owner: -
--

CREATE UNIQUE INDEX "callToActionBlock_links_locales_locale_parent_id_unique" ON "public"."callToActionBlock_links_locales" USING "btree" ("_locale", "_parent_id");


--
-- Name: callToActionBlock_links_order_idx; Type: INDEX; Schema: public; Owner: -
--

CREATE INDEX "callToActionBlock_links_order_idx" ON "public"."callToActionBlock_links" USING "btree" ("_order");


--
-- Name: callToActionBlock_links_parent_id_idx; Type: INDEX; Schema: public; Owner: -
--

CREATE INDEX "callToActionBlock_links_parent_id_idx" ON "public"."callToActionBlock_links" USING "btree" ("_parent_id");


--
-- Name: callToActionBlock_list_locale_idx; Type: INDEX; Schema: public; Owner: -
--

CREATE INDEX "callToActionBlock_list_locale_idx" ON "public"."callToActionBlock_list" USING "btree" ("_locale");


--
-- Name: callToActionBlock_list_order_idx; Type: INDEX; Schema: public; Owner: -
--

CREATE INDEX "callToActionBlock_list_order_idx" ON "public"."callToActionBlock_list" USING "btree" ("_order");


--
-- Name: callToActionBlock_list_parent_id_idx; Type: INDEX; Schema: public; Owner: -
--

CREATE INDEX "callToActionBlock_list_parent_id_idx" ON "public"."callToActionBlock_list" USING "btree" ("_parent_id");


--
-- Name: callToActionBlock_locales_locale_parent_id_unique; Type: INDEX; Schema: public; Owner: -
--

CREATE UNIQUE INDEX "callToActionBlock_locales_locale_parent_id_unique" ON "public"."callToActionBlock_locales" USING "btree" ("_locale", "_parent_id");


--
-- Name: callToActionBlock_media_desktop_media_desktop_dark_idx; Type: INDEX; Schema: public; Owner: -
--

CREATE INDEX "callToActionBlock_media_desktop_media_desktop_dark_idx" ON "public"."callToActionBlock_locales" USING "btree" ("media_desktop_dark_id", "_locale");


--
-- Name: callToActionBlock_media_desktop_media_desktop_light_idx; Type: INDEX; Schema: public; Owner: -
--

CREATE INDEX "callToActionBlock_media_desktop_media_desktop_light_idx" ON "public"."callToActionBlock_locales" USING "btree" ("media_desktop_light_id", "_locale");


--
-- Name: callToActionBlock_media_mobile_media_mobile_dark_idx; Type: INDEX; Schema: public; Owner: -
--

CREATE INDEX "callToActionBlock_media_mobile_media_mobile_dark_idx" ON "public"."callToActionBlock_locales" USING "btree" ("media_mobile_dark_id", "_locale");


--
-- Name: callToActionBlock_media_mobile_media_mobile_light_idx; Type: INDEX; Schema: public; Owner: -
--

CREATE INDEX "callToActionBlock_media_mobile_media_mobile_light_idx" ON "public"."callToActionBlock_locales" USING "btree" ("media_mobile_light_id", "_locale");


--
-- Name: callToActionBlock_order_idx; Type: INDEX; Schema: public; Owner: -
--

CREATE INDEX "callToActionBlock_order_idx" ON "public"."callToActionBlock" USING "btree" ("_order");


--
-- Name: callToActionBlock_parent_id_idx; Type: INDEX; Schema: public; Owner: -
--

CREATE INDEX "callToActionBlock_parent_id_idx" ON "public"."callToActionBlock" USING "btree" ("_parent_id");


--
-- Name: callToActionBlock_path_idx; Type: INDEX; Schema: public; Owner: -
--

CREATE INDEX "callToActionBlock_path_idx" ON "public"."callToActionBlock" USING "btree" ("_path");


--
-- Name: categories_breadcrumbs_doc_idx; Type: INDEX; Schema: public; Owner: -
--

CREATE INDEX "categories_breadcrumbs_doc_idx" ON "public"."categories_breadcrumbs" USING "btree" ("doc_id");


--
-- Name: categories_breadcrumbs_locale_idx; Type: INDEX; Schema: public; Owner: -
--

CREATE INDEX "categories_breadcrumbs_locale_idx" ON "public"."categories_breadcrumbs" USING "btree" ("_locale");


--
-- Name: categories_breadcrumbs_order_idx; Type: INDEX; Schema: public; Owner: -
--

CREATE INDEX "categories_breadcrumbs_order_idx" ON "public"."categories_breadcrumbs" USING "btree" ("_order");


--
-- Name: categories_breadcrumbs_parent_id_idx; Type: INDEX; Schema: public; Owner: -
--

CREATE INDEX "categories_breadcrumbs_parent_id_idx" ON "public"."categories_breadcrumbs" USING "btree" ("_parent_id");


--
-- Name: categories_created_at_idx; Type: INDEX; Schema: public; Owner: -
--

CREATE INDEX "categories_created_at_idx" ON "public"."categories" USING "btree" ("created_at");


--
-- Name: categories_locales_locale_parent_id_unique; Type: INDEX; Schema: public; Owner: -
--

CREATE UNIQUE INDEX "categories_locales_locale_parent_id_unique" ON "public"."categories_locales" USING "btree" ("_locale", "_parent_id");


--
-- Name: categories_parent_idx; Type: INDEX; Schema: public; Owner: -
--

CREATE INDEX "categories_parent_idx" ON "public"."categories" USING "btree" ("parent_id");


--
-- Name: categories_slug_idx; Type: INDEX; Schema: public; Owner: -
--

CREATE INDEX "categories_slug_idx" ON "public"."categories" USING "btree" ("slug");


--
-- Name: categories_updated_at_idx; Type: INDEX; Schema: public; Owner: -
--

CREATE INDEX "categories_updated_at_idx" ON "public"."categories" USING "btree" ("updated_at");


--
-- Name: customHtmlBlock_block_header_links_locales_locale_parent_id_uni; Type: INDEX; Schema: public; Owner: -
--

CREATE UNIQUE INDEX "customHtmlBlock_block_header_links_locales_locale_parent_id_uni" ON "public"."customHtmlBlock_block_header_links_locales" USING "btree" ("_locale", "_parent_id");


--
-- Name: customHtmlBlock_block_header_links_order_idx; Type: INDEX; Schema: public; Owner: -
--

CREATE INDEX "customHtmlBlock_block_header_links_order_idx" ON "public"."customHtmlBlock_block_header_links" USING "btree" ("_order");


--
-- Name: customHtmlBlock_block_header_links_parent_id_idx; Type: INDEX; Schema: public; Owner: -
--

CREATE INDEX "customHtmlBlock_block_header_links_parent_id_idx" ON "public"."customHtmlBlock_block_header_links" USING "btree" ("_parent_id");


--
-- Name: customHtmlBlock_locales_locale_parent_id_unique; Type: INDEX; Schema: public; Owner: -
--

CREATE UNIQUE INDEX "customHtmlBlock_locales_locale_parent_id_unique" ON "public"."customHtmlBlock_locales" USING "btree" ("_locale", "_parent_id");


--
-- Name: customHtmlBlock_order_idx; Type: INDEX; Schema: public; Owner: -
--

CREATE INDEX "customHtmlBlock_order_idx" ON "public"."customHtmlBlock" USING "btree" ("_order");


--
-- Name: customHtmlBlock_parent_id_idx; Type: INDEX; Schema: public; Owner: -
--

CREATE INDEX "customHtmlBlock_parent_id_idx" ON "public"."customHtmlBlock" USING "btree" ("_parent_id");


--
-- Name: customHtmlBlock_path_idx; Type: INDEX; Schema: public; Owner: -
--

CREATE INDEX "customHtmlBlock_path_idx" ON "public"."customHtmlBlock" USING "btree" ("_path");


--
-- Name: customers__status_idx; Type: INDEX; Schema: public; Owner: -
--

CREATE INDEX "customers__status_idx" ON "public"."customers" USING "btree" ("_status");


--
-- Name: customers_created_at_idx; Type: INDEX; Schema: public; Owner: -
--

CREATE INDEX "customers_created_at_idx" ON "public"."customers" USING "btree" ("created_at");


--
-- Name: customers_locales_locale_parent_id_unique; Type: INDEX; Schema: public; Owner: -
--

CREATE UNIQUE INDEX "customers_locales_locale_parent_id_unique" ON "public"."customers_locales" USING "btree" ("_locale", "_parent_id");


--
-- Name: customers_rels_blog_posts_id_idx; Type: INDEX; Schema: public; Owner: -
--

CREATE INDEX "customers_rels_blog_posts_id_idx" ON "public"."customers_rels" USING "btree" ("blog_posts_id");


--
-- Name: customers_rels_categories_id_idx; Type: INDEX; Schema: public; Owner: -
--

CREATE INDEX "customers_rels_categories_id_idx" ON "public"."customers_rels" USING "btree" ("categories_id");


--
-- Name: customers_rels_order_idx; Type: INDEX; Schema: public; Owner: -
--

CREATE INDEX "customers_rels_order_idx" ON "public"."customers_rels" USING "btree" ("order");


--
-- Name: customers_rels_pages_id_idx; Type: INDEX; Schema: public; Owner: -
--

CREATE INDEX "customers_rels_pages_id_idx" ON "public"."customers_rels" USING "btree" ("pages_id");


--
-- Name: customers_rels_parent_idx; Type: INDEX; Schema: public; Owner: -
--

CREATE INDEX "customers_rels_parent_idx" ON "public"."customers_rels" USING "btree" ("parent_id");


--
-- Name: customers_rels_path_idx; Type: INDEX; Schema: public; Owner: -
--

CREATE INDEX "customers_rels_path_idx" ON "public"."customers_rels" USING "btree" ("path");


--
-- Name: customers_slug_idx; Type: INDEX; Schema: public; Owner: -
--

CREATE INDEX "customers_slug_idx" ON "public"."customers" USING "btree" ("slug");


--
-- Name: customers_testimonial_author_info_testimonial_author_inf_idx; Type: INDEX; Schema: public; Owner: -
--

CREATE INDEX "customers_testimonial_author_info_testimonial_author_inf_idx" ON "public"."customers" USING "btree" ("testimonial_author_info_avatar_id");


--
-- Name: customers_testimonial_company_testimonial_company_compan_idx; Type: INDEX; Schema: public; Owner: -
--

CREATE INDEX "customers_testimonial_company_testimonial_company_compan_idx" ON "public"."customers" USING "btree" ("testimonial_company_company_logo_id");


--
-- Name: customers_testimonial_stats_locales_locale_parent_id_unique; Type: INDEX; Schema: public; Owner: -
--

CREATE UNIQUE INDEX "customers_testimonial_stats_locales_locale_parent_id_unique" ON "public"."customers_testimonial_stats_locales" USING "btree" ("_locale", "_parent_id");


--
-- Name: customers_testimonial_stats_order_idx; Type: INDEX; Schema: public; Owner: -
--

CREATE INDEX "customers_testimonial_stats_order_idx" ON "public"."customers_testimonial_stats" USING "btree" ("_order");


--
-- Name: customers_testimonial_stats_parent_id_idx; Type: INDEX; Schema: public; Owner: -
--

CREATE INDEX "customers_testimonial_stats_parent_id_idx" ON "public"."customers_testimonial_stats" USING "btree" ("_parent_id");


--
-- Name: customers_testimonial_testimonial_featured_image_idx; Type: INDEX; Schema: public; Owner: -
--

CREATE INDEX "customers_testimonial_testimonial_featured_image_idx" ON "public"."customers" USING "btree" ("testimonial_featured_image_id");


--
-- Name: customers_updated_at_idx; Type: INDEX; Schema: public; Owner: -
--

CREATE INDEX "customers_updated_at_idx" ON "public"."customers" USING "btree" ("updated_at");


--
-- Name: dividerBlock_order_idx; Type: INDEX; Schema: public; Owner: -
--

CREATE INDEX "dividerBlock_order_idx" ON "public"."dividerBlock" USING "btree" ("_order");


--
-- Name: dividerBlock_parent_id_idx; Type: INDEX; Schema: public; Owner: -
--

CREATE INDEX "dividerBlock_parent_id_idx" ON "public"."dividerBlock" USING "btree" ("_parent_id");


--
-- Name: dividerBlock_path_idx; Type: INDEX; Schema: public; Owner: -
--

CREATE INDEX "dividerBlock_path_idx" ON "public"."dividerBlock" USING "btree" ("_path");


--
-- Name: faqBlock_block_header_links_locales_locale_parent_id_unique; Type: INDEX; Schema: public; Owner: -
--

CREATE UNIQUE INDEX "faqBlock_block_header_links_locales_locale_parent_id_unique" ON "public"."faqBlock_block_header_links_locales" USING "btree" ("_locale", "_parent_id");


--
-- Name: faqBlock_block_header_links_order_idx; Type: INDEX; Schema: public; Owner: -
--

CREATE INDEX "faqBlock_block_header_links_order_idx" ON "public"."faqBlock_block_header_links" USING "btree" ("_order");


--
-- Name: faqBlock_block_header_links_parent_id_idx; Type: INDEX; Schema: public; Owner: -
--

CREATE INDEX "faqBlock_block_header_links_parent_id_idx" ON "public"."faqBlock_block_header_links" USING "btree" ("_parent_id");


--
-- Name: faqBlock_locales_locale_parent_id_unique; Type: INDEX; Schema: public; Owner: -
--

CREATE UNIQUE INDEX "faqBlock_locales_locale_parent_id_unique" ON "public"."faqBlock_locales" USING "btree" ("_locale", "_parent_id");


--
-- Name: faqBlock_order_idx; Type: INDEX; Schema: public; Owner: -
--

CREATE INDEX "faqBlock_order_idx" ON "public"."faqBlock" USING "btree" ("_order");


--
-- Name: faqBlock_parent_id_idx; Type: INDEX; Schema: public; Owner: -
--

CREATE INDEX "faqBlock_parent_id_idx" ON "public"."faqBlock" USING "btree" ("_parent_id");


--
-- Name: faqBlock_path_idx; Type: INDEX; Schema: public; Owner: -
--

CREATE INDEX "faqBlock_path_idx" ON "public"."faqBlock" USING "btree" ("_path");


--
-- Name: faq__status_idx; Type: INDEX; Schema: public; Owner: -
--

CREATE INDEX "faq__status_idx" ON "public"."faq" USING "btree" ("_status");


--
-- Name: faq_category_idx; Type: INDEX; Schema: public; Owner: -
--

CREATE INDEX "faq_category_idx" ON "public"."faq" USING "btree" ("category_id");


--
-- Name: faq_created_at_idx; Type: INDEX; Schema: public; Owner: -
--

CREATE INDEX "faq_created_at_idx" ON "public"."faq" USING "btree" ("created_at");


--
-- Name: faq_locales_locale_parent_id_unique; Type: INDEX; Schema: public; Owner: -
--

CREATE UNIQUE INDEX "faq_locales_locale_parent_id_unique" ON "public"."faq_locales" USING "btree" ("_locale", "_parent_id");


--
-- Name: faq_updated_at_idx; Type: INDEX; Schema: public; Owner: -
--

CREATE INDEX "faq_updated_at_idx" ON "public"."faq" USING "btree" ("updated_at");


--
-- Name: featuresBlock_block_header_links_locales_locale_parent_id_uniqu; Type: INDEX; Schema: public; Owner: -
--

CREATE UNIQUE INDEX "featuresBlock_block_header_links_locales_locale_parent_id_uniqu" ON "public"."featuresBlock_block_header_links_locales" USING "btree" ("_locale", "_parent_id");


--
-- Name: featuresBlock_block_header_links_order_idx; Type: INDEX; Schema: public; Owner: -
--

CREATE INDEX "featuresBlock_block_header_links_order_idx" ON "public"."featuresBlock_block_header_links" USING "btree" ("_order");


--
-- Name: featuresBlock_block_header_links_parent_id_idx; Type: INDEX; Schema: public; Owner: -
--

CREATE INDEX "featuresBlock_block_header_links_parent_id_idx" ON "public"."featuresBlock_block_header_links" USING "btree" ("_parent_id");


--
-- Name: featuresBlock_block_image_idx; Type: INDEX; Schema: public; Owner: -
--

CREATE INDEX "featuresBlock_block_image_idx" ON "public"."featuresBlock_locales" USING "btree" ("block_image_id", "_locale");


--
-- Name: featuresBlock_columns_image_idx; Type: INDEX; Schema: public; Owner: -
--

CREATE INDEX "featuresBlock_columns_image_idx" ON "public"."featuresBlock_columns_locales" USING "btree" ("image_id", "_locale");


--
-- Name: featuresBlock_columns_locales_locale_parent_id_unique; Type: INDEX; Schema: public; Owner: -
--

CREATE UNIQUE INDEX "featuresBlock_columns_locales_locale_parent_id_unique" ON "public"."featuresBlock_columns_locales" USING "btree" ("_locale", "_parent_id");


--
-- Name: featuresBlock_columns_order_idx; Type: INDEX; Schema: public; Owner: -
--

CREATE INDEX "featuresBlock_columns_order_idx" ON "public"."featuresBlock_columns" USING "btree" ("_order");


--
-- Name: featuresBlock_columns_parent_id_idx; Type: INDEX; Schema: public; Owner: -
--

CREATE INDEX "featuresBlock_columns_parent_id_idx" ON "public"."featuresBlock_columns" USING "btree" ("_parent_id");


--
-- Name: featuresBlock_locales_locale_parent_id_unique; Type: INDEX; Schema: public; Owner: -
--

CREATE UNIQUE INDEX "featuresBlock_locales_locale_parent_id_unique" ON "public"."featuresBlock_locales" USING "btree" ("_locale", "_parent_id");


--
-- Name: featuresBlock_order_idx; Type: INDEX; Schema: public; Owner: -
--

CREATE INDEX "featuresBlock_order_idx" ON "public"."featuresBlock" USING "btree" ("_order");


--
-- Name: featuresBlock_parent_id_idx; Type: INDEX; Schema: public; Owner: -
--

CREATE INDEX "featuresBlock_parent_id_idx" ON "public"."featuresBlock" USING "btree" ("_parent_id");


--
-- Name: featuresBlock_path_idx; Type: INDEX; Schema: public; Owner: -
--

CREATE INDEX "featuresBlock_path_idx" ON "public"."featuresBlock" USING "btree" ("_path");


--
-- Name: footer_columns_nav_items_locales_locale_parent_id_unique; Type: INDEX; Schema: public; Owner: -
--

CREATE UNIQUE INDEX "footer_columns_nav_items_locales_locale_parent_id_unique" ON "public"."footer_columns_nav_items_locales" USING "btree" ("_locale", "_parent_id");


--
-- Name: footer_columns_nav_items_order_idx; Type: INDEX; Schema: public; Owner: -
--

CREATE INDEX "footer_columns_nav_items_order_idx" ON "public"."footer_columns_nav_items" USING "btree" ("_order");


--
-- Name: footer_columns_nav_items_parent_id_idx; Type: INDEX; Schema: public; Owner: -
--

CREATE INDEX "footer_columns_nav_items_parent_id_idx" ON "public"."footer_columns_nav_items" USING "btree" ("_parent_id");


--
-- Name: footer_columns_order_idx; Type: INDEX; Schema: public; Owner: -
--

CREATE INDEX "footer_columns_order_idx" ON "public"."footer_columns" USING "btree" ("_order");


--
-- Name: footer_columns_parent_id_idx; Type: INDEX; Schema: public; Owner: -
--

CREATE INDEX "footer_columns_parent_id_idx" ON "public"."footer_columns" USING "btree" ("_parent_id");


--
-- Name: footer_rels_blog_posts_id_idx; Type: INDEX; Schema: public; Owner: -
--

CREATE INDEX "footer_rels_blog_posts_id_idx" ON "public"."footer_rels" USING "btree" ("blog_posts_id");


--
-- Name: footer_rels_order_idx; Type: INDEX; Schema: public; Owner: -
--

CREATE INDEX "footer_rels_order_idx" ON "public"."footer_rels" USING "btree" ("order");


--
-- Name: footer_rels_pages_id_idx; Type: INDEX; Schema: public; Owner: -
--

CREATE INDEX "footer_rels_pages_id_idx" ON "public"."footer_rels" USING "btree" ("pages_id");


--
-- Name: footer_rels_parent_idx; Type: INDEX; Schema: public; Owner: -
--

CREATE INDEX "footer_rels_parent_idx" ON "public"."footer_rels" USING "btree" ("parent_id");


--
-- Name: footer_rels_path_idx; Type: INDEX; Schema: public; Owner: -
--

CREATE INDEX "footer_rels_path_idx" ON "public"."footer_rels" USING "btree" ("path");


--
-- Name: formBlock_form_idx; Type: INDEX; Schema: public; Owner: -
--

CREATE INDEX "formBlock_form_idx" ON "public"."formBlock" USING "btree" ("form_id");


--
-- Name: formBlock_order_idx; Type: INDEX; Schema: public; Owner: -
--

CREATE INDEX "formBlock_order_idx" ON "public"."formBlock" USING "btree" ("_order");


--
-- Name: formBlock_parent_id_idx; Type: INDEX; Schema: public; Owner: -
--

CREATE INDEX "formBlock_parent_id_idx" ON "public"."formBlock" USING "btree" ("_parent_id");


--
-- Name: formBlock_path_idx; Type: INDEX; Schema: public; Owner: -
--

CREATE INDEX "formBlock_path_idx" ON "public"."formBlock" USING "btree" ("_path");


--
-- Name: form_submissions_created_at_idx; Type: INDEX; Schema: public; Owner: -
--

CREATE INDEX "form_submissions_created_at_idx" ON "public"."form_submissions" USING "btree" ("created_at");


--
-- Name: form_submissions_form_idx; Type: INDEX; Schema: public; Owner: -
--

CREATE INDEX "form_submissions_form_idx" ON "public"."form_submissions" USING "btree" ("form_id");


--
-- Name: form_submissions_submission_data_order_idx; Type: INDEX; Schema: public; Owner: -
--

CREATE INDEX "form_submissions_submission_data_order_idx" ON "public"."form_submissions_submission_data" USING "btree" ("_order");


--
-- Name: form_submissions_submission_data_parent_id_idx; Type: INDEX; Schema: public; Owner: -
--

CREATE INDEX "form_submissions_submission_data_parent_id_idx" ON "public"."form_submissions_submission_data" USING "btree" ("_parent_id");


--
-- Name: form_submissions_updated_at_idx; Type: INDEX; Schema: public; Owner: -
--

CREATE INDEX "form_submissions_updated_at_idx" ON "public"."form_submissions" USING "btree" ("updated_at");


--
-- Name: forms_blocks_checkbox_locales_locale_parent_id_unique; Type: INDEX; Schema: public; Owner: -
--

CREATE UNIQUE INDEX "forms_blocks_checkbox_locales_locale_parent_id_unique" ON "public"."forms_blocks_checkbox_locales" USING "btree" ("_locale", "_parent_id");


--
-- Name: forms_blocks_checkbox_order_idx; Type: INDEX; Schema: public; Owner: -
--

CREATE INDEX "forms_blocks_checkbox_order_idx" ON "public"."forms_blocks_checkbox" USING "btree" ("_order");


--
-- Name: forms_blocks_checkbox_parent_id_idx; Type: INDEX; Schema: public; Owner: -
--

CREATE INDEX "forms_blocks_checkbox_parent_id_idx" ON "public"."forms_blocks_checkbox" USING "btree" ("_parent_id");


--
-- Name: forms_blocks_checkbox_path_idx; Type: INDEX; Schema: public; Owner: -
--

CREATE INDEX "forms_blocks_checkbox_path_idx" ON "public"."forms_blocks_checkbox" USING "btree" ("_path");


--
-- Name: forms_blocks_country_locales_locale_parent_id_unique; Type: INDEX; Schema: public; Owner: -
--

CREATE UNIQUE INDEX "forms_blocks_country_locales_locale_parent_id_unique" ON "public"."forms_blocks_country_locales" USING "btree" ("_locale", "_parent_id");


--
-- Name: forms_blocks_country_order_idx; Type: INDEX; Schema: public; Owner: -
--

CREATE INDEX "forms_blocks_country_order_idx" ON "public"."forms_blocks_country" USING "btree" ("_order");


--
-- Name: forms_blocks_country_parent_id_idx; Type: INDEX; Schema: public; Owner: -
--

CREATE INDEX "forms_blocks_country_parent_id_idx" ON "public"."forms_blocks_country" USING "btree" ("_parent_id");


--
-- Name: forms_blocks_country_path_idx; Type: INDEX; Schema: public; Owner: -
--

CREATE INDEX "forms_blocks_country_path_idx" ON "public"."forms_blocks_country" USING "btree" ("_path");


--
-- Name: forms_blocks_email_locales_locale_parent_id_unique; Type: INDEX; Schema: public; Owner: -
--

CREATE UNIQUE INDEX "forms_blocks_email_locales_locale_parent_id_unique" ON "public"."forms_blocks_email_locales" USING "btree" ("_locale", "_parent_id");


--
-- Name: forms_blocks_email_order_idx; Type: INDEX; Schema: public; Owner: -
--

CREATE INDEX "forms_blocks_email_order_idx" ON "public"."forms_blocks_email" USING "btree" ("_order");


--
-- Name: forms_blocks_email_parent_id_idx; Type: INDEX; Schema: public; Owner: -
--

CREATE INDEX "forms_blocks_email_parent_id_idx" ON "public"."forms_blocks_email" USING "btree" ("_parent_id");


--
-- Name: forms_blocks_email_path_idx; Type: INDEX; Schema: public; Owner: -
--

CREATE INDEX "forms_blocks_email_path_idx" ON "public"."forms_blocks_email" USING "btree" ("_path");


--
-- Name: forms_blocks_message_locales_locale_parent_id_unique; Type: INDEX; Schema: public; Owner: -
--

CREATE UNIQUE INDEX "forms_blocks_message_locales_locale_parent_id_unique" ON "public"."forms_blocks_message_locales" USING "btree" ("_locale", "_parent_id");


--
-- Name: forms_blocks_message_order_idx; Type: INDEX; Schema: public; Owner: -
--

CREATE INDEX "forms_blocks_message_order_idx" ON "public"."forms_blocks_message" USING "btree" ("_order");


--
-- Name: forms_blocks_message_parent_id_idx; Type: INDEX; Schema: public; Owner: -
--

CREATE INDEX "forms_blocks_message_parent_id_idx" ON "public"."forms_blocks_message" USING "btree" ("_parent_id");


--
-- Name: forms_blocks_message_path_idx; Type: INDEX; Schema: public; Owner: -
--

CREATE INDEX "forms_blocks_message_path_idx" ON "public"."forms_blocks_message" USING "btree" ("_path");


--
-- Name: forms_blocks_number_locales_locale_parent_id_unique; Type: INDEX; Schema: public; Owner: -
--

CREATE UNIQUE INDEX "forms_blocks_number_locales_locale_parent_id_unique" ON "public"."forms_blocks_number_locales" USING "btree" ("_locale", "_parent_id");


--
-- Name: forms_blocks_number_order_idx; Type: INDEX; Schema: public; Owner: -
--

CREATE INDEX "forms_blocks_number_order_idx" ON "public"."forms_blocks_number" USING "btree" ("_order");


--
-- Name: forms_blocks_number_parent_id_idx; Type: INDEX; Schema: public; Owner: -
--

CREATE INDEX "forms_blocks_number_parent_id_idx" ON "public"."forms_blocks_number" USING "btree" ("_parent_id");


--
-- Name: forms_blocks_number_path_idx; Type: INDEX; Schema: public; Owner: -
--

CREATE INDEX "forms_blocks_number_path_idx" ON "public"."forms_blocks_number" USING "btree" ("_path");


--
-- Name: forms_blocks_select_locales_locale_parent_id_unique; Type: INDEX; Schema: public; Owner: -
--

CREATE UNIQUE INDEX "forms_blocks_select_locales_locale_parent_id_unique" ON "public"."forms_blocks_select_locales" USING "btree" ("_locale", "_parent_id");


--
-- Name: forms_blocks_select_options_locales_locale_parent_id_unique; Type: INDEX; Schema: public; Owner: -
--

CREATE UNIQUE INDEX "forms_blocks_select_options_locales_locale_parent_id_unique" ON "public"."forms_blocks_select_options_locales" USING "btree" ("_locale", "_parent_id");


--
-- Name: forms_blocks_select_options_order_idx; Type: INDEX; Schema: public; Owner: -
--

CREATE INDEX "forms_blocks_select_options_order_idx" ON "public"."forms_blocks_select_options" USING "btree" ("_order");


--
-- Name: forms_blocks_select_options_parent_id_idx; Type: INDEX; Schema: public; Owner: -
--

CREATE INDEX "forms_blocks_select_options_parent_id_idx" ON "public"."forms_blocks_select_options" USING "btree" ("_parent_id");


--
-- Name: forms_blocks_select_order_idx; Type: INDEX; Schema: public; Owner: -
--

CREATE INDEX "forms_blocks_select_order_idx" ON "public"."forms_blocks_select" USING "btree" ("_order");


--
-- Name: forms_blocks_select_parent_id_idx; Type: INDEX; Schema: public; Owner: -
--

CREATE INDEX "forms_blocks_select_parent_id_idx" ON "public"."forms_blocks_select" USING "btree" ("_parent_id");


--
-- Name: forms_blocks_select_path_idx; Type: INDEX; Schema: public; Owner: -
--

CREATE INDEX "forms_blocks_select_path_idx" ON "public"."forms_blocks_select" USING "btree" ("_path");


--
-- Name: forms_blocks_state_locales_locale_parent_id_unique; Type: INDEX; Schema: public; Owner: -
--

CREATE UNIQUE INDEX "forms_blocks_state_locales_locale_parent_id_unique" ON "public"."forms_blocks_state_locales" USING "btree" ("_locale", "_parent_id");


--
-- Name: forms_blocks_state_order_idx; Type: INDEX; Schema: public; Owner: -
--

CREATE INDEX "forms_blocks_state_order_idx" ON "public"."forms_blocks_state" USING "btree" ("_order");


--
-- Name: forms_blocks_state_parent_id_idx; Type: INDEX; Schema: public; Owner: -
--

CREATE INDEX "forms_blocks_state_parent_id_idx" ON "public"."forms_blocks_state" USING "btree" ("_parent_id");


--
-- Name: forms_blocks_state_path_idx; Type: INDEX; Schema: public; Owner: -
--

CREATE INDEX "forms_blocks_state_path_idx" ON "public"."forms_blocks_state" USING "btree" ("_path");


--
-- Name: forms_blocks_text_locales_locale_parent_id_unique; Type: INDEX; Schema: public; Owner: -
--

CREATE UNIQUE INDEX "forms_blocks_text_locales_locale_parent_id_unique" ON "public"."forms_blocks_text_locales" USING "btree" ("_locale", "_parent_id");


--
-- Name: forms_blocks_text_order_idx; Type: INDEX; Schema: public; Owner: -
--

CREATE INDEX "forms_blocks_text_order_idx" ON "public"."forms_blocks_text" USING "btree" ("_order");


--
-- Name: forms_blocks_text_parent_id_idx; Type: INDEX; Schema: public; Owner: -
--

CREATE INDEX "forms_blocks_text_parent_id_idx" ON "public"."forms_blocks_text" USING "btree" ("_parent_id");


--
-- Name: forms_blocks_text_path_idx; Type: INDEX; Schema: public; Owner: -
--

CREATE INDEX "forms_blocks_text_path_idx" ON "public"."forms_blocks_text" USING "btree" ("_path");


--
-- Name: forms_blocks_textarea_locales_locale_parent_id_unique; Type: INDEX; Schema: public; Owner: -
--

CREATE UNIQUE INDEX "forms_blocks_textarea_locales_locale_parent_id_unique" ON "public"."forms_blocks_textarea_locales" USING "btree" ("_locale", "_parent_id");


--
-- Name: forms_blocks_textarea_order_idx; Type: INDEX; Schema: public; Owner: -
--

CREATE INDEX "forms_blocks_textarea_order_idx" ON "public"."forms_blocks_textarea" USING "btree" ("_order");


--
-- Name: forms_blocks_textarea_parent_id_idx; Type: INDEX; Schema: public; Owner: -
--

CREATE INDEX "forms_blocks_textarea_parent_id_idx" ON "public"."forms_blocks_textarea" USING "btree" ("_parent_id");


--
-- Name: forms_blocks_textarea_path_idx; Type: INDEX; Schema: public; Owner: -
--

CREATE INDEX "forms_blocks_textarea_path_idx" ON "public"."forms_blocks_textarea" USING "btree" ("_path");


--
-- Name: forms_created_at_idx; Type: INDEX; Schema: public; Owner: -
--

CREATE INDEX "forms_created_at_idx" ON "public"."forms" USING "btree" ("created_at");


--
-- Name: forms_emails_locales_locale_parent_id_unique; Type: INDEX; Schema: public; Owner: -
--

CREATE UNIQUE INDEX "forms_emails_locales_locale_parent_id_unique" ON "public"."forms_emails_locales" USING "btree" ("_locale", "_parent_id");


--
-- Name: forms_emails_order_idx; Type: INDEX; Schema: public; Owner: -
--

CREATE INDEX "forms_emails_order_idx" ON "public"."forms_emails" USING "btree" ("_order");


--
-- Name: forms_emails_parent_id_idx; Type: INDEX; Schema: public; Owner: -
--

CREATE INDEX "forms_emails_parent_id_idx" ON "public"."forms_emails" USING "btree" ("_parent_id");


--
-- Name: forms_locales_locale_parent_id_unique; Type: INDEX; Schema: public; Owner: -
--

CREATE UNIQUE INDEX "forms_locales_locale_parent_id_unique" ON "public"."forms_locales" USING "btree" ("_locale", "_parent_id");


--
-- Name: forms_updated_at_idx; Type: INDEX; Schema: public; Owner: -
--

CREATE INDEX "forms_updated_at_idx" ON "public"."forms" USING "btree" ("updated_at");


--
-- Name: galleryBlock_block_header_links_locales_locale_parent_id_unique; Type: INDEX; Schema: public; Owner: -
--

CREATE UNIQUE INDEX "galleryBlock_block_header_links_locales_locale_parent_id_unique" ON "public"."galleryBlock_block_header_links_locales" USING "btree" ("_locale", "_parent_id");


--
-- Name: galleryBlock_block_header_links_order_idx; Type: INDEX; Schema: public; Owner: -
--

CREATE INDEX "galleryBlock_block_header_links_order_idx" ON "public"."galleryBlock_block_header_links" USING "btree" ("_order");


--
-- Name: galleryBlock_block_header_links_parent_id_idx; Type: INDEX; Schema: public; Owner: -
--

CREATE INDEX "galleryBlock_block_header_links_parent_id_idx" ON "public"."galleryBlock_block_header_links" USING "btree" ("_parent_id");


--
-- Name: galleryBlock_interactive_gallery_image_idx; Type: INDEX; Schema: public; Owner: -
--

CREATE INDEX "galleryBlock_interactive_gallery_image_idx" ON "public"."galleryBlock_interactive_gallery_locales" USING "btree" ("image_id", "_locale");


--
-- Name: galleryBlock_interactive_gallery_locales_locale_parent_id_uniqu; Type: INDEX; Schema: public; Owner: -
--

CREATE UNIQUE INDEX "galleryBlock_interactive_gallery_locales_locale_parent_id_uniqu" ON "public"."galleryBlock_interactive_gallery_locales" USING "btree" ("_locale", "_parent_id");


--
-- Name: galleryBlock_interactive_gallery_order_idx; Type: INDEX; Schema: public; Owner: -
--

CREATE INDEX "galleryBlock_interactive_gallery_order_idx" ON "public"."galleryBlock_interactive_gallery" USING "btree" ("_order");


--
-- Name: galleryBlock_interactive_gallery_parent_id_idx; Type: INDEX; Schema: public; Owner: -
--

CREATE INDEX "galleryBlock_interactive_gallery_parent_id_idx" ON "public"."galleryBlock_interactive_gallery" USING "btree" ("_parent_id");


--
-- Name: galleryBlock_locales_locale_parent_id_unique; Type: INDEX; Schema: public; Owner: -
--

CREATE UNIQUE INDEX "galleryBlock_locales_locale_parent_id_unique" ON "public"."galleryBlock_locales" USING "btree" ("_locale", "_parent_id");


--
-- Name: galleryBlock_order_idx; Type: INDEX; Schema: public; Owner: -
--

CREATE INDEX "galleryBlock_order_idx" ON "public"."galleryBlock" USING "btree" ("_order");


--
-- Name: galleryBlock_parent_id_idx; Type: INDEX; Schema: public; Owner: -
--

CREATE INDEX "galleryBlock_parent_id_idx" ON "public"."galleryBlock" USING "btree" ("_parent_id");


--
-- Name: galleryBlock_path_idx; Type: INDEX; Schema: public; Owner: -
--

CREATE INDEX "galleryBlock_path_idx" ON "public"."galleryBlock" USING "btree" ("_path");


--
-- Name: header_cta_locales_locale_parent_id_unique; Type: INDEX; Schema: public; Owner: -
--

CREATE UNIQUE INDEX "header_cta_locales_locale_parent_id_unique" ON "public"."header_cta_locales" USING "btree" ("_locale", "_parent_id");


--
-- Name: header_cta_order_idx; Type: INDEX; Schema: public; Owner: -
--

CREATE INDEX "header_cta_order_idx" ON "public"."header_cta" USING "btree" ("_order");


--
-- Name: header_cta_parent_id_idx; Type: INDEX; Schema: public; Owner: -
--

CREATE INDEX "header_cta_parent_id_idx" ON "public"."header_cta" USING "btree" ("_parent_id");


--
-- Name: header_rels_blog_posts_id_idx; Type: INDEX; Schema: public; Owner: -
--

CREATE INDEX "header_rels_blog_posts_id_idx" ON "public"."header_rels" USING "btree" ("blog_posts_id");


--
-- Name: header_rels_order_idx; Type: INDEX; Schema: public; Owner: -
--

CREATE INDEX "header_rels_order_idx" ON "public"."header_rels" USING "btree" ("order");


--
-- Name: header_rels_pages_id_idx; Type: INDEX; Schema: public; Owner: -
--

CREATE INDEX "header_rels_pages_id_idx" ON "public"."header_rels" USING "btree" ("pages_id");


--
-- Name: header_rels_parent_idx; Type: INDEX; Schema: public; Owner: -
--

CREATE INDEX "header_rels_parent_idx" ON "public"."header_rels" USING "btree" ("parent_id");


--
-- Name: header_rels_path_idx; Type: INDEX; Schema: public; Owner: -
--

CREATE INDEX "header_rels_path_idx" ON "public"."header_rels" USING "btree" ("path");


--
-- Name: header_tabs_description_links_locales_locale_parent_id_unique; Type: INDEX; Schema: public; Owner: -
--

CREATE UNIQUE INDEX "header_tabs_description_links_locales_locale_parent_id_unique" ON "public"."header_tabs_description_links_locales" USING "btree" ("_locale", "_parent_id");


--
-- Name: header_tabs_description_links_order_idx; Type: INDEX; Schema: public; Owner: -
--

CREATE INDEX "header_tabs_description_links_order_idx" ON "public"."header_tabs_description_links" USING "btree" ("_order");


--
-- Name: header_tabs_description_links_parent_id_idx; Type: INDEX; Schema: public; Owner: -
--

CREATE INDEX "header_tabs_description_links_parent_id_idx" ON "public"."header_tabs_description_links" USING "btree" ("_parent_id");


--
-- Name: header_tabs_locales_locale_parent_id_unique; Type: INDEX; Schema: public; Owner: -
--

CREATE UNIQUE INDEX "header_tabs_locales_locale_parent_id_unique" ON "public"."header_tabs_locales" USING "btree" ("_locale", "_parent_id");


--
-- Name: header_tabs_nav_items_featured_link_links_locales_locale_parent; Type: INDEX; Schema: public; Owner: -
--

CREATE UNIQUE INDEX "header_tabs_nav_items_featured_link_links_locales_locale_parent" ON "public"."header_tabs_nav_items_featured_link_links_locales" USING "btree" ("_locale", "_parent_id");


--
-- Name: header_tabs_nav_items_featured_link_links_order_idx; Type: INDEX; Schema: public; Owner: -
--

CREATE INDEX "header_tabs_nav_items_featured_link_links_order_idx" ON "public"."header_tabs_nav_items_featured_link_links" USING "btree" ("_order");


--
-- Name: header_tabs_nav_items_featured_link_links_parent_id_idx; Type: INDEX; Schema: public; Owner: -
--

CREATE INDEX "header_tabs_nav_items_featured_link_links_parent_id_idx" ON "public"."header_tabs_nav_items_featured_link_links" USING "btree" ("_parent_id");


--
-- Name: header_tabs_nav_items_list_links_links_locales_locale_parent_id; Type: INDEX; Schema: public; Owner: -
--

CREATE UNIQUE INDEX "header_tabs_nav_items_list_links_links_locales_locale_parent_id" ON "public"."header_tabs_nav_items_list_links_links_locales" USING "btree" ("_locale", "_parent_id");


--
-- Name: header_tabs_nav_items_list_links_links_order_idx; Type: INDEX; Schema: public; Owner: -
--

CREATE INDEX "header_tabs_nav_items_list_links_links_order_idx" ON "public"."header_tabs_nav_items_list_links_links" USING "btree" ("_order");


--
-- Name: header_tabs_nav_items_list_links_links_parent_id_idx; Type: INDEX; Schema: public; Owner: -
--

CREATE INDEX "header_tabs_nav_items_list_links_links_parent_id_idx" ON "public"."header_tabs_nav_items_list_links_links" USING "btree" ("_parent_id");


--
-- Name: header_tabs_nav_items_locales_locale_parent_id_unique; Type: INDEX; Schema: public; Owner: -
--

CREATE UNIQUE INDEX "header_tabs_nav_items_locales_locale_parent_id_unique" ON "public"."header_tabs_nav_items_locales" USING "btree" ("_locale", "_parent_id");


--
-- Name: header_tabs_nav_items_order_idx; Type: INDEX; Schema: public; Owner: -
--

CREATE INDEX "header_tabs_nav_items_order_idx" ON "public"."header_tabs_nav_items" USING "btree" ("_order");


--
-- Name: header_tabs_nav_items_parent_id_idx; Type: INDEX; Schema: public; Owner: -
--

CREATE INDEX "header_tabs_nav_items_parent_id_idx" ON "public"."header_tabs_nav_items" USING "btree" ("_parent_id");


--
-- Name: header_tabs_order_idx; Type: INDEX; Schema: public; Owner: -
--

CREATE INDEX "header_tabs_order_idx" ON "public"."header_tabs" USING "btree" ("_order");


--
-- Name: header_tabs_parent_id_idx; Type: INDEX; Schema: public; Owner: -
--

CREATE INDEX "header_tabs_parent_id_idx" ON "public"."header_tabs" USING "btree" ("_parent_id");


--
-- Name: logosBlock_block_header_links_locales_locale_parent_id_unique; Type: INDEX; Schema: public; Owner: -
--

CREATE UNIQUE INDEX "logosBlock_block_header_links_locales_locale_parent_id_unique" ON "public"."logosBlock_block_header_links_locales" USING "btree" ("_locale", "_parent_id");


--
-- Name: logosBlock_block_header_links_order_idx; Type: INDEX; Schema: public; Owner: -
--

CREATE INDEX "logosBlock_block_header_links_order_idx" ON "public"."logosBlock_block_header_links" USING "btree" ("_order");


--
-- Name: logosBlock_block_header_links_parent_id_idx; Type: INDEX; Schema: public; Owner: -
--

CREATE INDEX "logosBlock_block_header_links_parent_id_idx" ON "public"."logosBlock_block_header_links" USING "btree" ("_parent_id");


--
-- Name: logosBlock_locales_locale_parent_id_unique; Type: INDEX; Schema: public; Owner: -
--

CREATE UNIQUE INDEX "logosBlock_locales_locale_parent_id_unique" ON "public"."logosBlock_locales" USING "btree" ("_locale", "_parent_id");


--
-- Name: logosBlock_order_idx; Type: INDEX; Schema: public; Owner: -
--

CREATE INDEX "logosBlock_order_idx" ON "public"."logosBlock" USING "btree" ("_order");


--
-- Name: logosBlock_parent_id_idx; Type: INDEX; Schema: public; Owner: -
--

CREATE INDEX "logosBlock_parent_id_idx" ON "public"."logosBlock" USING "btree" ("_parent_id");


--
-- Name: logosBlock_path_idx; Type: INDEX; Schema: public; Owner: -
--

CREATE INDEX "logosBlock_path_idx" ON "public"."logosBlock" USING "btree" ("_path");


--
-- Name: media_created_at_idx; Type: INDEX; Schema: public; Owner: -
--

CREATE INDEX "media_created_at_idx" ON "public"."media" USING "btree" ("created_at");


--
-- Name: media_filename_idx; Type: INDEX; Schema: public; Owner: -
--

CREATE UNIQUE INDEX "media_filename_idx" ON "public"."media" USING "btree" ("filename");


--
-- Name: media_folder_idx; Type: INDEX; Schema: public; Owner: -
--

CREATE INDEX "media_folder_idx" ON "public"."media" USING "btree" ("folder_id");


--
-- Name: media_rels_categories_id_idx; Type: INDEX; Schema: public; Owner: -
--

CREATE INDEX "media_rels_categories_id_idx" ON "public"."media_rels" USING "btree" ("categories_id");


--
-- Name: media_rels_order_idx; Type: INDEX; Schema: public; Owner: -
--

CREATE INDEX "media_rels_order_idx" ON "public"."media_rels" USING "btree" ("order");


--
-- Name: media_rels_parent_idx; Type: INDEX; Schema: public; Owner: -
--

CREATE INDEX "media_rels_parent_idx" ON "public"."media_rels" USING "btree" ("parent_id");


--
-- Name: media_rels_path_idx; Type: INDEX; Schema: public; Owner: -
--

CREATE INDEX "media_rels_path_idx" ON "public"."media_rels" USING "btree" ("path");


--
-- Name: media_sizes_large_sizes_large_filename_idx; Type: INDEX; Schema: public; Owner: -
--

CREATE INDEX "media_sizes_large_sizes_large_filename_idx" ON "public"."media" USING "btree" ("sizes_large_filename");


--
-- Name: media_sizes_medium_sizes_medium_filename_idx; Type: INDEX; Schema: public; Owner: -
--

CREATE INDEX "media_sizes_medium_sizes_medium_filename_idx" ON "public"."media" USING "btree" ("sizes_medium_filename");


--
-- Name: media_sizes_og_sizes_og_filename_idx; Type: INDEX; Schema: public; Owner: -
--

CREATE INDEX "media_sizes_og_sizes_og_filename_idx" ON "public"."media" USING "btree" ("sizes_og_filename");


--
-- Name: media_sizes_small_sizes_small_filename_idx; Type: INDEX; Schema: public; Owner: -
--

CREATE INDEX "media_sizes_small_sizes_small_filename_idx" ON "public"."media" USING "btree" ("sizes_small_filename");


--
-- Name: media_sizes_square_sizes_square_filename_idx; Type: INDEX; Schema: public; Owner: -
--

CREATE INDEX "media_sizes_square_sizes_square_filename_idx" ON "public"."media" USING "btree" ("sizes_square_filename");


--
-- Name: media_sizes_thumbnail_sizes_thumbnail_filename_idx; Type: INDEX; Schema: public; Owner: -
--

CREATE INDEX "media_sizes_thumbnail_sizes_thumbnail_filename_idx" ON "public"."media" USING "btree" ("sizes_thumbnail_filename");


--
-- Name: media_sizes_xlarge_sizes_xlarge_filename_idx; Type: INDEX; Schema: public; Owner: -
--

CREATE INDEX "media_sizes_xlarge_sizes_xlarge_filename_idx" ON "public"."media" USING "btree" ("sizes_xlarge_filename");


--
-- Name: media_updated_at_idx; Type: INDEX; Schema: public; Owner: -
--

CREATE INDEX "media_updated_at_idx" ON "public"."media" USING "btree" ("updated_at");


--
-- Name: metricsBlock_block_header_links_locales_locale_parent_id_unique; Type: INDEX; Schema: public; Owner: -
--

CREATE UNIQUE INDEX "metricsBlock_block_header_links_locales_locale_parent_id_unique" ON "public"."metricsBlock_block_header_links_locales" USING "btree" ("_locale", "_parent_id");


--
-- Name: metricsBlock_block_header_links_order_idx; Type: INDEX; Schema: public; Owner: -
--

CREATE INDEX "metricsBlock_block_header_links_order_idx" ON "public"."metricsBlock_block_header_links" USING "btree" ("_order");


--
-- Name: metricsBlock_block_header_links_parent_id_idx; Type: INDEX; Schema: public; Owner: -
--

CREATE INDEX "metricsBlock_block_header_links_parent_id_idx" ON "public"."metricsBlock_block_header_links" USING "btree" ("_parent_id");


--
-- Name: metricsBlock_block_image_block_image_media_idx; Type: INDEX; Schema: public; Owner: -
--

CREATE INDEX "metricsBlock_block_image_block_image_media_idx" ON "public"."metricsBlock_locales" USING "btree" ("block_image_media_id");


--
-- Name: metricsBlock_locales_locale_parent_id_unique; Type: INDEX; Schema: public; Owner: -
--

CREATE UNIQUE INDEX "metricsBlock_locales_locale_parent_id_unique" ON "public"."metricsBlock_locales" USING "btree" ("_locale", "_parent_id");


--
-- Name: metricsBlock_order_idx; Type: INDEX; Schema: public; Owner: -
--

CREATE INDEX "metricsBlock_order_idx" ON "public"."metricsBlock" USING "btree" ("_order");


--
-- Name: metricsBlock_parent_id_idx; Type: INDEX; Schema: public; Owner: -
--

CREATE INDEX "metricsBlock_parent_id_idx" ON "public"."metricsBlock" USING "btree" ("_parent_id");


--
-- Name: metricsBlock_path_idx; Type: INDEX; Schema: public; Owner: -
--

CREATE INDEX "metricsBlock_path_idx" ON "public"."metricsBlock" USING "btree" ("_path");


--
-- Name: metricsBlock_stats_locales_locale_parent_id_unique; Type: INDEX; Schema: public; Owner: -
--

CREATE UNIQUE INDEX "metricsBlock_stats_locales_locale_parent_id_unique" ON "public"."metricsBlock_stats_locales" USING "btree" ("_locale", "_parent_id");


--
-- Name: metricsBlock_stats_order_idx; Type: INDEX; Schema: public; Owner: -
--

CREATE INDEX "metricsBlock_stats_order_idx" ON "public"."metricsBlock_stats" USING "btree" ("_order");


--
-- Name: metricsBlock_stats_parent_id_idx; Type: INDEX; Schema: public; Owner: -
--

CREATE INDEX "metricsBlock_stats_parent_id_idx" ON "public"."metricsBlock_stats" USING "btree" ("_parent_id");


--
-- Name: metricsBlock_table_headers_locale_idx; Type: INDEX; Schema: public; Owner: -
--

CREATE INDEX "metricsBlock_table_headers_locale_idx" ON "public"."metricsBlock_table_headers" USING "btree" ("_locale");


--
-- Name: metricsBlock_table_headers_order_idx; Type: INDEX; Schema: public; Owner: -
--

CREATE INDEX "metricsBlock_table_headers_order_idx" ON "public"."metricsBlock_table_headers" USING "btree" ("_order");


--
-- Name: metricsBlock_table_headers_parent_id_idx; Type: INDEX; Schema: public; Owner: -
--

CREATE INDEX "metricsBlock_table_headers_parent_id_idx" ON "public"."metricsBlock_table_headers" USING "btree" ("_parent_id");


--
-- Name: metricsBlock_table_rows_cells_locale_idx; Type: INDEX; Schema: public; Owner: -
--

CREATE INDEX "metricsBlock_table_rows_cells_locale_idx" ON "public"."metricsBlock_table_rows_cells" USING "btree" ("_locale");


--
-- Name: metricsBlock_table_rows_cells_order_idx; Type: INDEX; Schema: public; Owner: -
--

CREATE INDEX "metricsBlock_table_rows_cells_order_idx" ON "public"."metricsBlock_table_rows_cells" USING "btree" ("_order");


--
-- Name: metricsBlock_table_rows_cells_parent_id_idx; Type: INDEX; Schema: public; Owner: -
--

CREATE INDEX "metricsBlock_table_rows_cells_parent_id_idx" ON "public"."metricsBlock_table_rows_cells" USING "btree" ("_parent_id");


--
-- Name: metricsBlock_table_rows_children_cells_locale_idx; Type: INDEX; Schema: public; Owner: -
--

CREATE INDEX "metricsBlock_table_rows_children_cells_locale_idx" ON "public"."metricsBlock_table_rows_children_cells" USING "btree" ("_locale");


--
-- Name: metricsBlock_table_rows_children_cells_order_idx; Type: INDEX; Schema: public; Owner: -
--

CREATE INDEX "metricsBlock_table_rows_children_cells_order_idx" ON "public"."metricsBlock_table_rows_children_cells" USING "btree" ("_order");


--
-- Name: metricsBlock_table_rows_children_cells_parent_id_idx; Type: INDEX; Schema: public; Owner: -
--

CREATE INDEX "metricsBlock_table_rows_children_cells_parent_id_idx" ON "public"."metricsBlock_table_rows_children_cells" USING "btree" ("_parent_id");


--
-- Name: metricsBlock_table_rows_children_locale_idx; Type: INDEX; Schema: public; Owner: -
--

CREATE INDEX "metricsBlock_table_rows_children_locale_idx" ON "public"."metricsBlock_table_rows_children" USING "btree" ("_locale");


--
-- Name: metricsBlock_table_rows_children_order_idx; Type: INDEX; Schema: public; Owner: -
--

CREATE INDEX "metricsBlock_table_rows_children_order_idx" ON "public"."metricsBlock_table_rows_children" USING "btree" ("_order");


--
-- Name: metricsBlock_table_rows_children_parent_id_idx; Type: INDEX; Schema: public; Owner: -
--

CREATE INDEX "metricsBlock_table_rows_children_parent_id_idx" ON "public"."metricsBlock_table_rows_children" USING "btree" ("_parent_id");


--
-- Name: metricsBlock_table_rows_locale_idx; Type: INDEX; Schema: public; Owner: -
--

CREATE INDEX "metricsBlock_table_rows_locale_idx" ON "public"."metricsBlock_table_rows" USING "btree" ("_locale");


--
-- Name: metricsBlock_table_rows_order_idx; Type: INDEX; Schema: public; Owner: -
--

CREATE INDEX "metricsBlock_table_rows_order_idx" ON "public"."metricsBlock_table_rows" USING "btree" ("_order");


--
-- Name: metricsBlock_table_rows_parent_id_idx; Type: INDEX; Schema: public; Owner: -
--

CREATE INDEX "metricsBlock_table_rows_parent_id_idx" ON "public"."metricsBlock_table_rows" USING "btree" ("_parent_id");


--
-- Name: pages__status_idx; Type: INDEX; Schema: public; Owner: -
--

CREATE INDEX "pages__status_idx" ON "public"."pages" USING "btree" ("_status");


--
-- Name: pages_created_at_idx; Type: INDEX; Schema: public; Owner: -
--

CREATE INDEX "pages_created_at_idx" ON "public"."pages" USING "btree" ("created_at");


--
-- Name: pages_hero_links_locales_locale_parent_id_unique; Type: INDEX; Schema: public; Owner: -
--

CREATE UNIQUE INDEX "pages_hero_links_locales_locale_parent_id_unique" ON "public"."pages_hero_links_locales" USING "btree" ("_locale", "_parent_id");


--
-- Name: pages_hero_links_order_idx; Type: INDEX; Schema: public; Owner: -
--

CREATE INDEX "pages_hero_links_order_idx" ON "public"."pages_hero_links" USING "btree" ("_order");


--
-- Name: pages_hero_links_parent_id_idx; Type: INDEX; Schema: public; Owner: -
--

CREATE INDEX "pages_hero_links_parent_id_idx" ON "public"."pages_hero_links" USING "btree" ("_parent_id");


--
-- Name: pages_hero_list_items_locales_locale_parent_id_unique; Type: INDEX; Schema: public; Owner: -
--

CREATE UNIQUE INDEX "pages_hero_list_items_locales_locale_parent_id_unique" ON "public"."pages_hero_list_items_locales" USING "btree" ("_locale", "_parent_id");


--
-- Name: pages_hero_list_items_order_idx; Type: INDEX; Schema: public; Owner: -
--

CREATE INDEX "pages_hero_list_items_order_idx" ON "public"."pages_hero_list_items" USING "btree" ("_order");


--
-- Name: pages_hero_list_items_parent_id_idx; Type: INDEX; Schema: public; Owner: -
--

CREATE INDEX "pages_hero_list_items_parent_id_idx" ON "public"."pages_hero_list_items" USING "btree" ("_parent_id");


--
-- Name: pages_hero_media_desktop_hero_media_desktop_dark_idx; Type: INDEX; Schema: public; Owner: -
--

CREATE INDEX "pages_hero_media_desktop_hero_media_desktop_dark_idx" ON "public"."pages_locales" USING "btree" ("hero_media_desktop_dark_id", "_locale");


--
-- Name: pages_hero_media_desktop_hero_media_desktop_light_idx; Type: INDEX; Schema: public; Owner: -
--

CREATE INDEX "pages_hero_media_desktop_hero_media_desktop_light_idx" ON "public"."pages_locales" USING "btree" ("hero_media_desktop_light_id", "_locale");


--
-- Name: pages_hero_media_mobile_hero_media_mobile_dark_idx; Type: INDEX; Schema: public; Owner: -
--

CREATE INDEX "pages_hero_media_mobile_hero_media_mobile_dark_idx" ON "public"."pages_locales" USING "btree" ("hero_media_mobile_dark_id", "_locale");


--
-- Name: pages_hero_media_mobile_hero_media_mobile_light_idx; Type: INDEX; Schema: public; Owner: -
--

CREATE INDEX "pages_hero_media_mobile_hero_media_mobile_light_idx" ON "public"."pages_locales" USING "btree" ("hero_media_mobile_light_id", "_locale");


--
-- Name: pages_locales_locale_parent_id_unique; Type: INDEX; Schema: public; Owner: -
--

CREATE UNIQUE INDEX "pages_locales_locale_parent_id_unique" ON "public"."pages_locales" USING "btree" ("_locale", "_parent_id");


--
-- Name: pages_meta_meta_image_idx; Type: INDEX; Schema: public; Owner: -
--

CREATE INDEX "pages_meta_meta_image_idx" ON "public"."pages_locales" USING "btree" ("meta_image_id");


--
-- Name: pages_rels_blog_posts_id_idx; Type: INDEX; Schema: public; Owner: -
--

CREATE INDEX "pages_rels_blog_posts_id_idx" ON "public"."pages_rels" USING "btree" ("blog_posts_id", "locale");


--
-- Name: pages_rels_customers_id_idx; Type: INDEX; Schema: public; Owner: -
--

CREATE INDEX "pages_rels_customers_id_idx" ON "public"."pages_rels" USING "btree" ("customers_id", "locale");


--
-- Name: pages_rels_faq_id_idx; Type: INDEX; Schema: public; Owner: -
--

CREATE INDEX "pages_rels_faq_id_idx" ON "public"."pages_rels" USING "btree" ("faq_id", "locale");


--
-- Name: pages_rels_locale_idx; Type: INDEX; Schema: public; Owner: -
--

CREATE INDEX "pages_rels_locale_idx" ON "public"."pages_rels" USING "btree" ("locale");


--
-- Name: pages_rels_media_id_idx; Type: INDEX; Schema: public; Owner: -
--

CREATE INDEX "pages_rels_media_id_idx" ON "public"."pages_rels" USING "btree" ("media_id", "locale");


--
-- Name: pages_rels_order_idx; Type: INDEX; Schema: public; Owner: -
--

CREATE INDEX "pages_rels_order_idx" ON "public"."pages_rels" USING "btree" ("order");


--
-- Name: pages_rels_pages_id_idx; Type: INDEX; Schema: public; Owner: -
--

CREATE INDEX "pages_rels_pages_id_idx" ON "public"."pages_rels" USING "btree" ("pages_id", "locale");


--
-- Name: pages_rels_parent_idx; Type: INDEX; Schema: public; Owner: -
--

CREATE INDEX "pages_rels_parent_idx" ON "public"."pages_rels" USING "btree" ("parent_id");


--
-- Name: pages_rels_path_idx; Type: INDEX; Schema: public; Owner: -
--

CREATE INDEX "pages_rels_path_idx" ON "public"."pages_rels" USING "btree" ("path");


--
-- Name: pages_slug_idx; Type: INDEX; Schema: public; Owner: -
--

CREATE INDEX "pages_slug_idx" ON "public"."pages" USING "btree" ("slug");


--
-- Name: pages_updated_at_idx; Type: INDEX; Schema: public; Owner: -
--

CREATE INDEX "pages_updated_at_idx" ON "public"."pages" USING "btree" ("updated_at");


--
-- Name: payload_folders_created_at_idx; Type: INDEX; Schema: public; Owner: -
--

CREATE INDEX "payload_folders_created_at_idx" ON "public"."payload_folders" USING "btree" ("created_at");


--
-- Name: payload_folders_folder_idx; Type: INDEX; Schema: public; Owner: -
--

CREATE INDEX "payload_folders_folder_idx" ON "public"."payload_folders" USING "btree" ("folder_id");


--
-- Name: payload_folders_folder_type_order_idx; Type: INDEX; Schema: public; Owner: -
--

CREATE INDEX "payload_folders_folder_type_order_idx" ON "public"."payload_folders_folder_type" USING "btree" ("order");


--
-- Name: payload_folders_folder_type_parent_idx; Type: INDEX; Schema: public; Owner: -
--

CREATE INDEX "payload_folders_folder_type_parent_idx" ON "public"."payload_folders_folder_type" USING "btree" ("parent_id");


--
-- Name: payload_folders_name_idx; Type: INDEX; Schema: public; Owner: -
--

CREATE INDEX "payload_folders_name_idx" ON "public"."payload_folders" USING "btree" ("name");


--
-- Name: payload_folders_updated_at_idx; Type: INDEX; Schema: public; Owner: -
--

CREATE INDEX "payload_folders_updated_at_idx" ON "public"."payload_folders" USING "btree" ("updated_at");


--
-- Name: payload_jobs_completed_at_idx; Type: INDEX; Schema: public; Owner: -
--

CREATE INDEX "payload_jobs_completed_at_idx" ON "public"."payload_jobs" USING "btree" ("completed_at");


--
-- Name: payload_jobs_created_at_idx; Type: INDEX; Schema: public; Owner: -
--

CREATE INDEX "payload_jobs_created_at_idx" ON "public"."payload_jobs" USING "btree" ("created_at");


--
-- Name: payload_jobs_has_error_idx; Type: INDEX; Schema: public; Owner: -
--

CREATE INDEX "payload_jobs_has_error_idx" ON "public"."payload_jobs" USING "btree" ("has_error");


--
-- Name: payload_jobs_log_order_idx; Type: INDEX; Schema: public; Owner: -
--

CREATE INDEX "payload_jobs_log_order_idx" ON "public"."payload_jobs_log" USING "btree" ("_order");


--
-- Name: payload_jobs_log_parent_id_idx; Type: INDEX; Schema: public; Owner: -
--

CREATE INDEX "payload_jobs_log_parent_id_idx" ON "public"."payload_jobs_log" USING "btree" ("_parent_id");


--
-- Name: payload_jobs_processing_idx; Type: INDEX; Schema: public; Owner: -
--

CREATE INDEX "payload_jobs_processing_idx" ON "public"."payload_jobs" USING "btree" ("processing");


--
-- Name: payload_jobs_queue_idx; Type: INDEX; Schema: public; Owner: -
--

CREATE INDEX "payload_jobs_queue_idx" ON "public"."payload_jobs" USING "btree" ("queue");


--
-- Name: payload_jobs_task_slug_idx; Type: INDEX; Schema: public; Owner: -
--

CREATE INDEX "payload_jobs_task_slug_idx" ON "public"."payload_jobs" USING "btree" ("task_slug");


--
-- Name: payload_jobs_total_tried_idx; Type: INDEX; Schema: public; Owner: -
--

CREATE INDEX "payload_jobs_total_tried_idx" ON "public"."payload_jobs" USING "btree" ("total_tried");


--
-- Name: payload_jobs_updated_at_idx; Type: INDEX; Schema: public; Owner: -
--

CREATE INDEX "payload_jobs_updated_at_idx" ON "public"."payload_jobs" USING "btree" ("updated_at");


--
-- Name: payload_jobs_wait_until_idx; Type: INDEX; Schema: public; Owner: -
--

CREATE INDEX "payload_jobs_wait_until_idx" ON "public"."payload_jobs" USING "btree" ("wait_until");


--
-- Name: payload_locked_documents_created_at_idx; Type: INDEX; Schema: public; Owner: -
--

CREATE INDEX "payload_locked_documents_created_at_idx" ON "public"."payload_locked_documents" USING "btree" ("created_at");


--
-- Name: payload_locked_documents_global_slug_idx; Type: INDEX; Schema: public; Owner: -
--

CREATE INDEX "payload_locked_documents_global_slug_idx" ON "public"."payload_locked_documents" USING "btree" ("global_slug");


--
-- Name: payload_locked_documents_rels_blog_posts_id_idx; Type: INDEX; Schema: public; Owner: -
--

CREATE INDEX "payload_locked_documents_rels_blog_posts_id_idx" ON "public"."payload_locked_documents_rels" USING "btree" ("blog_posts_id");


--
-- Name: payload_locked_documents_rels_categories_id_idx; Type: INDEX; Schema: public; Owner: -
--

CREATE INDEX "payload_locked_documents_rels_categories_id_idx" ON "public"."payload_locked_documents_rels" USING "btree" ("categories_id");


--
-- Name: payload_locked_documents_rels_customers_id_idx; Type: INDEX; Schema: public; Owner: -
--

CREATE INDEX "payload_locked_documents_rels_customers_id_idx" ON "public"."payload_locked_documents_rels" USING "btree" ("customers_id");


--
-- Name: payload_locked_documents_rels_faq_id_idx; Type: INDEX; Schema: public; Owner: -
--

CREATE INDEX "payload_locked_documents_rels_faq_id_idx" ON "public"."payload_locked_documents_rels" USING "btree" ("faq_id");


--
-- Name: payload_locked_documents_rels_form_submissions_id_idx; Type: INDEX; Schema: public; Owner: -
--

CREATE INDEX "payload_locked_documents_rels_form_submissions_id_idx" ON "public"."payload_locked_documents_rels" USING "btree" ("form_submissions_id");


--
-- Name: payload_locked_documents_rels_forms_id_idx; Type: INDEX; Schema: public; Owner: -
--

CREATE INDEX "payload_locked_documents_rels_forms_id_idx" ON "public"."payload_locked_documents_rels" USING "btree" ("forms_id");


--
-- Name: payload_locked_documents_rels_media_id_idx; Type: INDEX; Schema: public; Owner: -
--

CREATE INDEX "payload_locked_documents_rels_media_id_idx" ON "public"."payload_locked_documents_rels" USING "btree" ("media_id");


--
-- Name: payload_locked_documents_rels_order_idx; Type: INDEX; Schema: public; Owner: -
--

CREATE INDEX "payload_locked_documents_rels_order_idx" ON "public"."payload_locked_documents_rels" USING "btree" ("order");


--
-- Name: payload_locked_documents_rels_pages_id_idx; Type: INDEX; Schema: public; Owner: -
--

CREATE INDEX "payload_locked_documents_rels_pages_id_idx" ON "public"."payload_locked_documents_rels" USING "btree" ("pages_id");


--
-- Name: payload_locked_documents_rels_parent_idx; Type: INDEX; Schema: public; Owner: -
--

CREATE INDEX "payload_locked_documents_rels_parent_idx" ON "public"."payload_locked_documents_rels" USING "btree" ("parent_id");


--
-- Name: payload_locked_documents_rels_path_idx; Type: INDEX; Schema: public; Owner: -
--

CREATE INDEX "payload_locked_documents_rels_path_idx" ON "public"."payload_locked_documents_rels" USING "btree" ("path");


--
-- Name: payload_locked_documents_rels_payload_folders_id_idx; Type: INDEX; Schema: public; Owner: -
--

CREATE INDEX "payload_locked_documents_rels_payload_folders_id_idx" ON "public"."payload_locked_documents_rels" USING "btree" ("payload_folders_id");


--
-- Name: payload_locked_documents_rels_payload_jobs_id_idx; Type: INDEX; Schema: public; Owner: -
--

CREATE INDEX "payload_locked_documents_rels_payload_jobs_id_idx" ON "public"."payload_locked_documents_rels" USING "btree" ("payload_jobs_id");


--
-- Name: payload_locked_documents_rels_redirects_id_idx; Type: INDEX; Schema: public; Owner: -
--

CREATE INDEX "payload_locked_documents_rels_redirects_id_idx" ON "public"."payload_locked_documents_rels" USING "btree" ("redirects_id");


--
-- Name: payload_locked_documents_rels_search_id_idx; Type: INDEX; Schema: public; Owner: -
--

CREATE INDEX "payload_locked_documents_rels_search_id_idx" ON "public"."payload_locked_documents_rels" USING "btree" ("search_id");


--
-- Name: payload_locked_documents_rels_users_id_idx; Type: INDEX; Schema: public; Owner: -
--

CREATE INDEX "payload_locked_documents_rels_users_id_idx" ON "public"."payload_locked_documents_rels" USING "btree" ("users_id");


--
-- Name: payload_locked_documents_updated_at_idx; Type: INDEX; Schema: public; Owner: -
--

CREATE INDEX "payload_locked_documents_updated_at_idx" ON "public"."payload_locked_documents" USING "btree" ("updated_at");


--
-- Name: payload_migrations_created_at_idx; Type: INDEX; Schema: public; Owner: -
--

CREATE INDEX "payload_migrations_created_at_idx" ON "public"."payload_migrations" USING "btree" ("created_at");


--
-- Name: payload_migrations_updated_at_idx; Type: INDEX; Schema: public; Owner: -
--

CREATE INDEX "payload_migrations_updated_at_idx" ON "public"."payload_migrations" USING "btree" ("updated_at");


--
-- Name: payload_preferences_created_at_idx; Type: INDEX; Schema: public; Owner: -
--

CREATE INDEX "payload_preferences_created_at_idx" ON "public"."payload_preferences" USING "btree" ("created_at");


--
-- Name: payload_preferences_key_idx; Type: INDEX; Schema: public; Owner: -
--

CREATE INDEX "payload_preferences_key_idx" ON "public"."payload_preferences" USING "btree" ("key");


--
-- Name: payload_preferences_rels_order_idx; Type: INDEX; Schema: public; Owner: -
--

CREATE INDEX "payload_preferences_rels_order_idx" ON "public"."payload_preferences_rels" USING "btree" ("order");


--
-- Name: payload_preferences_rels_parent_idx; Type: INDEX; Schema: public; Owner: -
--

CREATE INDEX "payload_preferences_rels_parent_idx" ON "public"."payload_preferences_rels" USING "btree" ("parent_id");


--
-- Name: payload_preferences_rels_path_idx; Type: INDEX; Schema: public; Owner: -
--

CREATE INDEX "payload_preferences_rels_path_idx" ON "public"."payload_preferences_rels" USING "btree" ("path");


--
-- Name: payload_preferences_rels_users_id_idx; Type: INDEX; Schema: public; Owner: -
--

CREATE INDEX "payload_preferences_rels_users_id_idx" ON "public"."payload_preferences_rels" USING "btree" ("users_id");


--
-- Name: payload_preferences_updated_at_idx; Type: INDEX; Schema: public; Owner: -
--

CREATE INDEX "payload_preferences_updated_at_idx" ON "public"."payload_preferences" USING "btree" ("updated_at");


--
-- Name: redirects_created_at_idx; Type: INDEX; Schema: public; Owner: -
--

CREATE INDEX "redirects_created_at_idx" ON "public"."redirects" USING "btree" ("created_at");


--
-- Name: redirects_from_idx; Type: INDEX; Schema: public; Owner: -
--

CREATE UNIQUE INDEX "redirects_from_idx" ON "public"."redirects" USING "btree" ("from");


--
-- Name: redirects_rels_blog_posts_id_idx; Type: INDEX; Schema: public; Owner: -
--

CREATE INDEX "redirects_rels_blog_posts_id_idx" ON "public"."redirects_rels" USING "btree" ("blog_posts_id");


--
-- Name: redirects_rels_order_idx; Type: INDEX; Schema: public; Owner: -
--

CREATE INDEX "redirects_rels_order_idx" ON "public"."redirects_rels" USING "btree" ("order");


--
-- Name: redirects_rels_pages_id_idx; Type: INDEX; Schema: public; Owner: -
--

CREATE INDEX "redirects_rels_pages_id_idx" ON "public"."redirects_rels" USING "btree" ("pages_id");


--
-- Name: redirects_rels_parent_idx; Type: INDEX; Schema: public; Owner: -
--

CREATE INDEX "redirects_rels_parent_idx" ON "public"."redirects_rels" USING "btree" ("parent_id");


--
-- Name: redirects_rels_path_idx; Type: INDEX; Schema: public; Owner: -
--

CREATE INDEX "redirects_rels_path_idx" ON "public"."redirects_rels" USING "btree" ("path");


--
-- Name: redirects_updated_at_idx; Type: INDEX; Schema: public; Owner: -
--

CREATE INDEX "redirects_updated_at_idx" ON "public"."redirects" USING "btree" ("updated_at");


--
-- Name: richTextBlock_block_header_links_locales_locale_parent_id_uniqu; Type: INDEX; Schema: public; Owner: -
--

CREATE UNIQUE INDEX "richTextBlock_block_header_links_locales_locale_parent_id_uniqu" ON "public"."richTextBlock_block_header_links_locales" USING "btree" ("_locale", "_parent_id");


--
-- Name: richTextBlock_block_header_links_order_idx; Type: INDEX; Schema: public; Owner: -
--

CREATE INDEX "richTextBlock_block_header_links_order_idx" ON "public"."richTextBlock_block_header_links" USING "btree" ("_order");


--
-- Name: richTextBlock_block_header_links_parent_id_idx; Type: INDEX; Schema: public; Owner: -
--

CREATE INDEX "richTextBlock_block_header_links_parent_id_idx" ON "public"."richTextBlock_block_header_links" USING "btree" ("_parent_id");


--
-- Name: richTextBlock_locales_locale_parent_id_unique; Type: INDEX; Schema: public; Owner: -
--

CREATE UNIQUE INDEX "richTextBlock_locales_locale_parent_id_unique" ON "public"."richTextBlock_locales" USING "btree" ("_locale", "_parent_id");


--
-- Name: richTextBlock_order_idx; Type: INDEX; Schema: public; Owner: -
--

CREATE INDEX "richTextBlock_order_idx" ON "public"."richTextBlock" USING "btree" ("_order");


--
-- Name: richTextBlock_parent_id_idx; Type: INDEX; Schema: public; Owner: -
--

CREATE INDEX "richTextBlock_parent_id_idx" ON "public"."richTextBlock" USING "btree" ("_parent_id");


--
-- Name: richTextBlock_path_idx; Type: INDEX; Schema: public; Owner: -
--

CREATE INDEX "richTextBlock_path_idx" ON "public"."richTextBlock" USING "btree" ("_path");


--
-- Name: search_categories_order_idx; Type: INDEX; Schema: public; Owner: -
--

CREATE INDEX "search_categories_order_idx" ON "public"."search_categories" USING "btree" ("_order");


--
-- Name: search_categories_parent_id_idx; Type: INDEX; Schema: public; Owner: -
--

CREATE INDEX "search_categories_parent_id_idx" ON "public"."search_categories" USING "btree" ("_parent_id");


--
-- Name: search_created_at_idx; Type: INDEX; Schema: public; Owner: -
--

CREATE INDEX "search_created_at_idx" ON "public"."search" USING "btree" ("created_at");


--
-- Name: search_locales_locale_parent_id_unique; Type: INDEX; Schema: public; Owner: -
--

CREATE UNIQUE INDEX "search_locales_locale_parent_id_unique" ON "public"."search_locales" USING "btree" ("_locale", "_parent_id");


--
-- Name: search_meta_meta_image_idx; Type: INDEX; Schema: public; Owner: -
--

CREATE INDEX "search_meta_meta_image_idx" ON "public"."search" USING "btree" ("meta_image_id");


--
-- Name: search_rels_blog_posts_id_idx; Type: INDEX; Schema: public; Owner: -
--

CREATE INDEX "search_rels_blog_posts_id_idx" ON "public"."search_rels" USING "btree" ("blog_posts_id");


--
-- Name: search_rels_order_idx; Type: INDEX; Schema: public; Owner: -
--

CREATE INDEX "search_rels_order_idx" ON "public"."search_rels" USING "btree" ("order");


--
-- Name: search_rels_parent_idx; Type: INDEX; Schema: public; Owner: -
--

CREATE INDEX "search_rels_parent_idx" ON "public"."search_rels" USING "btree" ("parent_id");


--
-- Name: search_rels_path_idx; Type: INDEX; Schema: public; Owner: -
--

CREATE INDEX "search_rels_path_idx" ON "public"."search_rels" USING "btree" ("path");


--
-- Name: search_slug_idx; Type: INDEX; Schema: public; Owner: -
--

CREATE INDEX "search_slug_idx" ON "public"."search" USING "btree" ("slug");


--
-- Name: search_updated_at_idx; Type: INDEX; Schema: public; Owner: -
--

CREATE INDEX "search_updated_at_idx" ON "public"."search" USING "btree" ("updated_at");


--
-- Name: settings_locales_locale_parent_id_unique; Type: INDEX; Schema: public; Owner: -
--

CREATE UNIQUE INDEX "settings_locales_locale_parent_id_unique" ON "public"."settings_locales" USING "btree" ("_locale", "_parent_id");


--
-- Name: settings_meta_meta_image_idx; Type: INDEX; Schema: public; Owner: -
--

CREATE INDEX "settings_meta_meta_image_idx" ON "public"."settings_locales" USING "btree" ("meta_image_id", "_locale");


--
-- Name: settings_rels_blog_posts_id_idx; Type: INDEX; Schema: public; Owner: -
--

CREATE INDEX "settings_rels_blog_posts_id_idx" ON "public"."settings_rels" USING "btree" ("blog_posts_id");


--
-- Name: settings_rels_order_idx; Type: INDEX; Schema: public; Owner: -
--

CREATE INDEX "settings_rels_order_idx" ON "public"."settings_rels" USING "btree" ("order");


--
-- Name: settings_rels_pages_id_idx; Type: INDEX; Schema: public; Owner: -
--

CREATE INDEX "settings_rels_pages_id_idx" ON "public"."settings_rels" USING "btree" ("pages_id");


--
-- Name: settings_rels_parent_idx; Type: INDEX; Schema: public; Owner: -
--

CREATE INDEX "settings_rels_parent_idx" ON "public"."settings_rels" USING "btree" ("parent_id");


--
-- Name: settings_rels_path_idx; Type: INDEX; Schema: public; Owner: -
--

CREATE INDEX "settings_rels_path_idx" ON "public"."settings_rels" USING "btree" ("path");


--
-- Name: teamBlock_block_header_links_locales_locale_parent_id_unique; Type: INDEX; Schema: public; Owner: -
--

CREATE UNIQUE INDEX "teamBlock_block_header_links_locales_locale_parent_id_unique" ON "public"."teamBlock_block_header_links_locales" USING "btree" ("_locale", "_parent_id");


--
-- Name: teamBlock_block_header_links_order_idx; Type: INDEX; Schema: public; Owner: -
--

CREATE INDEX "teamBlock_block_header_links_order_idx" ON "public"."teamBlock_block_header_links" USING "btree" ("_order");


--
-- Name: teamBlock_block_header_links_parent_id_idx; Type: INDEX; Schema: public; Owner: -
--

CREATE INDEX "teamBlock_block_header_links_parent_id_idx" ON "public"."teamBlock_block_header_links" USING "btree" ("_parent_id");


--
-- Name: teamBlock_locales_locale_parent_id_unique; Type: INDEX; Schema: public; Owner: -
--

CREATE UNIQUE INDEX "teamBlock_locales_locale_parent_id_unique" ON "public"."teamBlock_locales" USING "btree" ("_locale", "_parent_id");


--
-- Name: teamBlock_order_idx; Type: INDEX; Schema: public; Owner: -
--

CREATE INDEX "teamBlock_order_idx" ON "public"."teamBlock" USING "btree" ("_order");


--
-- Name: teamBlock_parent_id_idx; Type: INDEX; Schema: public; Owner: -
--

CREATE INDEX "teamBlock_parent_id_idx" ON "public"."teamBlock" USING "btree" ("_parent_id");


--
-- Name: teamBlock_path_idx; Type: INDEX; Schema: public; Owner: -
--

CREATE INDEX "teamBlock_path_idx" ON "public"."teamBlock" USING "btree" ("_path");


--
-- Name: teamBlock_team_image_idx; Type: INDEX; Schema: public; Owner: -
--

CREATE INDEX "teamBlock_team_image_idx" ON "public"."teamBlock_team" USING "btree" ("image_id");


--
-- Name: teamBlock_team_locales_locale_parent_id_unique; Type: INDEX; Schema: public; Owner: -
--

CREATE UNIQUE INDEX "teamBlock_team_locales_locale_parent_id_unique" ON "public"."teamBlock_team_locales" USING "btree" ("_locale", "_parent_id");


--
-- Name: teamBlock_team_order_idx; Type: INDEX; Schema: public; Owner: -
--

CREATE INDEX "teamBlock_team_order_idx" ON "public"."teamBlock_team" USING "btree" ("_order");


--
-- Name: teamBlock_team_parent_id_idx; Type: INDEX; Schema: public; Owner: -
--

CREATE INDEX "teamBlock_team_parent_id_idx" ON "public"."teamBlock_team" USING "btree" ("_parent_id");


--
-- Name: testimonialsBlock_block_header_links_locales_locale_parent_id_u; Type: INDEX; Schema: public; Owner: -
--

CREATE UNIQUE INDEX "testimonialsBlock_block_header_links_locales_locale_parent_id_u" ON "public"."testimonialsBlock_block_header_links_locales" USING "btree" ("_locale", "_parent_id");


--
-- Name: testimonialsBlock_block_header_links_order_idx; Type: INDEX; Schema: public; Owner: -
--

CREATE INDEX "testimonialsBlock_block_header_links_order_idx" ON "public"."testimonialsBlock_block_header_links" USING "btree" ("_order");


--
-- Name: testimonialsBlock_block_header_links_parent_id_idx; Type: INDEX; Schema: public; Owner: -
--

CREATE INDEX "testimonialsBlock_block_header_links_parent_id_idx" ON "public"."testimonialsBlock_block_header_links" USING "btree" ("_parent_id");


--
-- Name: testimonialsBlock_locales_locale_parent_id_unique; Type: INDEX; Schema: public; Owner: -
--

CREATE UNIQUE INDEX "testimonialsBlock_locales_locale_parent_id_unique" ON "public"."testimonialsBlock_locales" USING "btree" ("_locale", "_parent_id");


--
-- Name: testimonialsBlock_order_idx; Type: INDEX; Schema: public; Owner: -
--

CREATE INDEX "testimonialsBlock_order_idx" ON "public"."testimonialsBlock" USING "btree" ("_order");


--
-- Name: testimonialsBlock_parent_id_idx; Type: INDEX; Schema: public; Owner: -
--

CREATE INDEX "testimonialsBlock_parent_id_idx" ON "public"."testimonialsBlock" USING "btree" ("_parent_id");


--
-- Name: testimonialsBlock_path_idx; Type: INDEX; Schema: public; Owner: -
--

CREATE INDEX "testimonialsBlock_path_idx" ON "public"."testimonialsBlock" USING "btree" ("_path");


--
-- Name: users_avatar_idx; Type: INDEX; Schema: public; Owner: -
--

CREATE INDEX "users_avatar_idx" ON "public"."users" USING "btree" ("avatar_id");


--
-- Name: users_created_at_idx; Type: INDEX; Schema: public; Owner: -
--

CREATE INDEX "users_created_at_idx" ON "public"."users" USING "btree" ("created_at");


--
-- Name: users_email_idx; Type: INDEX; Schema: public; Owner: -
--

CREATE UNIQUE INDEX "users_email_idx" ON "public"."users" USING "btree" ("email");


--
-- Name: users_locales_locale_parent_id_unique; Type: INDEX; Schema: public; Owner: -
--

CREATE UNIQUE INDEX "users_locales_locale_parent_id_unique" ON "public"."users_locales" USING "btree" ("_locale", "_parent_id");


--
-- Name: users_sessions_order_idx; Type: INDEX; Schema: public; Owner: -
--

CREATE INDEX "users_sessions_order_idx" ON "public"."users_sessions" USING "btree" ("_order");


--
-- Name: users_sessions_parent_id_idx; Type: INDEX; Schema: public; Owner: -
--

CREATE INDEX "users_sessions_parent_id_idx" ON "public"."users_sessions" USING "btree" ("_parent_id");


--
-- Name: users_updated_at_idx; Type: INDEX; Schema: public; Owner: -
--

CREATE INDEX "users_updated_at_idx" ON "public"."users" USING "btree" ("updated_at");


--
-- Name: _archiveBlock_v_block_header_links_locales _archiveBlock_v_block_header_links_locales_parent_id_fk; Type: FK CONSTRAINT; Schema: public; Owner: -
--

ALTER TABLE ONLY "public"."_archiveBlock_v_block_header_links_locales"
    ADD CONSTRAINT "_archiveBlock_v_block_header_links_locales_parent_id_fk" FOREIGN KEY ("_parent_id") REFERENCES "public"."_archiveBlock_v_block_header_links"("id") ON DELETE CASCADE;


--
-- Name: _archiveBlock_v_block_header_links _archiveBlock_v_block_header_links_parent_id_fk; Type: FK CONSTRAINT; Schema: public; Owner: -
--

ALTER TABLE ONLY "public"."_archiveBlock_v_block_header_links"
    ADD CONSTRAINT "_archiveBlock_v_block_header_links_parent_id_fk" FOREIGN KEY ("_parent_id") REFERENCES "public"."_archiveBlock_v"("id") ON DELETE CASCADE;


--
-- Name: _archiveBlock_v_locales _archiveBlock_v_locales_parent_id_fk; Type: FK CONSTRAINT; Schema: public; Owner: -
--

ALTER TABLE ONLY "public"."_archiveBlock_v_locales"
    ADD CONSTRAINT "_archiveBlock_v_locales_parent_id_fk" FOREIGN KEY ("_parent_id") REFERENCES "public"."_archiveBlock_v"("id") ON DELETE CASCADE;


--
-- Name: _archiveBlock_v _archiveBlock_v_parent_id_fk; Type: FK CONSTRAINT; Schema: public; Owner: -
--

ALTER TABLE ONLY "public"."_archiveBlock_v"
    ADD CONSTRAINT "_archiveBlock_v_parent_id_fk" FOREIGN KEY ("_parent_id") REFERENCES "public"."_customers_v"("id") ON DELETE CASCADE;


--
-- Name: _blog_posts_v_locales _blog_posts_v_locales_parent_id_fk; Type: FK CONSTRAINT; Schema: public; Owner: -
--

ALTER TABLE ONLY "public"."_blog_posts_v_locales"
    ADD CONSTRAINT "_blog_posts_v_locales_parent_id_fk" FOREIGN KEY ("_parent_id") REFERENCES "public"."_blog_posts_v"("id") ON DELETE CASCADE;


--
-- Name: _blog_posts_v_locales _blog_posts_v_locales_version_hero_image_id_media_id_fk; Type: FK CONSTRAINT; Schema: public; Owner: -
--

ALTER TABLE ONLY "public"."_blog_posts_v_locales"
    ADD CONSTRAINT "_blog_posts_v_locales_version_hero_image_id_media_id_fk" FOREIGN KEY ("version_hero_image_id") REFERENCES "public"."media"("id") ON DELETE SET NULL;


--
-- Name: _blog_posts_v_locales _blog_posts_v_locales_version_meta_image_id_media_id_fk; Type: FK CONSTRAINT; Schema: public; Owner: -
--

ALTER TABLE ONLY "public"."_blog_posts_v_locales"
    ADD CONSTRAINT "_blog_posts_v_locales_version_meta_image_id_media_id_fk" FOREIGN KEY ("version_meta_image_id") REFERENCES "public"."media"("id") ON DELETE SET NULL;


--
-- Name: _blog_posts_v _blog_posts_v_parent_id_blog_posts_id_fk; Type: FK CONSTRAINT; Schema: public; Owner: -
--

ALTER TABLE ONLY "public"."_blog_posts_v"
    ADD CONSTRAINT "_blog_posts_v_parent_id_blog_posts_id_fk" FOREIGN KEY ("parent_id") REFERENCES "public"."blog_posts"("id") ON DELETE SET NULL;


--
-- Name: _blog_posts_v_rels _blog_posts_v_rels_blog_posts_fk; Type: FK CONSTRAINT; Schema: public; Owner: -
--

ALTER TABLE ONLY "public"."_blog_posts_v_rels"
    ADD CONSTRAINT "_blog_posts_v_rels_blog_posts_fk" FOREIGN KEY ("blog_posts_id") REFERENCES "public"."blog_posts"("id") ON DELETE CASCADE;


--
-- Name: _blog_posts_v_rels _blog_posts_v_rels_categories_fk; Type: FK CONSTRAINT; Schema: public; Owner: -
--

ALTER TABLE ONLY "public"."_blog_posts_v_rels"
    ADD CONSTRAINT "_blog_posts_v_rels_categories_fk" FOREIGN KEY ("categories_id") REFERENCES "public"."categories"("id") ON DELETE CASCADE;


--
-- Name: _blog_posts_v_rels _blog_posts_v_rels_parent_fk; Type: FK CONSTRAINT; Schema: public; Owner: -
--

ALTER TABLE ONLY "public"."_blog_posts_v_rels"
    ADD CONSTRAINT "_blog_posts_v_rels_parent_fk" FOREIGN KEY ("parent_id") REFERENCES "public"."_blog_posts_v"("id") ON DELETE CASCADE;


--
-- Name: _blog_posts_v_rels _blog_posts_v_rels_users_fk; Type: FK CONSTRAINT; Schema: public; Owner: -
--

ALTER TABLE ONLY "public"."_blog_posts_v_rels"
    ADD CONSTRAINT "_blog_posts_v_rels_users_fk" FOREIGN KEY ("users_id") REFERENCES "public"."users"("id") ON DELETE CASCADE;


--
-- Name: _blog_posts_v_version_populated_authors _blog_posts_v_version_populated_authors_parent_id_fk; Type: FK CONSTRAINT; Schema: public; Owner: -
--

ALTER TABLE ONLY "public"."_blog_posts_v_version_populated_authors"
    ADD CONSTRAINT "_blog_posts_v_version_populated_authors_parent_id_fk" FOREIGN KEY ("_parent_id") REFERENCES "public"."_blog_posts_v"("id") ON DELETE CASCADE;


--
-- Name: _callToActionBlock_v _callToActionBlock_v_form_id_forms_id_fk; Type: FK CONSTRAINT; Schema: public; Owner: -
--

ALTER TABLE ONLY "public"."_callToActionBlock_v"
    ADD CONSTRAINT "_callToActionBlock_v_form_id_forms_id_fk" FOREIGN KEY ("form_id") REFERENCES "public"."forms"("id") ON DELETE SET NULL;


--
-- Name: _callToActionBlock_v_links_locales _callToActionBlock_v_links_locales_parent_id_fk; Type: FK CONSTRAINT; Schema: public; Owner: -
--

ALTER TABLE ONLY "public"."_callToActionBlock_v_links_locales"
    ADD CONSTRAINT "_callToActionBlock_v_links_locales_parent_id_fk" FOREIGN KEY ("_parent_id") REFERENCES "public"."_callToActionBlock_v_links"("id") ON DELETE CASCADE;


--
-- Name: _callToActionBlock_v_links _callToActionBlock_v_links_parent_id_fk; Type: FK CONSTRAINT; Schema: public; Owner: -
--

ALTER TABLE ONLY "public"."_callToActionBlock_v_links"
    ADD CONSTRAINT "_callToActionBlock_v_links_parent_id_fk" FOREIGN KEY ("_parent_id") REFERENCES "public"."_callToActionBlock_v"("id") ON DELETE CASCADE;


--
-- Name: _callToActionBlock_v_list _callToActionBlock_v_list_parent_id_fk; Type: FK CONSTRAINT; Schema: public; Owner: -
--

ALTER TABLE ONLY "public"."_callToActionBlock_v_list"
    ADD CONSTRAINT "_callToActionBlock_v_list_parent_id_fk" FOREIGN KEY ("_parent_id") REFERENCES "public"."_callToActionBlock_v"("id") ON DELETE CASCADE;


--
-- Name: _callToActionBlock_v_locales _callToActionBlock_v_locales_media_desktop_dark_id_media_id_fk; Type: FK CONSTRAINT; Schema: public; Owner: -
--

ALTER TABLE ONLY "public"."_callToActionBlock_v_locales"
    ADD CONSTRAINT "_callToActionBlock_v_locales_media_desktop_dark_id_media_id_fk" FOREIGN KEY ("media_desktop_dark_id") REFERENCES "public"."media"("id") ON DELETE SET NULL;


--
-- Name: _callToActionBlock_v_locales _callToActionBlock_v_locales_media_desktop_light_id_media_id_fk; Type: FK CONSTRAINT; Schema: public; Owner: -
--

ALTER TABLE ONLY "public"."_callToActionBlock_v_locales"
    ADD CONSTRAINT "_callToActionBlock_v_locales_media_desktop_light_id_media_id_fk" FOREIGN KEY ("media_desktop_light_id") REFERENCES "public"."media"("id") ON DELETE SET NULL;


--
-- Name: _callToActionBlock_v_locales _callToActionBlock_v_locales_media_mobile_dark_id_media_id_fk; Type: FK CONSTRAINT; Schema: public; Owner: -
--

ALTER TABLE ONLY "public"."_callToActionBlock_v_locales"
    ADD CONSTRAINT "_callToActionBlock_v_locales_media_mobile_dark_id_media_id_fk" FOREIGN KEY ("media_mobile_dark_id") REFERENCES "public"."media"("id") ON DELETE SET NULL;


--
-- Name: _callToActionBlock_v_locales _callToActionBlock_v_locales_media_mobile_light_id_media_id_fk; Type: FK CONSTRAINT; Schema: public; Owner: -
--

ALTER TABLE ONLY "public"."_callToActionBlock_v_locales"
    ADD CONSTRAINT "_callToActionBlock_v_locales_media_mobile_light_id_media_id_fk" FOREIGN KEY ("media_mobile_light_id") REFERENCES "public"."media"("id") ON DELETE SET NULL;


--
-- Name: _callToActionBlock_v_locales _callToActionBlock_v_locales_parent_id_fk; Type: FK CONSTRAINT; Schema: public; Owner: -
--

ALTER TABLE ONLY "public"."_callToActionBlock_v_locales"
    ADD CONSTRAINT "_callToActionBlock_v_locales_parent_id_fk" FOREIGN KEY ("_parent_id") REFERENCES "public"."_callToActionBlock_v"("id") ON DELETE CASCADE;


--
-- Name: _callToActionBlock_v _callToActionBlock_v_parent_id_fk; Type: FK CONSTRAINT; Schema: public; Owner: -
--

ALTER TABLE ONLY "public"."_callToActionBlock_v"
    ADD CONSTRAINT "_callToActionBlock_v_parent_id_fk" FOREIGN KEY ("_parent_id") REFERENCES "public"."_pages_v"("id") ON DELETE CASCADE;


--
-- Name: _customHtmlBlock_v_block_header_links_locales _customHtmlBlock_v_block_header_links_locales_parent_id_fk; Type: FK CONSTRAINT; Schema: public; Owner: -
--

ALTER TABLE ONLY "public"."_customHtmlBlock_v_block_header_links_locales"
    ADD CONSTRAINT "_customHtmlBlock_v_block_header_links_locales_parent_id_fk" FOREIGN KEY ("_parent_id") REFERENCES "public"."_customHtmlBlock_v_block_header_links"("id") ON DELETE CASCADE;


--
-- Name: _customHtmlBlock_v_block_header_links _customHtmlBlock_v_block_header_links_parent_id_fk; Type: FK CONSTRAINT; Schema: public; Owner: -
--

ALTER TABLE ONLY "public"."_customHtmlBlock_v_block_header_links"
    ADD CONSTRAINT "_customHtmlBlock_v_block_header_links_parent_id_fk" FOREIGN KEY ("_parent_id") REFERENCES "public"."_customHtmlBlock_v"("id") ON DELETE CASCADE;


--
-- Name: _customHtmlBlock_v_locales _customHtmlBlock_v_locales_parent_id_fk; Type: FK CONSTRAINT; Schema: public; Owner: -
--

ALTER TABLE ONLY "public"."_customHtmlBlock_v_locales"
    ADD CONSTRAINT "_customHtmlBlock_v_locales_parent_id_fk" FOREIGN KEY ("_parent_id") REFERENCES "public"."_customHtmlBlock_v"("id") ON DELETE CASCADE;


--
-- Name: _customHtmlBlock_v _customHtmlBlock_v_parent_id_fk; Type: FK CONSTRAINT; Schema: public; Owner: -
--

ALTER TABLE ONLY "public"."_customHtmlBlock_v"
    ADD CONSTRAINT "_customHtmlBlock_v_parent_id_fk" FOREIGN KEY ("_parent_id") REFERENCES "public"."_customers_v"("id") ON DELETE CASCADE;


--
-- Name: _customers_v_locales _customers_v_locales_parent_id_fk; Type: FK CONSTRAINT; Schema: public; Owner: -
--

ALTER TABLE ONLY "public"."_customers_v_locales"
    ADD CONSTRAINT "_customers_v_locales_parent_id_fk" FOREIGN KEY ("_parent_id") REFERENCES "public"."_customers_v"("id") ON DELETE CASCADE;


--
-- Name: _customers_v _customers_v_parent_id_customers_id_fk; Type: FK CONSTRAINT; Schema: public; Owner: -
--

ALTER TABLE ONLY "public"."_customers_v"
    ADD CONSTRAINT "_customers_v_parent_id_customers_id_fk" FOREIGN KEY ("parent_id") REFERENCES "public"."customers"("id") ON DELETE SET NULL;


--
-- Name: _customers_v_rels _customers_v_rels_blog_posts_fk; Type: FK CONSTRAINT; Schema: public; Owner: -
--

ALTER TABLE ONLY "public"."_customers_v_rels"
    ADD CONSTRAINT "_customers_v_rels_blog_posts_fk" FOREIGN KEY ("blog_posts_id") REFERENCES "public"."blog_posts"("id") ON DELETE CASCADE;


--
-- Name: _customers_v_rels _customers_v_rels_categories_fk; Type: FK CONSTRAINT; Schema: public; Owner: -
--

ALTER TABLE ONLY "public"."_customers_v_rels"
    ADD CONSTRAINT "_customers_v_rels_categories_fk" FOREIGN KEY ("categories_id") REFERENCES "public"."categories"("id") ON DELETE CASCADE;


--
-- Name: _customers_v_rels _customers_v_rels_pages_fk; Type: FK CONSTRAINT; Schema: public; Owner: -
--

ALTER TABLE ONLY "public"."_customers_v_rels"
    ADD CONSTRAINT "_customers_v_rels_pages_fk" FOREIGN KEY ("pages_id") REFERENCES "public"."pages"("id") ON DELETE CASCADE;


--
-- Name: _customers_v_rels _customers_v_rels_parent_fk; Type: FK CONSTRAINT; Schema: public; Owner: -
--

ALTER TABLE ONLY "public"."_customers_v_rels"
    ADD CONSTRAINT "_customers_v_rels_parent_fk" FOREIGN KEY ("parent_id") REFERENCES "public"."_customers_v"("id") ON DELETE CASCADE;


--
-- Name: _customers_v _customers_v_version_testimonial_author_info_avatar_id_media_id; Type: FK CONSTRAINT; Schema: public; Owner: -
--

ALTER TABLE ONLY "public"."_customers_v"
    ADD CONSTRAINT "_customers_v_version_testimonial_author_info_avatar_id_media_id" FOREIGN KEY ("version_testimonial_author_info_avatar_id") REFERENCES "public"."media"("id") ON DELETE SET NULL;


--
-- Name: _customers_v _customers_v_version_testimonial_company_company_logo_id_media_; Type: FK CONSTRAINT; Schema: public; Owner: -
--

ALTER TABLE ONLY "public"."_customers_v"
    ADD CONSTRAINT "_customers_v_version_testimonial_company_company_logo_id_media_" FOREIGN KEY ("version_testimonial_company_company_logo_id") REFERENCES "public"."media"("id") ON DELETE SET NULL;


--
-- Name: _customers_v _customers_v_version_testimonial_featured_image_id_media_id_fk; Type: FK CONSTRAINT; Schema: public; Owner: -
--

ALTER TABLE ONLY "public"."_customers_v"
    ADD CONSTRAINT "_customers_v_version_testimonial_featured_image_id_media_id_fk" FOREIGN KEY ("version_testimonial_featured_image_id") REFERENCES "public"."media"("id") ON DELETE SET NULL;


--
-- Name: _customers_v_version_testimonial_stats_locales _customers_v_version_testimonial_stats_locales_parent_id_fk; Type: FK CONSTRAINT; Schema: public; Owner: -
--

ALTER TABLE ONLY "public"."_customers_v_version_testimonial_stats_locales"
    ADD CONSTRAINT "_customers_v_version_testimonial_stats_locales_parent_id_fk" FOREIGN KEY ("_parent_id") REFERENCES "public"."_customers_v_version_testimonial_stats"("id") ON DELETE CASCADE;


--
-- Name: _customers_v_version_testimonial_stats _customers_v_version_testimonial_stats_parent_id_fk; Type: FK CONSTRAINT; Schema: public; Owner: -
--

ALTER TABLE ONLY "public"."_customers_v_version_testimonial_stats"
    ADD CONSTRAINT "_customers_v_version_testimonial_stats_parent_id_fk" FOREIGN KEY ("_parent_id") REFERENCES "public"."_customers_v"("id") ON DELETE CASCADE;


--
-- Name: _dividerBlock_v _dividerBlock_v_parent_id_fk; Type: FK CONSTRAINT; Schema: public; Owner: -
--

ALTER TABLE ONLY "public"."_dividerBlock_v"
    ADD CONSTRAINT "_dividerBlock_v_parent_id_fk" FOREIGN KEY ("_parent_id") REFERENCES "public"."_pages_v"("id") ON DELETE CASCADE;


--
-- Name: _faqBlock_v_block_header_links_locales _faqBlock_v_block_header_links_locales_parent_id_fk; Type: FK CONSTRAINT; Schema: public; Owner: -
--

ALTER TABLE ONLY "public"."_faqBlock_v_block_header_links_locales"
    ADD CONSTRAINT "_faqBlock_v_block_header_links_locales_parent_id_fk" FOREIGN KEY ("_parent_id") REFERENCES "public"."_faqBlock_v_block_header_links"("id") ON DELETE CASCADE;


--
-- Name: _faqBlock_v_block_header_links _faqBlock_v_block_header_links_parent_id_fk; Type: FK CONSTRAINT; Schema: public; Owner: -
--

ALTER TABLE ONLY "public"."_faqBlock_v_block_header_links"
    ADD CONSTRAINT "_faqBlock_v_block_header_links_parent_id_fk" FOREIGN KEY ("_parent_id") REFERENCES "public"."_faqBlock_v"("id") ON DELETE CASCADE;


--
-- Name: _faqBlock_v_locales _faqBlock_v_locales_parent_id_fk; Type: FK CONSTRAINT; Schema: public; Owner: -
--

ALTER TABLE ONLY "public"."_faqBlock_v_locales"
    ADD CONSTRAINT "_faqBlock_v_locales_parent_id_fk" FOREIGN KEY ("_parent_id") REFERENCES "public"."_faqBlock_v"("id") ON DELETE CASCADE;


--
-- Name: _faqBlock_v _faqBlock_v_parent_id_fk; Type: FK CONSTRAINT; Schema: public; Owner: -
--

ALTER TABLE ONLY "public"."_faqBlock_v"
    ADD CONSTRAINT "_faqBlock_v_parent_id_fk" FOREIGN KEY ("_parent_id") REFERENCES "public"."_pages_v"("id") ON DELETE CASCADE;


--
-- Name: _faq_v_locales _faq_v_locales_parent_id_fk; Type: FK CONSTRAINT; Schema: public; Owner: -
--

ALTER TABLE ONLY "public"."_faq_v_locales"
    ADD CONSTRAINT "_faq_v_locales_parent_id_fk" FOREIGN KEY ("_parent_id") REFERENCES "public"."_faq_v"("id") ON DELETE CASCADE;


--
-- Name: _faq_v _faq_v_parent_id_faq_id_fk; Type: FK CONSTRAINT; Schema: public; Owner: -
--

ALTER TABLE ONLY "public"."_faq_v"
    ADD CONSTRAINT "_faq_v_parent_id_faq_id_fk" FOREIGN KEY ("parent_id") REFERENCES "public"."faq"("id") ON DELETE SET NULL;


--
-- Name: _faq_v _faq_v_version_category_id_categories_id_fk; Type: FK CONSTRAINT; Schema: public; Owner: -
--

ALTER TABLE ONLY "public"."_faq_v"
    ADD CONSTRAINT "_faq_v_version_category_id_categories_id_fk" FOREIGN KEY ("version_category_id") REFERENCES "public"."categories"("id") ON DELETE SET NULL;


--
-- Name: _featuresBlock_v_block_header_links_locales _featuresBlock_v_block_header_links_locales_parent_id_fk; Type: FK CONSTRAINT; Schema: public; Owner: -
--

ALTER TABLE ONLY "public"."_featuresBlock_v_block_header_links_locales"
    ADD CONSTRAINT "_featuresBlock_v_block_header_links_locales_parent_id_fk" FOREIGN KEY ("_parent_id") REFERENCES "public"."_featuresBlock_v_block_header_links"("id") ON DELETE CASCADE;


--
-- Name: _featuresBlock_v_block_header_links _featuresBlock_v_block_header_links_parent_id_fk; Type: FK CONSTRAINT; Schema: public; Owner: -
--

ALTER TABLE ONLY "public"."_featuresBlock_v_block_header_links"
    ADD CONSTRAINT "_featuresBlock_v_block_header_links_parent_id_fk" FOREIGN KEY ("_parent_id") REFERENCES "public"."_featuresBlock_v"("id") ON DELETE CASCADE;


--
-- Name: _featuresBlock_v_columns_locales _featuresBlock_v_columns_locales_image_id_media_id_fk; Type: FK CONSTRAINT; Schema: public; Owner: -
--

ALTER TABLE ONLY "public"."_featuresBlock_v_columns_locales"
    ADD CONSTRAINT "_featuresBlock_v_columns_locales_image_id_media_id_fk" FOREIGN KEY ("image_id") REFERENCES "public"."media"("id") ON DELETE SET NULL;


--
-- Name: _featuresBlock_v_columns_locales _featuresBlock_v_columns_locales_parent_id_fk; Type: FK CONSTRAINT; Schema: public; Owner: -
--

ALTER TABLE ONLY "public"."_featuresBlock_v_columns_locales"
    ADD CONSTRAINT "_featuresBlock_v_columns_locales_parent_id_fk" FOREIGN KEY ("_parent_id") REFERENCES "public"."_featuresBlock_v_columns"("id") ON DELETE CASCADE;


--
-- Name: _featuresBlock_v_columns _featuresBlock_v_columns_parent_id_fk; Type: FK CONSTRAINT; Schema: public; Owner: -
--

ALTER TABLE ONLY "public"."_featuresBlock_v_columns"
    ADD CONSTRAINT "_featuresBlock_v_columns_parent_id_fk" FOREIGN KEY ("_parent_id") REFERENCES "public"."_featuresBlock_v"("id") ON DELETE CASCADE;


--
-- Name: _featuresBlock_v_locales _featuresBlock_v_locales_block_image_id_media_id_fk; Type: FK CONSTRAINT; Schema: public; Owner: -
--

ALTER TABLE ONLY "public"."_featuresBlock_v_locales"
    ADD CONSTRAINT "_featuresBlock_v_locales_block_image_id_media_id_fk" FOREIGN KEY ("block_image_id") REFERENCES "public"."media"("id") ON DELETE SET NULL;


--
-- Name: _featuresBlock_v_locales _featuresBlock_v_locales_parent_id_fk; Type: FK CONSTRAINT; Schema: public; Owner: -
--

ALTER TABLE ONLY "public"."_featuresBlock_v_locales"
    ADD CONSTRAINT "_featuresBlock_v_locales_parent_id_fk" FOREIGN KEY ("_parent_id") REFERENCES "public"."_featuresBlock_v"("id") ON DELETE CASCADE;


--
-- Name: _featuresBlock_v _featuresBlock_v_parent_id_fk; Type: FK CONSTRAINT; Schema: public; Owner: -
--

ALTER TABLE ONLY "public"."_featuresBlock_v"
    ADD CONSTRAINT "_featuresBlock_v_parent_id_fk" FOREIGN KEY ("_parent_id") REFERENCES "public"."_pages_v"("id") ON DELETE CASCADE;


--
-- Name: _formBlock_v _formBlock_v_form_id_forms_id_fk; Type: FK CONSTRAINT; Schema: public; Owner: -
--

ALTER TABLE ONLY "public"."_formBlock_v"
    ADD CONSTRAINT "_formBlock_v_form_id_forms_id_fk" FOREIGN KEY ("form_id") REFERENCES "public"."forms"("id") ON DELETE SET NULL;


--
-- Name: _formBlock_v _formBlock_v_parent_id_fk; Type: FK CONSTRAINT; Schema: public; Owner: -
--

ALTER TABLE ONLY "public"."_formBlock_v"
    ADD CONSTRAINT "_formBlock_v_parent_id_fk" FOREIGN KEY ("_parent_id") REFERENCES "public"."_customers_v"("id") ON DELETE CASCADE;


--
-- Name: _galleryBlock_v_block_header_links_locales _galleryBlock_v_block_header_links_locales_parent_id_fk; Type: FK CONSTRAINT; Schema: public; Owner: -
--

ALTER TABLE ONLY "public"."_galleryBlock_v_block_header_links_locales"
    ADD CONSTRAINT "_galleryBlock_v_block_header_links_locales_parent_id_fk" FOREIGN KEY ("_parent_id") REFERENCES "public"."_galleryBlock_v_block_header_links"("id") ON DELETE CASCADE;


--
-- Name: _galleryBlock_v_block_header_links _galleryBlock_v_block_header_links_parent_id_fk; Type: FK CONSTRAINT; Schema: public; Owner: -
--

ALTER TABLE ONLY "public"."_galleryBlock_v_block_header_links"
    ADD CONSTRAINT "_galleryBlock_v_block_header_links_parent_id_fk" FOREIGN KEY ("_parent_id") REFERENCES "public"."_galleryBlock_v"("id") ON DELETE CASCADE;


--
-- Name: _galleryBlock_v_interactive_gallery_locales _galleryBlock_v_interactive_gallery_locales_image_id_media_id_f; Type: FK CONSTRAINT; Schema: public; Owner: -
--

ALTER TABLE ONLY "public"."_galleryBlock_v_interactive_gallery_locales"
    ADD CONSTRAINT "_galleryBlock_v_interactive_gallery_locales_image_id_media_id_f" FOREIGN KEY ("image_id") REFERENCES "public"."media"("id") ON DELETE SET NULL;


--
-- Name: _galleryBlock_v_interactive_gallery_locales _galleryBlock_v_interactive_gallery_locales_parent_id_fk; Type: FK CONSTRAINT; Schema: public; Owner: -
--

ALTER TABLE ONLY "public"."_galleryBlock_v_interactive_gallery_locales"
    ADD CONSTRAINT "_galleryBlock_v_interactive_gallery_locales_parent_id_fk" FOREIGN KEY ("_parent_id") REFERENCES "public"."_galleryBlock_v_interactive_gallery"("id") ON DELETE CASCADE;


--
-- Name: _galleryBlock_v_interactive_gallery _galleryBlock_v_interactive_gallery_parent_id_fk; Type: FK CONSTRAINT; Schema: public; Owner: -
--

ALTER TABLE ONLY "public"."_galleryBlock_v_interactive_gallery"
    ADD CONSTRAINT "_galleryBlock_v_interactive_gallery_parent_id_fk" FOREIGN KEY ("_parent_id") REFERENCES "public"."_galleryBlock_v"("id") ON DELETE CASCADE;


--
-- Name: _galleryBlock_v_locales _galleryBlock_v_locales_parent_id_fk; Type: FK CONSTRAINT; Schema: public; Owner: -
--

ALTER TABLE ONLY "public"."_galleryBlock_v_locales"
    ADD CONSTRAINT "_galleryBlock_v_locales_parent_id_fk" FOREIGN KEY ("_parent_id") REFERENCES "public"."_galleryBlock_v"("id") ON DELETE CASCADE;


--
-- Name: _galleryBlock_v _galleryBlock_v_parent_id_fk; Type: FK CONSTRAINT; Schema: public; Owner: -
--

ALTER TABLE ONLY "public"."_galleryBlock_v"
    ADD CONSTRAINT "_galleryBlock_v_parent_id_fk" FOREIGN KEY ("_parent_id") REFERENCES "public"."_pages_v"("id") ON DELETE CASCADE;


--
-- Name: _logosBlock_v_block_header_links_locales _logosBlock_v_block_header_links_locales_parent_id_fk; Type: FK CONSTRAINT; Schema: public; Owner: -
--

ALTER TABLE ONLY "public"."_logosBlock_v_block_header_links_locales"
    ADD CONSTRAINT "_logosBlock_v_block_header_links_locales_parent_id_fk" FOREIGN KEY ("_parent_id") REFERENCES "public"."_logosBlock_v_block_header_links"("id") ON DELETE CASCADE;


--
-- Name: _logosBlock_v_block_header_links _logosBlock_v_block_header_links_parent_id_fk; Type: FK CONSTRAINT; Schema: public; Owner: -
--

ALTER TABLE ONLY "public"."_logosBlock_v_block_header_links"
    ADD CONSTRAINT "_logosBlock_v_block_header_links_parent_id_fk" FOREIGN KEY ("_parent_id") REFERENCES "public"."_logosBlock_v"("id") ON DELETE CASCADE;


--
-- Name: _logosBlock_v_locales _logosBlock_v_locales_parent_id_fk; Type: FK CONSTRAINT; Schema: public; Owner: -
--

ALTER TABLE ONLY "public"."_logosBlock_v_locales"
    ADD CONSTRAINT "_logosBlock_v_locales_parent_id_fk" FOREIGN KEY ("_parent_id") REFERENCES "public"."_logosBlock_v"("id") ON DELETE CASCADE;


--
-- Name: _logosBlock_v _logosBlock_v_parent_id_fk; Type: FK CONSTRAINT; Schema: public; Owner: -
--

ALTER TABLE ONLY "public"."_logosBlock_v"
    ADD CONSTRAINT "_logosBlock_v_parent_id_fk" FOREIGN KEY ("_parent_id") REFERENCES "public"."_pages_v"("id") ON DELETE CASCADE;


--
-- Name: _metricsBlock_v_block_header_links_locales _metricsBlock_v_block_header_links_locales_parent_id_fk; Type: FK CONSTRAINT; Schema: public; Owner: -
--

ALTER TABLE ONLY "public"."_metricsBlock_v_block_header_links_locales"
    ADD CONSTRAINT "_metricsBlock_v_block_header_links_locales_parent_id_fk" FOREIGN KEY ("_parent_id") REFERENCES "public"."_metricsBlock_v_block_header_links"("id") ON DELETE CASCADE;


--
-- Name: _metricsBlock_v_block_header_links _metricsBlock_v_block_header_links_parent_id_fk; Type: FK CONSTRAINT; Schema: public; Owner: -
--

ALTER TABLE ONLY "public"."_metricsBlock_v_block_header_links"
    ADD CONSTRAINT "_metricsBlock_v_block_header_links_parent_id_fk" FOREIGN KEY ("_parent_id") REFERENCES "public"."_metricsBlock_v"("id") ON DELETE CASCADE;


--
-- Name: _metricsBlock_v_locales _metricsBlock_v_locales_block_image_media_id_media_id_fk; Type: FK CONSTRAINT; Schema: public; Owner: -
--

ALTER TABLE ONLY "public"."_metricsBlock_v_locales"
    ADD CONSTRAINT "_metricsBlock_v_locales_block_image_media_id_media_id_fk" FOREIGN KEY ("block_image_media_id") REFERENCES "public"."media"("id") ON DELETE SET NULL;


--
-- Name: _metricsBlock_v_locales _metricsBlock_v_locales_parent_id_fk; Type: FK CONSTRAINT; Schema: public; Owner: -
--

ALTER TABLE ONLY "public"."_metricsBlock_v_locales"
    ADD CONSTRAINT "_metricsBlock_v_locales_parent_id_fk" FOREIGN KEY ("_parent_id") REFERENCES "public"."_metricsBlock_v"("id") ON DELETE CASCADE;


--
-- Name: _metricsBlock_v _metricsBlock_v_parent_id_fk; Type: FK CONSTRAINT; Schema: public; Owner: -
--

ALTER TABLE ONLY "public"."_metricsBlock_v"
    ADD CONSTRAINT "_metricsBlock_v_parent_id_fk" FOREIGN KEY ("_parent_id") REFERENCES "public"."_pages_v"("id") ON DELETE CASCADE;


--
-- Name: _metricsBlock_v_stats_locales _metricsBlock_v_stats_locales_parent_id_fk; Type: FK CONSTRAINT; Schema: public; Owner: -
--

ALTER TABLE ONLY "public"."_metricsBlock_v_stats_locales"
    ADD CONSTRAINT "_metricsBlock_v_stats_locales_parent_id_fk" FOREIGN KEY ("_parent_id") REFERENCES "public"."_metricsBlock_v_stats"("id") ON DELETE CASCADE;


--
-- Name: _metricsBlock_v_stats _metricsBlock_v_stats_parent_id_fk; Type: FK CONSTRAINT; Schema: public; Owner: -
--

ALTER TABLE ONLY "public"."_metricsBlock_v_stats"
    ADD CONSTRAINT "_metricsBlock_v_stats_parent_id_fk" FOREIGN KEY ("_parent_id") REFERENCES "public"."_metricsBlock_v"("id") ON DELETE CASCADE;


--
-- Name: _metricsBlock_v_table_headers _metricsBlock_v_table_headers_parent_id_fk; Type: FK CONSTRAINT; Schema: public; Owner: -
--

ALTER TABLE ONLY "public"."_metricsBlock_v_table_headers"
    ADD CONSTRAINT "_metricsBlock_v_table_headers_parent_id_fk" FOREIGN KEY ("_parent_id") REFERENCES "public"."_metricsBlock_v"("id") ON DELETE CASCADE;


--
-- Name: _metricsBlock_v_table_rows_cells _metricsBlock_v_table_rows_cells_parent_id_fk; Type: FK CONSTRAINT; Schema: public; Owner: -
--

ALTER TABLE ONLY "public"."_metricsBlock_v_table_rows_cells"
    ADD CONSTRAINT "_metricsBlock_v_table_rows_cells_parent_id_fk" FOREIGN KEY ("_parent_id") REFERENCES "public"."_metricsBlock_v_table_rows"("id") ON DELETE CASCADE;


--
-- Name: _metricsBlock_v_table_rows_children_cells _metricsBlock_v_table_rows_children_cells_parent_id_fk; Type: FK CONSTRAINT; Schema: public; Owner: -
--

ALTER TABLE ONLY "public"."_metricsBlock_v_table_rows_children_cells"
    ADD CONSTRAINT "_metricsBlock_v_table_rows_children_cells_parent_id_fk" FOREIGN KEY ("_parent_id") REFERENCES "public"."_metricsBlock_v_table_rows_children"("id") ON DELETE CASCADE;


--
-- Name: _metricsBlock_v_table_rows_children _metricsBlock_v_table_rows_children_parent_id_fk; Type: FK CONSTRAINT; Schema: public; Owner: -
--

ALTER TABLE ONLY "public"."_metricsBlock_v_table_rows_children"
    ADD CONSTRAINT "_metricsBlock_v_table_rows_children_parent_id_fk" FOREIGN KEY ("_parent_id") REFERENCES "public"."_metricsBlock_v_table_rows"("id") ON DELETE CASCADE;


--
-- Name: _metricsBlock_v_table_rows _metricsBlock_v_table_rows_parent_id_fk; Type: FK CONSTRAINT; Schema: public; Owner: -
--

ALTER TABLE ONLY "public"."_metricsBlock_v_table_rows"
    ADD CONSTRAINT "_metricsBlock_v_table_rows_parent_id_fk" FOREIGN KEY ("_parent_id") REFERENCES "public"."_metricsBlock_v"("id") ON DELETE CASCADE;


--
-- Name: _pages_v_locales _pages_v_locales_parent_id_fk; Type: FK CONSTRAINT; Schema: public; Owner: -
--

ALTER TABLE ONLY "public"."_pages_v_locales"
    ADD CONSTRAINT "_pages_v_locales_parent_id_fk" FOREIGN KEY ("_parent_id") REFERENCES "public"."_pages_v"("id") ON DELETE CASCADE;


--
-- Name: _pages_v_locales _pages_v_locales_version_hero_media_desktop_dark_id_media_id_fk; Type: FK CONSTRAINT; Schema: public; Owner: -
--

ALTER TABLE ONLY "public"."_pages_v_locales"
    ADD CONSTRAINT "_pages_v_locales_version_hero_media_desktop_dark_id_media_id_fk" FOREIGN KEY ("version_hero_media_desktop_dark_id") REFERENCES "public"."media"("id") ON DELETE SET NULL;


--
-- Name: _pages_v_locales _pages_v_locales_version_hero_media_desktop_light_id_media_id_f; Type: FK CONSTRAINT; Schema: public; Owner: -
--

ALTER TABLE ONLY "public"."_pages_v_locales"
    ADD CONSTRAINT "_pages_v_locales_version_hero_media_desktop_light_id_media_id_f" FOREIGN KEY ("version_hero_media_desktop_light_id") REFERENCES "public"."media"("id") ON DELETE SET NULL;


--
-- Name: _pages_v_locales _pages_v_locales_version_hero_media_mobile_dark_id_media_id_fk; Type: FK CONSTRAINT; Schema: public; Owner: -
--

ALTER TABLE ONLY "public"."_pages_v_locales"
    ADD CONSTRAINT "_pages_v_locales_version_hero_media_mobile_dark_id_media_id_fk" FOREIGN KEY ("version_hero_media_mobile_dark_id") REFERENCES "public"."media"("id") ON DELETE SET NULL;


--
-- Name: _pages_v_locales _pages_v_locales_version_hero_media_mobile_light_id_media_id_fk; Type: FK CONSTRAINT; Schema: public; Owner: -
--

ALTER TABLE ONLY "public"."_pages_v_locales"
    ADD CONSTRAINT "_pages_v_locales_version_hero_media_mobile_light_id_media_id_fk" FOREIGN KEY ("version_hero_media_mobile_light_id") REFERENCES "public"."media"("id") ON DELETE SET NULL;


--
-- Name: _pages_v_locales _pages_v_locales_version_meta_image_id_media_id_fk; Type: FK CONSTRAINT; Schema: public; Owner: -
--

ALTER TABLE ONLY "public"."_pages_v_locales"
    ADD CONSTRAINT "_pages_v_locales_version_meta_image_id_media_id_fk" FOREIGN KEY ("version_meta_image_id") REFERENCES "public"."media"("id") ON DELETE SET NULL;


--
-- Name: _pages_v _pages_v_parent_id_pages_id_fk; Type: FK CONSTRAINT; Schema: public; Owner: -
--

ALTER TABLE ONLY "public"."_pages_v"
    ADD CONSTRAINT "_pages_v_parent_id_pages_id_fk" FOREIGN KEY ("parent_id") REFERENCES "public"."pages"("id") ON DELETE SET NULL;


--
-- Name: _pages_v_rels _pages_v_rels_blog_posts_fk; Type: FK CONSTRAINT; Schema: public; Owner: -
--

ALTER TABLE ONLY "public"."_pages_v_rels"
    ADD CONSTRAINT "_pages_v_rels_blog_posts_fk" FOREIGN KEY ("blog_posts_id") REFERENCES "public"."blog_posts"("id") ON DELETE CASCADE;


--
-- Name: _pages_v_rels _pages_v_rels_customers_fk; Type: FK CONSTRAINT; Schema: public; Owner: -
--

ALTER TABLE ONLY "public"."_pages_v_rels"
    ADD CONSTRAINT "_pages_v_rels_customers_fk" FOREIGN KEY ("customers_id") REFERENCES "public"."customers"("id") ON DELETE CASCADE;


--
-- Name: _pages_v_rels _pages_v_rels_faq_fk; Type: FK CONSTRAINT; Schema: public; Owner: -
--

ALTER TABLE ONLY "public"."_pages_v_rels"
    ADD CONSTRAINT "_pages_v_rels_faq_fk" FOREIGN KEY ("faq_id") REFERENCES "public"."faq"("id") ON DELETE CASCADE;


--
-- Name: _pages_v_rels _pages_v_rels_media_fk; Type: FK CONSTRAINT; Schema: public; Owner: -
--

ALTER TABLE ONLY "public"."_pages_v_rels"
    ADD CONSTRAINT "_pages_v_rels_media_fk" FOREIGN KEY ("media_id") REFERENCES "public"."media"("id") ON DELETE CASCADE;


--
-- Name: _pages_v_rels _pages_v_rels_pages_fk; Type: FK CONSTRAINT; Schema: public; Owner: -
--

ALTER TABLE ONLY "public"."_pages_v_rels"
    ADD CONSTRAINT "_pages_v_rels_pages_fk" FOREIGN KEY ("pages_id") REFERENCES "public"."pages"("id") ON DELETE CASCADE;


--
-- Name: _pages_v_rels _pages_v_rels_parent_fk; Type: FK CONSTRAINT; Schema: public; Owner: -
--

ALTER TABLE ONLY "public"."_pages_v_rels"
    ADD CONSTRAINT "_pages_v_rels_parent_fk" FOREIGN KEY ("parent_id") REFERENCES "public"."_pages_v"("id") ON DELETE CASCADE;


--
-- Name: _pages_v_version_hero_links_locales _pages_v_version_hero_links_locales_parent_id_fk; Type: FK CONSTRAINT; Schema: public; Owner: -
--

ALTER TABLE ONLY "public"."_pages_v_version_hero_links_locales"
    ADD CONSTRAINT "_pages_v_version_hero_links_locales_parent_id_fk" FOREIGN KEY ("_parent_id") REFERENCES "public"."_pages_v_version_hero_links"("id") ON DELETE CASCADE;


--
-- Name: _pages_v_version_hero_links _pages_v_version_hero_links_parent_id_fk; Type: FK CONSTRAINT; Schema: public; Owner: -
--

ALTER TABLE ONLY "public"."_pages_v_version_hero_links"
    ADD CONSTRAINT "_pages_v_version_hero_links_parent_id_fk" FOREIGN KEY ("_parent_id") REFERENCES "public"."_pages_v"("id") ON DELETE CASCADE;


--
-- Name: _pages_v_version_hero_list_items_locales _pages_v_version_hero_list_items_locales_parent_id_fk; Type: FK CONSTRAINT; Schema: public; Owner: -
--

ALTER TABLE ONLY "public"."_pages_v_version_hero_list_items_locales"
    ADD CONSTRAINT "_pages_v_version_hero_list_items_locales_parent_id_fk" FOREIGN KEY ("_parent_id") REFERENCES "public"."_pages_v_version_hero_list_items"("id") ON DELETE CASCADE;


--
-- Name: _pages_v_version_hero_list_items _pages_v_version_hero_list_items_parent_id_fk; Type: FK CONSTRAINT; Schema: public; Owner: -
--

ALTER TABLE ONLY "public"."_pages_v_version_hero_list_items"
    ADD CONSTRAINT "_pages_v_version_hero_list_items_parent_id_fk" FOREIGN KEY ("_parent_id") REFERENCES "public"."_pages_v"("id") ON DELETE CASCADE;


--
-- Name: _richTextBlock_v_block_header_links_locales _richTextBlock_v_block_header_links_locales_parent_id_fk; Type: FK CONSTRAINT; Schema: public; Owner: -
--

ALTER TABLE ONLY "public"."_richTextBlock_v_block_header_links_locales"
    ADD CONSTRAINT "_richTextBlock_v_block_header_links_locales_parent_id_fk" FOREIGN KEY ("_parent_id") REFERENCES "public"."_richTextBlock_v_block_header_links"("id") ON DELETE CASCADE;


--
-- Name: _richTextBlock_v_block_header_links _richTextBlock_v_block_header_links_parent_id_fk; Type: FK CONSTRAINT; Schema: public; Owner: -
--

ALTER TABLE ONLY "public"."_richTextBlock_v_block_header_links"
    ADD CONSTRAINT "_richTextBlock_v_block_header_links_parent_id_fk" FOREIGN KEY ("_parent_id") REFERENCES "public"."_richTextBlock_v"("id") ON DELETE CASCADE;


--
-- Name: _richTextBlock_v_locales _richTextBlock_v_locales_parent_id_fk; Type: FK CONSTRAINT; Schema: public; Owner: -
--

ALTER TABLE ONLY "public"."_richTextBlock_v_locales"
    ADD CONSTRAINT "_richTextBlock_v_locales_parent_id_fk" FOREIGN KEY ("_parent_id") REFERENCES "public"."_richTextBlock_v"("id") ON DELETE CASCADE;


--
-- Name: _richTextBlock_v _richTextBlock_v_parent_id_fk; Type: FK CONSTRAINT; Schema: public; Owner: -
--

ALTER TABLE ONLY "public"."_richTextBlock_v"
    ADD CONSTRAINT "_richTextBlock_v_parent_id_fk" FOREIGN KEY ("_parent_id") REFERENCES "public"."_pages_v"("id") ON DELETE CASCADE;


--
-- Name: _teamBlock_v_block_header_links_locales _teamBlock_v_block_header_links_locales_parent_id_fk; Type: FK CONSTRAINT; Schema: public; Owner: -
--

ALTER TABLE ONLY "public"."_teamBlock_v_block_header_links_locales"
    ADD CONSTRAINT "_teamBlock_v_block_header_links_locales_parent_id_fk" FOREIGN KEY ("_parent_id") REFERENCES "public"."_teamBlock_v_block_header_links"("id") ON DELETE CASCADE;


--
-- Name: _teamBlock_v_block_header_links _teamBlock_v_block_header_links_parent_id_fk; Type: FK CONSTRAINT; Schema: public; Owner: -
--

ALTER TABLE ONLY "public"."_teamBlock_v_block_header_links"
    ADD CONSTRAINT "_teamBlock_v_block_header_links_parent_id_fk" FOREIGN KEY ("_parent_id") REFERENCES "public"."_teamBlock_v"("id") ON DELETE CASCADE;


--
-- Name: _teamBlock_v_locales _teamBlock_v_locales_parent_id_fk; Type: FK CONSTRAINT; Schema: public; Owner: -
--

ALTER TABLE ONLY "public"."_teamBlock_v_locales"
    ADD CONSTRAINT "_teamBlock_v_locales_parent_id_fk" FOREIGN KEY ("_parent_id") REFERENCES "public"."_teamBlock_v"("id") ON DELETE CASCADE;


--
-- Name: _teamBlock_v _teamBlock_v_parent_id_fk; Type: FK CONSTRAINT; Schema: public; Owner: -
--

ALTER TABLE ONLY "public"."_teamBlock_v"
    ADD CONSTRAINT "_teamBlock_v_parent_id_fk" FOREIGN KEY ("_parent_id") REFERENCES "public"."_pages_v"("id") ON DELETE CASCADE;


--
-- Name: _teamBlock_v_team _teamBlock_v_team_image_id_media_id_fk; Type: FK CONSTRAINT; Schema: public; Owner: -
--

ALTER TABLE ONLY "public"."_teamBlock_v_team"
    ADD CONSTRAINT "_teamBlock_v_team_image_id_media_id_fk" FOREIGN KEY ("image_id") REFERENCES "public"."media"("id") ON DELETE SET NULL;


--
-- Name: _teamBlock_v_team_locales _teamBlock_v_team_locales_parent_id_fk; Type: FK CONSTRAINT; Schema: public; Owner: -
--

ALTER TABLE ONLY "public"."_teamBlock_v_team_locales"
    ADD CONSTRAINT "_teamBlock_v_team_locales_parent_id_fk" FOREIGN KEY ("_parent_id") REFERENCES "public"."_teamBlock_v_team"("id") ON DELETE CASCADE;


--
-- Name: _teamBlock_v_team _teamBlock_v_team_parent_id_fk; Type: FK CONSTRAINT; Schema: public; Owner: -
--

ALTER TABLE ONLY "public"."_teamBlock_v_team"
    ADD CONSTRAINT "_teamBlock_v_team_parent_id_fk" FOREIGN KEY ("_parent_id") REFERENCES "public"."_teamBlock_v"("id") ON DELETE CASCADE;


--
-- Name: _testimonialsBlock_v_block_header_links_locales _testimonialsBlock_v_block_header_links_locales_parent_id_fk; Type: FK CONSTRAINT; Schema: public; Owner: -
--

ALTER TABLE ONLY "public"."_testimonialsBlock_v_block_header_links_locales"
    ADD CONSTRAINT "_testimonialsBlock_v_block_header_links_locales_parent_id_fk" FOREIGN KEY ("_parent_id") REFERENCES "public"."_testimonialsBlock_v_block_header_links"("id") ON DELETE CASCADE;


--
-- Name: _testimonialsBlock_v_block_header_links _testimonialsBlock_v_block_header_links_parent_id_fk; Type: FK CONSTRAINT; Schema: public; Owner: -
--

ALTER TABLE ONLY "public"."_testimonialsBlock_v_block_header_links"
    ADD CONSTRAINT "_testimonialsBlock_v_block_header_links_parent_id_fk" FOREIGN KEY ("_parent_id") REFERENCES "public"."_testimonialsBlock_v"("id") ON DELETE CASCADE;


--
-- Name: _testimonialsBlock_v_locales _testimonialsBlock_v_locales_parent_id_fk; Type: FK CONSTRAINT; Schema: public; Owner: -
--

ALTER TABLE ONLY "public"."_testimonialsBlock_v_locales"
    ADD CONSTRAINT "_testimonialsBlock_v_locales_parent_id_fk" FOREIGN KEY ("_parent_id") REFERENCES "public"."_testimonialsBlock_v"("id") ON DELETE CASCADE;


--
-- Name: _testimonialsBlock_v _testimonialsBlock_v_parent_id_fk; Type: FK CONSTRAINT; Schema: public; Owner: -
--

ALTER TABLE ONLY "public"."_testimonialsBlock_v"
    ADD CONSTRAINT "_testimonialsBlock_v_parent_id_fk" FOREIGN KEY ("_parent_id") REFERENCES "public"."_pages_v"("id") ON DELETE CASCADE;


--
-- Name: archiveBlock_block_header_links_locales archiveBlock_block_header_links_locales_parent_id_fk; Type: FK CONSTRAINT; Schema: public; Owner: -
--

ALTER TABLE ONLY "public"."archiveBlock_block_header_links_locales"
    ADD CONSTRAINT "archiveBlock_block_header_links_locales_parent_id_fk" FOREIGN KEY ("_parent_id") REFERENCES "public"."archiveBlock_block_header_links"("id") ON DELETE CASCADE;


--
-- Name: archiveBlock_block_header_links archiveBlock_block_header_links_parent_id_fk; Type: FK CONSTRAINT; Schema: public; Owner: -
--

ALTER TABLE ONLY "public"."archiveBlock_block_header_links"
    ADD CONSTRAINT "archiveBlock_block_header_links_parent_id_fk" FOREIGN KEY ("_parent_id") REFERENCES "public"."archiveBlock"("id") ON DELETE CASCADE;


--
-- Name: archiveBlock_locales archiveBlock_locales_parent_id_fk; Type: FK CONSTRAINT; Schema: public; Owner: -
--

ALTER TABLE ONLY "public"."archiveBlock_locales"
    ADD CONSTRAINT "archiveBlock_locales_parent_id_fk" FOREIGN KEY ("_parent_id") REFERENCES "public"."archiveBlock"("id") ON DELETE CASCADE;


--
-- Name: archiveBlock archiveBlock_parent_id_fk; Type: FK CONSTRAINT; Schema: public; Owner: -
--

ALTER TABLE ONLY "public"."archiveBlock"
    ADD CONSTRAINT "archiveBlock_parent_id_fk" FOREIGN KEY ("_parent_id") REFERENCES "public"."customers"("id") ON DELETE CASCADE;


--
-- Name: blog_posts_locales blog_posts_locales_hero_image_id_media_id_fk; Type: FK CONSTRAINT; Schema: public; Owner: -
--

ALTER TABLE ONLY "public"."blog_posts_locales"
    ADD CONSTRAINT "blog_posts_locales_hero_image_id_media_id_fk" FOREIGN KEY ("hero_image_id") REFERENCES "public"."media"("id") ON DELETE SET NULL;


--
-- Name: blog_posts_locales blog_posts_locales_meta_image_id_media_id_fk; Type: FK CONSTRAINT; Schema: public; Owner: -
--

ALTER TABLE ONLY "public"."blog_posts_locales"
    ADD CONSTRAINT "blog_posts_locales_meta_image_id_media_id_fk" FOREIGN KEY ("meta_image_id") REFERENCES "public"."media"("id") ON DELETE SET NULL;


--
-- Name: blog_posts_locales blog_posts_locales_parent_id_fk; Type: FK CONSTRAINT; Schema: public; Owner: -
--

ALTER TABLE ONLY "public"."blog_posts_locales"
    ADD CONSTRAINT "blog_posts_locales_parent_id_fk" FOREIGN KEY ("_parent_id") REFERENCES "public"."blog_posts"("id") ON DELETE CASCADE;


--
-- Name: blog_posts_populated_authors blog_posts_populated_authors_parent_id_fk; Type: FK CONSTRAINT; Schema: public; Owner: -
--

ALTER TABLE ONLY "public"."blog_posts_populated_authors"
    ADD CONSTRAINT "blog_posts_populated_authors_parent_id_fk" FOREIGN KEY ("_parent_id") REFERENCES "public"."blog_posts"("id") ON DELETE CASCADE;


--
-- Name: blog_posts_rels blog_posts_rels_blog_posts_fk; Type: FK CONSTRAINT; Schema: public; Owner: -
--

ALTER TABLE ONLY "public"."blog_posts_rels"
    ADD CONSTRAINT "blog_posts_rels_blog_posts_fk" FOREIGN KEY ("blog_posts_id") REFERENCES "public"."blog_posts"("id") ON DELETE CASCADE;


--
-- Name: blog_posts_rels blog_posts_rels_categories_fk; Type: FK CONSTRAINT; Schema: public; Owner: -
--

ALTER TABLE ONLY "public"."blog_posts_rels"
    ADD CONSTRAINT "blog_posts_rels_categories_fk" FOREIGN KEY ("categories_id") REFERENCES "public"."categories"("id") ON DELETE CASCADE;


--
-- Name: blog_posts_rels blog_posts_rels_parent_fk; Type: FK CONSTRAINT; Schema: public; Owner: -
--

ALTER TABLE ONLY "public"."blog_posts_rels"
    ADD CONSTRAINT "blog_posts_rels_parent_fk" FOREIGN KEY ("parent_id") REFERENCES "public"."blog_posts"("id") ON DELETE CASCADE;


--
-- Name: blog_posts_rels blog_posts_rels_users_fk; Type: FK CONSTRAINT; Schema: public; Owner: -
--

ALTER TABLE ONLY "public"."blog_posts_rels"
    ADD CONSTRAINT "blog_posts_rels_users_fk" FOREIGN KEY ("users_id") REFERENCES "public"."users"("id") ON DELETE CASCADE;


--
-- Name: callToActionBlock callToActionBlock_form_id_forms_id_fk; Type: FK CONSTRAINT; Schema: public; Owner: -
--

ALTER TABLE ONLY "public"."callToActionBlock"
    ADD CONSTRAINT "callToActionBlock_form_id_forms_id_fk" FOREIGN KEY ("form_id") REFERENCES "public"."forms"("id") ON DELETE SET NULL;


--
-- Name: callToActionBlock_links_locales callToActionBlock_links_locales_parent_id_fk; Type: FK CONSTRAINT; Schema: public; Owner: -
--

ALTER TABLE ONLY "public"."callToActionBlock_links_locales"
    ADD CONSTRAINT "callToActionBlock_links_locales_parent_id_fk" FOREIGN KEY ("_parent_id") REFERENCES "public"."callToActionBlock_links"("id") ON DELETE CASCADE;


--
-- Name: callToActionBlock_links callToActionBlock_links_parent_id_fk; Type: FK CONSTRAINT; Schema: public; Owner: -
--

ALTER TABLE ONLY "public"."callToActionBlock_links"
    ADD CONSTRAINT "callToActionBlock_links_parent_id_fk" FOREIGN KEY ("_parent_id") REFERENCES "public"."callToActionBlock"("id") ON DELETE CASCADE;


--
-- Name: callToActionBlock_list callToActionBlock_list_parent_id_fk; Type: FK CONSTRAINT; Schema: public; Owner: -
--

ALTER TABLE ONLY "public"."callToActionBlock_list"
    ADD CONSTRAINT "callToActionBlock_list_parent_id_fk" FOREIGN KEY ("_parent_id") REFERENCES "public"."callToActionBlock"("id") ON DELETE CASCADE;


--
-- Name: callToActionBlock_locales callToActionBlock_locales_media_desktop_dark_id_media_id_fk; Type: FK CONSTRAINT; Schema: public; Owner: -
--

ALTER TABLE ONLY "public"."callToActionBlock_locales"
    ADD CONSTRAINT "callToActionBlock_locales_media_desktop_dark_id_media_id_fk" FOREIGN KEY ("media_desktop_dark_id") REFERENCES "public"."media"("id") ON DELETE SET NULL;


--
-- Name: callToActionBlock_locales callToActionBlock_locales_media_desktop_light_id_media_id_fk; Type: FK CONSTRAINT; Schema: public; Owner: -
--

ALTER TABLE ONLY "public"."callToActionBlock_locales"
    ADD CONSTRAINT "callToActionBlock_locales_media_desktop_light_id_media_id_fk" FOREIGN KEY ("media_desktop_light_id") REFERENCES "public"."media"("id") ON DELETE SET NULL;


--
-- Name: callToActionBlock_locales callToActionBlock_locales_media_mobile_dark_id_media_id_fk; Type: FK CONSTRAINT; Schema: public; Owner: -
--

ALTER TABLE ONLY "public"."callToActionBlock_locales"
    ADD CONSTRAINT "callToActionBlock_locales_media_mobile_dark_id_media_id_fk" FOREIGN KEY ("media_mobile_dark_id") REFERENCES "public"."media"("id") ON DELETE SET NULL;


--
-- Name: callToActionBlock_locales callToActionBlock_locales_media_mobile_light_id_media_id_fk; Type: FK CONSTRAINT; Schema: public; Owner: -
--

ALTER TABLE ONLY "public"."callToActionBlock_locales"
    ADD CONSTRAINT "callToActionBlock_locales_media_mobile_light_id_media_id_fk" FOREIGN KEY ("media_mobile_light_id") REFERENCES "public"."media"("id") ON DELETE SET NULL;


--
-- Name: callToActionBlock_locales callToActionBlock_locales_parent_id_fk; Type: FK CONSTRAINT; Schema: public; Owner: -
--

ALTER TABLE ONLY "public"."callToActionBlock_locales"
    ADD CONSTRAINT "callToActionBlock_locales_parent_id_fk" FOREIGN KEY ("_parent_id") REFERENCES "public"."callToActionBlock"("id") ON DELETE CASCADE;


--
-- Name: callToActionBlock callToActionBlock_parent_id_fk; Type: FK CONSTRAINT; Schema: public; Owner: -
--

ALTER TABLE ONLY "public"."callToActionBlock"
    ADD CONSTRAINT "callToActionBlock_parent_id_fk" FOREIGN KEY ("_parent_id") REFERENCES "public"."pages"("id") ON DELETE CASCADE;


--
-- Name: categories_breadcrumbs categories_breadcrumbs_doc_id_categories_id_fk; Type: FK CONSTRAINT; Schema: public; Owner: -
--

ALTER TABLE ONLY "public"."categories_breadcrumbs"
    ADD CONSTRAINT "categories_breadcrumbs_doc_id_categories_id_fk" FOREIGN KEY ("doc_id") REFERENCES "public"."categories"("id") ON DELETE SET NULL;


--
-- Name: categories_breadcrumbs categories_breadcrumbs_parent_id_fk; Type: FK CONSTRAINT; Schema: public; Owner: -
--

ALTER TABLE ONLY "public"."categories_breadcrumbs"
    ADD CONSTRAINT "categories_breadcrumbs_parent_id_fk" FOREIGN KEY ("_parent_id") REFERENCES "public"."categories"("id") ON DELETE CASCADE;


--
-- Name: categories_locales categories_locales_parent_id_fk; Type: FK CONSTRAINT; Schema: public; Owner: -
--

ALTER TABLE ONLY "public"."categories_locales"
    ADD CONSTRAINT "categories_locales_parent_id_fk" FOREIGN KEY ("_parent_id") REFERENCES "public"."categories"("id") ON DELETE CASCADE;


--
-- Name: categories categories_parent_id_categories_id_fk; Type: FK CONSTRAINT; Schema: public; Owner: -
--

ALTER TABLE ONLY "public"."categories"
    ADD CONSTRAINT "categories_parent_id_categories_id_fk" FOREIGN KEY ("parent_id") REFERENCES "public"."categories"("id") ON DELETE SET NULL;


--
-- Name: customHtmlBlock_block_header_links_locales customHtmlBlock_block_header_links_locales_parent_id_fk; Type: FK CONSTRAINT; Schema: public; Owner: -
--

ALTER TABLE ONLY "public"."customHtmlBlock_block_header_links_locales"
    ADD CONSTRAINT "customHtmlBlock_block_header_links_locales_parent_id_fk" FOREIGN KEY ("_parent_id") REFERENCES "public"."customHtmlBlock_block_header_links"("id") ON DELETE CASCADE;


--
-- Name: customHtmlBlock_block_header_links customHtmlBlock_block_header_links_parent_id_fk; Type: FK CONSTRAINT; Schema: public; Owner: -
--

ALTER TABLE ONLY "public"."customHtmlBlock_block_header_links"
    ADD CONSTRAINT "customHtmlBlock_block_header_links_parent_id_fk" FOREIGN KEY ("_parent_id") REFERENCES "public"."customHtmlBlock"("id") ON DELETE CASCADE;


--
-- Name: customHtmlBlock_locales customHtmlBlock_locales_parent_id_fk; Type: FK CONSTRAINT; Schema: public; Owner: -
--

ALTER TABLE ONLY "public"."customHtmlBlock_locales"
    ADD CONSTRAINT "customHtmlBlock_locales_parent_id_fk" FOREIGN KEY ("_parent_id") REFERENCES "public"."customHtmlBlock"("id") ON DELETE CASCADE;


--
-- Name: customHtmlBlock customHtmlBlock_parent_id_fk; Type: FK CONSTRAINT; Schema: public; Owner: -
--

ALTER TABLE ONLY "public"."customHtmlBlock"
    ADD CONSTRAINT "customHtmlBlock_parent_id_fk" FOREIGN KEY ("_parent_id") REFERENCES "public"."customers"("id") ON DELETE CASCADE;


--
-- Name: customers_locales customers_locales_parent_id_fk; Type: FK CONSTRAINT; Schema: public; Owner: -
--

ALTER TABLE ONLY "public"."customers_locales"
    ADD CONSTRAINT "customers_locales_parent_id_fk" FOREIGN KEY ("_parent_id") REFERENCES "public"."customers"("id") ON DELETE CASCADE;


--
-- Name: customers_rels customers_rels_blog_posts_fk; Type: FK CONSTRAINT; Schema: public; Owner: -
--

ALTER TABLE ONLY "public"."customers_rels"
    ADD CONSTRAINT "customers_rels_blog_posts_fk" FOREIGN KEY ("blog_posts_id") REFERENCES "public"."blog_posts"("id") ON DELETE CASCADE;


--
-- Name: customers_rels customers_rels_categories_fk; Type: FK CONSTRAINT; Schema: public; Owner: -
--

ALTER TABLE ONLY "public"."customers_rels"
    ADD CONSTRAINT "customers_rels_categories_fk" FOREIGN KEY ("categories_id") REFERENCES "public"."categories"("id") ON DELETE CASCADE;


--
-- Name: customers_rels customers_rels_pages_fk; Type: FK CONSTRAINT; Schema: public; Owner: -
--

ALTER TABLE ONLY "public"."customers_rels"
    ADD CONSTRAINT "customers_rels_pages_fk" FOREIGN KEY ("pages_id") REFERENCES "public"."pages"("id") ON DELETE CASCADE;


--
-- Name: customers_rels customers_rels_parent_fk; Type: FK CONSTRAINT; Schema: public; Owner: -
--

ALTER TABLE ONLY "public"."customers_rels"
    ADD CONSTRAINT "customers_rels_parent_fk" FOREIGN KEY ("parent_id") REFERENCES "public"."customers"("id") ON DELETE CASCADE;


--
-- Name: customers customers_testimonial_author_info_avatar_id_media_id_fk; Type: FK CONSTRAINT; Schema: public; Owner: -
--

ALTER TABLE ONLY "public"."customers"
    ADD CONSTRAINT "customers_testimonial_author_info_avatar_id_media_id_fk" FOREIGN KEY ("testimonial_author_info_avatar_id") REFERENCES "public"."media"("id") ON DELETE SET NULL;


--
-- Name: customers customers_testimonial_company_company_logo_id_media_id_fk; Type: FK CONSTRAINT; Schema: public; Owner: -
--

ALTER TABLE ONLY "public"."customers"
    ADD CONSTRAINT "customers_testimonial_company_company_logo_id_media_id_fk" FOREIGN KEY ("testimonial_company_company_logo_id") REFERENCES "public"."media"("id") ON DELETE SET NULL;


--
-- Name: customers customers_testimonial_featured_image_id_media_id_fk; Type: FK CONSTRAINT; Schema: public; Owner: -
--

ALTER TABLE ONLY "public"."customers"
    ADD CONSTRAINT "customers_testimonial_featured_image_id_media_id_fk" FOREIGN KEY ("testimonial_featured_image_id") REFERENCES "public"."media"("id") ON DELETE SET NULL;


--
-- Name: customers_testimonial_stats_locales customers_testimonial_stats_locales_parent_id_fk; Type: FK CONSTRAINT; Schema: public; Owner: -
--

ALTER TABLE ONLY "public"."customers_testimonial_stats_locales"
    ADD CONSTRAINT "customers_testimonial_stats_locales_parent_id_fk" FOREIGN KEY ("_parent_id") REFERENCES "public"."customers_testimonial_stats"("id") ON DELETE CASCADE;


--
-- Name: customers_testimonial_stats customers_testimonial_stats_parent_id_fk; Type: FK CONSTRAINT; Schema: public; Owner: -
--

ALTER TABLE ONLY "public"."customers_testimonial_stats"
    ADD CONSTRAINT "customers_testimonial_stats_parent_id_fk" FOREIGN KEY ("_parent_id") REFERENCES "public"."customers"("id") ON DELETE CASCADE;


--
-- Name: dividerBlock dividerBlock_parent_id_fk; Type: FK CONSTRAINT; Schema: public; Owner: -
--

ALTER TABLE ONLY "public"."dividerBlock"
    ADD CONSTRAINT "dividerBlock_parent_id_fk" FOREIGN KEY ("_parent_id") REFERENCES "public"."pages"("id") ON DELETE CASCADE;


--
-- Name: faqBlock_block_header_links_locales faqBlock_block_header_links_locales_parent_id_fk; Type: FK CONSTRAINT; Schema: public; Owner: -
--

ALTER TABLE ONLY "public"."faqBlock_block_header_links_locales"
    ADD CONSTRAINT "faqBlock_block_header_links_locales_parent_id_fk" FOREIGN KEY ("_parent_id") REFERENCES "public"."faqBlock_block_header_links"("id") ON DELETE CASCADE;


--
-- Name: faqBlock_block_header_links faqBlock_block_header_links_parent_id_fk; Type: FK CONSTRAINT; Schema: public; Owner: -
--

ALTER TABLE ONLY "public"."faqBlock_block_header_links"
    ADD CONSTRAINT "faqBlock_block_header_links_parent_id_fk" FOREIGN KEY ("_parent_id") REFERENCES "public"."faqBlock"("id") ON DELETE CASCADE;


--
-- Name: faqBlock_locales faqBlock_locales_parent_id_fk; Type: FK CONSTRAINT; Schema: public; Owner: -
--

ALTER TABLE ONLY "public"."faqBlock_locales"
    ADD CONSTRAINT "faqBlock_locales_parent_id_fk" FOREIGN KEY ("_parent_id") REFERENCES "public"."faqBlock"("id") ON DELETE CASCADE;


--
-- Name: faqBlock faqBlock_parent_id_fk; Type: FK CONSTRAINT; Schema: public; Owner: -
--

ALTER TABLE ONLY "public"."faqBlock"
    ADD CONSTRAINT "faqBlock_parent_id_fk" FOREIGN KEY ("_parent_id") REFERENCES "public"."pages"("id") ON DELETE CASCADE;


--
-- Name: faq faq_category_id_categories_id_fk; Type: FK CONSTRAINT; Schema: public; Owner: -
--

ALTER TABLE ONLY "public"."faq"
    ADD CONSTRAINT "faq_category_id_categories_id_fk" FOREIGN KEY ("category_id") REFERENCES "public"."categories"("id") ON DELETE SET NULL;


--
-- Name: faq_locales faq_locales_parent_id_fk; Type: FK CONSTRAINT; Schema: public; Owner: -
--

ALTER TABLE ONLY "public"."faq_locales"
    ADD CONSTRAINT "faq_locales_parent_id_fk" FOREIGN KEY ("_parent_id") REFERENCES "public"."faq"("id") ON DELETE CASCADE;


--
-- Name: featuresBlock_block_header_links_locales featuresBlock_block_header_links_locales_parent_id_fk; Type: FK CONSTRAINT; Schema: public; Owner: -
--

ALTER TABLE ONLY "public"."featuresBlock_block_header_links_locales"
    ADD CONSTRAINT "featuresBlock_block_header_links_locales_parent_id_fk" FOREIGN KEY ("_parent_id") REFERENCES "public"."featuresBlock_block_header_links"("id") ON DELETE CASCADE;


--
-- Name: featuresBlock_block_header_links featuresBlock_block_header_links_parent_id_fk; Type: FK CONSTRAINT; Schema: public; Owner: -
--

ALTER TABLE ONLY "public"."featuresBlock_block_header_links"
    ADD CONSTRAINT "featuresBlock_block_header_links_parent_id_fk" FOREIGN KEY ("_parent_id") REFERENCES "public"."featuresBlock"("id") ON DELETE CASCADE;


--
-- Name: featuresBlock_columns_locales featuresBlock_columns_locales_image_id_media_id_fk; Type: FK CONSTRAINT; Schema: public; Owner: -
--

ALTER TABLE ONLY "public"."featuresBlock_columns_locales"
    ADD CONSTRAINT "featuresBlock_columns_locales_image_id_media_id_fk" FOREIGN KEY ("image_id") REFERENCES "public"."media"("id") ON DELETE SET NULL;


--
-- Name: featuresBlock_columns_locales featuresBlock_columns_locales_parent_id_fk; Type: FK CONSTRAINT; Schema: public; Owner: -
--

ALTER TABLE ONLY "public"."featuresBlock_columns_locales"
    ADD CONSTRAINT "featuresBlock_columns_locales_parent_id_fk" FOREIGN KEY ("_parent_id") REFERENCES "public"."featuresBlock_columns"("id") ON DELETE CASCADE;


--
-- Name: featuresBlock_columns featuresBlock_columns_parent_id_fk; Type: FK CONSTRAINT; Schema: public; Owner: -
--

ALTER TABLE ONLY "public"."featuresBlock_columns"
    ADD CONSTRAINT "featuresBlock_columns_parent_id_fk" FOREIGN KEY ("_parent_id") REFERENCES "public"."featuresBlock"("id") ON DELETE CASCADE;


--
-- Name: featuresBlock_locales featuresBlock_locales_block_image_id_media_id_fk; Type: FK CONSTRAINT; Schema: public; Owner: -
--

ALTER TABLE ONLY "public"."featuresBlock_locales"
    ADD CONSTRAINT "featuresBlock_locales_block_image_id_media_id_fk" FOREIGN KEY ("block_image_id") REFERENCES "public"."media"("id") ON DELETE SET NULL;


--
-- Name: featuresBlock_locales featuresBlock_locales_parent_id_fk; Type: FK CONSTRAINT; Schema: public; Owner: -
--

ALTER TABLE ONLY "public"."featuresBlock_locales"
    ADD CONSTRAINT "featuresBlock_locales_parent_id_fk" FOREIGN KEY ("_parent_id") REFERENCES "public"."featuresBlock"("id") ON DELETE CASCADE;


--
-- Name: featuresBlock featuresBlock_parent_id_fk; Type: FK CONSTRAINT; Schema: public; Owner: -
--

ALTER TABLE ONLY "public"."featuresBlock"
    ADD CONSTRAINT "featuresBlock_parent_id_fk" FOREIGN KEY ("_parent_id") REFERENCES "public"."pages"("id") ON DELETE CASCADE;


--
-- Name: footer_columns_nav_items_locales footer_columns_nav_items_locales_parent_id_fk; Type: FK CONSTRAINT; Schema: public; Owner: -
--

ALTER TABLE ONLY "public"."footer_columns_nav_items_locales"
    ADD CONSTRAINT "footer_columns_nav_items_locales_parent_id_fk" FOREIGN KEY ("_parent_id") REFERENCES "public"."footer_columns_nav_items"("id") ON DELETE CASCADE;


--
-- Name: footer_columns_nav_items footer_columns_nav_items_parent_id_fk; Type: FK CONSTRAINT; Schema: public; Owner: -
--

ALTER TABLE ONLY "public"."footer_columns_nav_items"
    ADD CONSTRAINT "footer_columns_nav_items_parent_id_fk" FOREIGN KEY ("_parent_id") REFERENCES "public"."footer_columns"("id") ON DELETE CASCADE;


--
-- Name: footer_columns footer_columns_parent_id_fk; Type: FK CONSTRAINT; Schema: public; Owner: -
--

ALTER TABLE ONLY "public"."footer_columns"
    ADD CONSTRAINT "footer_columns_parent_id_fk" FOREIGN KEY ("_parent_id") REFERENCES "public"."footer"("id") ON DELETE CASCADE;


--
-- Name: footer_rels footer_rels_blog_posts_fk; Type: FK CONSTRAINT; Schema: public; Owner: -
--

ALTER TABLE ONLY "public"."footer_rels"
    ADD CONSTRAINT "footer_rels_blog_posts_fk" FOREIGN KEY ("blog_posts_id") REFERENCES "public"."blog_posts"("id") ON DELETE CASCADE;


--
-- Name: footer_rels footer_rels_pages_fk; Type: FK CONSTRAINT; Schema: public; Owner: -
--

ALTER TABLE ONLY "public"."footer_rels"
    ADD CONSTRAINT "footer_rels_pages_fk" FOREIGN KEY ("pages_id") REFERENCES "public"."pages"("id") ON DELETE CASCADE;


--
-- Name: footer_rels footer_rels_parent_fk; Type: FK CONSTRAINT; Schema: public; Owner: -
--

ALTER TABLE ONLY "public"."footer_rels"
    ADD CONSTRAINT "footer_rels_parent_fk" FOREIGN KEY ("parent_id") REFERENCES "public"."footer"("id") ON DELETE CASCADE;


--
-- Name: formBlock formBlock_form_id_forms_id_fk; Type: FK CONSTRAINT; Schema: public; Owner: -
--

ALTER TABLE ONLY "public"."formBlock"
    ADD CONSTRAINT "formBlock_form_id_forms_id_fk" FOREIGN KEY ("form_id") REFERENCES "public"."forms"("id") ON DELETE SET NULL;


--
-- Name: formBlock formBlock_parent_id_fk; Type: FK CONSTRAINT; Schema: public; Owner: -
--

ALTER TABLE ONLY "public"."formBlock"
    ADD CONSTRAINT "formBlock_parent_id_fk" FOREIGN KEY ("_parent_id") REFERENCES "public"."customers"("id") ON DELETE CASCADE;


--
-- Name: form_submissions form_submissions_form_id_forms_id_fk; Type: FK CONSTRAINT; Schema: public; Owner: -
--

ALTER TABLE ONLY "public"."form_submissions"
    ADD CONSTRAINT "form_submissions_form_id_forms_id_fk" FOREIGN KEY ("form_id") REFERENCES "public"."forms"("id") ON DELETE SET NULL;


--
-- Name: form_submissions_submission_data form_submissions_submission_data_parent_id_fk; Type: FK CONSTRAINT; Schema: public; Owner: -
--

ALTER TABLE ONLY "public"."form_submissions_submission_data"
    ADD CONSTRAINT "form_submissions_submission_data_parent_id_fk" FOREIGN KEY ("_parent_id") REFERENCES "public"."form_submissions"("id") ON DELETE CASCADE;


--
-- Name: forms_blocks_checkbox_locales forms_blocks_checkbox_locales_parent_id_fk; Type: FK CONSTRAINT; Schema: public; Owner: -
--

ALTER TABLE ONLY "public"."forms_blocks_checkbox_locales"
    ADD CONSTRAINT "forms_blocks_checkbox_locales_parent_id_fk" FOREIGN KEY ("_parent_id") REFERENCES "public"."forms_blocks_checkbox"("id") ON DELETE CASCADE;


--
-- Name: forms_blocks_checkbox forms_blocks_checkbox_parent_id_fk; Type: FK CONSTRAINT; Schema: public; Owner: -
--

ALTER TABLE ONLY "public"."forms_blocks_checkbox"
    ADD CONSTRAINT "forms_blocks_checkbox_parent_id_fk" FOREIGN KEY ("_parent_id") REFERENCES "public"."forms"("id") ON DELETE CASCADE;


--
-- Name: forms_blocks_country_locales forms_blocks_country_locales_parent_id_fk; Type: FK CONSTRAINT; Schema: public; Owner: -
--

ALTER TABLE ONLY "public"."forms_blocks_country_locales"
    ADD CONSTRAINT "forms_blocks_country_locales_parent_id_fk" FOREIGN KEY ("_parent_id") REFERENCES "public"."forms_blocks_country"("id") ON DELETE CASCADE;


--
-- Name: forms_blocks_country forms_blocks_country_parent_id_fk; Type: FK CONSTRAINT; Schema: public; Owner: -
--

ALTER TABLE ONLY "public"."forms_blocks_country"
    ADD CONSTRAINT "forms_blocks_country_parent_id_fk" FOREIGN KEY ("_parent_id") REFERENCES "public"."forms"("id") ON DELETE CASCADE;


--
-- Name: forms_blocks_email_locales forms_blocks_email_locales_parent_id_fk; Type: FK CONSTRAINT; Schema: public; Owner: -
--

ALTER TABLE ONLY "public"."forms_blocks_email_locales"
    ADD CONSTRAINT "forms_blocks_email_locales_parent_id_fk" FOREIGN KEY ("_parent_id") REFERENCES "public"."forms_blocks_email"("id") ON DELETE CASCADE;


--
-- Name: forms_blocks_email forms_blocks_email_parent_id_fk; Type: FK CONSTRAINT; Schema: public; Owner: -
--

ALTER TABLE ONLY "public"."forms_blocks_email"
    ADD CONSTRAINT "forms_blocks_email_parent_id_fk" FOREIGN KEY ("_parent_id") REFERENCES "public"."forms"("id") ON DELETE CASCADE;


--
-- Name: forms_blocks_message_locales forms_blocks_message_locales_parent_id_fk; Type: FK CONSTRAINT; Schema: public; Owner: -
--

ALTER TABLE ONLY "public"."forms_blocks_message_locales"
    ADD CONSTRAINT "forms_blocks_message_locales_parent_id_fk" FOREIGN KEY ("_parent_id") REFERENCES "public"."forms_blocks_message"("id") ON DELETE CASCADE;


--
-- Name: forms_blocks_message forms_blocks_message_parent_id_fk; Type: FK CONSTRAINT; Schema: public; Owner: -
--

ALTER TABLE ONLY "public"."forms_blocks_message"
    ADD CONSTRAINT "forms_blocks_message_parent_id_fk" FOREIGN KEY ("_parent_id") REFERENCES "public"."forms"("id") ON DELETE CASCADE;


--
-- Name: forms_blocks_number_locales forms_blocks_number_locales_parent_id_fk; Type: FK CONSTRAINT; Schema: public; Owner: -
--

ALTER TABLE ONLY "public"."forms_blocks_number_locales"
    ADD CONSTRAINT "forms_blocks_number_locales_parent_id_fk" FOREIGN KEY ("_parent_id") REFERENCES "public"."forms_blocks_number"("id") ON DELETE CASCADE;


--
-- Name: forms_blocks_number forms_blocks_number_parent_id_fk; Type: FK CONSTRAINT; Schema: public; Owner: -
--

ALTER TABLE ONLY "public"."forms_blocks_number"
    ADD CONSTRAINT "forms_blocks_number_parent_id_fk" FOREIGN KEY ("_parent_id") REFERENCES "public"."forms"("id") ON DELETE CASCADE;


--
-- Name: forms_blocks_select_locales forms_blocks_select_locales_parent_id_fk; Type: FK CONSTRAINT; Schema: public; Owner: -
--

ALTER TABLE ONLY "public"."forms_blocks_select_locales"
    ADD CONSTRAINT "forms_blocks_select_locales_parent_id_fk" FOREIGN KEY ("_parent_id") REFERENCES "public"."forms_blocks_select"("id") ON DELETE CASCADE;


--
-- Name: forms_blocks_select_options_locales forms_blocks_select_options_locales_parent_id_fk; Type: FK CONSTRAINT; Schema: public; Owner: -
--

ALTER TABLE ONLY "public"."forms_blocks_select_options_locales"
    ADD CONSTRAINT "forms_blocks_select_options_locales_parent_id_fk" FOREIGN KEY ("_parent_id") REFERENCES "public"."forms_blocks_select_options"("id") ON DELETE CASCADE;


--
-- Name: forms_blocks_select_options forms_blocks_select_options_parent_id_fk; Type: FK CONSTRAINT; Schema: public; Owner: -
--

ALTER TABLE ONLY "public"."forms_blocks_select_options"
    ADD CONSTRAINT "forms_blocks_select_options_parent_id_fk" FOREIGN KEY ("_parent_id") REFERENCES "public"."forms_blocks_select"("id") ON DELETE CASCADE;


--
-- Name: forms_blocks_select forms_blocks_select_parent_id_fk; Type: FK CONSTRAINT; Schema: public; Owner: -
--

ALTER TABLE ONLY "public"."forms_blocks_select"
    ADD CONSTRAINT "forms_blocks_select_parent_id_fk" FOREIGN KEY ("_parent_id") REFERENCES "public"."forms"("id") ON DELETE CASCADE;


--
-- Name: forms_blocks_state_locales forms_blocks_state_locales_parent_id_fk; Type: FK CONSTRAINT; Schema: public; Owner: -
--

ALTER TABLE ONLY "public"."forms_blocks_state_locales"
    ADD CONSTRAINT "forms_blocks_state_locales_parent_id_fk" FOREIGN KEY ("_parent_id") REFERENCES "public"."forms_blocks_state"("id") ON DELETE CASCADE;


--
-- Name: forms_blocks_state forms_blocks_state_parent_id_fk; Type: FK CONSTRAINT; Schema: public; Owner: -
--

ALTER TABLE ONLY "public"."forms_blocks_state"
    ADD CONSTRAINT "forms_blocks_state_parent_id_fk" FOREIGN KEY ("_parent_id") REFERENCES "public"."forms"("id") ON DELETE CASCADE;


--
-- Name: forms_blocks_text_locales forms_blocks_text_locales_parent_id_fk; Type: FK CONSTRAINT; Schema: public; Owner: -
--

ALTER TABLE ONLY "public"."forms_blocks_text_locales"
    ADD CONSTRAINT "forms_blocks_text_locales_parent_id_fk" FOREIGN KEY ("_parent_id") REFERENCES "public"."forms_blocks_text"("id") ON DELETE CASCADE;


--
-- Name: forms_blocks_text forms_blocks_text_parent_id_fk; Type: FK CONSTRAINT; Schema: public; Owner: -
--

ALTER TABLE ONLY "public"."forms_blocks_text"
    ADD CONSTRAINT "forms_blocks_text_parent_id_fk" FOREIGN KEY ("_parent_id") REFERENCES "public"."forms"("id") ON DELETE CASCADE;


--
-- Name: forms_blocks_textarea_locales forms_blocks_textarea_locales_parent_id_fk; Type: FK CONSTRAINT; Schema: public; Owner: -
--

ALTER TABLE ONLY "public"."forms_blocks_textarea_locales"
    ADD CONSTRAINT "forms_blocks_textarea_locales_parent_id_fk" FOREIGN KEY ("_parent_id") REFERENCES "public"."forms_blocks_textarea"("id") ON DELETE CASCADE;


--
-- Name: forms_blocks_textarea forms_blocks_textarea_parent_id_fk; Type: FK CONSTRAINT; Schema: public; Owner: -
--

ALTER TABLE ONLY "public"."forms_blocks_textarea"
    ADD CONSTRAINT "forms_blocks_textarea_parent_id_fk" FOREIGN KEY ("_parent_id") REFERENCES "public"."forms"("id") ON DELETE CASCADE;


--
-- Name: forms_emails_locales forms_emails_locales_parent_id_fk; Type: FK CONSTRAINT; Schema: public; Owner: -
--

ALTER TABLE ONLY "public"."forms_emails_locales"
    ADD CONSTRAINT "forms_emails_locales_parent_id_fk" FOREIGN KEY ("_parent_id") REFERENCES "public"."forms_emails"("id") ON DELETE CASCADE;


--
-- Name: forms_emails forms_emails_parent_id_fk; Type: FK CONSTRAINT; Schema: public; Owner: -
--

ALTER TABLE ONLY "public"."forms_emails"
    ADD CONSTRAINT "forms_emails_parent_id_fk" FOREIGN KEY ("_parent_id") REFERENCES "public"."forms"("id") ON DELETE CASCADE;


--
-- Name: forms_locales forms_locales_parent_id_fk; Type: FK CONSTRAINT; Schema: public; Owner: -
--

ALTER TABLE ONLY "public"."forms_locales"
    ADD CONSTRAINT "forms_locales_parent_id_fk" FOREIGN KEY ("_parent_id") REFERENCES "public"."forms"("id") ON DELETE CASCADE;


--
-- Name: galleryBlock_block_header_links_locales galleryBlock_block_header_links_locales_parent_id_fk; Type: FK CONSTRAINT; Schema: public; Owner: -
--

ALTER TABLE ONLY "public"."galleryBlock_block_header_links_locales"
    ADD CONSTRAINT "galleryBlock_block_header_links_locales_parent_id_fk" FOREIGN KEY ("_parent_id") REFERENCES "public"."galleryBlock_block_header_links"("id") ON DELETE CASCADE;


--
-- Name: galleryBlock_block_header_links galleryBlock_block_header_links_parent_id_fk; Type: FK CONSTRAINT; Schema: public; Owner: -
--

ALTER TABLE ONLY "public"."galleryBlock_block_header_links"
    ADD CONSTRAINT "galleryBlock_block_header_links_parent_id_fk" FOREIGN KEY ("_parent_id") REFERENCES "public"."galleryBlock"("id") ON DELETE CASCADE;


--
-- Name: galleryBlock_interactive_gallery_locales galleryBlock_interactive_gallery_locales_image_id_media_id_fk; Type: FK CONSTRAINT; Schema: public; Owner: -
--

ALTER TABLE ONLY "public"."galleryBlock_interactive_gallery_locales"
    ADD CONSTRAINT "galleryBlock_interactive_gallery_locales_image_id_media_id_fk" FOREIGN KEY ("image_id") REFERENCES "public"."media"("id") ON DELETE SET NULL;


--
-- Name: galleryBlock_interactive_gallery_locales galleryBlock_interactive_gallery_locales_parent_id_fk; Type: FK CONSTRAINT; Schema: public; Owner: -
--

ALTER TABLE ONLY "public"."galleryBlock_interactive_gallery_locales"
    ADD CONSTRAINT "galleryBlock_interactive_gallery_locales_parent_id_fk" FOREIGN KEY ("_parent_id") REFERENCES "public"."galleryBlock_interactive_gallery"("id") ON DELETE CASCADE;


--
-- Name: galleryBlock_interactive_gallery galleryBlock_interactive_gallery_parent_id_fk; Type: FK CONSTRAINT; Schema: public; Owner: -
--

ALTER TABLE ONLY "public"."galleryBlock_interactive_gallery"
    ADD CONSTRAINT "galleryBlock_interactive_gallery_parent_id_fk" FOREIGN KEY ("_parent_id") REFERENCES "public"."galleryBlock"("id") ON DELETE CASCADE;


--
-- Name: galleryBlock_locales galleryBlock_locales_parent_id_fk; Type: FK CONSTRAINT; Schema: public; Owner: -
--

ALTER TABLE ONLY "public"."galleryBlock_locales"
    ADD CONSTRAINT "galleryBlock_locales_parent_id_fk" FOREIGN KEY ("_parent_id") REFERENCES "public"."galleryBlock"("id") ON DELETE CASCADE;


--
-- Name: galleryBlock galleryBlock_parent_id_fk; Type: FK CONSTRAINT; Schema: public; Owner: -
--

ALTER TABLE ONLY "public"."galleryBlock"
    ADD CONSTRAINT "galleryBlock_parent_id_fk" FOREIGN KEY ("_parent_id") REFERENCES "public"."pages"("id") ON DELETE CASCADE;


--
-- Name: header_cta_locales header_cta_locales_parent_id_fk; Type: FK CONSTRAINT; Schema: public; Owner: -
--

ALTER TABLE ONLY "public"."header_cta_locales"
    ADD CONSTRAINT "header_cta_locales_parent_id_fk" FOREIGN KEY ("_parent_id") REFERENCES "public"."header_cta"("id") ON DELETE CASCADE;


--
-- Name: header_cta header_cta_parent_id_fk; Type: FK CONSTRAINT; Schema: public; Owner: -
--

ALTER TABLE ONLY "public"."header_cta"
    ADD CONSTRAINT "header_cta_parent_id_fk" FOREIGN KEY ("_parent_id") REFERENCES "public"."header"("id") ON DELETE CASCADE;


--
-- Name: header_rels header_rels_blog_posts_fk; Type: FK CONSTRAINT; Schema: public; Owner: -
--

ALTER TABLE ONLY "public"."header_rels"
    ADD CONSTRAINT "header_rels_blog_posts_fk" FOREIGN KEY ("blog_posts_id") REFERENCES "public"."blog_posts"("id") ON DELETE CASCADE;


--
-- Name: header_rels header_rels_pages_fk; Type: FK CONSTRAINT; Schema: public; Owner: -
--

ALTER TABLE ONLY "public"."header_rels"
    ADD CONSTRAINT "header_rels_pages_fk" FOREIGN KEY ("pages_id") REFERENCES "public"."pages"("id") ON DELETE CASCADE;


--
-- Name: header_rels header_rels_parent_fk; Type: FK CONSTRAINT; Schema: public; Owner: -
--

ALTER TABLE ONLY "public"."header_rels"
    ADD CONSTRAINT "header_rels_parent_fk" FOREIGN KEY ("parent_id") REFERENCES "public"."header"("id") ON DELETE CASCADE;


--
-- Name: header_tabs_description_links_locales header_tabs_description_links_locales_parent_id_fk; Type: FK CONSTRAINT; Schema: public; Owner: -
--

ALTER TABLE ONLY "public"."header_tabs_description_links_locales"
    ADD CONSTRAINT "header_tabs_description_links_locales_parent_id_fk" FOREIGN KEY ("_parent_id") REFERENCES "public"."header_tabs_description_links"("id") ON DELETE CASCADE;


--
-- Name: header_tabs_description_links header_tabs_description_links_parent_id_fk; Type: FK CONSTRAINT; Schema: public; Owner: -
--

ALTER TABLE ONLY "public"."header_tabs_description_links"
    ADD CONSTRAINT "header_tabs_description_links_parent_id_fk" FOREIGN KEY ("_parent_id") REFERENCES "public"."header_tabs"("id") ON DELETE CASCADE;


--
-- Name: header_tabs_locales header_tabs_locales_parent_id_fk; Type: FK CONSTRAINT; Schema: public; Owner: -
--

ALTER TABLE ONLY "public"."header_tabs_locales"
    ADD CONSTRAINT "header_tabs_locales_parent_id_fk" FOREIGN KEY ("_parent_id") REFERENCES "public"."header_tabs"("id") ON DELETE CASCADE;


--
-- Name: header_tabs_nav_items_featured_link_links_locales header_tabs_nav_items_featured_link_links_locales_parent_id_fk; Type: FK CONSTRAINT; Schema: public; Owner: -
--

ALTER TABLE ONLY "public"."header_tabs_nav_items_featured_link_links_locales"
    ADD CONSTRAINT "header_tabs_nav_items_featured_link_links_locales_parent_id_fk" FOREIGN KEY ("_parent_id") REFERENCES "public"."header_tabs_nav_items_featured_link_links"("id") ON DELETE CASCADE;


--
-- Name: header_tabs_nav_items_featured_link_links header_tabs_nav_items_featured_link_links_parent_id_fk; Type: FK CONSTRAINT; Schema: public; Owner: -
--

ALTER TABLE ONLY "public"."header_tabs_nav_items_featured_link_links"
    ADD CONSTRAINT "header_tabs_nav_items_featured_link_links_parent_id_fk" FOREIGN KEY ("_parent_id") REFERENCES "public"."header_tabs_nav_items"("id") ON DELETE CASCADE;


--
-- Name: header_tabs_nav_items_list_links_links_locales header_tabs_nav_items_list_links_links_locales_parent_id_fk; Type: FK CONSTRAINT; Schema: public; Owner: -
--

ALTER TABLE ONLY "public"."header_tabs_nav_items_list_links_links_locales"
    ADD CONSTRAINT "header_tabs_nav_items_list_links_links_locales_parent_id_fk" FOREIGN KEY ("_parent_id") REFERENCES "public"."header_tabs_nav_items_list_links_links"("id") ON DELETE CASCADE;


--
-- Name: header_tabs_nav_items_list_links_links header_tabs_nav_items_list_links_links_parent_id_fk; Type: FK CONSTRAINT; Schema: public; Owner: -
--

ALTER TABLE ONLY "public"."header_tabs_nav_items_list_links_links"
    ADD CONSTRAINT "header_tabs_nav_items_list_links_links_parent_id_fk" FOREIGN KEY ("_parent_id") REFERENCES "public"."header_tabs_nav_items"("id") ON DELETE CASCADE;


--
-- Name: header_tabs_nav_items_locales header_tabs_nav_items_locales_parent_id_fk; Type: FK CONSTRAINT; Schema: public; Owner: -
--

ALTER TABLE ONLY "public"."header_tabs_nav_items_locales"
    ADD CONSTRAINT "header_tabs_nav_items_locales_parent_id_fk" FOREIGN KEY ("_parent_id") REFERENCES "public"."header_tabs_nav_items"("id") ON DELETE CASCADE;


--
-- Name: header_tabs_nav_items header_tabs_nav_items_parent_id_fk; Type: FK CONSTRAINT; Schema: public; Owner: -
--

ALTER TABLE ONLY "public"."header_tabs_nav_items"
    ADD CONSTRAINT "header_tabs_nav_items_parent_id_fk" FOREIGN KEY ("_parent_id") REFERENCES "public"."header_tabs"("id") ON DELETE CASCADE;


--
-- Name: header_tabs header_tabs_parent_id_fk; Type: FK CONSTRAINT; Schema: public; Owner: -
--

ALTER TABLE ONLY "public"."header_tabs"
    ADD CONSTRAINT "header_tabs_parent_id_fk" FOREIGN KEY ("_parent_id") REFERENCES "public"."header"("id") ON DELETE CASCADE;


--
-- Name: logosBlock_block_header_links_locales logosBlock_block_header_links_locales_parent_id_fk; Type: FK CONSTRAINT; Schema: public; Owner: -
--

ALTER TABLE ONLY "public"."logosBlock_block_header_links_locales"
    ADD CONSTRAINT "logosBlock_block_header_links_locales_parent_id_fk" FOREIGN KEY ("_parent_id") REFERENCES "public"."logosBlock_block_header_links"("id") ON DELETE CASCADE;


--
-- Name: logosBlock_block_header_links logosBlock_block_header_links_parent_id_fk; Type: FK CONSTRAINT; Schema: public; Owner: -
--

ALTER TABLE ONLY "public"."logosBlock_block_header_links"
    ADD CONSTRAINT "logosBlock_block_header_links_parent_id_fk" FOREIGN KEY ("_parent_id") REFERENCES "public"."logosBlock"("id") ON DELETE CASCADE;


--
-- Name: logosBlock_locales logosBlock_locales_parent_id_fk; Type: FK CONSTRAINT; Schema: public; Owner: -
--

ALTER TABLE ONLY "public"."logosBlock_locales"
    ADD CONSTRAINT "logosBlock_locales_parent_id_fk" FOREIGN KEY ("_parent_id") REFERENCES "public"."logosBlock"("id") ON DELETE CASCADE;


--
-- Name: logosBlock logosBlock_parent_id_fk; Type: FK CONSTRAINT; Schema: public; Owner: -
--

ALTER TABLE ONLY "public"."logosBlock"
    ADD CONSTRAINT "logosBlock_parent_id_fk" FOREIGN KEY ("_parent_id") REFERENCES "public"."pages"("id") ON DELETE CASCADE;


--
-- Name: media media_folder_id_payload_folders_id_fk; Type: FK CONSTRAINT; Schema: public; Owner: -
--

ALTER TABLE ONLY "public"."media"
    ADD CONSTRAINT "media_folder_id_payload_folders_id_fk" FOREIGN KEY ("folder_id") REFERENCES "public"."payload_folders"("id") ON DELETE SET NULL;


--
-- Name: media_rels media_rels_categories_fk; Type: FK CONSTRAINT; Schema: public; Owner: -
--

ALTER TABLE ONLY "public"."media_rels"
    ADD CONSTRAINT "media_rels_categories_fk" FOREIGN KEY ("categories_id") REFERENCES "public"."categories"("id") ON DELETE CASCADE;


--
-- Name: media_rels media_rels_parent_fk; Type: FK CONSTRAINT; Schema: public; Owner: -
--

ALTER TABLE ONLY "public"."media_rels"
    ADD CONSTRAINT "media_rels_parent_fk" FOREIGN KEY ("parent_id") REFERENCES "public"."media"("id") ON DELETE CASCADE;


--
-- Name: metricsBlock_block_header_links_locales metricsBlock_block_header_links_locales_parent_id_fk; Type: FK CONSTRAINT; Schema: public; Owner: -
--

ALTER TABLE ONLY "public"."metricsBlock_block_header_links_locales"
    ADD CONSTRAINT "metricsBlock_block_header_links_locales_parent_id_fk" FOREIGN KEY ("_parent_id") REFERENCES "public"."metricsBlock_block_header_links"("id") ON DELETE CASCADE;


--
-- Name: metricsBlock_block_header_links metricsBlock_block_header_links_parent_id_fk; Type: FK CONSTRAINT; Schema: public; Owner: -
--

ALTER TABLE ONLY "public"."metricsBlock_block_header_links"
    ADD CONSTRAINT "metricsBlock_block_header_links_parent_id_fk" FOREIGN KEY ("_parent_id") REFERENCES "public"."metricsBlock"("id") ON DELETE CASCADE;


--
-- Name: metricsBlock_locales metricsBlock_locales_block_image_media_id_media_id_fk; Type: FK CONSTRAINT; Schema: public; Owner: -
--

ALTER TABLE ONLY "public"."metricsBlock_locales"
    ADD CONSTRAINT "metricsBlock_locales_block_image_media_id_media_id_fk" FOREIGN KEY ("block_image_media_id") REFERENCES "public"."media"("id") ON DELETE SET NULL;


--
-- Name: metricsBlock_locales metricsBlock_locales_parent_id_fk; Type: FK CONSTRAINT; Schema: public; Owner: -
--

ALTER TABLE ONLY "public"."metricsBlock_locales"
    ADD CONSTRAINT "metricsBlock_locales_parent_id_fk" FOREIGN KEY ("_parent_id") REFERENCES "public"."metricsBlock"("id") ON DELETE CASCADE;


--
-- Name: metricsBlock metricsBlock_parent_id_fk; Type: FK CONSTRAINT; Schema: public; Owner: -
--

ALTER TABLE ONLY "public"."metricsBlock"
    ADD CONSTRAINT "metricsBlock_parent_id_fk" FOREIGN KEY ("_parent_id") REFERENCES "public"."pages"("id") ON DELETE CASCADE;


--
-- Name: metricsBlock_stats_locales metricsBlock_stats_locales_parent_id_fk; Type: FK CONSTRAINT; Schema: public; Owner: -
--

ALTER TABLE ONLY "public"."metricsBlock_stats_locales"
    ADD CONSTRAINT "metricsBlock_stats_locales_parent_id_fk" FOREIGN KEY ("_parent_id") REFERENCES "public"."metricsBlock_stats"("id") ON DELETE CASCADE;


--
-- Name: metricsBlock_stats metricsBlock_stats_parent_id_fk; Type: FK CONSTRAINT; Schema: public; Owner: -
--

ALTER TABLE ONLY "public"."metricsBlock_stats"
    ADD CONSTRAINT "metricsBlock_stats_parent_id_fk" FOREIGN KEY ("_parent_id") REFERENCES "public"."metricsBlock"("id") ON DELETE CASCADE;


--
-- Name: metricsBlock_table_headers metricsBlock_table_headers_parent_id_fk; Type: FK CONSTRAINT; Schema: public; Owner: -
--

ALTER TABLE ONLY "public"."metricsBlock_table_headers"
    ADD CONSTRAINT "metricsBlock_table_headers_parent_id_fk" FOREIGN KEY ("_parent_id") REFERENCES "public"."metricsBlock"("id") ON DELETE CASCADE;


--
-- Name: metricsBlock_table_rows_cells metricsBlock_table_rows_cells_parent_id_fk; Type: FK CONSTRAINT; Schema: public; Owner: -
--

ALTER TABLE ONLY "public"."metricsBlock_table_rows_cells"
    ADD CONSTRAINT "metricsBlock_table_rows_cells_parent_id_fk" FOREIGN KEY ("_parent_id") REFERENCES "public"."metricsBlock_table_rows"("id") ON DELETE CASCADE;


--
-- Name: metricsBlock_table_rows_children_cells metricsBlock_table_rows_children_cells_parent_id_fk; Type: FK CONSTRAINT; Schema: public; Owner: -
--

ALTER TABLE ONLY "public"."metricsBlock_table_rows_children_cells"
    ADD CONSTRAINT "metricsBlock_table_rows_children_cells_parent_id_fk" FOREIGN KEY ("_parent_id") REFERENCES "public"."metricsBlock_table_rows_children"("id") ON DELETE CASCADE;


--
-- Name: metricsBlock_table_rows_children metricsBlock_table_rows_children_parent_id_fk; Type: FK CONSTRAINT; Schema: public; Owner: -
--

ALTER TABLE ONLY "public"."metricsBlock_table_rows_children"
    ADD CONSTRAINT "metricsBlock_table_rows_children_parent_id_fk" FOREIGN KEY ("_parent_id") REFERENCES "public"."metricsBlock_table_rows"("id") ON DELETE CASCADE;


--
-- Name: metricsBlock_table_rows metricsBlock_table_rows_parent_id_fk; Type: FK CONSTRAINT; Schema: public; Owner: -
--

ALTER TABLE ONLY "public"."metricsBlock_table_rows"
    ADD CONSTRAINT "metricsBlock_table_rows_parent_id_fk" FOREIGN KEY ("_parent_id") REFERENCES "public"."metricsBlock"("id") ON DELETE CASCADE;


--
-- Name: pages_hero_links_locales pages_hero_links_locales_parent_id_fk; Type: FK CONSTRAINT; Schema: public; Owner: -
--

ALTER TABLE ONLY "public"."pages_hero_links_locales"
    ADD CONSTRAINT "pages_hero_links_locales_parent_id_fk" FOREIGN KEY ("_parent_id") REFERENCES "public"."pages_hero_links"("id") ON DELETE CASCADE;


--
-- Name: pages_hero_links pages_hero_links_parent_id_fk; Type: FK CONSTRAINT; Schema: public; Owner: -
--

ALTER TABLE ONLY "public"."pages_hero_links"
    ADD CONSTRAINT "pages_hero_links_parent_id_fk" FOREIGN KEY ("_parent_id") REFERENCES "public"."pages"("id") ON DELETE CASCADE;


--
-- Name: pages_hero_list_items_locales pages_hero_list_items_locales_parent_id_fk; Type: FK CONSTRAINT; Schema: public; Owner: -
--

ALTER TABLE ONLY "public"."pages_hero_list_items_locales"
    ADD CONSTRAINT "pages_hero_list_items_locales_parent_id_fk" FOREIGN KEY ("_parent_id") REFERENCES "public"."pages_hero_list_items"("id") ON DELETE CASCADE;


--
-- Name: pages_hero_list_items pages_hero_list_items_parent_id_fk; Type: FK CONSTRAINT; Schema: public; Owner: -
--

ALTER TABLE ONLY "public"."pages_hero_list_items"
    ADD CONSTRAINT "pages_hero_list_items_parent_id_fk" FOREIGN KEY ("_parent_id") REFERENCES "public"."pages"("id") ON DELETE CASCADE;


--
-- Name: pages_locales pages_locales_hero_media_desktop_dark_id_media_id_fk; Type: FK CONSTRAINT; Schema: public; Owner: -
--

ALTER TABLE ONLY "public"."pages_locales"
    ADD CONSTRAINT "pages_locales_hero_media_desktop_dark_id_media_id_fk" FOREIGN KEY ("hero_media_desktop_dark_id") REFERENCES "public"."media"("id") ON DELETE SET NULL;


--
-- Name: pages_locales pages_locales_hero_media_desktop_light_id_media_id_fk; Type: FK CONSTRAINT; Schema: public; Owner: -
--

ALTER TABLE ONLY "public"."pages_locales"
    ADD CONSTRAINT "pages_locales_hero_media_desktop_light_id_media_id_fk" FOREIGN KEY ("hero_media_desktop_light_id") REFERENCES "public"."media"("id") ON DELETE SET NULL;


--
-- Name: pages_locales pages_locales_hero_media_mobile_dark_id_media_id_fk; Type: FK CONSTRAINT; Schema: public; Owner: -
--

ALTER TABLE ONLY "public"."pages_locales"
    ADD CONSTRAINT "pages_locales_hero_media_mobile_dark_id_media_id_fk" FOREIGN KEY ("hero_media_mobile_dark_id") REFERENCES "public"."media"("id") ON DELETE SET NULL;


--
-- Name: pages_locales pages_locales_hero_media_mobile_light_id_media_id_fk; Type: FK CONSTRAINT; Schema: public; Owner: -
--

ALTER TABLE ONLY "public"."pages_locales"
    ADD CONSTRAINT "pages_locales_hero_media_mobile_light_id_media_id_fk" FOREIGN KEY ("hero_media_mobile_light_id") REFERENCES "public"."media"("id") ON DELETE SET NULL;


--
-- Name: pages_locales pages_locales_meta_image_id_media_id_fk; Type: FK CONSTRAINT; Schema: public; Owner: -
--

ALTER TABLE ONLY "public"."pages_locales"
    ADD CONSTRAINT "pages_locales_meta_image_id_media_id_fk" FOREIGN KEY ("meta_image_id") REFERENCES "public"."media"("id") ON DELETE SET NULL;


--
-- Name: pages_locales pages_locales_parent_id_fk; Type: FK CONSTRAINT; Schema: public; Owner: -
--

ALTER TABLE ONLY "public"."pages_locales"
    ADD CONSTRAINT "pages_locales_parent_id_fk" FOREIGN KEY ("_parent_id") REFERENCES "public"."pages"("id") ON DELETE CASCADE;


--
-- Name: pages_rels pages_rels_blog_posts_fk; Type: FK CONSTRAINT; Schema: public; Owner: -
--

ALTER TABLE ONLY "public"."pages_rels"
    ADD CONSTRAINT "pages_rels_blog_posts_fk" FOREIGN KEY ("blog_posts_id") REFERENCES "public"."blog_posts"("id") ON DELETE CASCADE;


--
-- Name: pages_rels pages_rels_customers_fk; Type: FK CONSTRAINT; Schema: public; Owner: -
--

ALTER TABLE ONLY "public"."pages_rels"
    ADD CONSTRAINT "pages_rels_customers_fk" FOREIGN KEY ("customers_id") REFERENCES "public"."customers"("id") ON DELETE CASCADE;


--
-- Name: pages_rels pages_rels_faq_fk; Type: FK CONSTRAINT; Schema: public; Owner: -
--

ALTER TABLE ONLY "public"."pages_rels"
    ADD CONSTRAINT "pages_rels_faq_fk" FOREIGN KEY ("faq_id") REFERENCES "public"."faq"("id") ON DELETE CASCADE;


--
-- Name: pages_rels pages_rels_media_fk; Type: FK CONSTRAINT; Schema: public; Owner: -
--

ALTER TABLE ONLY "public"."pages_rels"
    ADD CONSTRAINT "pages_rels_media_fk" FOREIGN KEY ("media_id") REFERENCES "public"."media"("id") ON DELETE CASCADE;


--
-- Name: pages_rels pages_rels_pages_fk; Type: FK CONSTRAINT; Schema: public; Owner: -
--

ALTER TABLE ONLY "public"."pages_rels"
    ADD CONSTRAINT "pages_rels_pages_fk" FOREIGN KEY ("pages_id") REFERENCES "public"."pages"("id") ON DELETE CASCADE;


--
-- Name: pages_rels pages_rels_parent_fk; Type: FK CONSTRAINT; Schema: public; Owner: -
--

ALTER TABLE ONLY "public"."pages_rels"
    ADD CONSTRAINT "pages_rels_parent_fk" FOREIGN KEY ("parent_id") REFERENCES "public"."pages"("id") ON DELETE CASCADE;


--
-- Name: payload_folders payload_folders_folder_id_payload_folders_id_fk; Type: FK CONSTRAINT; Schema: public; Owner: -
--

ALTER TABLE ONLY "public"."payload_folders"
    ADD CONSTRAINT "payload_folders_folder_id_payload_folders_id_fk" FOREIGN KEY ("folder_id") REFERENCES "public"."payload_folders"("id") ON DELETE SET NULL;


--
-- Name: payload_folders_folder_type payload_folders_folder_type_parent_fk; Type: FK CONSTRAINT; Schema: public; Owner: -
--

ALTER TABLE ONLY "public"."payload_folders_folder_type"
    ADD CONSTRAINT "payload_folders_folder_type_parent_fk" FOREIGN KEY ("parent_id") REFERENCES "public"."payload_folders"("id") ON DELETE CASCADE;


--
-- Name: payload_jobs_log payload_jobs_log_parent_id_fk; Type: FK CONSTRAINT; Schema: public; Owner: -
--

ALTER TABLE ONLY "public"."payload_jobs_log"
    ADD CONSTRAINT "payload_jobs_log_parent_id_fk" FOREIGN KEY ("_parent_id") REFERENCES "public"."payload_jobs"("id") ON DELETE CASCADE;


--
-- Name: payload_locked_documents_rels payload_locked_documents_rels_blog_posts_fk; Type: FK CONSTRAINT; Schema: public; Owner: -
--

ALTER TABLE ONLY "public"."payload_locked_documents_rels"
    ADD CONSTRAINT "payload_locked_documents_rels_blog_posts_fk" FOREIGN KEY ("blog_posts_id") REFERENCES "public"."blog_posts"("id") ON DELETE CASCADE;


--
-- Name: payload_locked_documents_rels payload_locked_documents_rels_categories_fk; Type: FK CONSTRAINT; Schema: public; Owner: -
--

ALTER TABLE ONLY "public"."payload_locked_documents_rels"
    ADD CONSTRAINT "payload_locked_documents_rels_categories_fk" FOREIGN KEY ("categories_id") REFERENCES "public"."categories"("id") ON DELETE CASCADE;


--
-- Name: payload_locked_documents_rels payload_locked_documents_rels_customers_fk; Type: FK CONSTRAINT; Schema: public; Owner: -
--

ALTER TABLE ONLY "public"."payload_locked_documents_rels"
    ADD CONSTRAINT "payload_locked_documents_rels_customers_fk" FOREIGN KEY ("customers_id") REFERENCES "public"."customers"("id") ON DELETE CASCADE;


--
-- Name: payload_locked_documents_rels payload_locked_documents_rels_faq_fk; Type: FK CONSTRAINT; Schema: public; Owner: -
--

ALTER TABLE ONLY "public"."payload_locked_documents_rels"
    ADD CONSTRAINT "payload_locked_documents_rels_faq_fk" FOREIGN KEY ("faq_id") REFERENCES "public"."faq"("id") ON DELETE CASCADE;


--
-- Name: payload_locked_documents_rels payload_locked_documents_rels_form_submissions_fk; Type: FK CONSTRAINT; Schema: public; Owner: -
--

ALTER TABLE ONLY "public"."payload_locked_documents_rels"
    ADD CONSTRAINT "payload_locked_documents_rels_form_submissions_fk" FOREIGN KEY ("form_submissions_id") REFERENCES "public"."form_submissions"("id") ON DELETE CASCADE;


--
-- Name: payload_locked_documents_rels payload_locked_documents_rels_forms_fk; Type: FK CONSTRAINT; Schema: public; Owner: -
--

ALTER TABLE ONLY "public"."payload_locked_documents_rels"
    ADD CONSTRAINT "payload_locked_documents_rels_forms_fk" FOREIGN KEY ("forms_id") REFERENCES "public"."forms"("id") ON DELETE CASCADE;


--
-- Name: payload_locked_documents_rels payload_locked_documents_rels_media_fk; Type: FK CONSTRAINT; Schema: public; Owner: -
--

ALTER TABLE ONLY "public"."payload_locked_documents_rels"
    ADD CONSTRAINT "payload_locked_documents_rels_media_fk" FOREIGN KEY ("media_id") REFERENCES "public"."media"("id") ON DELETE CASCADE;


--
-- Name: payload_locked_documents_rels payload_locked_documents_rels_pages_fk; Type: FK CONSTRAINT; Schema: public; Owner: -
--

ALTER TABLE ONLY "public"."payload_locked_documents_rels"
    ADD CONSTRAINT "payload_locked_documents_rels_pages_fk" FOREIGN KEY ("pages_id") REFERENCES "public"."pages"("id") ON DELETE CASCADE;


--
-- Name: payload_locked_documents_rels payload_locked_documents_rels_parent_fk; Type: FK CONSTRAINT; Schema: public; Owner: -
--

ALTER TABLE ONLY "public"."payload_locked_documents_rels"
    ADD CONSTRAINT "payload_locked_documents_rels_parent_fk" FOREIGN KEY ("parent_id") REFERENCES "public"."payload_locked_documents"("id") ON DELETE CASCADE;


--
-- Name: payload_locked_documents_rels payload_locked_documents_rels_payload_folders_fk; Type: FK CONSTRAINT; Schema: public; Owner: -
--

ALTER TABLE ONLY "public"."payload_locked_documents_rels"
    ADD CONSTRAINT "payload_locked_documents_rels_payload_folders_fk" FOREIGN KEY ("payload_folders_id") REFERENCES "public"."payload_folders"("id") ON DELETE CASCADE;


--
-- Name: payload_locked_documents_rels payload_locked_documents_rels_payload_jobs_fk; Type: FK CONSTRAINT; Schema: public; Owner: -
--

ALTER TABLE ONLY "public"."payload_locked_documents_rels"
    ADD CONSTRAINT "payload_locked_documents_rels_payload_jobs_fk" FOREIGN KEY ("payload_jobs_id") REFERENCES "public"."payload_jobs"("id") ON DELETE CASCADE;


--
-- Name: payload_locked_documents_rels payload_locked_documents_rels_redirects_fk; Type: FK CONSTRAINT; Schema: public; Owner: -
--

ALTER TABLE ONLY "public"."payload_locked_documents_rels"
    ADD CONSTRAINT "payload_locked_documents_rels_redirects_fk" FOREIGN KEY ("redirects_id") REFERENCES "public"."redirects"("id") ON DELETE CASCADE;


--
-- Name: payload_locked_documents_rels payload_locked_documents_rels_search_fk; Type: FK CONSTRAINT; Schema: public; Owner: -
--

ALTER TABLE ONLY "public"."payload_locked_documents_rels"
    ADD CONSTRAINT "payload_locked_documents_rels_search_fk" FOREIGN KEY ("search_id") REFERENCES "public"."search"("id") ON DELETE CASCADE;


--
-- Name: payload_locked_documents_rels payload_locked_documents_rels_users_fk; Type: FK CONSTRAINT; Schema: public; Owner: -
--

ALTER TABLE ONLY "public"."payload_locked_documents_rels"
    ADD CONSTRAINT "payload_locked_documents_rels_users_fk" FOREIGN KEY ("users_id") REFERENCES "public"."users"("id") ON DELETE CASCADE;


--
-- Name: payload_preferences_rels payload_preferences_rels_parent_fk; Type: FK CONSTRAINT; Schema: public; Owner: -
--

ALTER TABLE ONLY "public"."payload_preferences_rels"
    ADD CONSTRAINT "payload_preferences_rels_parent_fk" FOREIGN KEY ("parent_id") REFERENCES "public"."payload_preferences"("id") ON DELETE CASCADE;


--
-- Name: payload_preferences_rels payload_preferences_rels_users_fk; Type: FK CONSTRAINT; Schema: public; Owner: -
--

ALTER TABLE ONLY "public"."payload_preferences_rels"
    ADD CONSTRAINT "payload_preferences_rels_users_fk" FOREIGN KEY ("users_id") REFERENCES "public"."users"("id") ON DELETE CASCADE;


--
-- Name: redirects_rels redirects_rels_blog_posts_fk; Type: FK CONSTRAINT; Schema: public; Owner: -
--

ALTER TABLE ONLY "public"."redirects_rels"
    ADD CONSTRAINT "redirects_rels_blog_posts_fk" FOREIGN KEY ("blog_posts_id") REFERENCES "public"."blog_posts"("id") ON DELETE CASCADE;


--
-- Name: redirects_rels redirects_rels_pages_fk; Type: FK CONSTRAINT; Schema: public; Owner: -
--

ALTER TABLE ONLY "public"."redirects_rels"
    ADD CONSTRAINT "redirects_rels_pages_fk" FOREIGN KEY ("pages_id") REFERENCES "public"."pages"("id") ON DELETE CASCADE;


--
-- Name: redirects_rels redirects_rels_parent_fk; Type: FK CONSTRAINT; Schema: public; Owner: -
--

ALTER TABLE ONLY "public"."redirects_rels"
    ADD CONSTRAINT "redirects_rels_parent_fk" FOREIGN KEY ("parent_id") REFERENCES "public"."redirects"("id") ON DELETE CASCADE;


--
-- Name: richTextBlock_block_header_links_locales richTextBlock_block_header_links_locales_parent_id_fk; Type: FK CONSTRAINT; Schema: public; Owner: -
--

ALTER TABLE ONLY "public"."richTextBlock_block_header_links_locales"
    ADD CONSTRAINT "richTextBlock_block_header_links_locales_parent_id_fk" FOREIGN KEY ("_parent_id") REFERENCES "public"."richTextBlock_block_header_links"("id") ON DELETE CASCADE;


--
-- Name: richTextBlock_block_header_links richTextBlock_block_header_links_parent_id_fk; Type: FK CONSTRAINT; Schema: public; Owner: -
--

ALTER TABLE ONLY "public"."richTextBlock_block_header_links"
    ADD CONSTRAINT "richTextBlock_block_header_links_parent_id_fk" FOREIGN KEY ("_parent_id") REFERENCES "public"."richTextBlock"("id") ON DELETE CASCADE;


--
-- Name: richTextBlock_locales richTextBlock_locales_parent_id_fk; Type: FK CONSTRAINT; Schema: public; Owner: -
--

ALTER TABLE ONLY "public"."richTextBlock_locales"
    ADD CONSTRAINT "richTextBlock_locales_parent_id_fk" FOREIGN KEY ("_parent_id") REFERENCES "public"."richTextBlock"("id") ON DELETE CASCADE;


--
-- Name: richTextBlock richTextBlock_parent_id_fk; Type: FK CONSTRAINT; Schema: public; Owner: -
--

ALTER TABLE ONLY "public"."richTextBlock"
    ADD CONSTRAINT "richTextBlock_parent_id_fk" FOREIGN KEY ("_parent_id") REFERENCES "public"."pages"("id") ON DELETE CASCADE;


--
-- Name: search_categories search_categories_parent_id_fk; Type: FK CONSTRAINT; Schema: public; Owner: -
--

ALTER TABLE ONLY "public"."search_categories"
    ADD CONSTRAINT "search_categories_parent_id_fk" FOREIGN KEY ("_parent_id") REFERENCES "public"."search"("id") ON DELETE CASCADE;


--
-- Name: search_locales search_locales_parent_id_fk; Type: FK CONSTRAINT; Schema: public; Owner: -
--

ALTER TABLE ONLY "public"."search_locales"
    ADD CONSTRAINT "search_locales_parent_id_fk" FOREIGN KEY ("_parent_id") REFERENCES "public"."search"("id") ON DELETE CASCADE;


--
-- Name: search search_meta_image_id_media_id_fk; Type: FK CONSTRAINT; Schema: public; Owner: -
--

ALTER TABLE ONLY "public"."search"
    ADD CONSTRAINT "search_meta_image_id_media_id_fk" FOREIGN KEY ("meta_image_id") REFERENCES "public"."media"("id") ON DELETE SET NULL;


--
-- Name: search_rels search_rels_blog_posts_fk; Type: FK CONSTRAINT; Schema: public; Owner: -
--

ALTER TABLE ONLY "public"."search_rels"
    ADD CONSTRAINT "search_rels_blog_posts_fk" FOREIGN KEY ("blog_posts_id") REFERENCES "public"."blog_posts"("id") ON DELETE CASCADE;


--
-- Name: search_rels search_rels_parent_fk; Type: FK CONSTRAINT; Schema: public; Owner: -
--

ALTER TABLE ONLY "public"."search_rels"
    ADD CONSTRAINT "search_rels_parent_fk" FOREIGN KEY ("parent_id") REFERENCES "public"."search"("id") ON DELETE CASCADE;


--
-- Name: settings_locales settings_locales_meta_image_id_media_id_fk; Type: FK CONSTRAINT; Schema: public; Owner: -
--

ALTER TABLE ONLY "public"."settings_locales"
    ADD CONSTRAINT "settings_locales_meta_image_id_media_id_fk" FOREIGN KEY ("meta_image_id") REFERENCES "public"."media"("id") ON DELETE SET NULL;


--
-- Name: settings_locales settings_locales_parent_id_fk; Type: FK CONSTRAINT; Schema: public; Owner: -
--

ALTER TABLE ONLY "public"."settings_locales"
    ADD CONSTRAINT "settings_locales_parent_id_fk" FOREIGN KEY ("_parent_id") REFERENCES "public"."settings"("id") ON DELETE CASCADE;


--
-- Name: settings_rels settings_rels_blog_posts_fk; Type: FK CONSTRAINT; Schema: public; Owner: -
--

ALTER TABLE ONLY "public"."settings_rels"
    ADD CONSTRAINT "settings_rels_blog_posts_fk" FOREIGN KEY ("blog_posts_id") REFERENCES "public"."blog_posts"("id") ON DELETE CASCADE;


--
-- Name: settings_rels settings_rels_pages_fk; Type: FK CONSTRAINT; Schema: public; Owner: -
--

ALTER TABLE ONLY "public"."settings_rels"
    ADD CONSTRAINT "settings_rels_pages_fk" FOREIGN KEY ("pages_id") REFERENCES "public"."pages"("id") ON DELETE CASCADE;


--
-- Name: settings_rels settings_rels_parent_fk; Type: FK CONSTRAINT; Schema: public; Owner: -
--

ALTER TABLE ONLY "public"."settings_rels"
    ADD CONSTRAINT "settings_rels_parent_fk" FOREIGN KEY ("parent_id") REFERENCES "public"."settings"("id") ON DELETE CASCADE;


--
-- Name: teamBlock_block_header_links_locales teamBlock_block_header_links_locales_parent_id_fk; Type: FK CONSTRAINT; Schema: public; Owner: -
--

ALTER TABLE ONLY "public"."teamBlock_block_header_links_locales"
    ADD CONSTRAINT "teamBlock_block_header_links_locales_parent_id_fk" FOREIGN KEY ("_parent_id") REFERENCES "public"."teamBlock_block_header_links"("id") ON DELETE CASCADE;


--
-- Name: teamBlock_block_header_links teamBlock_block_header_links_parent_id_fk; Type: FK CONSTRAINT; Schema: public; Owner: -
--

ALTER TABLE ONLY "public"."teamBlock_block_header_links"
    ADD CONSTRAINT "teamBlock_block_header_links_parent_id_fk" FOREIGN KEY ("_parent_id") REFERENCES "public"."teamBlock"("id") ON DELETE CASCADE;


--
-- Name: teamBlock_locales teamBlock_locales_parent_id_fk; Type: FK CONSTRAINT; Schema: public; Owner: -
--

ALTER TABLE ONLY "public"."teamBlock_locales"
    ADD CONSTRAINT "teamBlock_locales_parent_id_fk" FOREIGN KEY ("_parent_id") REFERENCES "public"."teamBlock"("id") ON DELETE CASCADE;


--
-- Name: teamBlock teamBlock_parent_id_fk; Type: FK CONSTRAINT; Schema: public; Owner: -
--

ALTER TABLE ONLY "public"."teamBlock"
    ADD CONSTRAINT "teamBlock_parent_id_fk" FOREIGN KEY ("_parent_id") REFERENCES "public"."pages"("id") ON DELETE CASCADE;


--
-- Name: teamBlock_team teamBlock_team_image_id_media_id_fk; Type: FK CONSTRAINT; Schema: public; Owner: -
--

ALTER TABLE ONLY "public"."teamBlock_team"
    ADD CONSTRAINT "teamBlock_team_image_id_media_id_fk" FOREIGN KEY ("image_id") REFERENCES "public"."media"("id") ON DELETE SET NULL;


--
-- Name: teamBlock_team_locales teamBlock_team_locales_parent_id_fk; Type: FK CONSTRAINT; Schema: public; Owner: -
--

ALTER TABLE ONLY "public"."teamBlock_team_locales"
    ADD CONSTRAINT "teamBlock_team_locales_parent_id_fk" FOREIGN KEY ("_parent_id") REFERENCES "public"."teamBlock_team"("id") ON DELETE CASCADE;


--
-- Name: teamBlock_team teamBlock_team_parent_id_fk; Type: FK CONSTRAINT; Schema: public; Owner: -
--

ALTER TABLE ONLY "public"."teamBlock_team"
    ADD CONSTRAINT "teamBlock_team_parent_id_fk" FOREIGN KEY ("_parent_id") REFERENCES "public"."teamBlock"("id") ON DELETE CASCADE;


--
-- Name: testimonialsBlock_block_header_links_locales testimonialsBlock_block_header_links_locales_parent_id_fk; Type: FK CONSTRAINT; Schema: public; Owner: -
--

ALTER TABLE ONLY "public"."testimonialsBlock_block_header_links_locales"
    ADD CONSTRAINT "testimonialsBlock_block_header_links_locales_parent_id_fk" FOREIGN KEY ("_parent_id") REFERENCES "public"."testimonialsBlock_block_header_links"("id") ON DELETE CASCADE;


--
-- Name: testimonialsBlock_block_header_links testimonialsBlock_block_header_links_parent_id_fk; Type: FK CONSTRAINT; Schema: public; Owner: -
--

ALTER TABLE ONLY "public"."testimonialsBlock_block_header_links"
    ADD CONSTRAINT "testimonialsBlock_block_header_links_parent_id_fk" FOREIGN KEY ("_parent_id") REFERENCES "public"."testimonialsBlock"("id") ON DELETE CASCADE;


--
-- Name: testimonialsBlock_locales testimonialsBlock_locales_parent_id_fk; Type: FK CONSTRAINT; Schema: public; Owner: -
--

ALTER TABLE ONLY "public"."testimonialsBlock_locales"
    ADD CONSTRAINT "testimonialsBlock_locales_parent_id_fk" FOREIGN KEY ("_parent_id") REFERENCES "public"."testimonialsBlock"("id") ON DELETE CASCADE;


--
-- Name: testimonialsBlock testimonialsBlock_parent_id_fk; Type: FK CONSTRAINT; Schema: public; Owner: -
--

ALTER TABLE ONLY "public"."testimonialsBlock"
    ADD CONSTRAINT "testimonialsBlock_parent_id_fk" FOREIGN KEY ("_parent_id") REFERENCES "public"."pages"("id") ON DELETE CASCADE;


--
-- Name: users users_avatar_id_media_id_fk; Type: FK CONSTRAINT; Schema: public; Owner: -
--

ALTER TABLE ONLY "public"."users"
    ADD CONSTRAINT "users_avatar_id_media_id_fk" FOREIGN KEY ("avatar_id") REFERENCES "public"."media"("id") ON DELETE SET NULL;


--
-- Name: users_locales users_locales_parent_id_fk; Type: FK CONSTRAINT; Schema: public; Owner: -
--

ALTER TABLE ONLY "public"."users_locales"
    ADD CONSTRAINT "users_locales_parent_id_fk" FOREIGN KEY ("_parent_id") REFERENCES "public"."users"("id") ON DELETE CASCADE;


--
-- Name: users_sessions users_sessions_parent_id_fk; Type: FK CONSTRAINT; Schema: public; Owner: -
--

ALTER TABLE ONLY "public"."users_sessions"
    ADD CONSTRAINT "users_sessions_parent_id_fk" FOREIGN KEY ("_parent_id") REFERENCES "public"."users"("id") ON DELETE CASCADE;


--
-- PostgreSQL database dump complete
--

